time,DNI,DHI,Reflected,H_sun,Temperature,WindSpeed,Int,ts,GHI,T_cell,P_DC_kW,P_AC_kW
20200101:0030,0.0,0.0,0.0,-4.4,12.45,1.45,0.0,2020-01-01 00:30:00+00:00,0.0,12.45,0.0,0.0
20200101:0130,54.6,42.1,0.0,8.0,12.02,1.38,0.0,2020-01-01 01:30:00+00:00,96.7,15.041875,10.074439288750002,9.7722061100875
20200101:0230,204.86,83.85,0.0,19.57,13.77,1.1,0.0,2020-01-01 02:30:00+00:00,288.71000000000004,22.7921875,29.1387153696875,28.264553908596874
20200101:0330,364.26,108.4,0.0,29.85,18.2,1.66,0.0,2020-01-01 03:30:00+00:00,472.65999999999997,32.970625,45.683693842749996,44.313183027467495
20200101:0430,464.71,113.65,0.0,38.03,20.84,1.86,0.0,2020-01-01 04:30:00+00:00,578.36,38.91375,54.456194291,52.82250846227
20200101:0530,552.01,130.35,0.0,43.0,22.61,2.0,0.0,2020-01-01 05:30:00+00:00,682.36,43.93375,62.80975386699998,60.92546125098998
20200101:0630,536.61,120.15,0.0,43.72,23.57,1.79,0.0,2020-01-01 06:30:00+00:00,656.76,44.09375,60.409195275,58.59691941675
20200101:0730,484.81,121.0,0.0,39.99,24.13,2.0,0.0,2020-01-01 07:30:00+00:00,605.81,43.061562499999994,55.9854124251875,54.30585005243187
20200101:0830,397.81,110.8,0.0,32.69,24.47,1.86,0.0,2020-01-01 08:30:00+00:00,508.61,40.3640625,47.578987352187504,46.151617731621876
20200101:0930,241.61,86.55,0.0,22.97,24.56,1.66,0.0,2020-01-01 09:30:00+00:00,328.16,34.815,31.463226032,30.519329251040002
20200101:1030,83.3,55.15,0.0,11.73,24.27,1.86,0.0,2020-01-01 10:30:00+00:00,138.45,28.596562499999997,13.6358634871875,13.226787582571875
20200101:1130,0.0,0.0,0.0,-0.44,23.2,1.59,0.0,2020-01-01 11:30:00+00:00,0.0,23.2,0.0,0.0
20200101:1230,0.0,0.0,0.0,0.0,21.65,1.93,0.0,2020-01-01 12:30:00+00:00,0.0,21.65,0.0,0.0
20200101:1330,0.0,0.0,0.0,0.0,20.1,1.79,0.0,2020-01-01 13:30:00+00:00,0.0,20.1,0.0,0.0
20200101:1430,0.0,0.0,0.0,0.0,18.76,1.72,0.0,2020-01-01 14:30:00+00:00,0.0,18.76,0.0,0.0
20200101:1530,0.0,0.0,0.0,0.0,17.7,1.79,0.0,2020-01-01 15:30:00+00:00,0.0,17.7,0.0,0.0
20200101:1630,0.0,0.0,0.0,0.0,16.9,2.0,0.0,2020-01-01 16:30:00+00:00,0.0,16.9,0.0,0.0
20200101:1730,0.0,0.0,0.0,0.0,16.44,2.28,0.0,2020-01-01 17:30:00+00:00,0.0,16.44,0.0,0.0
20200101:1830,0.0,0.0,0.0,0.0,16.25,2.41,0.0,2020-01-01 18:30:00+00:00,0.0,16.25,0.0,0.0
20200101:1930,0.0,0.0,0.0,0.0,16.38,2.28,0.0,2020-01-01 19:30:00+00:00,0.0,16.38,0.0,0.0
20200101:2030,0.0,0.0,0.0,0.0,16.14,2.21,0.0,2020-01-01 20:30:00+00:00,0.0,16.14,0.0,0.0
20200101:2130,0.0,0.0,0.0,0.0,15.83,2.07,0.0,2020-01-01 21:30:00+00:00,0.0,15.83,0.0,0.0
20200101:2230,0.0,0.0,0.0,0.0,15.79,1.86,0.0,2020-01-01 22:30:00+00:00,0.0,15.79,0.0,0.0
20200101:2330,0.0,0.0,0.0,0.0,15.51,1.86,0.0,2020-01-01 23:30:00+00:00,0.0,15.51,0.0,0.0
20200102:0030,0.0,0.0,0.0,-4.46,15.32,1.86,0.0,2020-01-02 00:30:00+00:00,0.0,15.32,0.0,0.0
20200102:0130,37.65,47.1,0.0,7.95,15.24,1.86,0.0,2020-01-02 01:30:00+00:00,84.75,17.888437500000002,8.728136067187501,8.466291985171877
20200102:0230,162.0,99.45,0.0,19.54,16.29,1.72,0.0,2020-01-02 02:30:00+00:00,261.45,24.4603125,26.204262544687502,25.418134668346877
20200102:0330,327.86,120.25,0.0,29.84,18.9,2.14,0.0,2020-01-02 03:30:00+00:00,448.11,32.903437499999995,43.323524061187506,42.02381833935188
20200102:0430,462.71,124.3,0.0,38.05,21.35,2.21,0.0,2020-01-02 04:30:00+00:00,587.01,39.6940625,55.0782641161875,53.42591619270187
20200102:0530,505.51,138.2,0.0,43.07,23.39,2.07,0.0,2020-01-02 05:30:00+00:00,643.71,43.5059375,59.3677680481875,57.586735006741876
20200102:0630,510.81,150.7,0.0,43.82,24.69,1.93,0.0,2020-01-02 06:30:00+00:00,661.51,45.362187500000005,60.49368792568751,58.67887728791688
20200102:0730,360.86,135.1,0.0,40.11,25.27,1.38,0.0,2020-01-02 07:30:00+00:00,495.96000000000004,40.76875,46.31131891500001,44.92197934755001
20200102:0830,285.36,123.7,0.0,32.82,25.53,1.31,0.0,2020-01-02 08:30:00+00:00,409.06,38.313125,38.61873589675,37.460173819847505
20200102:0930,195.81,100.5,0.0,23.1,25.55,1.24,0.0,2020-01-02 09:30:00+00:00,296.31,34.8096875,28.4101824286875,27.557876955826874
20200102:1030,77.8,53.9,0.0,11.87,25.36,1.17,0.0,2020-01-02 10:30:00+00:00,131.7,29.475625,12.922435278749997,12.534762220387497
20200102:1130,0.0,0.0,0.0,-0.31,24.56,0.69,0.0,2020-01-02 11:30:00+00:00,0.0,24.56,0.0,0.0
20200102:1230,0.0,0.0,0.0,0.0,22.8,0.83,0.0,2020-01-02 12:30:00+00:00,0.0,22.8,0.0,0.0
20200102:1330,0.0,0.0,0.0,0.0,20.78,1.03,0.0,2020-01-02 13:30:00+00:00,0.0,20.78,0.0,0.0
20200102:1430,0.0,0.0,0.0,0.0,19.8,1.1,0.0,2020-01-02 14:30:00+00:00,0.0,19.8,0.0,0.0
20200102:1530,0.0,0.0,0.0,0.0,19.63,0.83,0.0,2020-01-02 15:30:00+00:00,0.0,19.63,0.0,0.0
20200102:1630,0.0,0.0,0.0,0.0,17.96,1.59,0.0,2020-01-02 16:30:00+00:00,0.0,17.96,0.0,0.0
20200102:1730,0.0,0.0,0.0,0.0,18.43,1.86,0.0,2020-01-02 17:30:00+00:00,0.0,18.43,0.0,0.0
20200102:1830,0.0,0.0,0.0,0.0,18.43,2.41,0.0,2020-01-02 18:30:00+00:00,0.0,18.43,0.0,0.0
20200102:1930,0.0,0.0,0.0,0.0,18.52,2.34,0.0,2020-01-02 19:30:00+00:00,0.0,18.52,0.0,0.0
20200102:2030,0.0,0.0,0.0,0.0,18.14,2.34,0.0,2020-01-02 20:30:00+00:00,0.0,18.14,0.0,0.0
20200102:2130,0.0,0.0,0.0,0.0,18.06,2.41,0.0,2020-01-02 21:30:00+00:00,0.0,18.06,0.0,0.0
20200102:2230,0.0,0.0,0.0,0.0,17.86,2.55,0.0,2020-01-02 22:30:00+00:00,0.0,17.86,0.0,0.0
20200102:2330,0.0,0.0,0.0,0.0,17.62,2.83,0.0,2020-01-02 23:30:00+00:00,0.0,17.62,0.0,0.0
20200103:0030,0.0,0.0,0.0,-4.52,17.66,3.03,0.0,2020-01-03 00:30:00+00:00,0.0,17.66,0.0,0.0
20200103:0130,18.55,33.65,0.0,7.9,17.39,3.03,0.0,2020-01-03 01:30:00+00:00,52.2,19.021250000000002,5.351078115000001,5.190545771550001
20200103:0230,37.65,90.95,0.0,19.52,17.7,2.83,0.0,2020-01-03 02:30:00+00:00,128.6,21.71875,13.037226875,12.64611006875
20200103:0330,113.4,119.9,0.0,29.84,18.63,3.03,0.0,2020-01-03 03:30:00+00:00,233.3,25.920625,23.239791638750003,22.5425978895875
20200103:0430,55.45,197.15,0.0,38.09,19.99,3.66,0.0,2020-01-03 04:30:00+00:00,252.60000000000002,27.88375,24.954057195000004,24.205435479150005
20200103:0530,21.15,126.8,0.0,43.13,20.75,3.17,0.0,2020-01-03 05:30:00+00:00,147.95,25.3734375,14.7717949671875,14.328641118171875
20200103:0630,51.75,117.0,0.0,43.92,20.32,2.28,0.0,2020-01-03 06:30:00+00:00,168.75,25.5934375,16.832940117187498,16.32795191367187
20200103:0730,66.45,119.55,0.0,40.24,19.98,1.79,0.0,2020-01-03 07:30:00+00:00,186.0,25.7925,18.538089900000003,17.981947203
20200103:0830,10.95,119.45,0.0,32.96,20.01,1.86,0.0,2020-01-03 08:30:00+00:00,130.4,24.085,13.090112720000002,12.697409338400002
20200103:0930,63.15,65.0,0.0,23.24,20.06,1.86,0.0,2020-01-03 09:30:00+00:00,128.15,24.064687499999998,12.8653413246875,12.479381084946876
20200103:1030,4.75,25.0,0.0,12.0,20.07,1.31,0.0,2020-01-03 10:30:00+00:00,29.75,20.9996875,3.0249839046874993,2.934234387546874
20200103:1130,0.0,0.0,0.0,-0.18,19.49,1.24,0.0,2020-01-03 11:30:00+00:00,0.0,19.49,0.0,0.0
20200103:1230,0.0,0.0,0.0,0.0,18.95,1.31,0.0,2020-01-03 12:30:00+00:00,0.0,18.95,0.0,0.0
20200103:1330,0.0,0.0,0.0,0.0,18.39,1.17,0.0,2020-01-03 13:30:00+00:00,0.0,18.39,0.0,0.0
20200103:1430,0.0,0.0,0.0,0.0,17.85,1.52,0.0,2020-01-03 14:30:00+00:00,0.0,17.85,0.0,0.0
20200103:1530,0.0,0.0,0.0,0.0,17.38,1.66,0.0,2020-01-03 15:30:00+00:00,0.0,17.38,0.0,0.0
20200103:1630,0.0,0.0,0.0,0.0,17.08,1.52,0.0,2020-01-03 16:30:00+00:00,0.0,17.08,0.0,0.0
20200103:1730,0.0,0.0,0.0,0.0,16.84,1.59,0.0,2020-01-03 17:30:00+00:00,0.0,16.84,0.0,0.0
20200103:1830,0.0,0.0,0.0,0.0,16.76,1.66,0.0,2020-01-03 18:30:00+00:00,0.0,16.76,0.0,0.0
20200103:1930,0.0,0.0,0.0,0.0,16.91,0.34,0.0,2020-01-03 19:30:00+00:00,0.0,16.91,0.0,0.0
20200103:2030,0.0,0.0,0.0,0.0,15.95,1.31,0.0,2020-01-03 20:30:00+00:00,0.0,15.95,0.0,0.0
20200103:2130,0.0,0.0,0.0,0.0,15.44,1.59,0.0,2020-01-03 21:30:00+00:00,0.0,15.44,0.0,0.0
20200103:2230,0.0,0.0,0.0,0.0,15.31,1.31,0.0,2020-01-03 22:30:00+00:00,0.0,15.31,0.0,0.0
20200103:2330,0.0,0.0,0.0,0.0,15.22,1.1,0.0,2020-01-03 23:30:00+00:00,0.0,15.22,0.0,0.0
20200104:0030,0.0,0.0,0.0,-4.57,15.29,0.83,0.0,2020-01-04 00:30:00+00:00,0.0,15.29,0.0,0.0
20200104:0130,3.55,34.6,0.0,7.87,15.29,0.9,0.0,2020-01-04 01:30:00+00:00,38.15,16.4821875,3.951480909687499,3.832936482396874
20200104:0230,15.95,104.45,0.0,19.5,16.19,1.52,0.0,2020-01-04 02:30:00+00:00,120.4,19.9525,12.295241980000002,11.926384720600002
20200104:0330,114.95,177.65,0.0,29.85,16.79,1.52,0.0,2020-01-04 03:30:00+00:00,292.6,25.93375,29.145249595000003,28.27089210715
20200104:0430,217.75,155.3,0.0,38.12,18.91,1.45,0.0,2020-01-04 04:30:00+00:00,373.05,30.567812500000002,36.4326295696875,35.339650682596876
20200104:0530,246.15,172.35,0.0,43.21,20.29,1.31,0.0,2020-01-04 05:30:00+00:00,418.5,33.368125,40.37913466875,39.167760628687496
20200104:0630,165.9,205.5,0.0,44.03,21.16,1.1,0.0,2020-01-04 06:30:00+00:00,371.4,32.76625,35.928558194999994,34.850701449149994
20200104:0730,131.45,213.95,0.0,40.37,21.47,0.48,0.0,2020-01-04 07:30:00+00:00,345.4,32.26375,33.486262315,32.48167444555
20200104:0830,17.95,141.6,0.0,33.1,21.91,0.34,0.0,2020-01-04 08:30:00+00:00,159.54999999999998,26.8959375,15.827951332187496,15.35311279222187
20200104:0930,31.1,124.55,0.0,23.38,21.81,0.41,0.0,2020-01-04 09:30:00+00:00,155.65,26.674062499999998,15.455561512187503,14.991894666821876
20200104:1030,8.75,47.45,0.0,12.14,21.8,0.55,0.0,2020-01-04 10:30:00+00:00,56.2,23.556250000000002,5.654078275000001,5.484455926750001
20200104:1130,0.0,0.0,0.0,-0.05,21.4,0.55,0.0,2020-01-04 11:30:00+00:00,0.0,21.4,0.0,0.0
20200104:1230,0.0,0.0,0.0,0.0,20.92,0.97,0.0,2020-01-04 12:30:00+00:00,0.0,20.92,0.0,0.0
20200104:1330,0.0,0.0,0.0,0.0,20.22,1.24,0.0,2020-01-04 13:30:00+00:00,0.0,20.22,0.0,0.0
20200104:1430,0.0,0.0,0.0,0.0,19.6,1.31,0.0,2020-01-04 14:30:00+00:00,0.0,19.6,0.0,0.0
20200104:1530,0.0,0.0,0.0,0.0,19.15,1.31,0.0,2020-01-04 15:30:00+00:00,0.0,19.15,0.0,0.0
20200104:1630,0.0,0.0,0.0,0.0,18.82,1.24,0.0,2020-01-04 16:30:00+00:00,0.0,18.82,0.0,0.0
20200104:1730,0.0,0.0,0.0,0.0,18.53,1.24,0.0,2020-01-04 17:30:00+00:00,0.0,18.53,0.0,0.0
20200104:1830,0.0,0.0,0.0,0.0,18.33,1.1,0.0,2020-01-04 18:30:00+00:00,0.0,18.33,0.0,0.0
20200104:1930,0.0,0.0,0.0,0.0,16.65,0.83,0.0,2020-01-04 19:30:00+00:00,0.0,16.65,0.0,0.0
20200104:2030,0.0,0.0,0.0,0.0,15.92,0.83,0.0,2020-01-04 20:30:00+00:00,0.0,15.92,0.0,0.0
20200104:2130,0.0,0.0,0.0,0.0,16.25,0.48,0.0,2020-01-04 21:30:00+00:00,0.0,16.25,0.0,0.0
20200104:2230,0.0,0.0,0.0,0.0,16.28,0.41,0.0,2020-01-04 22:30:00+00:00,0.0,16.28,0.0,0.0
20200104:2330,0.0,0.0,0.0,0.0,15.53,0.9,0.0,2020-01-04 23:30:00+00:00,0.0,15.53,0.0,0.0
20200105:0030,0.0,0.0,0.0,-4.62,15.55,1.17,0.0,2020-01-05 00:30:00+00:00,0.0,15.55,0.0,0.0
20200105:0130,3.15,37.25,0.0,7.83,15.93,1.31,0.0,2020-01-05 01:30:00+00:00,40.4,17.1925,4.17247766,4.0473033302
20200105:0230,8.25,98.05,0.0,19.48,17.01,1.52,0.0,2020-01-05 02:30:00+00:00,106.3,20.331875,10.838413108749998,10.513260715487498
20200105:0330,46.6,115.65,0.0,29.86,17.98,2.14,0.0,2020-01-05 03:30:00+00:00,162.25,23.0503125,16.357861454687498,15.867125611046873
20200105:0430,50.25,142.0,0.0,38.17,18.56,2.69,0.0,2020-01-05 04:30:00+00:00,192.25,24.5678125,19.259896979687504,18.68210007029688
20200105:0530,37.7,197.35,0.0,43.29,19.1,2.9,0.0,2020-01-05 05:30:00+00:00,235.05,26.4453125,23.3623173046875,22.661447785546876
20200105:0630,89.05,244.55,0.0,44.15,19.96,2.76,0.0,2020-01-05 06:30:00+00:00,333.6,30.385,32.60549688,31.627331973599997
20200105:0730,184.05,204.9,0.0,40.51,20.71,2.48,0.0,2020-01-05 07:30:00+00:00,388.95000000000005,32.8646875,37.6102325146875,36.48192553924688
20200105:0830,289.11,143.75,0.0,33.25,21.41,2.55,0.0,2020-01-05 08:30:00+00:00,432.86,34.936875,41.47946420075,40.2350802747275
20200105:0930,172.2,100.8,0.0,23.53,21.83,2.76,0.0,2020-01-05 09:30:00+00:00,273.0,30.36125,26.685279075,25.88472070275
20200105:1030,53.35,65.25,0.0,12.28,21.58,2.97,0.0,2020-01-05 10:30:00+00:00,118.6,25.28625,11.845741315,11.49036907555
20200105:1130,0.0,8.3,0.0,0.09,20.75,2.41,0.0,2020-01-05 11:30:00+00:00,8.3,21.009375,0.84391131875,0.8185939791875
20200105:1230,0.0,0.0,0.0,0.0,19.26,2.0,0.0,2020-01-05 12:30:00+00:00,0.0,19.26,0.0,0.0
20200105:1330,0.0,0.0,0.0,0.0,18.17,1.86,0.0,2020-01-05 13:30:00+00:00,0.0,18.17,0.0,0.0
20200105:1430,0.0,0.0,0.0,0.0,17.28,1.86,0.0,2020-01-05 14:30:00+00:00,0.0,17.28,0.0,0.0
20200105:1530,0.0,0.0,0.0,0.0,16.21,1.79,0.0,2020-01-05 15:30:00+00:00,0.0,16.21,0.0,0.0
20200105:1630,0.0,0.0,0.0,0.0,15.11,1.86,0.0,2020-01-05 16:30:00+00:00,0.0,15.11,0.0,0.0
20200105:1730,0.0,0.0,0.0,0.0,14.3,1.93,0.0,2020-01-05 17:30:00+00:00,0.0,14.3,0.0,0.0
20200105:1830,0.0,0.0,0.0,0.0,13.67,2.07,0.0,2020-01-05 18:30:00+00:00,0.0,13.67,0.0,0.0
20200105:1930,0.0,0.0,0.0,0.0,13.15,1.79,0.0,2020-01-05 19:30:00+00:00,0.0,13.15,0.0,0.0
20200105:2030,0.0,0.0,0.0,0.0,12.55,1.79,0.0,2020-01-05 20:30:00+00:00,0.0,12.55,0.0,0.0
20200105:2130,0.0,0.0,0.0,0.0,12.02,1.72,0.0,2020-01-05 21:30:00+00:00,0.0,12.02,0.0,0.0
20200105:2230,0.0,0.0,0.0,0.0,11.61,1.86,0.0,2020-01-05 22:30:00+00:00,0.0,11.61,0.0,0.0
20200105:2330,0.0,0.0,0.0,0.0,11.22,1.66,0.0,2020-01-05 23:30:00+00:00,0.0,11.22,0.0,0.0
20200106:0030,0.0,0.0,0.0,-4.66,11.04,1.52,0.0,2020-01-06 00:30:00+00:00,0.0,11.04,0.0,0.0
20200106:0130,51.5,41.3,0.0,7.8,10.75,1.59,0.0,2020-01-06 01:30:00+00:00,92.8,13.65,9.7223776,9.430706272
20200106:0230,201.01,84.15,0.0,19.47,13.07,0.83,0.0,2020-01-06 02:30:00+00:00,285.15999999999997,21.98125,28.877547235,28.01122081795
20200106:0330,366.41,106.35,0.0,29.87,16.71,1.1,0.0,2020-01-06 03:30:00+00:00,472.76,31.48375,45.988591787000004,44.60893403339
20200106:0430,497.11,119.05,0.0,38.22,18.92,1.86,0.0,2020-01-06 04:30:00+00:00,616.16,38.175,58.20647863999999,56.46028428079999
20200106:0530,566.96,128.75,0.0,43.38,20.34,2.76,0.0,2020-01-06 05:30:00+00:00,695.71,42.080937500000005,64.5799808081875,62.642581383941874
20200106:0630,452.96,159.05,0.0,44.28,21.14,2.83,0.0,2020-01-06 06:30:00+00:00,612.01,40.2653125,57.27713996068749,55.55882576186686
20200106:0730,426.16,167.3,0.0,40.66,21.45,2.76,0.0,2020-01-06 07:30:00+00:00,593.46,39.995625000000004,55.608292482749995,53.940043708267496
20200106:0830,322.76,142.95,0.0,33.4,21.78,2.97,0.0,2020-01-06 08:30:00+00:00,465.71,36.3334375,44.3542000251875,43.02357402443187
20200106:0930,229.76,97.2,0.0,23.68,21.68,2.97,0.0,2020-01-06 09:30:00+00:00,326.96,31.8975,31.748813228,30.79634883116
20200106:1030,82.95,62.6,0.0,12.43,21.28,2.69,0.0,2020-01-06 10:30:00+00:00,145.55,25.8284375,14.5043567871875,14.069226083571875
20200106:1130,0.0,7.85,0.0,0.23,20.2,1.93,0.0,2020-01-06 11:30:00+00:00,7.85,20.4453125,0.8000168046874999,0.7760163005468749
20200106:1230,0.0,0.0,0.0,0.0,18.54,2.14,0.0,2020-01-06 12:30:00+00:00,0.0,18.54,0.0,0.0
20200106:1330,0.0,0.0,0.0,0.0,17.26,2.14,0.0,2020-01-06 13:30:00+00:00,0.0,17.26,0.0,0.0
20200106:1430,0.0,0.0,0.0,0.0,16.3,2.14,0.0,2020-01-06 14:30:00+00:00,0.0,16.3,0.0,0.0
20200106:1530,0.0,0.0,0.0,0.0,15.52,2.07,0.0,2020-01-06 15:30:00+00:00,0.0,15.52,0.0,0.0
20200106:1630,0.0,0.0,0.0,0.0,14.85,2.07,0.0,2020-01-06 16:30:00+00:00,0.0,14.85,0.0,0.0
20200106:1730,0.0,0.0,0.0,0.0,14.3,2.07,0.0,2020-01-06 17:30:00+00:00,0.0,14.3,0.0,0.0
20200106:1830,0.0,0.0,0.0,0.0,13.82,2.0,0.0,2020-01-06 18:30:00+00:00,0.0,13.82,0.0,0.0
20200106:1930,0.0,0.0,0.0,0.0,13.32,2.0,0.0,2020-01-06 19:30:00+00:00,0.0,13.32,0.0,0.0
20200106:2030,0.0,0.0,0.0,0.0,12.96,2.07,0.0,2020-01-06 20:30:00+00:00,0.0,12.96,0.0,0.0
20200106:2130,0.0,0.0,0.0,0.0,12.61,2.0,0.0,2020-01-06 21:30:00+00:00,0.0,12.61,0.0,0.0
20200106:2230,0.0,0.0,0.0,0.0,12.3,1.93,0.0,2020-01-06 22:30:00+00:00,0.0,12.3,0.0,0.0
20200106:2330,0.0,0.0,0.0,0.0,11.98,1.79,0.0,2020-01-06 23:30:00+00:00,0.0,11.98,0.0,0.0
20200107:0030,0.0,0.0,0.0,-4.71,11.62,1.72,0.0,2020-01-07 00:30:00+00:00,0.0,11.62,0.0,0.0
20200107:0130,49.5,40.15,0.0,7.78,11.3,1.79,0.0,2020-01-07 01:30:00+00:00,89.65,14.1015625,9.3753588671875,9.094098101171875
20200107:0230,195.11,83.05,0.0,19.47,13.0,1.1,0.0,2020-01-07 02:30:00+00:00,278.16,21.692500000000003,28.202405964,27.35633378508
20200107:0330,357.51,105.35,0.0,29.9,16.73,1.1,0.0,2020-01-07 03:30:00+00:00,462.86,31.194375,45.081806066750005,43.7293518847475
20200107:0430,486.41,118.65,0.0,38.28,18.9,1.59,0.0,2020-01-07 04:30:00+00:00,605.0600000000001,37.808125000000004,57.25113267275,55.5335986925675
20200107:0530,561.46,125.45,0.0,43.48,20.27,2.34,0.0,2020-01-07 05:30:00+00:00,686.9100000000001,41.735937500000006,63.862645212187516,61.94676585582189
20200107:0630,561.16,131.95,0.0,44.41,21.22,2.76,0.0,2020-01-07 06:30:00+00:00,693.1099999999999,42.879687499999996,64.10611211468749,62.18292875124686
20200107:0730,512.61,124.05,0.0,40.81,21.76,2.76,0.0,2020-01-07 07:30:00+00:00,636.66,41.655625,59.212332510749995,57.43596253542749
20200107:0830,383.91,121.1,0.0,33.55,22.27,2.9,0.0,2020-01-07 08:30:00+00:00,505.01,38.0515625,47.7327087771875,46.30072751387187
20200107:0930,245.41,95.3,0.0,23.83,22.33,2.76,0.0,2020-01-07 09:30:00+00:00,340.71,32.9771875,32.9294788276875,31.94159446285687
20200107:1030,92.8,59.6,0.0,12.57,22.06,2.41,0.0,2020-01-07 10:30:00+00:00,152.4,26.822499999999998,15.12334542,14.669645057399999
20200107:1130,0.0,9.3,0.0,0.37,21.12,1.59,0.0,2020-01-07 11:30:00+00:00,9.3,21.410625,0.9440200987499999,0.9156994957874999
20200107:1230,0.0,0.0,0.0,0.0,19.69,1.86,0.0,2020-01-07 12:30:00+00:00,0.0,19.69,0.0,0.0
20200107:1330,0.0,0.0,0.0,0.0,18.21,1.86,0.0,2020-01-07 13:30:00+00:00,0.0,18.21,0.0,0.0
20200107:1430,0.0,0.0,0.0,0.0,17.05,1.86,0.0,2020-01-07 14:30:00+00:00,0.0,17.05,0.0,0.0
20200107:1530,0.0,0.0,0.0,0.0,16.08,1.72,0.0,2020-01-07 15:30:00+00:00,0.0,16.08,0.0,0.0
20200107:1630,0.0,0.0,0.0,0.0,15.17,1.66,0.0,2020-01-07 16:30:00+00:00,0.0,15.17,0.0,0.0
20200107:1730,0.0,0.0,0.0,0.0,14.35,1.66,0.0,2020-01-07 17:30:00+00:00,0.0,14.35,0.0,0.0
20200107:1830,0.0,0.0,0.0,0.0,13.69,1.66,0.0,2020-01-07 18:30:00+00:00,0.0,13.69,0.0,0.0
20200107:1930,0.0,0.0,0.0,0.0,13.15,1.59,0.0,2020-01-07 19:30:00+00:00,0.0,13.15,0.0,0.0
20200107:2030,0.0,0.0,0.0,0.0,12.77,1.66,0.0,2020-01-07 20:30:00+00:00,0.0,12.77,0.0,0.0
20200107:2130,0.0,0.0,0.0,0.0,12.46,1.66,0.0,2020-01-07 21:30:00+00:00,0.0,12.46,0.0,0.0
20200107:2230,0.0,0.0,0.0,0.0,12.18,1.66,0.0,2020-01-07 22:30:00+00:00,0.0,12.18,0.0,0.0
20200107:2330,0.0,0.0,0.0,0.0,11.96,1.59,0.0,2020-01-07 23:30:00+00:00,0.0,11.96,0.0,0.0
20200108:0030,0.0,0.0,0.0,-4.74,11.84,1.45,0.0,2020-01-08 00:30:00+00:00,0.0,11.84,0.0,0.0
20200108:0130,44.2,42.1,0.0,7.76,11.87,1.38,0.0,2020-01-08 01:30:00+00:00,86.30000000000001,14.566875,9.00815904875,8.7379142772875
20200108:0230,185.31,88.45,0.0,19.47,14.17,0.69,0.0,2020-01-08 02:30:00+00:00,273.76,22.725,27.63757768,26.808450349599998
20200108:0330,359.16,104.9,0.0,29.92,17.94,0.83,0.0,2020-01-08 03:30:00+00:00,464.06000000000006,32.441875,44.95553986475,43.6068736688075
20200108:0430,460.26,132.85,0.0,38.34,20.06,1.45,0.0,2020-01-08 04:30:00+00:00,593.11,38.5946875,55.9244790566875,54.24674468498688
20200108:0530,552.51,133.45,0.0,43.59,21.37,1.79,0.0,2020-01-08 05:30:00+00:00,685.96,42.806250000000006,63.465962395,61.56198352315
20200108:0630,581.11,125.7,0.0,44.55,22.42,1.93,0.0,2020-01-08 06:30:00+00:00,706.8100000000001,44.5078125,64.88990687968752,62.94320967329689
20200108:0730,482.96,142.5,0.0,40.97,23.12,2.0,0.0,2020-01-08 07:30:00+00:00,625.46,42.665625000000006,57.90536043875,56.1681996255875
20200108:0830,357.56,132.8,0.0,33.72,23.49,2.0,0.0,2020-01-08 08:30:00+00:00,490.36,38.81375,46.191041611,44.80531036267
20200108:0930,237.11,104.85,0.0,23.99,23.52,2.28,0.0,2020-01-08 09:30:00+00:00,341.96000000000004,34.20625,32.87376891500001,31.887555847550004
20200108:1030,89.65,63.0,0.0,12.72,23.15,2.28,0.0,2020-01-08 10:30:00+00:00,152.65,27.920312499999998,15.077770004687501,14.625436904546875
20200108:1130,0.0,9.05,0.0,0.51,22.16,1.59,0.0,2020-01-08 11:30:00+00:00,9.05,22.4428125,0.9147198696875,0.887278273596875
20200108:1230,0.0,0.0,0.0,0.0,20.58,2.07,0.0,2020-01-08 12:30:00+00:00,0.0,20.58,0.0,0.0
20200108:1330,0.0,0.0,0.0,0.0,19.27,2.0,0.0,2020-01-08 13:30:00+00:00,0.0,19.27,0.0,0.0
20200108:1430,0.0,0.0,0.0,0.0,17.99,2.21,0.0,2020-01-08 14:30:00+00:00,0.0,17.99,0.0,0.0
20200108:1530,0.0,0.0,0.0,0.0,17.28,2.07,0.0,2020-01-08 15:30:00+00:00,0.0,17.28,0.0,0.0
20200108:1630,0.0,0.0,0.0,0.0,16.73,2.0,0.0,2020-01-08 16:30:00+00:00,0.0,16.73,0.0,0.0
20200108:1730,0.0,0.0,0.0,0.0,16.38,1.79,0.0,2020-01-08 17:30:00+00:00,0.0,16.38,0.0,0.0
20200108:1830,0.0,0.0,0.0,0.0,15.95,1.66,0.0,2020-01-08 18:30:00+00:00,0.0,15.95,0.0,0.0
20200108:1930,0.0,0.0,0.0,0.0,15.83,1.31,0.0,2020-01-08 19:30:00+00:00,0.0,15.83,0.0,0.0
20200108:2030,0.0,0.0,0.0,0.0,15.69,1.31,0.0,2020-01-08 20:30:00+00:00,0.0,15.69,0.0,0.0
20200108:2130,0.0,0.0,0.0,0.0,15.4,1.59,0.0,2020-01-08 21:30:00+00:00,0.0,15.4,0.0,0.0
20200108:2230,0.0,0.0,0.0,0.0,15.36,1.79,0.0,2020-01-08 22:30:00+00:00,0.0,15.36,0.0,0.0
20200108:2330,0.0,0.0,0.0,0.0,15.17,1.86,0.0,2020-01-08 23:30:00+00:00,0.0,15.17,0.0,0.0
20200109:0030,0.0,0.0,0.0,-4.78,15.32,1.79,0.0,2020-01-09 00:30:00+00:00,0.0,15.32,0.0,0.0
20200109:0130,13.8,40.05,0.0,7.74,15.42,2.0,0.0,2020-01-09 01:30:00+00:00,53.849999999999994,17.1028125,5.5636106896875,5.396702368996874
20200109:0230,111.2,80.15,0.0,19.48,16.58,1.59,0.0,2020-01-09 02:30:00+00:00,191.35000000000002,22.5596875,19.3311205946875,18.751186976846874
20200109:0330,204.25,110.15,0.0,29.96,18.19,1.79,0.0,2020-01-09 03:30:00+00:00,314.4,28.015,31.041875279999996,30.110619021599994
20200109:0430,305.86,104.75,0.0,38.41,19.53,1.93,0.0,2020-01-09 04:30:00+00:00,410.61,32.361562500000005,39.7914529051875,38.597709318031875
20200109:0530,411.01,137.9,0.0,43.7,20.45,1.72,0.0,2020-01-09 05:30:00+00:00,548.91,37.6034375,51.985375791187494,50.42581451745187
20200109:0630,170.6,204.55,0.0,44.69,21.63,1.31,0.0,2020-01-09 06:30:00+00:00,375.15,33.3534375,36.1988073271875,35.11284310737187
20200109:0730,189.55,176.1,0.0,41.14,21.11,1.38,0.0,2020-01-09 07:30:00+00:00,365.65,32.5365625,35.4075874871875,34.345359862571875
20200109:0830,167.2,126.8,0.0,33.88,21.2,0.62,0.0,2020-01-09 08:30:00+00:00,294.0,30.3875,28.734751499999998,27.872708954999997
20200109:0930,80.1,121.25,0.0,24.15,21.26,0.83,0.0,2020-01-09 09:30:00+00:00,201.35,27.552187500000002,19.919169159687502,19.321594084896876
20200109:1030,38.7,53.05,0.0,12.88,20.96,0.83,0.0,2020-01-09 10:30:00+00:00,91.75,23.8271875,9.220194329687502,8.943588499796876
20200109:1130,0.0,7.55,0.0,0.65,20.56,1.03,0.0,2020-01-09 11:30:00+00:00,7.55,20.795937499999997,0.7683310821875,0.745281149721875
20200109:1230,0.0,0.0,0.0,0.0,19.65,1.52,0.0,2020-01-09 12:30:00+00:00,0.0,19.65,0.0,0.0
20200109:1330,0.0,0.0,0.0,0.0,19.02,1.17,0.0,2020-01-09 13:30:00+00:00,0.0,19.02,0.0,0.0
20200109:1430,0.0,0.0,0.0,0.0,18.24,0.83,0.0,2020-01-09 14:30:00+00:00,0.0,18.24,0.0,0.0
20200109:1530,0.0,0.0,0.0,0.0,17.65,0.76,0.0,2020-01-09 15:30:00+00:00,0.0,17.65,0.0,0.0
20200109:1630,0.0,0.0,0.0,0.0,16.89,0.97,0.0,2020-01-09 16:30:00+00:00,0.0,16.89,0.0,0.0
20200109:1730,0.0,0.0,0.0,0.0,16.46,0.97,0.0,2020-01-09 17:30:00+00:00,0.0,16.46,0.0,0.0
20200109:1830,0.0,0.0,0.0,0.0,16.18,1.31,0.0,2020-01-09 18:30:00+00:00,0.0,16.18,0.0,0.0
20200109:1930,0.0,0.0,0.0,0.0,15.88,1.45,0.0,2020-01-09 19:30:00+00:00,0.0,15.88,0.0,0.0
20200109:2030,0.0,0.0,0.0,0.0,15.44,1.59,0.0,2020-01-09 20:30:00+00:00,0.0,15.44,0.0,0.0
20200109:2130,0.0,0.0,0.0,0.0,15.26,1.52,0.0,2020-01-09 21:30:00+00:00,0.0,15.26,0.0,0.0
20200109:2230,0.0,0.0,0.0,0.0,14.97,1.59,0.0,2020-01-09 22:30:00+00:00,0.0,14.97,0.0,0.0
20200109:2330,0.0,0.0,0.0,0.0,14.87,1.66,0.0,2020-01-09 23:30:00+00:00,0.0,14.87,0.0,0.0
20200110:0030,0.0,0.0,0.0,-4.8,15.24,1.66,0.0,2020-01-10 00:30:00+00:00,0.0,15.24,0.0,0.0
20200110:0130,17.85,42.05,0.0,7.73,15.62,1.86,0.0,2020-01-10 01:30:00+00:00,59.9,17.491875,6.178889408750001,5.993522726487501
20200110:0230,117.0,93.35,0.0,19.49,16.77,2.0,0.0,2020-01-10 02:30:00+00:00,210.35,23.3434375,21.181352327187497,20.545911757371872
20200110:0330,232.71,151.25,0.0,30.0,18.13,3.59,0.0,2020-01-10 03:30:00+00:00,383.96000000000004,30.12875,37.568921363,36.44185372211
20200110:0430,249.7,198.25,0.0,38.49,19.43,3.86,0.0,2020-01-10 04:30:00+00:00,447.95,33.4284375,43.209282197187505,41.91300373127188
20200110:0530,267.95,196.2,0.0,43.82,20.38,3.66,0.0,2020-01-10 05:30:00+00:00,464.15,34.8846875,44.48804936468749,43.153407883746866
20200110:0630,53.35,271.15,0.0,44.85,21.23,3.52,0.0,2020-01-10 06:30:00+00:00,324.5,31.370625,31.581747518750003,30.634295093187504
20200110:0730,136.4,259.5,0.0,41.31,21.57,3.1,0.0,2020-01-10 07:30:00+00:00,395.9,33.941874999999996,38.103162908749994,36.960068021487494
20200110:0830,167.6,161.25,0.0,34.05,21.96,2.97,0.0,2020-01-10 08:30:00+00:00,328.85,32.236562500000005,31.885507697187503,30.928942466271877
20200110:0930,152.4,125.3,0.0,24.31,21.97,2.83,0.0,2020-01-10 09:30:00+00:00,277.7,30.648125,27.11123658875,26.2978994910875
20200110:1030,66.85,66.9,0.0,13.03,21.84,2.62,0.0,2020-01-10 10:30:00+00:00,133.75,26.0196875,13.3177190546875,12.918187483046873
20200110:1130,0.0,9.85,0.0,0.8,20.94,2.0,0.0,2020-01-10 11:30:00+00:00,9.85,21.247812500000002,1.0005227996875001,0.9705071156968751
20200110:1230,0.0,0.0,0.0,0.0,19.25,2.21,0.0,2020-01-10 12:30:00+00:00,0.0,19.25,0.0,0.0
20200110:1330,0.0,0.0,0.0,0.0,18.08,2.21,0.0,2020-01-10 13:30:00+00:00,0.0,18.08,0.0,0.0
20200110:1430,0.0,0.0,0.0,0.0,16.99,2.34,0.0,2020-01-10 14:30:00+00:00,0.0,16.99,0.0,0.0
20200110:1530,0.0,0.0,0.0,0.0,16.08,2.48,0.0,2020-01-10 15:30:00+00:00,0.0,16.08,0.0,0.0
20200110:1630,0.0,0.0,0.0,0.0,15.27,2.55,0.0,2020-01-10 16:30:00+00:00,0.0,15.27,0.0,0.0
20200110:1730,0.0,0.0,0.0,0.0,14.71,2.62,0.0,2020-01-10 17:30:00+00:00,0.0,14.71,0.0,0.0
20200110:1830,0.0,0.0,0.0,0.0,14.17,2.62,0.0,2020-01-10 18:30:00+00:00,0.0,14.17,0.0,0.0
20200110:1930,0.0,0.0,0.0,0.0,13.82,2.76,0.0,2020-01-10 19:30:00+00:00,0.0,13.82,0.0,0.0
20200110:2030,0.0,0.0,0.0,0.0,13.43,2.62,0.0,2020-01-10 20:30:00+00:00,0.0,13.43,0.0,0.0
20200110:2130,0.0,0.0,0.0,0.0,12.84,2.41,0.0,2020-01-10 21:30:00+00:00,0.0,12.84,0.0,0.0
20200110:2230,0.0,0.0,0.0,0.0,12.38,2.34,0.0,2020-01-10 22:30:00+00:00,0.0,12.38,0.0,0.0
20200110:2330,0.0,0.0,0.0,0.0,12.29,2.21,0.0,2020-01-10 23:30:00+00:00,0.0,12.29,0.0,0.0
20200111:0030,0.0,0.0,0.0,-4.83,11.79,2.34,0.0,2020-01-11 00:30:00+00:00,0.0,11.79,0.0,0.0
20200111:0130,52.6,41.0,0.0,7.72,11.51,2.41,0.0,2020-01-11 01:30:00+00:00,93.6,14.434999999999999,9.77533128,9.4820713416
20200111:0230,192.41,84.65,0.0,19.5,13.1,2.28,0.0,2020-01-11 02:30:00+00:00,277.06,21.758125,28.08324143275,27.2407441897675
20200111:0330,342.11,118.65,0.0,30.05,15.5,3.1,0.0,2020-01-11 03:30:00+00:00,460.76,29.89875,45.127997819,43.77415788443
20200111:0430,416.91,154.85,0.0,38.57,17.29,3.17,0.0,2020-01-11 04:30:00+00:00,571.76,35.1575,54.736786076,53.09468249372
20200111:0530,454.06,183.15,0.0,43.94,18.83,3.52,0.0,2020-01-11 05:30:00+00:00,637.21,38.7428125,60.043035827687504,58.241744752856874
20200111:0630,187.15,294.55,0.0,45.01,19.79,3.17,0.0,2020-01-11 06:30:00+00:00,481.70000000000005,34.843125,46.17859800875001,44.793240068487506
20200111:0730,229.05,251.45,0.0,41.48,19.66,3.17,0.0,2020-01-11 07:30:00+00:00,480.5,34.675625,46.09736211875,44.714441255187495
20200111:0830,162.25,209.8,0.0,34.23,19.95,3.17,0.0,2020-01-11 08:30:00+00:00,372.05,31.5765625,36.1773397671875,35.09201957417187
20200111:0930,106.7,154.0,0.0,24.48,19.94,3.17,0.0,2020-01-11 09:30:00+00:00,260.7,28.086875,25.732005708750002,24.960045537487503
20200111:1030,55.05,79.15,0.0,13.19,19.72,3.17,0.0,2020-01-11 10:30:00+00:00,134.2,23.91375,13.481225394999997,13.076788633149997
20200111:1130,0.0,10.35,0.0,0.94,19.23,2.55,0.0,2020-01-11 11:30:00+00:00,10.35,19.5534375,1.0586762071874998,1.0269159209718748
20200111:1230,0.0,0.0,0.0,0.0,17.91,2.14,0.0,2020-01-11 12:30:00+00:00,0.0,17.91,0.0,0.0
20200111:1330,0.0,0.0,0.0,0.0,17.03,2.07,0.0,2020-01-11 13:30:00+00:00,0.0,17.03,0.0,0.0
20200111:1430,0.0,0.0,0.0,0.0,16.14,2.21,0.0,2020-01-11 14:30:00+00:00,0.0,16.14,0.0,0.0
20200111:1530,0.0,0.0,0.0,0.0,15.75,2.14,0.0,2020-01-11 15:30:00+00:00,0.0,15.75,0.0,0.0
20200111:1630,0.0,0.0,0.0,0.0,15.27,2.21,0.0,2020-01-11 16:30:00+00:00,0.0,15.27,0.0,0.0
20200111:1730,0.0,0.0,0.0,0.0,15.15,2.14,0.0,2020-01-11 17:30:00+00:00,0.0,15.15,0.0,0.0
20200111:1830,0.0,0.0,0.0,0.0,14.43,2.21,0.0,2020-01-11 18:30:00+00:00,0.0,14.43,0.0,0.0
20200111:1930,0.0,0.0,0.0,0.0,13.55,2.62,0.0,2020-01-11 19:30:00+00:00,0.0,13.55,0.0,0.0
20200111:2030,0.0,0.0,0.0,0.0,13.2,2.62,0.0,2020-01-11 20:30:00+00:00,0.0,13.2,0.0,0.0
20200111:2130,0.0,0.0,0.0,0.0,12.82,2.69,0.0,2020-01-11 21:30:00+00:00,0.0,12.82,0.0,0.0
20200111:2230,0.0,0.0,0.0,0.0,12.47,2.55,0.0,2020-01-11 22:30:00+00:00,0.0,12.47,0.0,0.0
20200111:2330,0.0,0.0,0.0,0.0,12.13,2.41,0.0,2020-01-11 23:30:00+00:00,0.0,12.13,0.0,0.0
20200112:0030,0.0,0.0,0.0,-4.85,11.82,2.28,0.0,2020-01-12 00:30:00+00:00,0.0,11.82,0.0,0.0
20200112:0130,50.45,40.6,0.0,7.72,11.51,2.14,0.0,2020-01-12 01:30:00+00:00,91.05000000000001,14.3553125,9.512063494687501,9.226701589846876
20200112:0230,199.71,84.8,0.0,19.53,12.69,1.86,0.0,2020-01-12 02:30:00+00:00,284.51,21.580937499999997,28.859558138187495,27.993771394041868
20200112:0330,366.66,108.0,0.0,30.1,15.38,2.41,0.0,2020-01-12 03:30:00+00:00,474.66,30.213125,46.42672599675,45.0339242168475
20200112:0430,501.51,120.75,0.0,38.67,17.48,2.55,0.0,2020-01-12 04:30:00+00:00,622.26,36.925625,59.10924744675001,57.33597002334751
20200112:0530,581.61,126.75,0.0,44.08,19.34,2.62,0.0,2020-01-12 05:30:00+00:00,708.36,41.47625,65.934131091,63.956107158269994
20200112:0630,590.41,128.9,0.0,45.18,20.6,2.62,0.0,2020-01-12 06:30:00+00:00,719.31,43.0784375,66.46931963118749,64.47524004225187
20200112:0730,532.86,127.3,0.0,41.66,21.49,2.69,0.0,2020-01-12 07:30:00+00:00,660.16,42.12,61.269185535999995,59.431109969919994
20200112:0830,413.96,122.0,0.0,34.41,21.97,2.55,0.0,2020-01-12 08:30:00+00:00,535.96,38.71875,50.507865474999996,48.99262951074999
20200112:0930,266.26,98.4,0.0,24.65,22.08,2.55,0.0,2020-01-12 09:30:00+00:00,364.65999999999997,33.475624999999994,35.16789700675,34.1128600965475
20200112:1030,106.55,63.35,0.0,13.35,21.82,2.55,0.0,2020-01-12 10:30:00+00:00,169.9,27.129375,16.838052058749998,16.3329104969875
20200112:1130,0.0,11.5,0.0,1.09,20.82,1.93,0.0,2020-01-12 11:30:00+00:00,11.5,21.179375,1.1684536187499999,1.1334000101875
20200112:1230,0.0,0.0,0.0,0.0,18.97,2.28,0.0,2020-01-12 12:30:00+00:00,0.0,18.97,0.0,0.0
20200112:1330,0.0,0.0,0.0,0.0,17.41,2.28,0.0,2020-01-12 13:30:00+00:00,0.0,17.41,0.0,0.0
20200112:1430,0.0,0.0,0.0,0.0,16.31,2.21,0.0,2020-01-12 14:30:00+00:00,0.0,16.31,0.0,0.0
20200112:1530,0.0,0.0,0.0,0.0,15.41,2.14,0.0,2020-01-12 15:30:00+00:00,0.0,15.41,0.0,0.0
20200112:1630,0.0,0.0,0.0,0.0,14.61,2.07,0.0,2020-01-12 16:30:00+00:00,0.0,14.61,0.0,0.0
20200112:1730,0.0,0.0,0.0,0.0,13.9,2.14,0.0,2020-01-12 17:30:00+00:00,0.0,13.9,0.0,0.0
20200112:1830,0.0,0.0,0.0,0.0,13.36,2.14,0.0,2020-01-12 18:30:00+00:00,0.0,13.36,0.0,0.0
20200112:1930,0.0,0.0,0.0,0.0,12.92,2.14,0.0,2020-01-12 19:30:00+00:00,0.0,12.92,0.0,0.0
20200112:2030,0.0,0.0,0.0,0.0,12.54,2.21,0.0,2020-01-12 20:30:00+00:00,0.0,12.54,0.0,0.0
20200112:2130,0.0,0.0,0.0,0.0,12.22,2.14,0.0,2020-01-12 21:30:00+00:00,0.0,12.22,0.0,0.0
20200112:2230,0.0,0.0,0.0,0.0,11.91,2.07,0.0,2020-01-12 22:30:00+00:00,0.0,11.91,0.0,0.0
20200112:2330,0.0,0.0,0.0,0.0,11.59,2.0,0.0,2020-01-12 23:30:00+00:00,0.0,11.59,0.0,0.0
20200113:0030,0.0,0.0,0.0,-4.86,11.27,1.93,0.0,2020-01-13 00:30:00+00:00,0.0,11.27,0.0,0.0
20200113:0130,51.7,39.9,0.0,7.72,10.97,1.86,0.0,2020-01-13 01:30:00+00:00,91.6,13.8325,9.58963606,9.3019469782
20200113:0230,203.71,82.75,0.0,19.55,12.4,1.38,0.0,2020-01-13 02:30:00+00:00,286.46000000000004,21.351875,29.084917592750003,28.2123700649675
20200113:0330,372.31,105.15,0.0,30.16,15.73,1.72,0.0,2020-01-13 03:30:00+00:00,477.46000000000004,30.650625,46.612862086750006,45.214476224147504
20200113:0430,507.31,117.9,0.0,38.76,17.94,1.93,0.0,2020-01-13 04:30:00+00:00,625.21,37.4778125,59.2444736756875,57.46713946541688
20200113:0530,586.96,124.4,0.0,44.22,19.57,2.0,0.0,2020-01-13 05:30:00+00:00,711.36,41.8,66.11664384,64.13314452479999
20200113:0630,604.36,124.95,0.0,45.35,20.72,2.07,0.0,2020-01-13 06:30:00+00:00,729.3100000000001,43.5109375,67.2609110321875,65.24308370122186
20200113:0730,552.81,120.55,0.0,41.85,21.25,2.34,0.0,2020-01-13 07:30:00+00:00,673.3599999999999,42.2925,62.445487323999984,60.572122704279984
20200113:0830,436.81,111.85,0.0,34.59,21.74,2.41,0.0,2020-01-13 08:30:00+00:00,548.66,38.885625,51.666235454749994,50.11624839110749
20200113:0930,282.11,93.55,0.0,24.83,21.83,2.28,0.0,2020-01-13 09:30:00+00:00,375.66,33.569375,36.21394800675,35.1275295665475
20200113:1030,112.5,62.55,0.0,13.51,21.57,2.0,0.0,2020-01-13 10:30:00+00:00,175.05,27.0403125,17.354994184687502,16.834344359146876
20200113:1130,0.0,11.9,0.0,1.24,20.72,1.45,0.0,2020-01-13 11:30:00+00:00,11.9,21.091874999999998,1.2095328087500001,1.1732468244875
20200113:1230,0.0,0.0,0.0,0.0,19.33,1.66,0.0,2020-01-13 12:30:00+00:00,0.0,19.33,0.0,0.0
20200113:1330,0.0,0.0,0.0,0.0,17.75,1.66,0.0,2020-01-13 13:30:00+00:00,0.0,17.75,0.0,0.0
20200113:1430,0.0,0.0,0.0,0.0,16.18,1.59,0.0,2020-01-13 14:30:00+00:00,0.0,16.18,0.0,0.0
20200113:1530,0.0,0.0,0.0,0.0,14.84,1.72,0.0,2020-01-13 15:30:00+00:00,0.0,14.84,0.0,0.0
20200113:1630,0.0,0.0,0.0,0.0,13.87,1.59,0.0,2020-01-13 16:30:00+00:00,0.0,13.87,0.0,0.0
20200113:1730,0.0,0.0,0.0,0.0,13.39,1.52,0.0,2020-01-13 17:30:00+00:00,0.0,13.39,0.0,0.0
20200113:1830,0.0,0.0,0.0,0.0,12.77,1.59,0.0,2020-01-13 18:30:00+00:00,0.0,12.77,0.0,0.0
20200113:1930,0.0,0.0,0.0,0.0,12.02,1.66,0.0,2020-01-13 19:30:00+00:00,0.0,12.02,0.0,0.0
20200113:2030,0.0,0.0,0.0,0.0,11.64,1.66,0.0,2020-01-13 20:30:00+00:00,0.0,11.64,0.0,0.0
20200113:2130,0.0,0.0,0.0,0.0,11.23,1.72,0.0,2020-01-13 21:30:00+00:00,0.0,11.23,0.0,0.0
20200113:2230,0.0,0.0,0.0,0.0,10.94,1.66,0.0,2020-01-13 22:30:00+00:00,0.0,10.94,0.0,0.0
20200113:2330,0.0,0.0,0.0,0.0,10.76,1.59,0.0,2020-01-13 23:30:00+00:00,0.0,10.76,0.0,0.0
20200114:0030,0.0,0.0,0.0,-4.87,10.53,1.59,0.0,2020-01-14 00:30:00+00:00,0.0,10.53,0.0,0.0
20200114:0130,53.0,39.8,0.0,7.73,10.34,1.52,0.0,2020-01-14 01:30:00+00:00,92.8,13.24,9.73835776,9.4462070272
20200114:0230,207.31,82.2,0.0,19.59,13.03,0.76,0.0,2020-01-14 02:30:00+00:00,289.51,22.0771875,29.3063970476875,28.427205136256873
20200114:0330,377.21,104.25,0.0,30.22,16.95,0.76,0.0,2020-01-14 03:30:00+00:00,481.46,31.995624999999997,46.73139228275,45.3294505142675
20200114:0430,511.36,117.65,0.0,38.87,19.56,0.97,0.0,2020-01-14 04:30:00+00:00,629.01,39.216562499999995,59.1452088091875,57.37085254491188
20200114:0530,590.96,124.35,0.0,44.37,21.06,0.9,0.0,2020-01-14 05:30:00+00:00,715.3100000000001,43.4134375,65.9990472891875,64.01907587051187
20200114:0630,604.31,124.85,0.0,45.53,22.13,0.9,0.0,2020-01-14 06:30:00+00:00,729.16,44.91625,66.816704203,64.81220307691
20200114:0730,552.26,120.75,0.0,42.04,22.77,0.9,0.0,2020-01-14 07:30:00+00:00,673.01,43.8015625,61.9864713771875,60.12687723587187
20200114:0830,440.26,110.4,0.0,34.78,23.27,1.03,0.0,2020-01-14 08:30:00+00:00,550.66,40.478125,51.486262588749995,49.941674711087494
20200114:0930,283.81,92.9,0.0,25.0,23.44,1.1,0.0,2020-01-14 09:30:00+00:00,376.71000000000004,35.2121875,36.055246075687506,34.97358869341688
20200114:1030,114.35,62.5,0.0,13.67,23.27,1.1,0.0,2020-01-14 10:30:00+00:00,176.85,28.7965625,17.403002727187502,16.880912645371875
20200114:1130,0.0,12.2,0.0,1.39,22.53,0.83,0.0,2020-01-14 11:30:00+00:00,12.2,22.911250000000003,1.2307027549999998,1.1937816723499999
20200114:1230,0.0,0.0,0.0,0.0,21.03,0.76,0.0,2020-01-14 12:30:00+00:00,0.0,21.03,0.0,0.0
20200114:1330,0.0,0.0,0.0,0.0,20.03,0.55,0.0,2020-01-14 13:30:00+00:00,0.0,20.03,0.0,0.0
20200114:1430,0.0,0.0,0.0,0.0,19.07,0.48,0.0,2020-01-14 14:30:00+00:00,0.0,19.07,0.0,0.0
20200114:1530,0.0,0.0,0.0,0.0,18.24,0.48,0.0,2020-01-14 15:30:00+00:00,0.0,18.24,0.0,0.0
20200114:1630,0.0,0.0,0.0,0.0,17.48,0.41,0.0,2020-01-14 16:30:00+00:00,0.0,17.48,0.0,0.0
20200114:1730,0.0,0.0,0.0,0.0,16.79,0.62,0.0,2020-01-14 17:30:00+00:00,0.0,16.79,0.0,0.0
20200114:1830,0.0,0.0,0.0,0.0,15.53,0.97,0.0,2020-01-14 18:30:00+00:00,0.0,15.53,0.0,0.0
20200114:1930,0.0,0.0,0.0,0.0,14.19,1.24,0.0,2020-01-14 19:30:00+00:00,0.0,14.19,0.0,0.0
20200114:2030,0.0,0.0,0.0,0.0,13.08,1.38,0.0,2020-01-14 20:30:00+00:00,0.0,13.08,0.0,0.0
20200114:2130,0.0,0.0,0.0,0.0,12.37,1.52,0.0,2020-01-14 21:30:00+00:00,0.0,12.37,0.0,0.0
20200114:2230,0.0,0.0,0.0,0.0,12.09,1.45,0.0,2020-01-14 22:30:00+00:00,0.0,12.09,0.0,0.0
20200114:2330,0.0,0.0,0.0,0.0,12.05,1.31,0.0,2020-01-14 23:30:00+00:00,0.0,12.05,0.0,0.0
20200115:0030,0.0,0.0,0.0,-4.88,12.78,0.97,0.0,2020-01-15 00:30:00+00:00,0.0,12.78,0.0,0.0
20200115:0130,46.1,42.5,0.0,7.74,13.1,0.62,0.0,2020-01-15 01:30:00+00:00,88.6,15.868749999999999,9.199792075,8.92379831275
20200115:0230,176.5,98.7,0.0,19.62,13.88,0.21,0.0,2020-01-15 02:30:00+00:00,275.2,22.48,27.811271679999997,26.976933529599997
20200115:0330,372.16,106.1,0.0,30.29,17.77,0.34,0.0,2020-01-15 03:30:00+00:00,478.26,32.715625,46.27616857875,44.8878835213875
20200115:0430,514.06,117.2,0.0,38.98,20.81,0.55,0.0,2020-01-15 04:30:00+00:00,631.26,40.536874999999995,59.00672076075001,57.2365191379275
20200115:0530,595.71,123.2,0.0,44.52,22.54,1.1,0.0,2020-01-15 05:30:00+00:00,718.9100000000001,45.0059375,65.85036321818751,63.87485232164188
20200115:0630,608.31,124.25,0.0,45.72,23.74,1.38,0.0,2020-01-15 06:30:00+00:00,732.56,46.63249999999999,66.600216236,64.60220974891999
20200115:0730,558.16,119.45,0.0,42.24,24.48,1.52,0.0,2020-01-15 07:30:00+00:00,677.61,45.6553125,61.8825765526875,60.026099256106875
20200115:0830,447.11,109.25,0.0,34.97,25.03,1.59,0.0,2020-01-15 08:30:00+00:00,556.36,42.416250000000005,51.566323962999995,50.01933424410999
20200115:0930,290.16,92.05,0.0,25.18,25.17,1.72,0.0,2020-01-15 09:30:00+00:00,382.21000000000004,37.1140625,36.276351352187504,35.18806081162188
20200115:1030,118.5,62.55,0.0,13.84,24.89,1.79,0.0,2020-01-15 10:30:00+00:00,181.05,30.5478125,17.6831387896875,17.152644625996874
20200115:1130,0.0,12.65,0.0,1.55,23.87,1.45,0.0,2020-01-15 11:30:00+00:00,12.65,24.2653125,1.2689033946875,1.2308362928468748
20200115:1230,0.0,0.0,0.0,0.0,22.16,1.79,0.0,2020-01-15 12:30:00+00:00,0.0,22.16,0.0,0.0
20200115:1330,0.0,0.0,0.0,0.0,20.28,1.79,0.0,2020-01-15 13:30:00+00:00,0.0,20.28,0.0,0.0
20200115:1430,0.0,0.0,0.0,0.0,18.67,1.79,0.0,2020-01-15 14:30:00+00:00,0.0,18.67,0.0,0.0
20200115:1530,0.0,0.0,0.0,0.0,17.17,1.59,0.0,2020-01-15 15:30:00+00:00,0.0,17.17,0.0,0.0
20200115:1630,0.0,0.0,0.0,0.0,15.94,1.59,0.0,2020-01-15 16:30:00+00:00,0.0,15.94,0.0,0.0
20200115:1730,0.0,0.0,0.0,0.0,15.12,1.66,0.0,2020-01-15 17:30:00+00:00,0.0,15.12,0.0,0.0
20200115:1830,0.0,0.0,0.0,0.0,14.5,1.79,0.0,2020-01-15 18:30:00+00:00,0.0,14.5,0.0,0.0
20200115:1930,0.0,0.0,0.0,0.0,14.19,1.59,0.0,2020-01-15 19:30:00+00:00,0.0,14.19,0.0,0.0
20200115:2030,0.0,0.0,0.0,0.0,13.76,1.66,0.0,2020-01-15 20:30:00+00:00,0.0,13.76,0.0,0.0
20200115:2130,0.0,0.0,0.0,0.0,13.4,1.72,0.0,2020-01-15 21:30:00+00:00,0.0,13.4,0.0,0.0
20200115:2230,0.0,0.0,0.0,0.0,13.16,1.86,0.0,2020-01-15 22:30:00+00:00,0.0,13.16,0.0,0.0
20200115:2330,0.0,0.0,0.0,0.0,12.96,1.86,0.0,2020-01-15 23:30:00+00:00,0.0,12.96,0.0,0.0
20200116:0030,0.0,0.0,0.0,-4.88,12.78,1.86,0.0,2020-01-16 00:30:00+00:00,0.0,12.78,0.0,0.0
20200116:0130,52.45,39.5,0.0,7.76,12.57,1.72,0.0,2020-01-16 01:30:00+00:00,91.95,15.4434375,9.5640648871875,9.277142940571876
20200116:0230,207.56,80.6,0.0,19.67,15.07,0.9,0.0,2020-01-16 02:30:00+00:00,288.15999999999997,24.075,28.927950159999995,28.060111655199993
20200116:0330,377.21,102.6,0.0,30.37,19.32,0.9,0.0,2020-01-16 03:30:00+00:00,479.80999999999995,34.3140625,46.1040282621875,44.72090741432187
20200116:0430,510.21,116.85,0.0,39.09,22.01,0.97,0.0,2020-01-16 04:30:00+00:00,627.06,41.605625,58.33265625075,56.582676563227494
20200116:0530,590.31,123.7,0.0,44.68,23.72,1.03,0.0,2020-01-16 05:30:00+00:00,714.01,46.0328125,65.09359184968751,63.14078409419689
20200116:0630,601.86,125.1,0.0,45.91,24.88,1.03,0.0,2020-01-16 06:30:00+00:00,726.96,47.5975,65.796458988,63.82256521836
20200116:0730,551.41,120.95,0.0,42.45,25.7,0.97,0.0,2020-01-16 07:30:00+00:00,672.36,46.71125,61.10493405900001,59.27178603723001
20200116:0830,442.16,110.55,0.0,35.17,26.21,0.9,0.0,2020-01-16 08:30:00+00:00,552.71,43.4821875,50.9805782616875,49.45116091383687
20200116:0930,286.81,93.35,0.0,25.36,26.39,1.03,0.0,2020-01-16 09:30:00+00:00,380.15999999999997,38.269999999999996,35.89721625599999,34.82029976831999
20200116:1030,117.2,63.55,0.0,14.01,26.19,1.24,0.0,2020-01-16 10:30:00+00:00,180.75,31.8384375,17.5558600171875,17.029184216671872
20200116:1130,0.0,13.1,0.0,1.7,25.35,1.17,0.0,2020-01-16 11:30:00+00:00,13.1,25.759375000000002,1.3058219187499998,1.2666472611874997
20200116:1230,0.0,0.0,0.0,0.0,23.78,1.66,0.0,2020-01-16 12:30:00+00:00,0.0,23.78,0.0,0.0
20200116:1330,0.0,0.0,0.0,0.0,21.92,1.93,0.0,2020-01-16 13:30:00+00:00,0.0,21.92,0.0,0.0
20200116:1430,0.0,0.0,0.0,0.0,20.4,2.0,0.0,2020-01-16 14:30:00+00:00,0.0,20.4,0.0,0.0
20200116:1530,0.0,0.0,0.0,0.0,19.18,1.93,0.0,2020-01-16 15:30:00+00:00,0.0,19.18,0.0,0.0
20200116:1630,0.0,0.0,0.0,0.0,18.14,1.93,0.0,2020-01-16 16:30:00+00:00,0.0,18.14,0.0,0.0
20200116:1730,0.0,0.0,0.0,0.0,17.22,1.86,0.0,2020-01-16 17:30:00+00:00,0.0,17.22,0.0,0.0
20200116:1830,0.0,0.0,0.0,0.0,16.53,1.86,0.0,2020-01-16 18:30:00+00:00,0.0,16.53,0.0,0.0
20200116:1930,0.0,0.0,0.0,0.0,15.97,1.38,0.0,2020-01-16 19:30:00+00:00,0.0,15.97,0.0,0.0
20200116:2030,0.0,0.0,0.0,0.0,15.74,1.17,0.0,2020-01-16 20:30:00+00:00,0.0,15.74,0.0,0.0
20200116:2130,0.0,0.0,0.0,0.0,15.93,0.97,0.0,2020-01-16 21:30:00+00:00,0.0,15.93,0.0,0.0
20200116:2230,0.0,0.0,0.0,0.0,15.83,0.83,0.0,2020-01-16 22:30:00+00:00,0.0,15.83,0.0,0.0
20200116:2330,0.0,0.0,0.0,0.0,14.39,0.9,0.0,2020-01-16 23:30:00+00:00,0.0,14.39,0.0,0.0
20200117:0030,0.0,0.0,0.0,-4.88,13.89,0.55,0.0,2020-01-17 00:30:00+00:00,0.0,13.89,0.0,0.0
20200117:0130,19.5,41.65,0.0,7.79,13.87,0.69,0.0,2020-01-17 01:30:00+00:00,61.15,15.780937499999999,6.3517731821874985,6.161219986721873
20200117:0230,59.1,125.8,0.0,19.71,15.17,0.41,0.0,2020-01-17 02:30:00+00:00,184.9,20.948125,18.804660508750004,18.240520693487504
20200117:0330,172.8,190.45,0.0,30.45,17.15,0.34,0.0,2020-01-17 03:30:00+00:00,363.25,28.5015625,35.7907841171875,34.717060593671874
20200117:0430,300.76,184.65,0.0,39.22,20.11,0.48,0.0,2020-01-17 04:30:00+00:00,485.40999999999997,35.279062499999995,46.4453849141875,45.05202336676187
20200117:0530,577.56,133.1,0.0,44.85,22.64,0.55,0.0,2020-01-17 05:30:00+00:00,710.66,44.848124999999996,65.14178722475,63.187533608007506
20200117:0630,616.91,122.25,0.0,46.11,24.81,0.69,0.0,2020-01-17 06:30:00+00:00,739.16,47.90875,66.804042707,64.79992142578999
20200117:0730,570.31,116.4,0.0,42.66,26.24,0.62,0.0,2020-01-17 07:30:00+00:00,686.7099999999999,47.699687499999996,62.123996990687495,60.260277080966866
20200117:0830,455.51,109.1,0.0,35.37,26.88,0.62,0.0,2020-01-17 08:30:00+00:00,564.61,44.5240625,51.8311380101875,50.276203869881876
20200117:0930,298.76,92.15,0.0,25.55,27.07,0.41,0.0,2020-01-17 09:30:00+00:00,390.90999999999997,39.2859375,36.7455033521875,35.64313825162187
20200117:1030,124.6,63.5,0.0,14.18,26.85,0.41,0.0,2020-01-17 10:30:00+00:00,188.1,32.728125,18.199462668749998,17.653478788687497
20200117:1130,0.0,13.55,0.0,1.85,25.83,0.48,0.0,2020-01-17 11:30:00+00:00,13.55,26.253437499999997,1.3478666871875002,1.3074306865718752
20200117:1230,0.0,0.0,0.0,0.0,23.98,0.83,0.0,2020-01-17 12:30:00+00:00,0.0,23.98,0.0,0.0
20200117:1330,0.0,0.0,0.0,0.0,21.8,0.97,0.0,2020-01-17 13:30:00+00:00,0.0,21.8,0.0,0.0
20200117:1430,0.0,0.0,0.0,0.0,20.07,1.24,0.0,2020-01-17 14:30:00+00:00,0.0,20.07,0.0,0.0
20200117:1530,0.0,0.0,0.0,0.0,18.65,1.38,0.0,2020-01-17 15:30:00+00:00,0.0,18.65,0.0,0.0
20200117:1630,0.0,0.0,0.0,0.0,18.06,1.24,0.0,2020-01-17 16:30:00+00:00,0.0,18.06,0.0,0.0
20200117:1730,0.0,0.0,0.0,0.0,18.63,0.9,0.0,2020-01-17 17:30:00+00:00,0.0,18.63,0.0,0.0
20200117:1830,0.0,0.0,0.0,0.0,18.14,0.55,0.0,2020-01-17 18:30:00+00:00,0.0,18.14,0.0,0.0
20200117:1930,0.0,0.0,0.0,0.0,17.92,0.69,0.0,2020-01-17 19:30:00+00:00,0.0,17.92,0.0,0.0
20200117:2030,0.0,0.0,0.0,0.0,17.41,0.62,0.0,2020-01-17 20:30:00+00:00,0.0,17.41,0.0,0.0
20200117:2130,0.0,0.0,0.0,0.0,16.8,0.62,0.0,2020-01-17 21:30:00+00:00,0.0,16.8,0.0,0.0
20200117:2230,0.0,0.0,0.0,0.0,16.2,0.62,0.0,2020-01-17 22:30:00+00:00,0.0,16.2,0.0,0.0
20200117:2330,0.0,0.0,0.0,0.0,15.83,0.62,0.0,2020-01-17 23:30:00+00:00,0.0,15.83,0.0,0.0
20200118:0030,0.0,0.0,0.0,-4.87,15.16,0.62,0.0,2020-01-18 00:30:00+00:00,0.0,15.16,0.0,0.0
20200118:0130,12.05,50.35,0.0,7.81,14.34,0.69,0.0,2020-01-18 01:30:00+00:00,62.400000000000006,16.29,6.468271680000001,6.2742235296
20200118:0230,47.35,136.05,0.0,19.77,14.97,0.21,0.0,2020-01-18 02:30:00+00:00,183.4,20.70125,18.671124114999998,18.110990391549997
20200118:0330,95.35,235.15,0.0,30.54,17.27,0.14,0.0,2020-01-18 03:30:00+00:00,330.5,27.598125,32.68935426875,31.7086736406875
20200118:0430,400.76,171.9,0.0,39.35,20.25,0.21,0.0,2020-01-18 04:30:00+00:00,572.66,38.145624999999995,54.10425108274999,52.48112355026749
20200118:0530,536.01,160.35,0.0,45.02,23.39,0.14,0.0,2020-01-18 05:30:00+00:00,696.36,45.151250000000005,63.742339730999994,61.830069539069996
20200118:0630,619.56,121.5,0.0,46.32,24.98,0.0,0.0,2020-01-18 06:30:00+00:00,741.06,48.138125,66.90436965674999,64.8972385670475
20200118:0730,566.56,119.55,0.0,42.87,26.41,0.55,0.0,2020-01-18 07:30:00+00:00,686.1099999999999,47.8509375,62.026132174187495,60.165348208961866
20200118:0830,450.11,105.5,0.0,35.58,26.92,0.76,0.0,2020-01-18 08:30:00+00:00,555.61,44.282812500000006,51.06123614968751,49.529399065196884
20200118:0930,298.81,92.15,0.0,25.74,27.01,0.9,0.0,2020-01-18 09:30:00+00:00,390.96000000000004,39.227500000000006,36.759798972,35.657005002839995
20200118:1030,125.3,64.1,0.0,14.35,26.8,0.9,0.0,2020-01-18 10:30:00+00:00,189.39999999999998,32.71875,18.325988875,17.77620920875
20200118:1130,0.0,14.05,0.0,2.01,25.81,0.55,0.0,2020-01-18 11:30:00+00:00,14.05,26.249062499999997,1.3976292821875,1.355700403721875
20200118:1230,0.0,0.0,0.0,0.0,24.43,0.41,0.0,2020-01-18 12:30:00+00:00,0.0,24.43,0.0,0.0
20200118:1330,0.0,0.0,0.0,0.0,23.37,0.14,0.0,2020-01-18 13:30:00+00:00,0.0,23.37,0.0,0.0
20200118:1430,0.0,0.0,0.0,0.0,22.29,0.14,0.0,2020-01-18 14:30:00+00:00,0.0,22.29,0.0,0.0
20200118:1530,0.0,0.0,0.0,0.0,21.26,0.21,0.0,2020-01-18 15:30:00+00:00,0.0,21.26,0.0,0.0
20200118:1630,0.0,0.0,0.0,0.0,20.34,0.48,0.0,2020-01-18 16:30:00+00:00,0.0,20.34,0.0,0.0
20200118:1730,0.0,0.0,0.0,0.0,18.79,1.03,0.0,2020-01-18 17:30:00+00:00,0.0,18.79,0.0,0.0
20200118:1830,0.0,0.0,0.0,0.0,16.22,1.59,0.0,2020-01-18 18:30:00+00:00,0.0,16.22,0.0,0.0
20200118:1930,0.0,0.0,0.0,0.0,15.26,2.14,0.0,2020-01-18 19:30:00+00:00,0.0,15.26,0.0,0.0
20200118:2030,0.0,0.0,0.0,0.0,14.95,2.21,0.0,2020-01-18 20:30:00+00:00,0.0,14.95,0.0,0.0
20200118:2130,0.0,0.0,0.0,0.0,14.68,2.14,0.0,2020-01-18 21:30:00+00:00,0.0,14.68,0.0,0.0
20200118:2230,0.0,0.0,0.0,0.0,14.48,2.14,0.0,2020-01-18 22:30:00+00:00,0.0,14.48,0.0,0.0
20200118:2330,0.0,0.0,0.0,0.0,14.26,2.0,0.0,2020-01-18 23:30:00+00:00,0.0,14.26,0.0,0.0
20200119:0030,0.0,0.0,0.0,-4.86,14.14,2.07,0.0,2020-01-19 00:30:00+00:00,0.0,14.14,0.0,0.0
20200119:0130,46.05,39.35,0.0,7.84,14.09,2.0,0.0,2020-01-19 01:30:00+00:00,85.4,16.75875,8.835597155000002,8.570529240350002
20200119:0230,183.7,90.0,0.0,19.83,15.9,1.59,0.0,2020-01-19 02:30:00+00:00,273.7,24.453125,27.432865468750002,26.609879504687502
20200119:0330,351.51,109.2,0.0,30.63,19.26,1.93,0.0,2020-01-19 03:30:00+00:00,460.71,33.6571875,44.3958498016875,43.06397430763687
20200119:0430,485.71,126.45,0.0,39.48,21.63,1.86,0.0,2020-01-19 04:30:00+00:00,612.16,40.76,57.16399052799999,55.44907081215999
20200119:0530,578.96,127.5,0.0,45.2,23.73,1.79,0.0,2020-01-19 05:30:00+00:00,706.46,45.806875000000005,64.47232553675,62.538155770647506
20200119:0630,553.86,141.05,0.0,46.53,24.99,1.59,0.0,2020-01-19 06:30:00+00:00,694.9100000000001,46.705937500000005,63.1558573281875,61.26118160834187
20200119:0730,536.66,129.55,0.0,43.09,25.89,0.9,0.0,2020-01-19 07:30:00+00:00,666.21,46.7090625,60.546626298187505,58.73022750924188
20200119:0830,433.46,118.5,0.0,35.78,26.35,1.03,0.0,2020-01-19 08:30:00+00:00,551.96,43.59875,50.884378258999995,49.35784691122999
20200119:0930,253.46,96.6,0.0,25.93,26.42,1.1,0.0,2020-01-19 09:30:00+00:00,350.06,37.359375,33.18886041875,32.1931946061875
20200119:1030,100.3,62.3,0.0,14.52,26.12,1.45,0.0,2020-01-19 10:30:00+00:00,162.6,31.20125,15.836504234999998,15.361409107949997
20200119:1130,0.0,13.3,0.0,2.17,24.86,1.93,0.0,2020-01-19 11:30:00+00:00,13.3,25.275624999999998,1.3284603587500001,1.2886065479875002
20200119:1230,0.0,0.0,0.0,0.0,22.98,2.62,0.0,2020-01-19 12:30:00+00:00,0.0,22.98,0.0,0.0
20200119:1330,0.0,0.0,0.0,0.0,21.84,2.83,0.0,2020-01-19 13:30:00+00:00,0.0,21.84,0.0,0.0
20200119:1430,0.0,0.0,0.0,0.0,20.95,2.9,0.0,2020-01-19 14:30:00+00:00,0.0,20.95,0.0,0.0
20200119:1530,0.0,0.0,0.0,0.0,20.05,3.03,0.0,2020-01-19 15:30:00+00:00,0.0,20.05,0.0,0.0
20200119:1630,0.0,0.0,0.0,0.0,19.24,2.9,0.0,2020-01-19 16:30:00+00:00,0.0,19.24,0.0,0.0
20200119:1730,0.0,0.0,0.0,0.0,18.53,2.69,0.0,2020-01-19 17:30:00+00:00,0.0,18.53,0.0,0.0
20200119:1830,0.0,0.0,0.0,0.0,17.99,2.41,0.0,2020-01-19 18:30:00+00:00,0.0,17.99,0.0,0.0
20200119:1930,0.0,0.0,0.0,0.0,17.73,2.34,0.0,2020-01-19 19:30:00+00:00,0.0,17.73,0.0,0.0
20200119:2030,0.0,0.0,0.0,0.0,17.6,2.14,0.0,2020-01-19 20:30:00+00:00,0.0,17.6,0.0,0.0
20200119:2130,0.0,0.0,0.0,0.0,17.59,2.28,0.0,2020-01-19 21:30:00+00:00,0.0,17.59,0.0,0.0
20200119:2230,0.0,0.0,0.0,0.0,17.75,2.14,0.0,2020-01-19 22:30:00+00:00,0.0,17.75,0.0,0.0
20200119:2330,0.0,0.0,0.0,0.0,17.78,2.28,0.0,2020-01-19 23:30:00+00:00,0.0,17.78,0.0,0.0
20200120:0030,0.0,0.0,0.0,-4.85,17.76,2.21,0.0,2020-01-20 00:30:00+00:00,0.0,17.76,0.0,0.0
20200120:0130,7.8,24.6,0.0,7.88,17.69,2.34,0.0,2020-01-20 01:30:00+00:00,32.4,18.7025,3.3256963799999997,3.2259254885999997
20200120:0230,32.35,81.0,0.0,19.89,17.84,2.55,0.0,2020-01-20 02:30:00+00:00,113.35,21.3821875,11.5072331996875,11.162016203696874
20200120:0330,127.1,177.75,0.0,30.73,18.3,2.76,0.0,2020-01-20 03:30:00+00:00,304.85,27.8265625,30.1230954171875,29.219402554671873
20200120:0430,186.25,167.35,0.0,39.62,19.22,2.97,0.0,2020-01-20 04:30:00+00:00,353.6,30.27,34.57734176,33.5400215072
20200120:0530,184.75,217.7,0.0,45.39,19.44,2.97,0.0,2020-01-20 05:30:00+00:00,402.45,32.0165625,39.058997457187495,37.88722753347187
20200120:0630,326.31,233.55,0.0,46.75,19.87,2.97,0.0,2020-01-20 06:30:00+00:00,559.86,37.365625,53.07833209875,51.4859821357875
20200120:0730,378.21,187.85,0.0,43.31,21.55,2.76,0.0,2020-01-20 07:30:00+00:00,566.06,39.239374999999995,53.22065694274999,51.62403723446749
20200120:0830,332.36,145.3,0.0,36.0,22.11,2.76,0.0,2020-01-20 08:30:00+00:00,477.66,37.036875,45.35119584075,43.9906599655275
20200120:0930,228.36,109.9,0.0,26.12,22.24,2.62,0.0,2020-01-20 09:30:00+00:00,338.26,32.810625,32.716350754749996,31.734860232107497
20200120:1030,99.65,68.45,0.0,14.69,22.07,2.34,0.0,2020-01-20 10:30:00+00:00,168.10000000000002,27.323125,16.645982728750003,16.1466032468875
20200120:1130,9.7,12.54,0.0,2.32,21.35,1.79,0.0,2020-01-20 11:30:00+00:00,22.24,22.045,2.2516020639999996,2.1840540020799994
20200120:1230,0.0,0.0,0.0,0.0,20.02,1.79,0.0,2020-01-20 12:30:00+00:00,0.0,20.02,0.0,0.0
20200120:1330,0.0,0.0,0.0,0.0,18.97,1.52,0.0,2020-01-20 13:30:00+00:00,0.0,18.97,0.0,0.0
20200120:1430,0.0,0.0,0.0,0.0,17.72,1.31,0.0,2020-01-20 14:30:00+00:00,0.0,17.72,0.0,0.0
20200120:1530,0.0,0.0,0.0,0.0,16.61,1.03,0.0,2020-01-20 15:30:00+00:00,0.0,16.61,0.0,0.0
20200120:1630,0.0,0.0,0.0,0.0,16.13,0.97,0.0,2020-01-20 16:30:00+00:00,0.0,16.13,0.0,0.0
20200120:1730,0.0,0.0,0.0,0.0,15.19,1.1,0.0,2020-01-20 17:30:00+00:00,0.0,15.19,0.0,0.0
20200120:1830,0.0,0.0,0.0,0.0,14.47,1.1,0.0,2020-01-20 18:30:00+00:00,0.0,14.47,0.0,0.0
20200120:1930,0.0,0.0,0.0,0.0,12.66,1.86,0.0,2020-01-20 19:30:00+00:00,0.0,12.66,0.0,0.0
20200120:2030,0.0,0.0,0.0,0.0,12.31,1.86,0.0,2020-01-20 20:30:00+00:00,0.0,12.31,0.0,0.0
20200120:2130,0.0,0.0,0.0,0.0,11.99,1.93,0.0,2020-01-20 21:30:00+00:00,0.0,11.99,0.0,0.0
20200120:2230,0.0,0.0,0.0,0.0,11.79,1.86,0.0,2020-01-20 22:30:00+00:00,0.0,11.79,0.0,0.0
20200120:2330,0.0,0.0,0.0,0.0,11.61,1.72,0.0,2020-01-20 23:30:00+00:00,0.0,11.61,0.0,0.0
20200121:0030,0.0,0.0,0.0,-4.83,11.4,1.66,0.0,2020-01-21 00:30:00+00:00,0.0,11.4,0.0,0.0
20200121:0130,44.55,45.1,0.0,7.92,11.21,1.52,0.0,2020-01-21 01:30:00+00:00,89.65,14.0115625,9.3787476371875,9.097385208071875
20200121:0230,177.75,84.0,0.0,19.96,13.5,0.9,0.0,2020-01-21 02:30:00+00:00,261.75,21.6796875,26.540018554687496,25.74381799804687
20200121:0330,366.71,112.0,0.0,30.83,17.38,0.9,0.0,2020-01-21 03:30:00+00:00,478.71,32.3396875,46.3952956426875,45.003436773406875
20200121:0430,513.51,121.6,0.0,39.77,19.92,1.31,0.0,2020-01-21 04:30:00+00:00,635.11,39.767187500000006,59.57190884968751,57.78475158419688
20200121:0530,590.21,131.8,0.0,45.58,21.24,1.38,0.0,2020-01-21 05:30:00+00:00,722.01,43.8028125,66.49915616568751,64.50418148071688
20200121:0630,590.36,142.95,0.0,46.97,22.22,1.52,0.0,2020-01-21 06:30:00+00:00,733.31,45.1359375,67.12932858218748,65.11544872472186
20200121:0730,540.01,140.55,0.0,43.54,22.85,1.66,0.0,2020-01-21 07:30:00+00:00,680.56,44.1175,62.59154556399999,60.71379919707999
20200121:0830,446.81,119.65,0.0,36.21,23.35,1.93,0.0,2020-01-21 08:30:00+00:00,566.46,41.051875,52.82704705275001,51.24223564116751
20200121:0930,298.01,98.2,0.0,26.31,23.5,2.07,0.0,2020-01-21 09:30:00+00:00,396.21,35.8815625,37.8102187711875,36.67591220805188
20200121:1030,125.4,68.3,0.0,14.87,23.23,2.07,0.0,2020-01-21 10:30:00+00:00,193.7,29.283125,19.021550648749997,18.450904129287498
20200121:1130,12.9,12.42,0.0,2.48,22.44,1.52,0.0,2020-01-21 11:30:00+00:00,25.32,23.231250000000003,2.5508095950000005,2.4742853071500006
20200121:1230,0.0,0.0,0.0,0.0,21.04,1.52,0.0,2020-01-21 12:30:00+00:00,0.0,21.04,0.0,0.0
20200121:1330,0.0,0.0,0.0,0.0,19.49,1.38,0.0,2020-01-21 13:30:00+00:00,0.0,19.49,0.0,0.0
20200121:1430,0.0,0.0,0.0,0.0,17.82,1.38,0.0,2020-01-21 14:30:00+00:00,0.0,17.82,0.0,0.0
20200121:1530,0.0,0.0,0.0,0.0,16.54,1.45,0.0,2020-01-21 15:30:00+00:00,0.0,16.54,0.0,0.0
20200121:1630,0.0,0.0,0.0,0.0,15.34,1.59,0.0,2020-01-21 16:30:00+00:00,0.0,15.34,0.0,0.0
20200121:1730,0.0,0.0,0.0,0.0,14.47,1.59,0.0,2020-01-21 17:30:00+00:00,0.0,14.47,0.0,0.0
20200121:1830,0.0,0.0,0.0,0.0,13.93,1.52,0.0,2020-01-21 18:30:00+00:00,0.0,13.93,0.0,0.0
20200121:1930,0.0,0.0,0.0,0.0,13.16,1.79,0.0,2020-01-21 19:30:00+00:00,0.0,13.16,0.0,0.0
20200121:2030,0.0,0.0,0.0,0.0,12.66,1.72,0.0,2020-01-21 20:30:00+00:00,0.0,12.66,0.0,0.0
20200121:2130,0.0,0.0,0.0,0.0,12.21,1.72,0.0,2020-01-21 21:30:00+00:00,0.0,12.21,0.0,0.0
20200121:2230,0.0,0.0,0.0,0.0,11.81,1.66,0.0,2020-01-21 22:30:00+00:00,0.0,11.81,0.0,0.0
20200121:2330,0.0,0.0,0.0,0.0,11.5,1.66,0.0,2020-01-21 23:30:00+00:00,0.0,11.5,0.0,0.0
20200122:0030,0.0,0.0,0.0,-4.8,11.36,1.59,0.0,2020-01-22 00:30:00+00:00,0.0,11.36,0.0,0.0
20200122:0130,52.6,41.4,0.0,7.97,11.57,1.31,0.0,2020-01-22 01:30:00+00:00,94.0,14.5075,9.814243900000001,9.519816583
20200122:0230,208.06,84.95,0.0,20.03,14.35,0.62,0.0,2020-01-22 02:30:00+00:00,293.01,23.5065625,29.4847886911875,28.600245030451873
20200122:0330,381.36,107.0,0.0,30.94,17.84,0.62,0.0,2020-01-22 03:30:00+00:00,488.36,33.10125,47.174342890999995,45.759112604269994
20200122:0430,516.71,122.0,0.0,39.92,20.47,0.69,0.0,2020-01-22 04:30:00+00:00,638.71,40.4296875,59.7318598046875,57.939904010546876
20200122:0530,595.96,130.6,0.0,45.78,22.04,0.41,0.0,2020-01-22 05:30:00+00:00,726.5600000000001,44.745000000000005,66.630710576,64.63178925871999
20200122:0630,615.46,130.25,0.0,47.2,23.18,0.62,0.0,2020-01-22 06:30:00+00:00,745.71,46.4834375,67.8424260451875,65.80715326383186
20200122:0730,565.76,126.0,0.0,43.78,23.7,1.03,0.0,2020-01-22 07:30:00+00:00,691.76,45.317499999999995,63.272969804000006,61.37478070988001
20200122:0830,454.56,116.1,0.0,36.43,24.28,1.31,0.0,2020-01-22 08:30:00+00:00,570.66,42.113125,52.964374116749994,51.375442893247495
20200122:0930,299.86,97.4,0.0,26.51,24.5,1.31,0.0,2020-01-22 09:30:00+00:00,397.26,36.914375,37.738096062749996,36.605953180867495
20200122:1030,127.5,67.75,0.0,15.04,24.34,1.24,0.0,2020-01-22 10:30:00+00:00,195.25,30.4415625,19.078764667187503,18.506401727171877
20200122:1130,13.4,12.74,0.0,2.64,23.7,0.83,0.0,2020-01-22 11:30:00+00:00,26.14,24.516875,2.61930413275,2.5407250087674997
20200122:1230,0.0,0.0,0.0,0.0,22.47,0.48,0.0,2020-01-22 12:30:00+00:00,0.0,22.47,0.0,0.0
20200122:1330,0.0,0.0,0.0,0.0,21.38,0.28,0.0,2020-01-22 13:30:00+00:00,0.0,21.38,0.0,0.0
20200122:1430,0.0,0.0,0.0,0.0,20.64,0.28,0.0,2020-01-22 14:30:00+00:00,0.0,20.64,0.0,0.0
20200122:1530,0.0,0.0,0.0,0.0,19.73,0.83,0.0,2020-01-22 15:30:00+00:00,0.0,19.73,0.0,0.0
20200122:1630,0.0,0.0,0.0,0.0,17.3,1.31,0.0,2020-01-22 16:30:00+00:00,0.0,17.3,0.0,0.0
20200122:1730,0.0,0.0,0.0,0.0,16.28,1.52,0.0,2020-01-22 17:30:00+00:00,0.0,16.28,0.0,0.0
20200122:1830,0.0,0.0,0.0,0.0,15.82,1.59,0.0,2020-01-22 18:30:00+00:00,0.0,15.82,0.0,0.0
20200122:1930,0.0,0.0,0.0,0.0,15.44,1.38,0.0,2020-01-22 19:30:00+00:00,0.0,15.44,0.0,0.0
20200122:2030,0.0,0.0,0.0,0.0,15.34,1.24,0.0,2020-01-22 20:30:00+00:00,0.0,15.34,0.0,0.0
20200122:2130,0.0,0.0,0.0,0.0,15.27,1.1,0.0,2020-01-22 21:30:00+00:00,0.0,15.27,0.0,0.0
20200122:2230,0.0,0.0,0.0,0.0,16.22,0.62,0.0,2020-01-22 22:30:00+00:00,0.0,16.22,0.0,0.0
20200122:2330,0.0,0.0,0.0,0.0,15.97,0.0,0.0,2020-01-22 23:30:00+00:00,0.0,15.97,0.0,0.0
20200123:0030,0.0,0.0,0.0,-4.77,15.68,0.55,0.0,2020-01-23 00:30:00+00:00,0.0,15.68,0.0,0.0
20200123:0130,38.75,43.6,0.0,8.02,15.46,0.69,0.0,2020-01-23 01:30:00+00:00,82.35,18.0334375,8.4759524971875,8.221673922271874
20200123:0230,139.6,106.0,0.0,20.11,16.11,0.34,0.0,2020-01-23 02:30:00+00:00,245.6,23.785,24.685329680000002,23.944769789600002
20200123:0330,236.6,131.85,0.0,31.06,19.28,0.41,0.0,2020-01-23 03:30:00+00:00,368.45,30.794062500000003,35.948374622187494,34.869923383521865
20200123:0430,359.41,155.75,0.0,40.08,21.02,0.9,0.0,2020-01-23 04:30:00+00:00,515.1600000000001,37.118750000000006,48.893899995000005,47.42708299515
20200123:0530,449.21,170.15,0.0,45.99,22.44,1.52,0.0,2020-01-23 05:30:00+00:00,619.36,41.795,57.567096496,55.84008360111999
20200123:0630,425.01,173.7,0.0,47.44,23.32,2.07,0.0,2020-01-23 06:30:00+00:00,598.71,42.0296875,55.58874543468751,53.92108307164688
20200123:0730,225.9,214.3,0.0,44.01,23.85,1.86,0.0,2020-01-23 07:30:00+00:00,440.20000000000005,37.60625,41.689306075000005,40.43862689275
20200123:0830,53.05,239.85,0.0,36.65,23.81,2.28,0.0,2020-01-23 08:30:00+00:00,292.9,32.963125,28.310392288750002,27.461080520087503
20200123:0930,53.3,116.3,0.0,26.71,23.63,2.41,0.0,2020-01-23 09:30:00+00:00,169.6,28.93,16.68005824,16.1796564928
20200123:1030,51.05,66.9,0.0,15.22,23.03,2.48,0.0,2020-01-23 10:30:00+00:00,117.95,26.715937500000003,11.7099941721875,11.358694347021874
20200123:1130,6.75,12.72,0.0,2.8,22.38,2.28,0.0,2020-01-23 11:30:00+00:00,19.47,22.9884375,1.9634493511874997,1.9045458706518748
20200123:1230,0.0,0.0,0.0,0.0,20.91,1.93,0.0,2020-01-23 12:30:00+00:00,0.0,20.91,0.0,0.0
20200123:1330,0.0,0.0,0.0,0.0,19.87,1.52,0.0,2020-01-23 13:30:00+00:00,0.0,19.87,0.0,0.0
20200123:1430,0.0,0.0,0.0,0.0,18.89,0.97,0.0,2020-01-23 14:30:00+00:00,0.0,18.89,0.0,0.0
20200123:1530,0.0,0.0,0.0,0.0,18.92,0.62,0.0,2020-01-23 15:30:00+00:00,0.0,18.92,0.0,0.0
20200123:1630,0.0,0.0,0.0,0.0,16.77,1.59,0.0,2020-01-23 16:30:00+00:00,0.0,16.77,0.0,0.0
20200123:1730,0.0,0.0,0.0,0.0,16.67,1.86,0.0,2020-01-23 17:30:00+00:00,0.0,16.67,0.0,0.0
20200123:1830,0.0,0.0,0.0,0.0,16.36,2.0,0.0,2020-01-23 18:30:00+00:00,0.0,16.36,0.0,0.0
20200123:1930,0.0,0.0,0.0,0.0,15.88,1.38,0.0,2020-01-23 19:30:00+00:00,0.0,15.88,0.0,0.0
20200123:2030,0.0,0.0,0.0,0.0,16.44,0.97,0.0,2020-01-23 20:30:00+00:00,0.0,16.44,0.0,0.0
20200123:2130,0.0,0.0,0.0,0.0,15.72,1.1,0.0,2020-01-23 21:30:00+00:00,0.0,15.72,0.0,0.0
20200123:2230,0.0,0.0,0.0,0.0,14.37,1.66,0.0,2020-01-23 22:30:00+00:00,0.0,14.37,0.0,0.0
20200123:2330,0.0,0.0,0.0,0.0,13.88,1.93,0.0,2020-01-23 23:30:00+00:00,0.0,13.88,0.0,0.0
20200124:0030,0.0,0.0,0.0,-4.73,13.29,1.93,0.0,2020-01-24 00:30:00+00:00,0.0,13.29,0.0,0.0
20200124:0130,44.85,43.9,0.0,8.08,12.9,1.86,0.0,2020-01-24 01:30:00+00:00,88.75,15.6734375,9.2226476171875,8.945968188671875
20200124:0230,167.35,103.95,0.0,20.2,14.39,1.66,0.0,2020-01-24 02:30:00+00:00,271.3,22.868125,27.37291862875,26.5517310698875
20200124:0330,372.21,111.85,0.0,31.18,17.36,1.93,0.0,2020-01-24 03:30:00+00:00,484.05999999999995,32.486875,46.88387938074999,45.47736299932749
20200124:0430,539.41,118.75,0.0,40.25,19.96,2.48,0.0,2020-01-24 04:30:00+00:00,658.16,40.5275,61.523776652,59.67806335244
20200124:0530,632.11,124.45,0.0,46.2,21.41,2.41,0.0,2020-01-24 05:30:00+00:00,756.5600000000001,45.0525,69.28421385200001,67.20568743644
20200124:0630,647.36,126.6,0.0,47.68,22.36,2.14,0.0,2020-01-24 06:30:00+00:00,773.96,46.54625,70.392107027,68.28034381619
20200124:0730,598.81,125.1,0.0,44.26,23.09,2.0,0.0,2020-01-24 07:30:00+00:00,723.91,45.7121875,66.09362094568749,64.11081231731687
20200124:0830,496.31,111.9,0.0,36.87,23.59,2.34,0.0,2020-01-24 08:30:00+00:00,608.21,42.596562500000005,56.3259897831875,54.63621008969188
20200124:0930,331.96,96.75,0.0,26.91,23.72,2.48,0.0,2020-01-24 09:30:00+00:00,428.71,37.1171875,40.689201029687496,39.46852499879687
20200124:1030,148.9,68.5,0.0,15.4,23.37,2.41,0.0,2020-01-24 10:30:00+00:00,217.4,30.16375,21.268508315000002,20.63045306555
20200124:1130,17.3,13.68,0.0,2.95,22.24,1.79,0.0,2020-01-24 11:30:00+00:00,30.98,23.208125,3.12131516075,3.0276757059275
20200124:1230,0.0,0.0,0.0,0.0,20.52,2.07,0.0,2020-01-24 12:30:00+00:00,0.0,20.52,0.0,0.0
20200124:1330,0.0,0.0,0.0,0.0,18.74,1.86,0.0,2020-01-24 13:30:00+00:00,0.0,18.74,0.0,0.0
20200124:1430,0.0,0.0,0.0,0.0,17.06,1.86,0.0,2020-01-24 14:30:00+00:00,0.0,17.06,0.0,0.0
20200124:1530,0.0,0.0,0.0,0.0,15.55,2.0,0.0,2020-01-24 15:30:00+00:00,0.0,15.55,0.0,0.0
20200124:1630,0.0,0.0,0.0,0.0,14.48,2.28,0.0,2020-01-24 16:30:00+00:00,0.0,14.48,0.0,0.0
20200124:1730,0.0,0.0,0.0,0.0,13.78,2.41,0.0,2020-01-24 17:30:00+00:00,0.0,13.78,0.0,0.0
20200124:1830,0.0,0.0,0.0,0.0,13.4,2.55,0.0,2020-01-24 18:30:00+00:00,0.0,13.4,0.0,0.0
20200124:1930,0.0,0.0,0.0,0.0,12.96,2.41,0.0,2020-01-24 19:30:00+00:00,0.0,12.96,0.0,0.0
20200124:2030,0.0,0.0,0.0,0.0,12.52,2.21,0.0,2020-01-24 20:30:00+00:00,0.0,12.52,0.0,0.0
20200124:2130,0.0,0.0,0.0,0.0,12.02,2.07,0.0,2020-01-24 21:30:00+00:00,0.0,12.02,0.0,0.0
20200124:2230,0.0,0.0,0.0,0.0,11.39,1.86,0.0,2020-01-24 22:30:00+00:00,0.0,11.39,0.0,0.0
20200124:2330,0.0,0.0,0.0,0.0,10.67,1.79,0.0,2020-01-24 23:30:00+00:00,0.0,10.67,0.0,0.0
20200125:0030,0.0,0.0,0.0,-4.7,10.05,1.79,0.0,2020-01-25 00:30:00+00:00,0.0,10.05,0.0,0.0
20200125:0130,58.45,41.85,0.0,8.14,9.62,1.79,0.0,2020-01-25 01:30:00+00:00,100.30000000000001,12.754375,10.545859198750001,10.229483422787501
20200125:0230,223.66,83.75,0.0,20.29,11.81,1.1,0.0,2020-01-25 02:30:00+00:00,307.40999999999997,21.416562499999998,31.203665499187498,30.267555534211873
20200125:0330,402.66,105.8,0.0,31.31,16.52,1.17,0.0,2020-01-25 03:30:00+00:00,508.46000000000004,32.409375,49.26370425875,47.7857931309875
20200125:0430,545.51,119.0,0.0,40.42,19.26,1.31,0.0,2020-01-25 04:30:00+00:00,664.51,40.0259375,62.257347994187505,60.38962755436188
20200125:0530,631.26,126.15,0.0,46.42,21.01,1.93,0.0,2020-01-25 05:30:00+00:00,757.41,44.6790625,69.48085013418749,67.39642463016186
20200125:0630,646.26,128.45,0.0,47.93,22.04,2.48,0.0,2020-01-25 06:30:00+00:00,774.71,46.2496875,70.5568149306875,68.44011048276687
20200125:0730,598.06,124.25,0.0,44.5,22.48,2.69,0.0,2020-01-25 07:30:00+00:00,722.31,45.0521875,66.14776386768749,64.16333095165686
20200125:0830,486.61,114.45,0.0,37.1,22.83,2.62,0.0,2020-01-25 08:30:00+00:00,601.0600000000001,41.613125,55.912096336750004,54.2347334466475
20200125:0930,325.71,97.7,0.0,27.11,22.89,2.55,0.0,2020-01-25 09:30:00+00:00,423.40999999999997,36.121562499999996,40.3632280731875,39.15233123099188
20200125:1030,144.2,69.55,0.0,15.57,22.61,2.41,0.0,2020-01-25 10:30:00+00:00,213.75,29.2896875,20.989893304687502,20.360196505546877
20200125:1130,17.05,14.03,0.0,3.11,21.71,1.59,0.0,2020-01-25 11:30:00+00:00,31.08,22.681250000000002,3.138268035,3.04411999395
20200125:1230,0.0,0.0,0.0,0.0,20.26,1.59,0.0,2020-01-25 12:30:00+00:00,0.0,20.26,0.0,0.0
20200125:1330,0.0,0.0,0.0,0.0,18.53,1.52,0.0,2020-01-25 13:30:00+00:00,0.0,18.53,0.0,0.0
20200125:1430,0.0,0.0,0.0,0.0,16.62,1.24,0.0,2020-01-25 14:30:00+00:00,0.0,16.62,0.0,0.0
20200125:1530,0.0,0.0,0.0,0.0,15.61,1.1,0.0,2020-01-25 15:30:00+00:00,0.0,15.61,0.0,0.0
20200125:1630,0.0,0.0,0.0,0.0,14.32,1.31,0.0,2020-01-25 16:30:00+00:00,0.0,14.32,0.0,0.0
20200125:1730,0.0,0.0,0.0,0.0,12.99,1.72,0.0,2020-01-25 17:30:00+00:00,0.0,12.99,0.0,0.0
20200125:1830,0.0,0.0,0.0,0.0,12.41,1.93,0.0,2020-01-25 18:30:00+00:00,0.0,12.41,0.0,0.0
20200125:1930,0.0,0.0,0.0,0.0,11.99,1.93,0.0,2020-01-25 19:30:00+00:00,0.0,11.99,0.0,0.0
20200125:2030,0.0,0.0,0.0,0.0,11.55,1.72,0.0,2020-01-25 20:30:00+00:00,0.0,11.55,0.0,0.0
20200125:2130,0.0,0.0,0.0,0.0,11.35,1.52,0.0,2020-01-25 21:30:00+00:00,0.0,11.35,0.0,0.0
20200125:2230,0.0,0.0,0.0,0.0,11.3,1.38,0.0,2020-01-25 22:30:00+00:00,0.0,11.3,0.0,0.0
20200125:2330,0.0,0.0,0.0,0.0,11.24,1.24,0.0,2020-01-25 23:30:00+00:00,0.0,11.24,0.0,0.0
20200126:0030,0.0,0.0,0.0,-4.65,11.22,1.17,0.0,2020-01-26 00:30:00+00:00,0.0,11.22,0.0,0.0
20200126:0130,54.2,42.55,0.0,8.21,11.43,1.03,0.0,2020-01-26 01:30:00+00:00,96.75,14.4534375,10.1035595671875,9.800452780171874
20200126:0230,211.86,86.2,0.0,20.38,13.64,0.41,0.0,2020-01-26 02:30:00+00:00,298.06,22.954375,30.062081974749997,29.160219515507496
20200126:0330,387.06,109.7,0.0,31.44,17.37,0.41,0.0,2020-01-26 03:30:00+00:00,496.76,32.89375,48.029054314999996,46.588182685549995
20200126:0430,530.91,121.7,0.0,40.6,20.1,0.62,0.0,2020-01-26 04:30:00+00:00,652.61,40.4940625,61.0141363461875,59.18371225580187
20200126:0530,616.46,128.85,0.0,46.64,21.55,1.38,0.0,2020-01-26 05:30:00+00:00,745.3100000000001,44.8409375,68.32018736618751,66.27058174520188
20200126:0630,640.61,129.7,0.0,48.18,22.53,2.0,0.0,2020-01-26 06:30:00+00:00,770.31,46.6021875,70.04203995768749,67.94077875895687
20200126:0730,584.16,130.1,0.0,44.76,23.21,2.41,0.0,2020-01-26 07:30:00+00:00,714.26,45.530625,65.26703423075,63.3090232038275
20200126:0830,482.26,115.3,0.0,37.33,23.61,2.55,0.0,2020-01-26 08:30:00+00:00,597.56,42.28375,55.418207387,53.75566116539
20200126:0930,322.81,98.5,0.0,27.31,23.72,2.55,0.0,2020-01-26 09:30:00+00:00,421.31,36.8859375,40.0277809821875,38.826947552721876
20200126:1030,141.95,70.35,0.0,15.75,23.44,2.48,0.0,2020-01-26 10:30:00+00:00,212.29999999999998,30.074375,20.77753827875,20.1542121303875
20200126:1130,17.15,14.36,0.0,3.27,22.56,1.86,0.0,2020-01-26 11:30:00+00:00,31.509999999999998,23.5446875,3.1702598966875,3.075152099786875
20200126:1230,0.0,0.0,0.0,0.0,20.87,2.0,0.0,2020-01-26 12:30:00+00:00,0.0,20.87,0.0,0.0
20200126:1330,0.0,0.0,0.0,0.0,19.22,1.93,0.0,2020-01-26 13:30:00+00:00,0.0,19.22,0.0,0.0
20200126:1430,0.0,0.0,0.0,0.0,17.88,1.79,0.0,2020-01-26 14:30:00+00:00,0.0,17.88,0.0,0.0
20200126:1530,0.0,0.0,0.0,0.0,16.59,1.79,0.0,2020-01-26 15:30:00+00:00,0.0,16.59,0.0,0.0
20200126:1630,0.0,0.0,0.0,0.0,15.49,2.0,0.0,2020-01-26 16:30:00+00:00,0.0,15.49,0.0,0.0
20200126:1730,0.0,0.0,0.0,0.0,14.67,2.14,0.0,2020-01-26 17:30:00+00:00,0.0,14.67,0.0,0.0
20200126:1830,0.0,0.0,0.0,0.0,14.03,2.14,0.0,2020-01-26 18:30:00+00:00,0.0,14.03,0.0,0.0
20200126:1930,0.0,0.0,0.0,0.0,13.31,1.72,0.0,2020-01-26 19:30:00+00:00,0.0,13.31,0.0,0.0
20200126:2030,0.0,0.0,0.0,0.0,12.65,1.79,0.0,2020-01-26 20:30:00+00:00,0.0,12.65,0.0,0.0
20200126:2130,0.0,0.0,0.0,0.0,12.1,1.72,0.0,2020-01-26 21:30:00+00:00,0.0,12.1,0.0,0.0
20200126:2230,0.0,0.0,0.0,0.0,11.65,1.52,0.0,2020-01-26 22:30:00+00:00,0.0,11.65,0.0,0.0
20200126:2330,0.0,0.0,0.0,0.0,12.2,1.03,0.0,2020-01-26 23:30:00+00:00,0.0,12.2,0.0,0.0
20200127:0030,0.0,0.0,0.0,-4.6,13.0,0.55,0.0,2020-01-27 00:30:00+00:00,0.0,13.0,0.0,0.0
20200127:0130,42.05,46.5,0.0,8.28,12.98,0.28,0.0,2020-01-27 01:30:00+00:00,88.55,15.7471875,9.1991213496875,8.923147709196876
20200127:0230,171.15,105.6,0.0,20.48,13.67,0.21,0.0,2020-01-27 02:30:00+00:00,276.75,22.3184375,27.9866914171875,27.147090674671876
20200127:0330,373.91,115.6,0.0,31.58,17.55,0.41,0.0,2020-01-27 03:30:00+00:00,489.51,32.847187500000004,47.3376637636875,45.91753385077688
20200127:0430,529.26,123.9,0.0,40.78,20.37,0.97,0.0,2020-01-27 04:30:00+00:00,653.16,40.78125,60.986773875000004,59.157170658750005
20200127:0530,615.46,130.65,0.0,46.87,21.82,1.93,0.0,2020-01-27 05:30:00+00:00,746.11,45.1359375,68.3010777821875,66.25204544872187
20200127:0630,626.76,135.95,0.0,48.44,22.79,2.55,0.0,2020-01-27 06:30:00+00:00,762.71,46.6246875,69.3437865306875,67.26347293476687
20200127:0730,569.86,136.85,0.0,45.01,23.13,3.03,0.0,2020-01-27 07:30:00+00:00,706.71,45.2146875,64.67091284268751,62.73078545740689
20200127:0830,478.26,118.45,0.0,37.56,23.55,2.76,0.0,2020-01-27 08:30:00+00:00,596.71,42.1971875,55.36107182368751,53.700239668976884
20200127:0930,323.36,99.05,0.0,27.52,23.67,2.55,0.0,2020-01-27 09:30:00+00:00,422.41,36.870312500000004,40.1350617446875,38.93100989234687
20200127:1030,143.35,71.25,0.0,15.93,23.44,2.34,0.0,2020-01-27 10:30:00+00:00,214.6,30.146250000000002,20.996158194999996,20.366273449149997
20200127:1130,17.8,15.03,0.0,3.43,22.64,1.52,0.0,2020-01-27 11:30:00+00:00,32.83,23.665937500000002,3.3013948541875,3.2023530085618748
20200127:1230,0.0,0.0,0.0,0.0,21.31,1.45,0.0,2020-01-27 12:30:00+00:00,0.0,21.31,0.0,0.0
20200127:1330,0.0,0.0,0.0,0.0,19.6,1.66,0.0,2020-01-27 13:30:00+00:00,0.0,19.6,0.0,0.0
20200127:1430,0.0,0.0,0.0,0.0,17.79,1.31,0.0,2020-01-27 14:30:00+00:00,0.0,17.79,0.0,0.0
20200127:1530,0.0,0.0,0.0,0.0,18.16,0.69,0.0,2020-01-27 15:30:00+00:00,0.0,18.16,0.0,0.0
20200127:1630,0.0,0.0,0.0,0.0,17.59,0.48,0.0,2020-01-27 16:30:00+00:00,0.0,17.59,0.0,0.0
20200127:1730,0.0,0.0,0.0,0.0,16.07,0.97,0.0,2020-01-27 17:30:00+00:00,0.0,16.07,0.0,0.0
20200127:1830,0.0,0.0,0.0,0.0,13.59,1.93,0.0,2020-01-27 18:30:00+00:00,0.0,13.59,0.0,0.0
20200127:1930,0.0,0.0,0.0,0.0,13.2,2.07,0.0,2020-01-27 19:30:00+00:00,0.0,13.2,0.0,0.0
20200127:2030,0.0,0.0,0.0,0.0,12.97,2.0,0.0,2020-01-27 20:30:00+00:00,0.0,12.97,0.0,0.0
20200127:2130,0.0,0.0,0.0,0.0,12.6,1.79,0.0,2020-01-27 21:30:00+00:00,0.0,12.6,0.0,0.0
20200127:2230,0.0,0.0,0.0,0.0,12.2,1.72,0.0,2020-01-27 22:30:00+00:00,0.0,12.2,0.0,0.0
20200127:2330,0.0,0.0,0.0,0.0,11.95,1.86,0.0,2020-01-27 23:30:00+00:00,0.0,11.95,0.0,0.0
20200128:0030,0.0,0.0,0.0,-4.55,11.84,1.79,0.0,2020-01-28 00:30:00+00:00,0.0,11.84,0.0,0.0
20200128:0130,48.35,43.95,0.0,8.35,11.83,1.86,0.0,2020-01-28 01:30:00+00:00,92.30000000000001,14.714375,9.62873253875,9.3398705625875
20200128:0230,181.35,96.45,0.0,20.59,14.13,1.24,0.0,2020-01-28 02:30:00+00:00,277.8,22.81125,28.035374594999997,27.194313357149998
20200128:0330,356.81,119.95,0.0,31.72,18.93,1.45,0.0,2020-01-28 03:30:00+00:00,476.76,33.82875,45.908138163000004,44.530894018110004
20200128:0430,519.86,122.1,0.0,40.97,21.41,1.72,0.0,2020-01-28 04:30:00+00:00,641.96,41.47125,59.75496886700001,57.96231980099001
20200128:0530,598.46,132.0,0.0,47.1,22.95,1.52,0.0,2020-01-28 05:30:00+00:00,730.46,45.776875000000004,66.67179603275001,64.67164215176751
20200128:0630,597.41,143.95,0.0,48.7,23.99,0.97,0.0,2020-01-28 06:30:00+00:00,741.3599999999999,47.1575,67.23679263599999,65.21968885691999
20200128:0730,558.06,135.8,0.0,45.27,24.58,0.62,0.0,2020-01-28 07:30:00+00:00,693.8599999999999,46.263124999999995,63.189474596749996,61.293790358847495
20200128:0830,399.46,142.6,0.0,37.8,25.12,0.41,0.0,2020-01-28 08:30:00+00:00,542.06,42.059375,50.322173978749994,48.81250875938749
20200128:0930,285.91,109.45,0.0,27.72,25.23,0.14,0.0,2020-01-28 09:30:00+00:00,395.36,37.585,37.446245648,36.32285827856
20200128:1030,135.6,71.2,0.0,16.11,25.1,0.48,0.0,2020-01-28 10:30:00+00:00,206.8,31.5625,20.1100075,19.506707274999997
20200128:1130,16.9,15.48,0.0,3.59,24.59,0.9,0.0,2020-01-28 11:30:00+00:00,32.379999999999995,25.601875,3.2298147407499993,3.132920298527499
20200128:1230,0.0,0.0,0.0,0.0,23.23,1.66,0.0,2020-01-28 12:30:00+00:00,0.0,23.23,0.0,0.0
20200128:1330,0.0,0.0,0.0,0.0,21.42,2.07,0.0,2020-01-28 13:30:00+00:00,0.0,21.42,0.0,0.0
20200128:1430,0.0,0.0,0.0,0.0,20.06,2.21,0.0,2020-01-28 14:30:00+00:00,0.0,20.06,0.0,0.0
20200128:1530,0.0,0.0,0.0,0.0,19.08,2.28,0.0,2020-01-28 15:30:00+00:00,0.0,19.08,0.0,0.0
20200128:1630,0.0,0.0,0.0,0.0,18.54,2.14,0.0,2020-01-28 16:30:00+00:00,0.0,18.54,0.0,0.0
20200128:1730,0.0,0.0,0.0,0.0,18.17,2.21,0.0,2020-01-28 17:30:00+00:00,0.0,18.17,0.0,0.0
20200128:1830,0.0,0.0,0.0,0.0,17.91,2.21,0.0,2020-01-28 18:30:00+00:00,0.0,17.91,0.0,0.0
20200128:1930,0.0,0.0,0.0,0.0,17.69,2.07,0.0,2020-01-28 19:30:00+00:00,0.0,17.69,0.0,0.0
20200128:2030,0.0,0.0,0.0,0.0,17.58,1.79,0.0,2020-01-28 20:30:00+00:00,0.0,17.58,0.0,0.0
20200128:2130,0.0,0.0,0.0,0.0,17.38,1.59,0.0,2020-01-28 21:30:00+00:00,0.0,17.38,0.0,0.0
20200128:2230,0.0,0.0,0.0,0.0,17.14,1.38,0.0,2020-01-28 22:30:00+00:00,0.0,17.14,0.0,0.0
20200128:2330,0.0,0.0,0.0,0.0,17.24,1.59,0.0,2020-01-28 23:30:00+00:00,0.0,17.24,0.0,0.0
20200129:0030,0.0,0.0,0.0,-4.49,16.99,1.66,0.0,2020-01-29 00:30:00+00:00,0.0,16.99,0.0,0.0
20200129:0130,12.25,34.85,0.0,8.44,17.1,1.72,0.0,2020-01-29 01:30:00+00:00,47.1,18.571875000000002,4.83716116875,4.692046333687499
20200129:0230,73.9,92.15,0.0,20.7,18.03,1.45,0.0,2020-01-29 02:30:00+00:00,166.05,23.2190625,16.729204362187502,16.227328231321877
20200129:0330,79.35,146.55,0.0,31.87,19.95,1.31,0.0,2020-01-29 03:30:00+00:00,225.9,27.009375,22.399354518750002,21.7273738831875
20200129:0430,191.85,205.15,0.0,41.16,21.03,1.1,0.0,2020-01-29 04:30:00+00:00,397.0,33.43625,38.293339675,37.14453948475
20200129:0530,98.9,222.75,0.0,47.35,22.16,1.17,0.0,2020-01-29 05:30:00+00:00,321.65,32.2115625,31.1907683871875,30.255045335571875
20200129:0630,25.2,187.15,0.0,48.97,22.39,0.97,0.0,2020-01-29 06:30:00+00:00,212.35,29.0259375,20.875938712187498,20.249660550821872
20200129:0730,25.35,148.85,0.0,45.53,21.98,1.93,0.0,2020-01-29 07:30:00+00:00,174.2,27.42375,17.242668754999997,16.725388692349995
20200129:0830,9.1,100.9,0.0,38.03,22.24,2.28,0.0,2020-01-29 08:30:00+00:00,110.0,25.6775,10.968699500000001,10.639638515000001
20200129:0930,7.9,83.6,0.0,27.93,22.25,2.28,0.0,2020-01-29 09:30:00+00:00,91.5,25.109375,9.14579671875,8.8714228171875
20200129:1030,0.0,36.35,0.0,16.29,22.2,2.28,0.0,2020-01-29 10:30:00+00:00,36.35,23.3359375,3.6604052421875,3.550593084921875
20200129:1130,0.0,6.6,0.0,3.75,21.86,2.07,0.0,2020-01-29 11:30:00+00:00,6.6,22.06625,0.668132355,0.64808838435
20200129:1230,0.0,0.0,0.0,0.0,21.34,2.07,0.0,2020-01-29 12:30:00+00:00,0.0,21.34,0.0,0.0
20200129:1330,0.0,0.0,0.0,0.0,20.98,2.07,0.0,2020-01-29 13:30:00+00:00,0.0,20.98,0.0,0.0
20200129:1430,0.0,0.0,0.0,0.0,20.7,1.86,0.0,2020-01-29 14:30:00+00:00,0.0,20.7,0.0,0.0
20200129:1530,0.0,0.0,0.0,0.0,20.43,1.59,0.0,2020-01-29 15:30:00+00:00,0.0,20.43,0.0,0.0
20200129:1630,0.0,0.0,0.0,0.0,20.18,1.52,0.0,2020-01-29 16:30:00+00:00,0.0,20.18,0.0,0.0
20200129:1730,0.0,0.0,0.0,0.0,19.96,1.59,0.0,2020-01-29 17:30:00+00:00,0.0,19.96,0.0,0.0
20200129:1830,0.0,0.0,0.0,0.0,19.72,1.52,0.0,2020-01-29 18:30:00+00:00,0.0,19.72,0.0,0.0
20200129:1930,0.0,0.0,0.0,0.0,18.83,1.86,0.0,2020-01-29 19:30:00+00:00,0.0,18.83,0.0,0.0
20200129:2030,0.0,0.0,0.0,0.0,18.54,1.79,0.0,2020-01-29 20:30:00+00:00,0.0,18.54,0.0,0.0
20200129:2130,0.0,0.0,0.0,0.0,18.44,1.52,0.0,2020-01-29 21:30:00+00:00,0.0,18.44,0.0,0.0
20200129:2230,0.0,0.0,0.0,0.0,18.24,1.45,0.0,2020-01-29 22:30:00+00:00,0.0,18.24,0.0,0.0
20200129:2330,0.0,0.0,0.0,0.0,17.86,1.17,0.0,2020-01-29 23:30:00+00:00,0.0,17.86,0.0,0.0
20200130:0030,0.0,0.0,0.0,-4.43,17.84,0.76,0.0,2020-01-30 00:30:00+00:00,0.0,17.84,0.0,0.0
20200130:0130,10.15,30.2,0.0,8.52,18.15,0.9,0.0,2020-01-30 01:30:00+00:00,40.35,19.4109375,4.1297178421875005,4.005826306921875
20200130:0230,19.75,81.25,0.0,20.81,18.97,1.03,0.0,2020-01-30 02:30:00+00:00,101.0,22.12625,10.221904475,9.91524734075
20200130:0330,9.7,110.6,0.0,32.02,19.83,0.34,0.0,2020-01-30 03:30:00+00:00,120.3,23.589374999999997,12.10127323875,11.7382350415875
20200130:0430,0.15,104.65,0.0,41.36,20.02,0.69,0.0,2020-01-30 04:30:00+00:00,104.80000000000001,23.295,10.555047280000002,10.2383958616
20200130:0530,12.5,146.0,0.0,47.59,20.18,1.03,0.0,2020-01-30 05:30:00+00:00,158.5,25.133125,15.84113786875,15.3659037326875
20200130:0630,48.7,177.6,0.0,49.24,20.77,1.17,0.0,2020-01-30 06:30:00+00:00,226.3,27.841875,22.35989114875,21.6890944142875
20200130:0730,26.1,165.65,0.0,45.8,22.61,0.69,0.0,2020-01-30 07:30:00+00:00,191.75,28.6021875,18.8848978296875,18.318350894796875
20200130:0830,24.55,100.9,0.0,38.27,22.82,0.9,0.0,2020-01-30 08:30:00+00:00,125.45,26.7403125,12.4533046746875,12.079705534446875
20200130:0930,29.3,87.35,0.0,28.14,22.61,0.9,0.0,2020-01-30 09:30:00+00:00,116.64999999999999,26.2553125,11.603498474687498,11.255393520446873
20200130:1030,8.8,67.3,0.0,16.47,22.25,1.17,0.0,2020-01-30 10:30:00+00:00,76.1,24.628125,7.62188586875,7.3932292926875
20200130:1130,3.15,11.99,0.0,3.91,21.55,1.38,0.0,2020-01-30 11:30:00+00:00,15.14,22.023125,1.53292935275,1.4869414721675
20200130:1230,0.0,0.0,0.0,0.0,19.93,1.38,0.0,2020-01-30 12:30:00+00:00,0.0,19.93,0.0,0.0
20200130:1330,0.0,0.0,0.0,0.0,19.76,0.97,0.0,2020-01-30 13:30:00+00:00,0.0,19.76,0.0,0.0
20200130:1430,0.0,0.0,0.0,0.0,19.34,0.97,0.0,2020-01-30 14:30:00+00:00,0.0,19.34,0.0,0.0
20200130:1530,0.0,0.0,0.0,0.0,18.63,0.9,0.0,2020-01-30 15:30:00+00:00,0.0,18.63,0.0,0.0
20200130:1630,0.0,0.0,0.0,0.0,18.02,1.24,0.0,2020-01-30 16:30:00+00:00,0.0,18.02,0.0,0.0
20200130:1730,0.0,0.0,0.0,0.0,18.17,1.52,0.0,2020-01-30 17:30:00+00:00,0.0,18.17,0.0,0.0
20200130:1830,0.0,0.0,0.0,0.0,18.21,1.72,0.0,2020-01-30 18:30:00+00:00,0.0,18.21,0.0,0.0
20200130:1930,0.0,0.0,0.0,0.0,18.33,1.66,0.0,2020-01-30 19:30:00+00:00,0.0,18.33,0.0,0.0
20200130:2030,0.0,0.0,0.0,0.0,18.32,2.07,0.0,2020-01-30 20:30:00+00:00,0.0,18.32,0.0,0.0
20200130:2130,0.0,0.0,0.0,0.0,18.19,2.28,0.0,2020-01-30 21:30:00+00:00,0.0,18.19,0.0,0.0
20200130:2230,0.0,0.0,0.0,0.0,17.86,2.55,0.0,2020-01-30 22:30:00+00:00,0.0,17.86,0.0,0.0
20200130:2330,0.0,0.0,0.0,0.0,17.27,2.55,0.0,2020-01-30 23:30:00+00:00,0.0,17.27,0.0,0.0
20200131:0030,0.0,0.0,0.0,-4.36,16.58,2.28,0.0,2020-01-31 00:30:00+00:00,0.0,16.58,0.0,0.0
20200131:0130,49.15,46.5,0.0,8.61,16.05,2.0,0.0,2020-01-31 01:30:00+00:00,95.65,19.0390625,9.804468742187499,9.510334679921874
20200131:0230,205.95,89.45,0.0,20.93,16.51,1.72,0.0,2020-01-31 02:30:00+00:00,295.4,25.74125,29.448034595,28.564593557149998
20200131:0330,381.11,118.9,0.0,32.18,18.33,2.34,0.0,2020-01-31 03:30:00+00:00,500.01,33.9553125,48.1203467626875,46.676736359806874
20200131:0430,480.31,144.45,0.0,41.57,20.18,2.76,0.0,2020-01-31 04:30:00+00:00,624.76,39.70375,58.617747763,56.85921533011
20200131:0530,603.81,141.05,0.0,47.85,21.58,2.69,0.0,2020-01-31 05:30:00+00:00,744.8599999999999,44.856874999999995,68.27395139675,66.2257328548475
20200131:0630,609.81,149.45,0.0,49.52,22.65,2.55,0.0,2020-01-31 06:30:00+00:00,759.26,46.376875,69.10914543275,67.0358710697675
20200131:0730,569.06,143.55,0.0,46.07,23.72,2.55,0.0,2020-01-31 07:30:00+00:00,712.6099999999999,45.989062499999996,64.97905335218748,63.02968175162185
20200131:0830,469.26,131.0,0.0,38.51,24.11,2.41,0.0,2020-01-31 08:30:00+00:00,600.26,42.868125,55.521281300750005,53.8556428617275
20200131:0930,334.06,101.4,0.0,28.35,24.12,2.28,0.0,2020-01-31 09:30:00+00:00,435.46000000000004,37.728125000000006,41.21811248875,39.9815691140875
20200131:1030,150.25,74.25,0.0,16.65,23.83,2.21,0.0,2020-01-31 10:30:00+00:00,224.5,30.845625,21.89881601875,21.2418515381875
20200131:1130,20.2,17.35,0.0,4.07,22.98,1.59,0.0,2020-01-31 11:30:00+00:00,37.55,24.1534375,3.7683511371875005,3.6553006030718755
20200131:1230,0.0,0.0,0.0,0.0,21.54,1.72,0.0,2020-01-31 12:30:00+00:00,0.0,21.54,0.0,0.0
20200131:1330,0.0,0.0,0.0,0.0,19.89,1.72,0.0,2020-01-31 13:30:00+00:00,0.0,19.89,0.0,0.0
20200131:1430,0.0,0.0,0.0,0.0,18.28,1.52,0.0,2020-01-31 14:30:00+00:00,0.0,18.28,0.0,0.0
20200131:1530,0.0,0.0,0.0,0.0,16.63,1.38,0.0,2020-01-31 15:30:00+00:00,0.0,16.63,0.0,0.0
20200131:1630,0.0,0.0,0.0,0.0,15.53,1.45,0.0,2020-01-31 16:30:00+00:00,0.0,15.53,0.0,0.0
20200131:1730,0.0,0.0,0.0,0.0,14.36,1.72,0.0,2020-01-31 17:30:00+00:00,0.0,14.36,0.0,0.0
20200131:1830,0.0,0.0,0.0,0.0,13.72,1.93,0.0,2020-01-31 18:30:00+00:00,0.0,13.72,0.0,0.0
20200131:1930,0.0,0.0,0.0,0.0,13.26,1.93,0.0,2020-01-31 19:30:00+00:00,0.0,13.26,0.0,0.0
20200131:2030,0.0,0.0,0.0,0.0,12.87,1.93,0.0,2020-01-31 20:30:00+00:00,0.0,12.87,0.0,0.0
20200131:2130,0.0,0.0,0.0,0.0,12.54,2.0,0.0,2020-01-31 21:30:00+00:00,0.0,12.54,0.0,0.0
20200131:2230,0.0,0.0,0.0,0.0,12.26,2.0,0.0,2020-01-31 22:30:00+00:00,0.0,12.26,0.0,0.0
20200131:2330,0.0,0.0,0.0,0.0,12.02,2.0,0.0,2020-01-31 23:30:00+00:00,0.0,12.02,0.0,0.0
20200201:0030,0.0,0.0,0.0,-4.29,11.77,2.0,0.0,2020-02-01 00:30:00+00:00,0.0,11.77,0.0,0.0
20200201:0130,59.0,44.85,0.0,8.71,11.54,1.93,0.0,2020-02-01 01:30:00+00:00,103.85,14.7853125,10.830534024687498,10.505618003946873
20200201:0230,222.76,87.45,0.0,21.06,13.68,1.24,0.0,2020-02-01 02:30:00+00:00,310.21,23.3740625,31.232840470187494,30.295855256081868
20200201:0330,401.36,110.35,0.0,32.34,18.25,1.38,0.0,2020-02-01 03:30:00+00:00,511.71000000000004,34.2409375,49.184954346187496,47.70940571580187
20200201:0430,544.71,124.2,0.0,41.78,20.85,1.72,0.0,2020-02-01 04:30:00+00:00,668.9100000000001,41.753437500000004,62.18425241118751,60.31872483885188
20200201:0530,632.01,131.5,0.0,48.1,22.33,1.66,0.0,2020-02-01 05:30:00+00:00,763.51,46.1896875,69.5560139126875,67.46933349530688
20200201:0630,649.21,133.8,0.0,49.81,23.23,1.52,0.0,2020-02-01 06:30:00+00:00,783.01,47.6990625,70.83609097018751,68.71100824108188
20200201:0730,601.06,129.9,0.0,46.35,23.77,2.21,0.0,2020-02-01 07:30:00+00:00,730.9599999999999,46.6125,66.46089334,64.4670665398
20200201:0830,489.96,120.15,0.0,38.76,24.14,2.55,0.0,2020-02-01 08:30:00+00:00,610.11,43.205937500000005,56.345797698187496,54.65542376724187
20200201:0930,331.06,102.95,0.0,28.56,24.13,2.69,0.0,2020-02-01 09:30:00+00:00,434.01,37.6928125,41.0873008276875,39.854681802856874
20200201:1030,151.55,74.5,0.0,16.84,23.77,2.62,0.0,2020-02-01 10:30:00+00:00,226.05,30.8340625,22.051108272187502,21.389575024021877
20200201:1130,21.3,17.48,0.0,4.22,22.9,1.86,0.0,2020-02-01 11:30:00+00:00,38.78,24.111874999999998,3.8924654247499997,3.7756914620074995
20200201:1230,0.0,0.0,0.0,0.0,21.35,2.0,0.0,2020-02-01 12:30:00+00:00,0.0,21.35,0.0,0.0
20200201:1330,0.0,0.0,0.0,0.0,19.74,2.07,0.0,2020-02-01 13:30:00+00:00,0.0,19.74,0.0,0.0
20200201:1430,0.0,0.0,0.0,0.0,18.38,2.0,0.0,2020-02-01 14:30:00+00:00,0.0,18.38,0.0,0.0
20200201:1530,0.0,0.0,0.0,0.0,17.19,1.72,0.0,2020-02-01 15:30:00+00:00,0.0,17.19,0.0,0.0
20200201:1630,0.0,0.0,0.0,0.0,15.85,1.66,0.0,2020-02-01 16:30:00+00:00,0.0,15.85,0.0,0.0
20200201:1730,0.0,0.0,0.0,0.0,14.73,1.45,0.0,2020-02-01 17:30:00+00:00,0.0,14.73,0.0,0.0
20200201:1830,0.0,0.0,0.0,0.0,14.44,1.17,0.0,2020-02-01 18:30:00+00:00,0.0,14.44,0.0,0.0
20200201:1930,0.0,0.0,0.0,0.0,14.47,1.17,0.0,2020-02-01 19:30:00+00:00,0.0,14.47,0.0,0.0
20200201:2030,0.0,0.0,0.0,0.0,14.0,1.24,0.0,2020-02-01 20:30:00+00:00,0.0,14.0,0.0,0.0
20200201:2130,0.0,0.0,0.0,0.0,12.83,1.66,0.0,2020-02-01 21:30:00+00:00,0.0,12.83,0.0,0.0
20200201:2230,0.0,0.0,0.0,0.0,12.52,2.0,0.0,2020-02-01 22:30:00+00:00,0.0,12.52,0.0,0.0
20200201:2330,0.0,0.0,0.0,0.0,12.52,2.21,0.0,2020-02-01 23:30:00+00:00,0.0,12.52,0.0,0.0
20200202:0030,0.0,0.0,0.0,-4.21,12.49,2.21,0.0,2020-02-02 00:30:00+00:00,0.0,12.49,0.0,0.0
20200202:0130,55.65,44.95,0.0,8.81,12.36,2.14,0.0,2020-02-02 01:30:00+00:00,100.6,15.50375,10.461235555,10.14739848835
20200202:0230,201.4,91.4,0.0,21.19,14.44,1.66,0.0,2020-02-02 02:30:00+00:00,292.8,23.59,29.45339616,28.5697942752
20200202:0330,389.56,114.3,0.0,32.51,17.84,1.79,0.0,2020-02-02 03:30:00+00:00,503.86,33.585625,48.56909973475,47.1120267427075
20200202:0430,529.01,127.65,0.0,41.99,20.34,2.28,0.0,2020-02-02 04:30:00+00:00,656.66,40.860625,61.29168403474999,59.45293351370749
20200202:0530,612.11,139.3,0.0,48.37,21.84,2.83,0.0,2020-02-02 05:30:00+00:00,751.4100000000001,45.3215625,68.72767338318752,66.6658431816919
20200202:0630,614.71,149.65,0.0,50.1,22.75,2.83,0.0,2020-02-02 06:30:00+00:00,764.36,46.636250000000004,69.49008869900001,67.40538603803002
20200202:0730,569.26,144.75,0.0,46.62,23.05,2.62,0.0,2020-02-02 07:30:00+00:00,714.01,45.362812500000004,65.29451426368752,63.33567883577689
20200202:0830,483.21,123.55,0.0,39.0,23.34,2.55,0.0,2020-02-02 08:30:00+00:00,606.76,42.301249999999996,56.266963290999996,54.57895439226999
20200202:0930,307.76,107.9,0.0,28.77,23.37,2.34,0.0,2020-02-02 09:30:00+00:00,415.65999999999997,36.359375,39.582912118749995,38.39542475518749
20200202:1030,155.3,74.75,0.0,17.02,23.01,2.14,0.0,2020-02-02 10:30:00+00:00,230.05,30.199062500000004,22.502661382187497,21.827581540721873
20200202:1130,22.7,17.94,0.0,4.38,22.3,1.52,0.0,2020-02-02 11:30:00+00:00,40.64,23.57,4.088408384,3.96575613248
20200202:1230,0.0,0.0,0.0,0.0,20.97,1.66,0.0,2020-02-02 12:30:00+00:00,0.0,20.97,0.0,0.0
20200202:1330,0.0,0.0,0.0,0.0,19.09,1.17,0.0,2020-02-02 13:30:00+00:00,0.0,19.09,0.0,0.0
20200202:1430,0.0,0.0,0.0,0.0,18.42,0.69,0.0,2020-02-02 14:30:00+00:00,0.0,18.42,0.0,0.0
20200202:1530,0.0,0.0,0.0,0.0,17.5,0.83,0.0,2020-02-02 15:30:00+00:00,0.0,17.5,0.0,0.0
20200202:1630,0.0,0.0,0.0,0.0,15.36,1.17,0.0,2020-02-02 16:30:00+00:00,0.0,15.36,0.0,0.0
20200202:1730,0.0,0.0,0.0,0.0,13.71,1.59,0.0,2020-02-02 17:30:00+00:00,0.0,13.71,0.0,0.0
20200202:1830,0.0,0.0,0.0,0.0,12.63,1.79,0.0,2020-02-02 18:30:00+00:00,0.0,12.63,0.0,0.0
20200202:1930,0.0,0.0,0.0,0.0,12.12,1.86,0.0,2020-02-02 19:30:00+00:00,0.0,12.12,0.0,0.0
20200202:2030,0.0,0.0,0.0,0.0,11.64,1.86,0.0,2020-02-02 20:30:00+00:00,0.0,11.64,0.0,0.0
20200202:2130,0.0,0.0,0.0,0.0,11.32,2.0,0.0,2020-02-02 21:30:00+00:00,0.0,11.32,0.0,0.0
20200202:2230,0.0,0.0,0.0,0.0,11.07,2.0,0.0,2020-02-02 22:30:00+00:00,0.0,11.07,0.0,0.0
20200202:2330,0.0,0.0,0.0,0.0,10.83,2.07,0.0,2020-02-02 23:30:00+00:00,0.0,10.83,0.0,0.0
20200203:0030,0.0,0.0,0.0,-4.13,10.58,2.07,0.0,2020-02-03 00:30:00+00:00,0.0,10.58,0.0,0.0
20200203:0130,62.2,46.15,0.0,8.91,10.34,2.0,0.0,2020-02-03 01:30:00+00:00,108.35,13.7259375,11.3480487621875,11.007607299321874
20200203:0230,230.71,88.25,0.0,21.32,12.6,1.24,0.0,2020-02-03 02:30:00+00:00,318.96000000000004,22.567500000000003,32.221865484000006,31.255209519480005
20200203:0330,412.86,110.95,0.0,32.68,17.72,1.31,0.0,2020-02-03 03:30:00+00:00,523.8100000000001,34.0890625,50.381404432187516,48.86996229922189
20200203:0430,559.66,124.45,0.0,42.22,20.26,1.93,0.0,2020-02-03 04:30:00+00:00,684.11,41.6384375,63.6303409791875,61.72143074981187
20200203:0530,649.31,131.5,0.0,48.64,21.58,2.21,0.0,2020-02-03 05:30:00+00:00,780.81,45.9803125,71.20071212268749,69.06469075900687
20200203:0630,673.46,132.85,0.0,50.39,22.44,2.34,0.0,2020-02-03 06:30:00+00:00,806.3100000000001,47.6371875,72.96491192568752,70.77596456791689
20200203:0730,627.41,128.35,0.0,46.9,22.94,2.76,0.0,2020-02-03 07:30:00+00:00,755.76,46.557500000000005,68.73323559599999,66.67123852811999
20200203:0830,515.86,118.75,0.0,39.25,23.3,2.9,0.0,2020-02-03 08:30:00+00:00,634.61,43.1315625,58.6282822311875,56.86943376425187
20200203:0930,353.36,102.15,0.0,28.98,23.34,2.97,0.0,2020-02-03 09:30:00+00:00,455.51,37.574687499999996,43.1452837206875,41.85092520906687
20200203:1030,166.3,75.05,0.0,17.2,22.98,2.83,0.0,2020-02-03 10:30:00+00:00,241.35000000000002,30.5221875,23.575232419687502,22.867975447096878
20200203:1130,25.05,18.21,0.0,4.54,22.07,2.0,0.0,2020-02-03 11:30:00+00:00,43.260000000000005,23.421875,4.35467326875,4.2240330706875
20200203:1230,0.0,0.0,0.0,0.0,20.43,1.93,0.0,2020-02-03 12:30:00+00:00,0.0,20.43,0.0,0.0
20200203:1330,0.0,0.0,0.0,0.0,18.61,2.0,0.0,2020-02-03 13:30:00+00:00,0.0,18.61,0.0,0.0
20200203:1430,0.0,0.0,0.0,0.0,17.1,2.0,0.0,2020-02-03 14:30:00+00:00,0.0,17.1,0.0,0.0
20200203:1530,0.0,0.0,0.0,0.0,15.84,2.14,0.0,2020-02-03 15:30:00+00:00,0.0,15.84,0.0,0.0
20200203:1630,0.0,0.0,0.0,0.0,14.8,2.21,0.0,2020-02-03 16:30:00+00:00,0.0,14.8,0.0,0.0
20200203:1730,0.0,0.0,0.0,0.0,13.98,2.34,0.0,2020-02-03 17:30:00+00:00,0.0,13.98,0.0,0.0
20200203:1830,0.0,0.0,0.0,0.0,13.4,2.41,0.0,2020-02-03 18:30:00+00:00,0.0,13.4,0.0,0.0
20200203:1930,0.0,0.0,0.0,0.0,12.96,2.28,0.0,2020-02-03 19:30:00+00:00,0.0,12.96,0.0,0.0
20200203:2030,0.0,0.0,0.0,0.0,12.52,2.28,0.0,2020-02-03 20:30:00+00:00,0.0,12.52,0.0,0.0
20200203:2130,0.0,0.0,0.0,0.0,12.02,2.21,0.0,2020-02-03 21:30:00+00:00,0.0,12.02,0.0,0.0
20200203:2230,0.0,0.0,0.0,0.0,11.49,2.14,0.0,2020-02-03 22:30:00+00:00,0.0,11.49,0.0,0.0
20200203:2330,0.0,0.0,0.0,0.0,10.88,2.0,0.0,2020-02-03 23:30:00+00:00,0.0,10.88,0.0,0.0
20200204:0030,0.0,0.0,0.0,-4.04,10.23,1.86,0.0,2020-02-04 00:30:00+00:00,0.0,10.23,0.0,0.0
20200204:0130,65.7,46.65,0.0,9.02,9.7,1.72,0.0,2020-02-04 01:30:00+00:00,112.35,13.2109375,11.791290492187498,11.437551777421872
20200204:0230,238.51,87.95,0.0,21.46,12.57,0.97,0.0,2020-02-04 02:30:00+00:00,326.46,22.771875,32.95150534875,31.962960188287497
20200204:0330,422.56,110.1,0.0,32.86,17.34,1.1,0.0,2020-02-04 03:30:00+00:00,532.66,33.985625,51.25576113475001,49.71808830070751
20200204:0430,568.96,123.5,0.0,42.44,20.09,1.66,0.0,2020-02-04 04:30:00+00:00,692.46,41.729375000000005,64.38054233475,62.4491260647075
20200204:0530,656.76,130.7,0.0,48.91,21.78,2.14,0.0,2020-02-04 05:30:00+00:00,787.46,46.388125,71.67223697675001,69.52206986744751
20200204:0630,679.51,131.75,0.0,50.69,22.93,2.34,0.0,2020-02-04 06:30:00+00:00,811.26,48.281875,73.19318535675,70.9973897960475
20200204:0730,631.26,127.65,0.0,47.19,23.78,2.21,0.0,2020-02-04 07:30:00+00:00,758.91,47.4959375,68.72059539018748,66.65897752848186
20200204:0830,518.96,117.95,0.0,39.5,24.28,2.28,0.0,2020-02-04 08:30:00+00:00,636.9100000000001,44.183437500000004,58.55938826518751,56.80260661723188
20200204:0930,356.41,101.45,0.0,29.19,24.36,2.28,0.0,2020-02-04 09:30:00+00:00,457.86,38.668125,43.15760316075,41.8628750659275
20200204:1030,167.6,75.1,0.0,17.38,24.07,2.21,0.0,2020-02-04 10:30:00+00:00,242.7,31.654375,23.59169293875,22.8839421505875
20200204:1130,25.7,18.4,0.0,4.69,23.14,1.52,0.0,2020-02-04 11:30:00+00:00,44.099999999999994,24.518125,4.418925288749999,4.286357530087499
20200204:1230,0.0,0.0,0.0,0.0,21.62,1.72,0.0,2020-02-04 12:30:00+00:00,0.0,21.62,0.0,0.0
20200204:1330,0.0,0.0,0.0,0.0,19.71,2.0,0.0,2020-02-04 13:30:00+00:00,0.0,19.71,0.0,0.0
20200204:1430,0.0,0.0,0.0,0.0,18.6,1.86,0.0,2020-02-04 14:30:00+00:00,0.0,18.6,0.0,0.0
20200204:1530,0.0,0.0,0.0,0.0,17.96,1.79,0.0,2020-02-04 15:30:00+00:00,0.0,17.96,0.0,0.0
20200204:1630,0.0,0.0,0.0,0.0,17.67,1.66,0.0,2020-02-04 16:30:00+00:00,0.0,17.67,0.0,0.0
20200204:1730,0.0,0.0,0.0,0.0,17.53,1.52,0.0,2020-02-04 17:30:00+00:00,0.0,17.53,0.0,0.0
20200204:1830,0.0,0.0,0.0,0.0,17.51,1.52,0.0,2020-02-04 18:30:00+00:00,0.0,17.51,0.0,0.0
20200204:1930,0.0,0.0,0.0,0.0,17.52,1.31,0.0,2020-02-04 19:30:00+00:00,0.0,17.52,0.0,0.0
20200204:2030,0.0,0.0,0.0,0.0,17.36,1.17,0.0,2020-02-04 20:30:00+00:00,0.0,17.36,0.0,0.0
20200204:2130,0.0,0.0,0.0,0.0,17.24,1.03,0.0,2020-02-04 21:30:00+00:00,0.0,17.24,0.0,0.0
20200204:2230,0.0,0.0,0.0,0.0,17.09,0.83,0.0,2020-02-04 22:30:00+00:00,0.0,17.09,0.0,0.0
20200204:2330,0.0,0.0,0.0,0.0,16.85,0.9,0.0,2020-02-04 23:30:00+00:00,0.0,16.85,0.0,0.0
20200205:0030,0.0,0.0,0.0,-3.95,16.28,0.83,0.0,2020-02-05 00:30:00+00:00,0.0,16.28,0.0,0.0
20200205:0130,48.65,40.8,0.0,9.13,15.39,1.24,0.0,2020-02-05 01:30:00+00:00,89.44999999999999,18.185312500000002,9.201020994687498,8.924990364846874
20200205:0230,100.85,86.05,0.0,21.6,17.16,0.69,0.0,2020-02-05 02:30:00+00:00,186.89999999999998,23.000625,18.846946938749998,18.281538530587497
20200205:0330,147.5,115.2,0.0,33.04,19.28,0.62,0.0,2020-02-05 03:30:00+00:00,262.7,27.489375000000003,25.995337298749998,25.2154771797875
20200205:0430,212.35,149.45,0.0,42.67,20.82,0.55,0.0,2020-02-05 04:30:00+00:00,361.79999999999995,32.12625,35.09712355499999,34.044209848349986
20200205:0530,183.8,213.8,0.0,49.19,22.21,0.69,0.0,2020-02-05 05:30:00+00:00,397.6,34.635000000000005,38.15103208,37.0065011176
20200205:0630,203.85,202.65,0.0,50.99,22.96,0.97,0.0,2020-02-05 06:30:00+00:00,406.5,35.663125,38.82948466875,37.664600128687496
20200205:0730,381.06,168.8,0.0,47.47,23.64,1.1,0.0,2020-02-05 07:30:00+00:00,549.86,40.823125000000005,51.33178852475,49.7918348690075
20200205:0830,338.01,147.75,0.0,39.74,24.52,1.1,0.0,2020-02-05 08:30:00+00:00,485.76,39.7,45.57691775999999,44.209610227199995
20200205:0930,233.05,123.9,0.0,29.4,24.58,1.24,0.0,2020-02-05 09:30:00+00:00,356.95000000000005,35.7346875,34.08566638468751,33.06309639314688
20200205:1030,125.1,68.4,0.0,17.55,24.5,1.45,0.0,2020-02-05 10:30:00+00:00,193.5,30.546875,18.89920546875,18.332229304687502
20200205:1130,16.1,17.72,0.0,4.85,24.01,1.1,0.0,2020-02-05 11:30:00+00:00,33.82,25.066875000000003,3.38105008075,3.2796185783275003
20200205:1230,0.0,0.0,0.0,0.0,23.08,1.03,0.0,2020-02-05 12:30:00+00:00,0.0,23.08,0.0,0.0
20200205:1330,0.0,0.0,0.0,0.0,22.09,1.31,0.0,2020-02-05 13:30:00+00:00,0.0,22.09,0.0,0.0
20200205:1430,0.0,0.0,0.0,0.0,21.11,1.52,0.0,2020-02-05 14:30:00+00:00,0.0,21.11,0.0,0.0
20200205:1530,0.0,0.0,0.0,0.0,19.51,1.79,0.0,2020-02-05 15:30:00+00:00,0.0,19.51,0.0,0.0
20200205:1630,0.0,0.0,0.0,0.0,18.16,1.79,0.0,2020-02-05 16:30:00+00:00,0.0,18.16,0.0,0.0
20200205:1730,0.0,0.0,0.0,0.0,17.2,1.72,0.0,2020-02-05 17:30:00+00:00,0.0,17.2,0.0,0.0
20200205:1830,0.0,0.0,0.0,0.0,16.56,1.66,0.0,2020-02-05 18:30:00+00:00,0.0,16.56,0.0,0.0
20200205:1930,0.0,0.0,0.0,0.0,16.05,1.45,0.0,2020-02-05 19:30:00+00:00,0.0,16.05,0.0,0.0
20200205:2030,0.0,0.0,0.0,0.0,15.62,1.38,0.0,2020-02-05 20:30:00+00:00,0.0,15.62,0.0,0.0
20200205:2130,0.0,0.0,0.0,0.0,15.13,1.38,0.0,2020-02-05 21:30:00+00:00,0.0,15.13,0.0,0.0
20200205:2230,0.0,0.0,0.0,0.0,14.88,1.38,0.0,2020-02-05 22:30:00+00:00,0.0,14.88,0.0,0.0
20200205:2330,0.0,0.0,0.0,0.0,15.1,1.1,0.0,2020-02-05 23:30:00+00:00,0.0,15.1,0.0,0.0
20200206:0030,0.0,0.0,0.0,-3.85,15.71,0.76,0.0,2020-02-06 00:30:00+00:00,0.0,15.71,0.0,0.0
20200206:0130,36.2,42.75,0.0,9.25,15.1,0.97,0.0,2020-02-06 01:30:00+00:00,78.95,17.5671875,8.141464629687501,7.897220690796876
20200206:0230,122.9,103.3,0.0,21.75,16.86,0.83,0.0,2020-02-06 02:30:00+00:00,226.2,23.92875,22.721773035,22.04011984395
20200206:0330,240.15,158.65,0.0,33.23,19.94,1.31,0.0,2020-02-06 03:30:00+00:00,398.8,32.4025,38.64011085999999,37.48090753419999
20200206:0430,480.11,141.5,0.0,42.91,22.15,1.79,0.0,2020-02-06 04:30:00+00:00,621.61,41.575312499999995,57.8335803986875,56.09857298672688
20200206:0530,524.91,160.95,0.0,49.47,24.08,2.07,0.0,2020-02-06 05:30:00+00:00,685.8599999999999,45.513124999999995,62.67696459674998,60.796655658847484
20200206:0630,530.81,176.85,0.0,51.3,25.05,1.59,0.0,2020-02-06 06:30:00+00:00,707.66,47.164375,64.17836652275,62.2530155270675
20200206:0730,467.21,170.4,0.0,47.76,25.54,1.38,0.0,2020-02-06 07:30:00+00:00,637.61,45.465312499999996,58.28046708068751,56.53205306826688
20200206:0830,414.21,151.9,0.0,39.99,25.8,1.52,0.0,2020-02-06 08:30:00+00:00,566.11,43.4909375,52.2144800561875,50.64804565450187
20200206:0930,263.05,125.6,0.0,29.61,25.87,1.86,0.0,2020-02-06 09:30:00+00:00,388.65,38.0153125,36.7404714946875,35.638257349846874
20200206:1030,145.7,81.75,0.0,17.73,25.51,2.0,0.0,2020-02-06 10:30:00+00:00,227.45,32.6178125,22.017277989687496,21.35675964999687
20200206:1130,22.95,20.11,0.0,5.0,24.71,1.66,0.0,2020-02-06 11:30:00+00:00,43.06,26.055625,4.28690881075,4.1583015464274995
20200206:1230,0.0,0.0,0.0,0.0,22.94,2.14,0.0,2020-02-06 12:30:00+00:00,0.0,22.94,0.0,0.0
20200206:1330,0.0,0.0,0.0,0.0,21.1,2.14,0.0,2020-02-06 13:30:00+00:00,0.0,21.1,0.0,0.0
20200206:1430,0.0,0.0,0.0,0.0,19.97,2.14,0.0,2020-02-06 14:30:00+00:00,0.0,19.97,0.0,0.0
20200206:1530,0.0,0.0,0.0,0.0,19.42,2.28,0.0,2020-02-06 15:30:00+00:00,0.0,19.42,0.0,0.0
20200206:1630,0.0,0.0,0.0,0.0,19.22,2.55,0.0,2020-02-06 16:30:00+00:00,0.0,19.22,0.0,0.0
20200206:1730,0.0,0.0,0.0,0.0,18.89,2.14,0.0,2020-02-06 17:30:00+00:00,0.0,18.89,0.0,0.0
20200206:1830,0.0,0.0,0.0,0.0,18.31,1.72,0.0,2020-02-06 18:30:00+00:00,0.0,18.31,0.0,0.0
20200206:1930,0.0,0.0,0.0,0.0,18.25,1.31,0.0,2020-02-06 19:30:00+00:00,0.0,18.25,0.0,0.0
20200206:2030,0.0,0.0,0.0,0.0,17.59,1.03,0.0,2020-02-06 20:30:00+00:00,0.0,17.59,0.0,0.0
20200206:2130,0.0,0.0,0.0,0.0,17.42,0.9,0.0,2020-02-06 21:30:00+00:00,0.0,17.42,0.0,0.0
20200206:2230,0.0,0.0,0.0,0.0,16.93,1.72,0.0,2020-02-06 22:30:00+00:00,0.0,16.93,0.0,0.0
20200206:2330,0.0,0.0,0.0,0.0,16.32,1.86,0.0,2020-02-06 23:30:00+00:00,0.0,16.32,0.0,0.0
20200207:0030,0.0,0.0,0.0,-3.75,15.55,2.07,0.0,2020-02-07 00:30:00+00:00,0.0,15.55,0.0,0.0
20200207:0130,55.6,47.25,0.0,9.38,15.11,2.07,0.0,2020-02-07 01:30:00+00:00,102.85,18.3240625,10.573380472187502,10.256179058021877
20200207:0230,207.35,96.15,0.0,21.9,16.59,1.93,0.0,2020-02-07 02:30:00+00:00,303.5,26.074375,30.213049418749996,29.306657936187495
20200207:0330,370.21,121.7,0.0,33.42,19.5,2.41,0.0,2020-02-07 03:30:00+00:00,491.90999999999997,34.872187499999995,47.151384343687496,45.73684281337687
20200207:0430,514.41,141.05,0.0,43.15,21.8,2.9,0.0,2020-02-07 04:30:00+00:00,655.46,42.283125,60.78807321275001,58.964431016367506
20200207:0530,521.61,175.0,0.0,49.76,23.58,2.76,0.0,2020-02-07 05:30:00+00:00,696.61,45.3490625,63.7073486201875,61.796128161581876
20200207:0630,30.35,165.4,0.0,51.61,24.64,2.14,0.0,2020-02-07 06:30:00+00:00,195.75,30.7571875,19.1016728296875,18.528622644796876
20200207:0730,2.3,172.2,0.0,48.06,22.85,1.38,0.0,2020-02-07 07:30:00+00:00,174.5,28.303125,17.20791396875,16.6916765496875
20200207:0830,2.7,111.25,0.0,40.25,22.74,1.24,0.0,2020-02-07 08:30:00+00:00,113.95,26.3009375,11.332738432187503,10.992756279221878
20200207:0930,9.55,86.65,0.0,29.82,22.44,0.9,0.0,2020-02-07 09:30:00+00:00,96.2,25.446250000000003,9.601969715000001,9.31391062355
20200207:1030,0.5,39.75,0.0,17.91,22.32,0.9,0.0,2020-02-07 10:30:00+00:00,40.25,23.5778125,4.0490420796875,3.927570817296875
20200207:1130,0.1,11.49,0.0,5.15,21.65,1.03,0.0,2020-02-07 11:30:00+00:00,11.59,22.0121875,1.1735440736875,1.1383377514768749
20200207:1230,0.0,0.0,0.0,0.0,20.92,1.45,0.0,2020-02-07 12:30:00+00:00,0.0,20.92,0.0,0.0
20200207:1330,0.0,0.0,0.0,0.0,19.98,1.59,0.0,2020-02-07 13:30:00+00:00,0.0,19.98,0.0,0.0
20200207:1430,0.0,0.0,0.0,0.0,19.37,1.59,0.0,2020-02-07 14:30:00+00:00,0.0,19.37,0.0,0.0
20200207:1530,0.0,0.0,0.0,0.0,18.83,1.66,0.0,2020-02-07 15:30:00+00:00,0.0,18.83,0.0,0.0
20200207:1630,0.0,0.0,0.0,0.0,18.5,1.59,0.0,2020-02-07 16:30:00+00:00,0.0,18.5,0.0,0.0
20200207:1730,0.0,0.0,0.0,0.0,18.21,1.66,0.0,2020-02-07 17:30:00+00:00,0.0,18.21,0.0,0.0
20200207:1830,0.0,0.0,0.0,0.0,17.99,2.0,0.0,2020-02-07 18:30:00+00:00,0.0,17.99,0.0,0.0
20200207:1930,0.0,0.0,0.0,0.0,17.64,1.72,0.0,2020-02-07 19:30:00+00:00,0.0,17.64,0.0,0.0
20200207:2030,0.0,0.0,0.0,0.0,17.0,1.79,0.0,2020-02-07 20:30:00+00:00,0.0,17.0,0.0,0.0
20200207:2130,0.0,0.0,0.0,0.0,16.67,2.0,0.0,2020-02-07 21:30:00+00:00,0.0,16.67,0.0,0.0
20200207:2230,0.0,0.0,0.0,0.0,16.55,2.14,0.0,2020-02-07 22:30:00+00:00,0.0,16.55,0.0,0.0
20200207:2330,0.0,0.0,0.0,0.0,16.25,2.07,0.0,2020-02-07 23:30:00+00:00,0.0,16.25,0.0,0.0
20200208:0030,0.0,0.0,0.0,-3.64,16.11,2.0,0.0,2020-02-08 00:30:00+00:00,0.0,16.11,0.0,0.0
20200208:0130,30.05,36.55,0.0,9.5,16.0,1.86,0.0,2020-02-08 01:30:00+00:00,66.6,18.08125,6.853531274999999,6.647925336749999
20200208:0230,42.2,106.35,0.0,22.06,17.03,1.93,0.0,2020-02-08 02:30:00+00:00,148.55,21.6721875,15.062625549687501,14.610746783196875
20200208:0330,5.55,184.7,0.0,33.61,18.26,2.28,0.0,2020-02-08 03:30:00+00:00,190.25,24.2053125,19.088499504687498,18.51584451954687
20200208:0430,62.75,223.4,0.0,43.39,19.23,2.55,0.0,2020-02-08 04:30:00+00:00,286.15,28.1721875,28.233756989687496,27.386744279996872
20200208:0530,18.55,215.1,0.0,50.06,20.2,2.9,0.0,2020-02-08 05:30:00+00:00,233.65,27.5015625,23.119514167187496,22.42592874217187
20200208:0630,38.2,184.1,0.0,51.93,20.56,3.17,0.0,2020-02-08 06:30:00+00:00,222.3,27.506875,21.99594310875,21.3360648154875
20200208:0730,25.35,155.1,0.0,48.35,21.02,2.48,0.0,2020-02-08 07:30:00+00:00,180.45,26.659062499999997,17.9192613121875,17.381683472821877
20200208:0830,20.45,97.75,0.0,40.5,21.13,2.41,0.0,2020-02-08 08:30:00+00:00,118.2,24.82375,11.828749755,11.47388726235
20200208:0930,3.15,86.45,0.0,30.03,20.98,2.48,0.0,2020-02-08 09:30:00+00:00,89.60000000000001,23.78,9.00591104,8.7357337088
20200208:1030,2.55,38.05,0.0,18.09,20.77,2.62,0.0,2020-02-08 10:30:00+00:00,40.599999999999994,22.03875,4.110495235,3.98718037795
20200208:1130,0.7,11.39,0.0,5.31,20.09,2.41,0.0,2020-02-08 11:30:00+00:00,12.09,20.4678125,1.2320135416875002,1.1950531354368752
20200208:1230,0.0,0.0,0.0,0.0,19.35,2.41,0.0,2020-02-08 12:30:00+00:00,0.0,19.35,0.0,0.0
20200208:1330,0.0,0.0,0.0,0.0,18.53,2.34,0.0,2020-02-08 13:30:00+00:00,0.0,18.53,0.0,0.0
20200208:1430,0.0,0.0,0.0,0.0,18.1,2.41,0.0,2020-02-08 14:30:00+00:00,0.0,18.1,0.0,0.0
20200208:1530,0.0,0.0,0.0,0.0,17.75,2.55,0.0,2020-02-08 15:30:00+00:00,0.0,17.75,0.0,0.0
20200208:1630,0.0,0.0,0.0,0.0,17.45,2.48,0.0,2020-02-08 16:30:00+00:00,0.0,17.45,0.0,0.0
20200208:1730,0.0,0.0,0.0,0.0,17.2,2.28,0.0,2020-02-08 17:30:00+00:00,0.0,17.2,0.0,0.0
20200208:1830,0.0,0.0,0.0,0.0,16.86,2.28,0.0,2020-02-08 18:30:00+00:00,0.0,16.86,0.0,0.0
20200208:1930,0.0,0.0,0.0,0.0,17.04,2.28,0.0,2020-02-08 19:30:00+00:00,0.0,17.04,0.0,0.0
20200208:2030,0.0,0.0,0.0,0.0,16.81,2.41,0.0,2020-02-08 20:30:00+00:00,0.0,16.81,0.0,0.0
20200208:2130,0.0,0.0,0.0,0.0,16.44,2.07,0.0,2020-02-08 21:30:00+00:00,0.0,16.44,0.0,0.0
20200208:2230,0.0,0.0,0.0,0.0,16.03,1.72,0.0,2020-02-08 22:30:00+00:00,0.0,16.03,0.0,0.0
20200208:2330,0.0,0.0,0.0,0.0,15.4,1.66,0.0,2020-02-08 23:30:00+00:00,0.0,15.4,0.0,0.0
20200209:0030,0.0,0.0,0.0,-3.53,14.96,1.59,0.0,2020-02-09 00:30:00+00:00,0.0,14.96,0.0,0.0
20200209:0130,43.85,45.4,0.0,9.63,14.6,1.59,0.0,2020-02-09 01:30:00+00:00,89.25,17.3890625,9.2102959921875,8.933987112421875
20200209:0230,187.1,92.2,0.0,22.22,16.12,1.45,0.0,2020-02-09 02:30:00+00:00,279.3,24.848125000000003,27.94781584875,27.1093813732875
20200209:0330,290.75,153.65,0.0,33.81,18.92,2.0,0.0,2020-02-09 03:30:00+00:00,444.4,32.807500000000005,42.98274574,41.6932633678
20200209:0430,492.66,142.65,0.0,43.64,20.92,2.48,0.0,2020-02-09 04:30:00+00:00,635.3100000000001,40.7734375,59.32217051718751,57.54250540167188
20200209:0530,545.31,151.35,0.0,50.35,22.89,3.31,0.0,2020-02-09 05:30:00+00:00,696.66,44.660624999999996,63.91335617475,61.995955489507494
20200209:0630,533.86,168.35,0.0,52.25,23.78,3.59,0.0,2020-02-09 06:30:00+00:00,702.21,45.7240625,64.1088895501875,62.18562286368187
20200209:0730,508.16,156.2,0.0,48.65,24.45,3.31,0.0,2020-02-09 07:30:00+00:00,664.36,45.21125,60.79643065900001,58.972537739230006
20200209:0830,479.21,132.65,0.0,40.75,24.8,2.97,0.0,2020-02-09 08:30:00+00:00,611.86,43.920625,56.32375508274999,54.63404243026749
20200209:0930,328.66,114.7,0.0,30.24,25.05,2.76,0.0,2020-02-09 09:30:00+00:00,443.36,38.905,41.74673326400001,40.49433126608
20200209:1030,167.0,79.55,0.0,18.27,24.83,2.69,0.0,2020-02-09 10:30:00+00:00,246.55,32.5346875,23.8747755746875,23.158532307446876
20200209:1130,27.85,21.33,0.0,5.46,24.1,2.21,0.0,2020-02-09 11:30:00+00:00,49.18,25.636875,4.9048449647500005,4.757699615807501
20200209:1230,0.0,0.0,0.0,0.0,22.28,2.14,0.0,2020-02-09 12:30:00+00:00,0.0,22.28,0.0,0.0
20200209:1330,0.0,0.0,0.0,0.0,20.48,2.21,0.0,2020-02-09 13:30:00+00:00,0.0,20.48,0.0,0.0
20200209:1430,0.0,0.0,0.0,0.0,19.24,2.14,0.0,2020-02-09 14:30:00+00:00,0.0,19.24,0.0,0.0
20200209:1530,0.0,0.0,0.0,0.0,18.17,2.14,0.0,2020-02-09 15:30:00+00:00,0.0,18.17,0.0,0.0
20200209:1630,0.0,0.0,0.0,0.0,17.18,2.14,0.0,2020-02-09 16:30:00+00:00,0.0,17.18,0.0,0.0
20200209:1730,0.0,0.0,0.0,0.0,16.28,2.21,0.0,2020-02-09 17:30:00+00:00,0.0,16.28,0.0,0.0
20200209:1830,0.0,0.0,0.0,0.0,15.45,2.21,0.0,2020-02-09 18:30:00+00:00,0.0,15.45,0.0,0.0
20200209:1930,0.0,0.0,0.0,0.0,14.91,2.28,0.0,2020-02-09 19:30:00+00:00,0.0,14.91,0.0,0.0
20200209:2030,0.0,0.0,0.0,0.0,14.36,2.34,0.0,2020-02-09 20:30:00+00:00,0.0,14.36,0.0,0.0
20200209:2130,0.0,0.0,0.0,0.0,13.85,2.34,0.0,2020-02-09 21:30:00+00:00,0.0,13.85,0.0,0.0
20200209:2230,0.0,0.0,0.0,0.0,13.31,2.28,0.0,2020-02-09 22:30:00+00:00,0.0,13.31,0.0,0.0
20200209:2330,0.0,0.0,0.0,0.0,12.8,2.21,0.0,2020-02-09 23:30:00+00:00,0.0,12.8,0.0,0.0
20200210:0030,0.0,0.0,0.0,-3.42,12.29,2.14,0.0,2020-02-10 00:30:00+00:00,0.0,12.29,0.0,0.0
20200210:0130,72.35,50.25,0.0,9.77,11.82,2.07,0.0,2020-02-10 01:30:00+00:00,122.6,15.651250000000001,12.741385835,12.35914425995
20200210:0230,250.55,90.45,0.0,22.39,14.0,1.38,0.0,2020-02-10 02:30:00+00:00,341.0,24.65625,34.149231875,33.12475491875
20200210:0330,437.71,112.4,0.0,34.02,18.31,1.59,0.0,2020-02-10 03:30:00+00:00,550.11,35.5009375,52.5847982941875,51.00725434536187
20200210:0430,586.46,126.0,0.0,43.9,21.26,1.93,0.0,2020-02-10 04:30:00+00:00,712.46,43.524375000000006,65.70289199075,63.7318052310275
20200210:0530,676.86,133.35,0.0,50.66,23.2,2.28,0.0,2020-02-10 05:30:00+00:00,810.21,48.519062500000004,73.01774055618749,70.82720833950187
20200210:0630,695.81,135.4,0.0,52.57,24.17,2.28,0.0,2020-02-10 06:30:00+00:00,831.2099999999999,50.1453125,74.3425652146875,72.11228825824686
20200210:0730,648.51,131.45,0.0,48.95,24.7,2.28,0.0,2020-02-10 07:30:00+00:00,779.96,49.073750000000004,70.109843939,68.00654862083
20200210:0830,536.96,121.55,0.0,41.0,25.04,2.41,0.0,2020-02-10 08:30:00+00:00,658.51,45.6184375,60.1484721431875,58.34401797889187
20200210:0930,373.26,105.05,0.0,30.45,25.08,2.48,0.0,2020-02-10 09:30:00+00:00,478.31,40.0271875,44.812185297687506,43.46781973875688
20200210:1030,182.5,78.7,0.0,18.44,24.7,2.41,0.0,2020-02-10 10:30:00+00:00,261.2,32.8625,25.257452299999997,24.499728730999998
20200210:1130,31.85,21.34,0.0,5.61,23.76,1.93,0.0,2020-02-10 11:30:00+00:00,53.19,25.4221875,5.3095684156875,5.150281363216875
20200210:1230,0.0,0.0,0.0,0.0,21.76,2.28,0.0,2020-02-10 12:30:00+00:00,0.0,21.76,0.0,0.0
20200210:1330,0.0,0.0,0.0,0.0,19.75,2.28,0.0,2020-02-10 13:30:00+00:00,0.0,19.75,0.0,0.0
20200210:1430,0.0,0.0,0.0,0.0,18.42,1.93,0.0,2020-02-10 14:30:00+00:00,0.0,18.42,0.0,0.0
20200210:1530,0.0,0.0,0.0,0.0,16.95,1.59,0.0,2020-02-10 15:30:00+00:00,0.0,16.95,0.0,0.0
20200210:1630,0.0,0.0,0.0,0.0,15.32,1.45,0.0,2020-02-10 16:30:00+00:00,0.0,15.32,0.0,0.0
20200210:1730,0.0,0.0,0.0,0.0,14.07,1.59,0.0,2020-02-10 17:30:00+00:00,0.0,14.07,0.0,0.0
20200210:1830,0.0,0.0,0.0,0.0,13.11,1.86,0.0,2020-02-10 18:30:00+00:00,0.0,13.11,0.0,0.0
20200210:1930,0.0,0.0,0.0,0.0,12.42,1.79,0.0,2020-02-10 19:30:00+00:00,0.0,12.42,0.0,0.0
20200210:2030,0.0,0.0,0.0,0.0,11.89,1.86,0.0,2020-02-10 20:30:00+00:00,0.0,11.89,0.0,0.0
20200210:2130,0.0,0.0,0.0,0.0,11.67,1.72,0.0,2020-02-10 21:30:00+00:00,0.0,11.67,0.0,0.0
20200210:2230,0.0,0.0,0.0,0.0,11.56,1.66,0.0,2020-02-10 22:30:00+00:00,0.0,11.56,0.0,0.0
20200210:2330,0.0,0.0,0.0,0.0,11.39,1.59,0.0,2020-02-10 23:30:00+00:00,0.0,11.39,0.0,0.0
20200211:0030,0.0,0.0,0.0,-3.3,10.77,1.79,0.0,2020-02-11 00:30:00+00:00,0.0,10.77,0.0,0.0
20200211:0130,74.4,51.35,0.0,9.91,10.33,1.93,0.0,2020-02-11 01:30:00+00:00,125.75,14.2596875,13.142249604687498,12.747982116546872
20200211:0230,254.5,91.55,0.0,22.56,13.71,1.24,0.0,2020-02-11 02:30:00+00:00,346.05,24.5240625,34.674173232187506,33.63394803522188
20200211:0330,442.51,113.75,0.0,34.23,19.41,1.52,0.0,2020-02-11 03:30:00+00:00,556.26,36.793125,52.870781640749996,51.2846581915275
20200211:0430,592.61,127.35,0.0,44.15,22.32,2.21,0.0,2020-02-11 04:30:00+00:00,719.96,44.81875,66.003142955,64.02304866635
20200211:0530,685.11,133.9,0.0,50.97,23.68,2.55,0.0,2020-02-11 05:30:00+00:00,819.01,49.2740625,73.5511060301875,71.34457284928187
20200211:0630,702.61,136.1,0.0,52.9,24.58,2.41,0.0,2020-02-11 06:30:00+00:00,838.71,50.7896875,74.78637110268751,72.54277996960688
20200211:0730,655.51,131.7,0.0,49.25,25.24,2.28,0.0,2020-02-11 07:30:00+00:00,787.21,49.840312499999996,70.5080921906875,68.39284942496688
20200211:0830,542.41,121.9,0.0,41.26,25.68,2.28,0.0,2020-02-11 08:30:00+00:00,664.31,46.4396875,60.449108502687494,58.63563524760687
20200211:0930,376.71,105.6,0.0,30.66,25.81,2.34,0.0,2020-02-11 09:30:00+00:00,482.30999999999995,40.8821875,45.0137421016875,43.66332983863687
20200211:1030,184.7,79.15,0.0,18.62,25.5,2.55,0.0,2020-02-11 10:30:00+00:00,263.85,33.7453125,25.4158707046875,24.653394583546874
20200211:1130,32.65,28.35,0.0,5.76,24.54,2.14,0.0,2020-02-11 11:30:00+00:00,61.0,26.44625,6.062947075,5.88105866275
20200211:1230,0.0,0.0,0.0,0.0,22.47,2.28,0.0,2020-02-11 12:30:00+00:00,0.0,22.47,0.0,0.0
20200211:1330,0.0,0.0,0.0,0.0,20.51,2.21,0.0,2020-02-11 13:30:00+00:00,0.0,20.51,0.0,0.0
20200211:1430,0.0,0.0,0.0,0.0,19.08,1.93,0.0,2020-02-11 14:30:00+00:00,0.0,19.08,0.0,0.0
20200211:1530,0.0,0.0,0.0,0.0,17.58,1.72,0.0,2020-02-11 15:30:00+00:00,0.0,17.58,0.0,0.0
20200211:1630,0.0,0.0,0.0,0.0,15.89,1.72,0.0,2020-02-11 16:30:00+00:00,0.0,15.89,0.0,0.0
20200211:1730,0.0,0.0,0.0,0.0,14.65,1.93,0.0,2020-02-11 17:30:00+00:00,0.0,14.65,0.0,0.0
20200211:1830,0.0,0.0,0.0,0.0,13.8,2.14,0.0,2020-02-11 18:30:00+00:00,0.0,13.8,0.0,0.0
20200211:1930,0.0,0.0,0.0,0.0,13.35,2.21,0.0,2020-02-11 19:30:00+00:00,0.0,13.35,0.0,0.0
20200211:2030,0.0,0.0,0.0,0.0,13.01,2.28,0.0,2020-02-11 20:30:00+00:00,0.0,13.01,0.0,0.0
20200211:2130,0.0,0.0,0.0,0.0,12.71,2.34,0.0,2020-02-11 21:30:00+00:00,0.0,12.71,0.0,0.0
20200211:2230,0.0,0.0,0.0,0.0,12.43,2.34,0.0,2020-02-11 22:30:00+00:00,0.0,12.43,0.0,0.0
20200211:2330,0.0,0.0,0.0,0.0,12.11,2.34,0.0,2020-02-11 23:30:00+00:00,0.0,12.11,0.0,0.0
20200212:0030,0.0,0.0,0.0,-3.18,11.78,2.34,0.0,2020-02-12 00:30:00+00:00,0.0,11.78,0.0,0.0
20200212:0130,77.05,51.65,0.0,10.06,11.46,2.28,0.0,2020-02-12 01:30:00+00:00,128.7,15.481875,13.384492728749997,12.982957946887497
20200212:0230,259.2,91.2,0.0,22.73,14.13,1.52,0.0,2020-02-12 02:30:00+00:00,350.4,25.08,35.02822656,33.9773797632
20200212:0330,448.51,112.95,0.0,34.44,19.3,1.86,0.0,2020-02-12 03:30:00+00:00,561.46,36.845625,53.35264526275001,51.75206590486751
20200212:0430,598.41,126.75,0.0,44.42,22.1,2.34,0.0,2020-02-12 04:30:00+00:00,725.16,44.761250000000004,66.49737141899999,64.50245027642998
20200212:0530,691.41,133.35,0.0,51.28,23.95,2.83,0.0,2020-02-12 05:30:00+00:00,824.76,49.723749999999995,73.911712779,71.69436139563
20200212:0630,711.26,135.05,0.0,53.23,25.06,3.24,0.0,2020-02-12 06:30:00+00:00,846.31,51.5071875,75.20901490168748,72.95274445463686
20200212:0730,663.46,131.0,0.0,49.55,25.86,3.03,0.0,2020-02-12 07:30:00+00:00,794.46,50.686875,70.87497822075001,68.74872887412751
20200212:0830,549.31,121.45,0.0,41.51,26.31,3.03,0.0,2020-02-12 08:30:00+00:00,670.76,47.271249999999995,60.80176126700001,58.977708428990006
20200212:0930,382.16,105.4,0.0,30.87,26.4,3.03,0.0,2020-02-12 09:30:00+00:00,487.56000000000006,41.636250000000004,45.34930857900001,43.98882932163001
20200212:1030,188.25,79.55,0.0,18.79,26.04,2.9,0.0,2020-02-12 10:30:00+00:00,267.8,34.40875,25.721741435000006,24.950089191950006
20200212:1130,34.0,28.9,0.0,5.9,25.05,2.14,0.0,2020-02-12 11:30:00+00:00,62.9,27.015625,6.23675121875,6.0496486821875
20200212:1230,0.0,0.0,0.0,0.0,23.15,2.21,0.0,2020-02-12 12:30:00+00:00,0.0,23.15,0.0,0.0
20200212:1330,0.0,0.0,0.0,0.0,21.23,2.21,0.0,2020-02-12 13:30:00+00:00,0.0,21.23,0.0,0.0
20200212:1430,0.0,0.0,0.0,0.0,19.63,2.07,0.0,2020-02-12 14:30:00+00:00,0.0,19.63,0.0,0.0
20200212:1530,0.0,0.0,0.0,0.0,18.13,1.86,0.0,2020-02-12 15:30:00+00:00,0.0,18.13,0.0,0.0
20200212:1630,0.0,0.0,0.0,0.0,16.54,1.72,0.0,2020-02-12 16:30:00+00:00,0.0,16.54,0.0,0.0
20200212:1730,0.0,0.0,0.0,0.0,15.41,1.45,0.0,2020-02-12 17:30:00+00:00,0.0,15.41,0.0,0.0
20200212:1830,0.0,0.0,0.0,0.0,14.58,1.52,0.0,2020-02-12 18:30:00+00:00,0.0,14.58,0.0,0.0
20200212:1930,0.0,0.0,0.0,0.0,13.75,1.66,0.0,2020-02-12 19:30:00+00:00,0.0,13.75,0.0,0.0
20200212:2030,0.0,0.0,0.0,0.0,13.8,1.31,0.0,2020-02-12 20:30:00+00:00,0.0,13.8,0.0,0.0
20200212:2130,0.0,0.0,0.0,0.0,14.77,0.9,0.0,2020-02-12 21:30:00+00:00,0.0,14.77,0.0,0.0
20200212:2230,0.0,0.0,0.0,0.0,12.52,1.45,0.0,2020-02-12 22:30:00+00:00,0.0,12.52,0.0,0.0
20200212:2330,0.0,0.0,0.0,0.0,11.65,1.66,0.0,2020-02-12 23:30:00+00:00,0.0,11.65,0.0,0.0
20200213:0030,0.0,0.0,0.0,-3.05,11.59,1.52,0.0,2020-02-13 00:30:00+00:00,0.0,11.59,0.0,0.0
20200213:0130,73.8,51.95,0.0,10.2,11.48,1.45,0.0,2020-02-13 01:30:00+00:00,125.75,15.4096875,13.0815123546875,12.689066984046875
20200213:0230,250.05,92.25,0.0,22.91,14.38,0.76,0.0,2020-02-13 02:30:00+00:00,342.3,25.076875,34.218947988749996,33.1923795490875
20200213:0330,435.41,114.4,0.0,34.66,19.92,0.9,0.0,2020-02-13 03:30:00+00:00,549.8100000000001,37.1015625,52.18650476718751,50.62090962417188
20200213:0430,583.51,128.0,0.0,44.68,22.88,1.24,0.0,2020-02-13 04:30:00+00:00,711.51,45.1146875,65.1400434526875,63.18584214910687
20200213:0530,673.91,135.15,0.0,51.59,24.49,2.07,0.0,2020-02-13 05:30:00+00:00,809.06,49.77312499999999,72.48796330475,70.31332440560749
20200213:0630,692.01,136.8,0.0,53.56,25.53,2.83,0.0,2020-02-13 06:30:00+00:00,828.81,51.4303125,73.6806029326875,71.47018484470688
20200213:0730,644.46,132.55,0.0,49.85,26.1,2.97,0.0,2020-02-13 07:30:00+00:00,777.01,50.3815625,69.41787429118749,67.33533806245187
20200213:0830,531.96,122.95,0.0,41.76,26.46,2.97,0.0,2020-02-13 08:30:00+00:00,654.9100000000001,46.9259375,59.46000339418751,57.67620329236188
20200213:0930,368.76,106.55,0.0,31.07,26.49,2.97,0.0,2020-02-13 09:30:00+00:00,475.31,41.3434375,44.2683563031875,42.940305614091876
20200213:1030,180.55,79.9,0.0,18.96,26.19,2.83,0.0,2020-02-13 10:30:00+00:00,260.45000000000005,34.329062500000006,25.02450318218751,24.273768086721883
20200213:1130,32.5,29.0,0.0,6.05,25.38,2.14,0.0,2020-02-13 11:30:00+00:00,61.5,27.301875,6.09054256875,5.9078262916875
20200213:1230,0.0,0.0,0.0,0.0,23.75,1.72,0.0,2020-02-13 12:30:00+00:00,0.0,23.75,0.0,0.0
20200213:1330,0.0,0.0,0.0,0.0,22.09,1.17,0.0,2020-02-13 13:30:00+00:00,0.0,22.09,0.0,0.0
20200213:1430,0.0,0.0,0.0,0.0,20.7,0.76,0.0,2020-02-13 14:30:00+00:00,0.0,20.7,0.0,0.0
20200213:1530,0.0,0.0,0.0,0.0,19.33,0.97,0.0,2020-02-13 15:30:00+00:00,0.0,19.33,0.0,0.0
20200213:1630,0.0,0.0,0.0,0.0,17.84,1.31,0.0,2020-02-13 16:30:00+00:00,0.0,17.84,0.0,0.0
20200213:1730,0.0,0.0,0.0,0.0,16.93,1.38,0.0,2020-02-13 17:30:00+00:00,0.0,16.93,0.0,0.0
20200213:1830,0.0,0.0,0.0,0.0,16.49,1.24,0.0,2020-02-13 18:30:00+00:00,0.0,16.49,0.0,0.0
20200213:1930,0.0,0.0,0.0,0.0,15.15,1.52,0.0,2020-02-13 19:30:00+00:00,0.0,15.15,0.0,0.0
20200213:2030,0.0,0.0,0.0,0.0,14.48,1.86,0.0,2020-02-13 20:30:00+00:00,0.0,14.48,0.0,0.0
20200213:2130,0.0,0.0,0.0,0.0,14.08,1.86,0.0,2020-02-13 21:30:00+00:00,0.0,14.08,0.0,0.0
20200213:2230,0.0,0.0,0.0,0.0,13.84,1.59,0.0,2020-02-13 22:30:00+00:00,0.0,13.84,0.0,0.0
20200213:2330,0.0,0.0,0.0,0.0,14.03,1.31,0.0,2020-02-13 23:30:00+00:00,0.0,14.03,0.0,0.0
20200214:0030,0.0,0.0,0.0,-2.91,13.88,1.31,0.0,2020-02-14 00:30:00+00:00,0.0,13.88,0.0,0.0
20200214:0130,71.65,52.65,0.0,10.36,13.09,1.66,0.0,2020-02-14 01:30:00+00:00,124.30000000000001,16.974375000000002,12.84898577875,12.4635162053875
20200214:0230,243.35,93.4,0.0,23.09,16.41,1.17,0.0,2020-02-14 02:30:00+00:00,336.75,26.9334375,33.4015442671875,32.39949793917187
20200214:0330,422.96,116.65,0.0,34.88,20.91,1.52,0.0,2020-02-14 03:30:00+00:00,539.61,37.7728125,51.06621831168751,49.53423176233688
20200214:0430,571.51,129.9,0.0,44.95,23.95,2.0,0.0,2020-02-14 04:30:00+00:00,701.41,45.8690625,63.99313696618749,62.073342857201865
20200214:0530,604.21,136.45,0.0,51.91,26.35,2.83,0.0,2020-02-14 05:30:00+00:00,740.6600000000001,49.495625000000004,66.44596956275001,64.45259047586751
20200214:0630,677.11,139.6,0.0,53.9,27.37,3.38,0.0,2020-02-14 06:30:00+00:00,816.71,52.892187500000006,72.10347204968751,69.94036788819689
20200214:0730,630.31,136.7,0.0,50.16,28.08,3.24,0.0,2020-02-14 07:30:00+00:00,767.01,52.0490625,67.9873014001875,65.94768235818188
20200214:0830,519.21,127.8,0.0,42.02,28.62,3.31,0.0,2020-02-14 08:30:00+00:00,647.01,48.8390625,58.2228730321875,56.476186841221875
20200214:0930,359.21,108.7,0.0,31.28,28.81,3.24,0.0,2020-02-14 09:30:00+00:00,467.90999999999997,43.4321875,43.168665961687495,41.87360598283687
20200214:1030,168.65,82.9,0.0,19.13,28.61,2.9,0.0,2020-02-14 10:30:00+00:00,251.55,36.4709375,23.943083982187503,23.22479146272188
20200214:1130,31.75,29.3,0.0,6.19,27.82,1.79,0.0,2020-02-14 11:30:00+00:00,61.05,29.7278125,5.9837741596875,5.804260934896875
20200214:1230,0.0,0.0,0.0,0.0,26.44,0.97,0.0,2020-02-14 12:30:00+00:00,0.0,26.44,0.0,0.0
20200214:1330,0.0,0.0,0.0,0.0,25.08,0.34,0.0,2020-02-14 13:30:00+00:00,0.0,25.08,0.0,0.0
20200214:1430,0.0,0.0,0.0,0.0,22.72,1.03,0.0,2020-02-14 14:30:00+00:00,0.0,22.72,0.0,0.0
20200214:1530,0.0,0.0,0.0,0.0,20.53,1.72,0.0,2020-02-14 15:30:00+00:00,0.0,20.53,0.0,0.0
20200214:1630,0.0,0.0,0.0,0.0,19.36,2.0,0.0,2020-02-14 16:30:00+00:00,0.0,19.36,0.0,0.0
20200214:1730,0.0,0.0,0.0,0.0,18.7,2.34,0.0,2020-02-14 17:30:00+00:00,0.0,18.7,0.0,0.0
20200214:1830,0.0,0.0,0.0,0.0,18.26,2.41,0.0,2020-02-14 18:30:00+00:00,0.0,18.26,0.0,0.0
20200214:1930,0.0,0.0,0.0,0.0,17.75,2.14,0.0,2020-02-14 19:30:00+00:00,0.0,17.75,0.0,0.0
20200214:2030,0.0,0.0,0.0,0.0,17.0,1.72,0.0,2020-02-14 20:30:00+00:00,0.0,17.0,0.0,0.0
20200214:2130,0.0,0.0,0.0,0.0,16.2,1.59,0.0,2020-02-14 21:30:00+00:00,0.0,16.2,0.0,0.0
20200214:2230,0.0,0.0,0.0,0.0,15.76,1.31,0.0,2020-02-14 22:30:00+00:00,0.0,15.76,0.0,0.0
20200214:2330,0.0,0.0,0.0,0.0,16.2,0.9,0.0,2020-02-14 23:30:00+00:00,0.0,16.2,0.0,0.0
20200215:0030,0.0,0.0,0.0,-2.78,16.29,0.62,0.0,2020-02-15 00:30:00+00:00,0.0,16.29,0.0,0.0
20200215:0130,74.25,53.1,0.0,10.51,15.65,0.83,0.0,2020-02-15 01:30:00+00:00,127.35,19.6296875,13.0222419046875,12.631574647546874
20200215:0230,250.25,93.05,0.0,23.28,17.13,0.62,0.0,2020-02-15 02:30:00+00:00,343.3,27.858125,33.91789838875,32.9003614370875
20200215:0330,435.06,114.9,0.0,35.1,21.88,0.97,0.0,2020-02-15 03:30:00+00:00,549.96,39.06625,51.746932563,50.19452458611
20200215:0430,583.51,128.65,0.0,45.23,25.27,1.38,0.0,2020-02-15 04:30:00+00:00,712.16,47.525,64.47861032,62.5442520104
20200215:0530,674.41,135.05,0.0,52.24,27.52,2.14,0.0,2020-02-15 05:30:00+00:00,809.46,52.815625,71.48943295875002,69.34474996998752
20200215:0630,687.51,142.05,0.0,54.24,28.36,2.28,0.0,2020-02-15 06:30:00+00:00,829.56,54.28375,72.753096387,70.57050349539
20200215:0730,648.56,134.55,0.0,50.47,28.42,2.83,0.0,2020-02-15 07:30:00+00:00,783.1099999999999,52.8921875,69.13708659968749,67.06297400169687
20200215:0830,539.06,124.0,0.0,42.27,28.79,2.9,0.0,2020-02-15 08:30:00+00:00,663.06,49.510625,59.480153694749994,57.695749083907494
20200215:0930,377.21,107.35,0.0,31.49,28.85,2.97,0.0,2020-02-15 09:30:00+00:00,484.55999999999995,43.9925,44.590737563999994,43.253015437079995
20200215:1030,187.55,80.85,0.0,19.3,28.5,2.97,0.0,2020-02-15 10:30:00+00:00,268.4,36.8875,25.499945899999997,24.734947522999995
20200215:1130,35.25,30.2,0.0,6.34,27.53,2.14,0.0,2020-02-15 11:30:00+00:00,65.45,29.575312500000003,6.419229234687501,6.226652357646876
20200215:1230,0.0,0.0,0.0,0.0,25.59,2.14,0.0,2020-02-15 12:30:00+00:00,0.0,25.59,0.0,0.0
20200215:1330,0.0,0.0,0.0,0.0,23.63,2.21,0.0,2020-02-15 13:30:00+00:00,0.0,23.63,0.0,0.0
20200215:1430,0.0,0.0,0.0,0.0,22.06,2.21,0.0,2020-02-15 14:30:00+00:00,0.0,22.06,0.0,0.0
20200215:1530,0.0,0.0,0.0,0.0,20.79,2.21,0.0,2020-02-15 15:30:00+00:00,0.0,20.79,0.0,0.0
20200215:1630,0.0,0.0,0.0,0.0,19.67,2.28,0.0,2020-02-15 16:30:00+00:00,0.0,19.67,0.0,0.0
20200215:1730,0.0,0.0,0.0,0.0,18.64,2.41,0.0,2020-02-15 17:30:00+00:00,0.0,18.64,0.0,0.0
20200215:1830,0.0,0.0,0.0,0.0,17.88,2.34,0.0,2020-02-15 18:30:00+00:00,0.0,17.88,0.0,0.0
20200215:1930,0.0,0.0,0.0,0.0,17.38,2.0,0.0,2020-02-15 19:30:00+00:00,0.0,17.38,0.0,0.0
20200215:2030,0.0,0.0,0.0,0.0,16.41,1.59,0.0,2020-02-15 20:30:00+00:00,0.0,16.41,0.0,0.0
20200215:2130,0.0,0.0,0.0,0.0,16.22,1.17,0.0,2020-02-15 21:30:00+00:00,0.0,16.22,0.0,0.0
20200215:2230,0.0,0.0,0.0,0.0,16.52,0.97,0.0,2020-02-15 22:30:00+00:00,0.0,16.52,0.0,0.0
20200215:2330,0.0,0.0,0.0,0.0,15.89,0.97,0.0,2020-02-15 23:30:00+00:00,0.0,15.89,0.0,0.0
20200216:0030,0.0,0.0,0.0,-2.64,15.23,1.03,0.0,2020-02-16 00:30:00+00:00,0.0,15.23,0.0,0.0
20200216:0130,75.6,53.7,0.0,10.68,14.37,1.17,0.0,2020-02-16 01:30:00+00:00,129.3,18.410625,13.28784259875,12.8892073207875
20200216:0230,250.7,93.85,0.0,23.47,17.0,0.48,0.0,2020-02-16 02:30:00+00:00,344.54999999999995,27.7671875,34.0545575296875,33.03292080379688
20200216:0330,434.91,116.25,0.0,35.33,21.43,0.34,0.0,2020-02-16 03:30:00+00:00,551.1600000000001,38.65375,51.95533164300001,50.396671693710005
20200216:0430,581.96,130.2,0.0,45.51,24.45,0.34,0.0,2020-02-16 04:30:00+00:00,712.1600000000001,46.705,64.723878224,62.782161877280004
20200216:0530,672.71,137.1,0.0,52.57,26.58,0.41,0.0,2020-02-16 05:30:00+00:00,809.8100000000001,51.8865625,71.8363369851875,69.68124687563187
20200216:0630,693.26,139.4,0.0,54.58,27.75,0.41,0.0,2020-02-16 06:30:00+00:00,832.66,53.770624999999995,73.20441758275,71.00828505526749
20200216:0730,646.61,134.8,0.0,50.77,28.22,1.03,0.0,2020-02-16 07:30:00+00:00,781.4100000000001,52.6390625,69.07007527218751,66.99797301402188
20200216:0830,535.56,124.65,0.0,42.52,28.72,1.66,0.0,2020-02-16 08:30:00+00:00,660.2099999999999,49.3515625,59.2685990671875,57.49054109517188
20200216:0930,373.06,107.9,0.0,31.69,28.9,1.93,0.0,2020-02-16 09:30:00+00:00,480.96000000000004,43.93,44.272079424000005,42.94391704128
20200216:1030,184.6,81.3,0.0,19.47,28.69,2.0,0.0,2020-02-16 10:30:00+00:00,265.9,36.999375,25.249933798749996,24.492435784787496
20200216:1130,35.05,30.5,0.0,6.48,27.91,1.59,0.0,2020-02-16 11:30:00+00:00,65.55,29.9584375,6.4184892571875,6.225934579471875
20200216:1230,0.0,0.0,0.0,0.0,26.25,1.93,0.0,2020-02-16 12:30:00+00:00,0.0,26.25,0.0,0.0
20200216:1330,0.0,0.0,0.0,0.0,24.16,2.21,0.0,2020-02-16 13:30:00+00:00,0.0,24.16,0.0,0.0
20200216:1430,0.0,0.0,0.0,0.0,22.53,2.21,0.0,2020-02-16 14:30:00+00:00,0.0,22.53,0.0,0.0
20200216:1530,0.0,0.0,0.0,0.0,21.28,2.28,0.0,2020-02-16 15:30:00+00:00,0.0,21.28,0.0,0.0
20200216:1630,0.0,0.0,0.0,0.0,20.38,2.07,0.0,2020-02-16 16:30:00+00:00,0.0,20.38,0.0,0.0
20200216:1730,0.0,0.0,0.0,0.0,19.33,1.72,0.0,2020-02-16 17:30:00+00:00,0.0,19.33,0.0,0.0
20200216:1830,0.0,0.0,0.0,0.0,18.27,1.1,0.0,2020-02-16 18:30:00+00:00,0.0,18.27,0.0,0.0
20200216:1930,0.0,0.0,0.0,0.0,18.24,0.83,0.0,2020-02-16 19:30:00+00:00,0.0,18.24,0.0,0.0
20200216:2030,0.0,0.0,0.0,0.0,18.27,0.41,0.0,2020-02-16 20:30:00+00:00,0.0,18.27,0.0,0.0
20200216:2130,0.0,0.0,0.0,0.0,17.83,0.62,0.0,2020-02-16 21:30:00+00:00,0.0,17.83,0.0,0.0
20200216:2230,0.0,0.0,0.0,0.0,15.86,1.17,0.0,2020-02-16 22:30:00+00:00,0.0,15.86,0.0,0.0
20200216:2330,0.0,0.0,0.0,0.0,14.62,1.59,0.0,2020-02-16 23:30:00+00:00,0.0,14.62,0.0,0.0
20200217:0030,0.0,0.0,0.0,-2.49,14.22,1.79,0.0,2020-02-17 00:30:00+00:00,0.0,14.22,0.0,0.0
20200217:0130,77.75,54.55,0.0,10.84,14.05,1.79,0.0,2020-02-17 01:30:00+00:00,132.3,18.184375000000003,13.608717018750001,13.2004555081875
20200217:0230,255.85,94.05,0.0,23.66,17.44,0.97,0.0,2020-02-17 02:30:00+00:00,349.9,28.374375,34.49410859875,33.4592853407875
20200217:0330,441.96,116.25,0.0,35.56,22.23,0.9,0.0,2020-02-17 03:30:00+00:00,558.21,39.674062500000005,52.3806924601875,50.80927168638187
20200217:0430,590.61,130.0,0.0,45.79,25.18,0.9,0.0,2020-02-17 04:30:00+00:00,720.61,47.6990625,65.1909880001875,63.235258360181874
20200217:0530,681.66,137.2,0.0,52.9,27.0,0.69,0.0,2020-02-17 05:30:00+00:00,818.8599999999999,52.589375,72.39742904274999,70.22550617146749
20200217:0630,700.36,139.2,0.0,54.93,28.05,0.83,0.0,2020-02-17 06:30:00+00:00,839.56,54.286249999999995,73.629223099,71.42034640602999
20200217:0730,652.11,135.5,0.0,51.08,28.54,1.24,0.0,2020-02-17 07:30:00+00:00,787.61,53.152812499999996,69.44815660568752,67.36471190751689
20200217:0830,540.46,125.35,0.0,42.77,29.01,1.66,0.0,2020-02-17 08:30:00+00:00,665.8100000000001,49.8165625,59.6412914991875,57.852052754211876
20200217:0930,377.36,108.6,0.0,31.89,29.13,1.86,0.0,2020-02-17 09:30:00+00:00,485.96000000000004,44.31625,44.653491563,43.31388681611
20200217:1030,188.3,81.95,0.0,19.63,28.86,1.93,0.0,2020-02-17 10:30:00+00:00,270.25,37.3053125,25.628285504687497,24.85943693954687
20200217:1130,36.45,31.35,0.0,6.62,28.06,1.59,0.0,2020-02-17 11:30:00+00:00,67.80000000000001,30.17875,6.632529915000001,6.433554017550001
20200217:1230,0.0,0.0,0.0,0.0,26.41,1.93,0.0,2020-02-17 12:30:00+00:00,0.0,26.41,0.0,0.0
20200217:1330,0.0,0.0,0.0,0.0,24.36,2.21,0.0,2020-02-17 13:30:00+00:00,0.0,24.36,0.0,0.0
20200217:1430,0.0,0.0,0.0,0.0,22.62,2.28,0.0,2020-02-17 14:30:00+00:00,0.0,22.62,0.0,0.0
20200217:1530,0.0,0.0,0.0,0.0,21.42,2.28,0.0,2020-02-17 15:30:00+00:00,0.0,21.42,0.0,0.0
20200217:1630,0.0,0.0,0.0,0.0,20.39,2.14,0.0,2020-02-17 16:30:00+00:00,0.0,20.39,0.0,0.0
20200217:1730,0.0,0.0,0.0,0.0,19.27,1.72,0.0,2020-02-17 17:30:00+00:00,0.0,19.27,0.0,0.0
20200217:1830,0.0,0.0,0.0,0.0,18.51,0.97,0.0,2020-02-17 18:30:00+00:00,0.0,18.51,0.0,0.0
20200217:1930,0.0,0.0,0.0,0.0,17.45,1.24,0.0,2020-02-17 19:30:00+00:00,0.0,17.45,0.0,0.0
20200217:2030,0.0,0.0,0.0,0.0,16.14,1.52,0.0,2020-02-17 20:30:00+00:00,0.0,16.14,0.0,0.0
20200217:2130,0.0,0.0,0.0,0.0,16.04,1.38,0.0,2020-02-17 21:30:00+00:00,0.0,16.04,0.0,0.0
20200217:2230,0.0,0.0,0.0,0.0,16.13,1.1,0.0,2020-02-17 22:30:00+00:00,0.0,16.13,0.0,0.0
20200217:2330,0.0,0.0,0.0,0.0,15.69,1.1,0.0,2020-02-17 23:30:00+00:00,0.0,15.69,0.0,0.0
20200218:0030,0.0,0.0,0.0,-2.34,15.19,1.17,0.0,2020-02-18 00:30:00+00:00,0.0,15.19,0.0,0.0
20200218:0130,54.7,65.4,0.0,11.01,15.13,1.03,0.0,2020-02-18 01:30:00+00:00,120.10000000000001,18.883125,12.318547408750002,11.948990986487502
20200218:0230,206.0,122.6,0.0,23.86,17.46,0.41,0.0,2020-02-18 02:30:00+00:00,328.6,27.72875,32.483399755,31.50889776235
20200218:0330,407.66,131.9,0.0,35.8,21.89,0.41,0.0,2020-02-18 03:30:00+00:00,539.5600000000001,38.75125,50.839757731,49.31456499907
20200218:0430,570.21,143.6,0.0,46.08,25.11,0.28,0.0,2020-02-18 04:30:00+00:00,713.8100000000001,47.4165625,64.6605100791875,62.720694776811875
20200218:0530,689.21,136.2,0.0,53.24,26.88,0.55,0.0,2020-02-18 05:30:00+00:00,825.4100000000001,52.674062500000005,72.9471718701875,70.75875671408188
20200218:0630,710.06,138.3,0.0,55.28,27.93,1.31,0.0,2020-02-18 06:30:00+00:00,848.3599999999999,54.44125,74.34575288299999,72.11538029650998
20200218:0730,660.76,135.05,0.0,51.39,28.32,1.38,0.0,2020-02-18 07:30:00+00:00,795.81,53.1890625,70.15908211218749,68.05430964882187
20200218:0830,544.46,127.15,0.0,43.03,28.84,1.52,0.0,2020-02-18 08:30:00+00:00,671.61,49.8278125,60.157664995687504,58.35293504581688
20200218:0930,378.86,111.0,0.0,32.09,29.04,1.72,0.0,2020-02-18 09:30:00+00:00,489.86,44.348124999999996,45.00529354475,43.655134738407504
20200218:1030,191.7,82.35,0.0,19.8,28.89,1.86,0.0,2020-02-18 10:30:00+00:00,274.04999999999995,37.4540625,25.9715249521875,25.192379203621876
20200218:1130,37.6,31.9,0.0,6.76,28.17,1.38,0.0,2020-02-18 11:30:00+00:00,69.5,30.341875,6.794070668750001,6.590248548687501
20200218:1230,0.0,0.0,0.0,0.0,26.8,1.38,0.0,2020-02-18 12:30:00+00:00,0.0,26.8,0.0,0.0
20200218:1330,0.0,0.0,0.0,0.0,24.73,1.72,0.0,2020-02-18 13:30:00+00:00,0.0,24.73,0.0,0.0
20200218:1430,0.0,0.0,0.0,0.0,22.76,1.59,0.0,2020-02-18 14:30:00+00:00,0.0,22.76,0.0,0.0
20200218:1530,0.0,0.0,0.0,0.0,21.97,0.76,0.0,2020-02-18 15:30:00+00:00,0.0,21.97,0.0,0.0
20200218:1630,0.0,0.0,0.0,0.0,19.48,1.52,0.0,2020-02-18 16:30:00+00:00,0.0,19.48,0.0,0.0
20200218:1730,0.0,0.0,0.0,0.0,18.36,2.07,0.0,2020-02-18 17:30:00+00:00,0.0,18.36,0.0,0.0
20200218:1830,0.0,0.0,0.0,0.0,17.74,2.07,0.0,2020-02-18 18:30:00+00:00,0.0,17.74,0.0,0.0
20200218:1930,0.0,0.0,0.0,0.0,17.37,1.86,0.0,2020-02-18 19:30:00+00:00,0.0,17.37,0.0,0.0
20200218:2030,0.0,0.0,0.0,0.0,16.85,1.72,0.0,2020-02-18 20:30:00+00:00,0.0,16.85,0.0,0.0
20200218:2130,0.0,0.0,0.0,0.0,16.32,1.66,0.0,2020-02-18 21:30:00+00:00,0.0,16.32,0.0,0.0
20200218:2230,0.0,0.0,0.0,0.0,15.92,1.86,0.0,2020-02-18 22:30:00+00:00,0.0,15.92,0.0,0.0
20200218:2330,0.0,0.0,0.0,0.0,15.68,1.72,0.0,2020-02-18 23:30:00+00:00,0.0,15.68,0.0,0.0
20200219:0030,0.0,0.0,0.0,-2.19,15.9,1.31,0.0,2020-02-19 00:30:00+00:00,0.0,15.9,0.0,0.0
20200219:0130,9.75,57.7,0.0,11.18,16.69,0.97,0.0,2020-02-19 01:30:00+00:00,67.45,18.797812500000003,6.920701769687499,6.713080716596874
20200219:0230,22.0,157.15,0.0,24.06,18.62,1.1,0.0,2020-02-19 02:30:00+00:00,179.15,24.2184375,17.973807107187497,17.43459289397187
20200219:0330,149.4,258.6,0.0,36.04,19.69,1.17,0.0,2020-02-19 03:30:00+00:00,408.0,32.44,39.5250816,38.339329152
20200219:0430,540.31,158.75,0.0,46.37,22.58,0.97,0.0,2020-02-19 04:30:00+00:00,699.06,44.425625,64.20253548675,62.27645942214749
20200219:0530,662.76,144.35,0.0,53.57,26.03,1.17,0.0,2020-02-19 05:30:00+00:00,807.11,51.252187500000005,71.8118707176875,69.65751459615687
20200219:0630,706.31,139.35,0.0,55.64,28.13,1.45,0.0,2020-02-19 06:30:00+00:00,845.66,54.556875,74.06807189675,71.8460297398475
20200219:0730,650.41,139.3,0.0,51.71,28.8,1.72,0.0,2020-02-19 07:30:00+00:00,789.71,53.4784375,69.5253231111875,67.43956341785187
20200219:0830,506.16,130.95,0.0,43.28,29.35,1.59,0.0,2020-02-19 08:30:00+00:00,637.11,49.2596875,57.219442408687506,55.50285913642688
20200219:0930,328.55,125.95,0.0,32.29,29.45,1.52,0.0,2020-02-19 09:30:00+00:00,454.5,43.653125,41.889304968750004,40.632625819687505
20200219:1030,162.25,90.15,0.0,19.96,29.27,1.38,0.0,2020-02-19 10:30:00+00:00,252.4,37.1575,23.95120774,23.2326715078
20200219:1130,31.25,30.85,0.0,6.9,28.67,0.76,0.0,2020-02-19 11:30:00+00:00,62.1,30.610625000000002,6.06366367875,5.8817537683875
20200219:1230,0.0,0.0,0.0,0.0,27.19,0.62,0.0,2020-02-19 12:30:00+00:00,0.0,27.19,0.0,0.0
20200219:1330,0.0,0.0,0.0,0.0,25.6,1.72,0.0,2020-02-19 13:30:00+00:00,0.0,25.6,0.0,0.0
20200219:1430,0.0,0.0,0.0,0.0,23.7,2.28,0.0,2020-02-19 14:30:00+00:00,0.0,23.7,0.0,0.0
20200219:1530,0.0,0.0,0.0,0.0,22.65,2.48,0.0,2020-02-19 15:30:00+00:00,0.0,22.65,0.0,0.0
20200219:1630,0.0,0.0,0.0,0.0,21.82,2.48,0.0,2020-02-19 16:30:00+00:00,0.0,21.82,0.0,0.0
20200219:1730,0.0,0.0,0.0,0.0,21.05,2.21,0.0,2020-02-19 17:30:00+00:00,0.0,21.05,0.0,0.0
20200219:1830,0.0,0.0,0.0,0.0,20.3,2.07,0.0,2020-02-19 18:30:00+00:00,0.0,20.3,0.0,0.0
20200219:1930,0.0,0.0,0.0,0.0,19.62,2.0,0.0,2020-02-19 19:30:00+00:00,0.0,19.62,0.0,0.0
20200219:2030,0.0,0.0,0.0,0.0,19.06,1.93,0.0,2020-02-19 20:30:00+00:00,0.0,19.06,0.0,0.0
20200219:2130,0.0,0.0,0.0,0.0,18.71,1.86,0.0,2020-02-19 21:30:00+00:00,0.0,18.71,0.0,0.0
20200219:2230,0.0,0.0,0.0,0.0,18.42,1.86,0.0,2020-02-19 22:30:00+00:00,0.0,18.42,0.0,0.0
20200219:2330,0.0,0.0,0.0,0.0,18.2,1.86,0.0,2020-02-19 23:30:00+00:00,0.0,18.2,0.0,0.0
20200220:0030,0.0,0.0,0.0,-2.03,18.04,1.79,0.0,2020-02-20 00:30:00+00:00,0.0,18.04,0.0,0.0
20200220:0130,17.1,71.6,0.0,11.36,17.99,1.45,0.0,2020-02-20 01:30:00+00:00,88.69999999999999,20.761874999999996,9.027887108749999,8.7570504954875
20200220:0230,69.4,162.45,0.0,24.26,19.9,2.0,0.0,2020-02-20 02:30:00+00:00,231.85,27.1453125,22.9760959046875,22.286813027546874
20200220:0330,280.1,193.5,0.0,36.28,22.0,2.41,0.0,2020-02-20 03:30:00+00:00,473.6,36.8,45.0128384,43.662453248
20200220:0430,462.66,203.55,0.0,46.66,24.51,1.93,0.0,2020-02-20 04:30:00+00:00,666.21,45.329062500000006,60.932761614187505,59.10477876576188
20200220:0530,657.86,150.0,0.0,53.92,26.73,1.86,0.0,2020-02-20 05:30:00+00:00,807.86,51.975625,71.63313806675,69.4841439247475
20200220:0630,650.06,164.75,0.0,55.99,28.38,1.86,0.0,2020-02-20 06:30:00+00:00,814.81,53.842812499999994,71.6104069376875,69.46209472955687
20200220:0730,585.66,168.0,0.0,52.02,28.93,1.66,0.0,2020-02-20 07:30:00+00:00,753.66,52.481875,66.66696423674999,64.66695530964749
20200220:0830,413.81,150.1,0.0,43.53,29.44,1.31,0.0,2020-02-20 08:30:00+00:00,563.91,47.0621875,51.16574297568751,49.63077068641688
20200220:0930,290.1,139.75,0.0,32.49,29.44,0.9,0.0,2020-02-20 09:30:00+00:00,429.85,42.8728125,39.7582960496875,38.56554716819688
20200220:1030,149.35,87.8,0.0,20.12,29.29,0.62,0.0,2020-02-20 10:30:00+00:00,237.14999999999998,36.700937499999995,22.549551522187496,21.87306497652187
20200220:1130,32.65,31.0,0.0,7.03,28.78,0.55,0.0,2020-02-20 11:30:00+00:00,63.65,30.7690625,6.2107756521875,6.024452382621875
20200220:1230,0.0,0.0,0.0,0.0,27.58,1.59,0.0,2020-02-20 12:30:00+00:00,0.0,27.58,0.0,0.0
20200220:1330,0.0,0.0,0.0,0.0,25.49,2.21,0.0,2020-02-20 13:30:00+00:00,0.0,25.49,0.0,0.0
20200220:1430,0.0,0.0,0.0,0.0,23.89,2.28,0.0,2020-02-20 14:30:00+00:00,0.0,23.89,0.0,0.0
20200220:1530,0.0,0.0,0.0,0.0,22.92,2.28,0.0,2020-02-20 15:30:00+00:00,0.0,22.92,0.0,0.0
20200220:1630,0.0,0.0,0.0,0.0,21.94,2.21,0.0,2020-02-20 16:30:00+00:00,0.0,21.94,0.0,0.0
20200220:1730,0.0,0.0,0.0,0.0,21.11,2.0,0.0,2020-02-20 17:30:00+00:00,0.0,21.11,0.0,0.0
20200220:1830,0.0,0.0,0.0,0.0,20.4,1.66,0.0,2020-02-20 18:30:00+00:00,0.0,20.4,0.0,0.0
20200220:1930,0.0,0.0,0.0,0.0,19.43,1.24,0.0,2020-02-20 19:30:00+00:00,0.0,19.43,0.0,0.0
20200220:2030,0.0,0.0,0.0,0.0,19.24,0.97,0.0,2020-02-20 20:30:00+00:00,0.0,19.24,0.0,0.0
20200220:2130,0.0,0.0,0.0,0.0,19.67,0.55,0.0,2020-02-20 21:30:00+00:00,0.0,19.67,0.0,0.0
20200220:2230,0.0,0.0,0.0,0.0,19.21,0.34,0.0,2020-02-20 22:30:00+00:00,0.0,19.21,0.0,0.0
20200220:2330,0.0,0.0,0.0,0.0,18.83,0.41,0.0,2020-02-20 23:30:00+00:00,0.0,18.83,0.0,0.0
20200221:0030,0.0,0.0,0.0,-1.87,18.54,0.41,0.0,2020-02-21 00:30:00+00:00,0.0,18.54,0.0,0.0
20200221:0130,75.35,61.6,0.0,11.54,18.33,0.62,0.0,2020-02-21 01:30:00+00:00,136.95,22.6096875,13.8324883846875,13.417513733146874
20200221:0230,260.7,96.2,0.0,24.47,19.86,0.28,0.0,2020-02-21 02:30:00+00:00,356.9,31.013125,34.788644588749996,33.74498525108749
20200221:0330,445.26,118.35,0.0,36.53,23.7,0.14,0.0,2020-02-21 03:30:00+00:00,563.61,41.3128125,52.499493013687506,50.92450822327688
20200221:0430,591.91,131.8,0.0,46.95,26.15,0.28,0.0,2020-02-21 04:30:00+00:00,723.71,48.7659375,65.1471484161875,63.192733963701876
20200221:0530,677.51,141.3,0.0,54.26,27.69,0.62,0.0,2020-02-21 05:30:00+00:00,818.81,53.277812499999996,72.1562546256875,69.99156698691687
20200221:0630,698.61,143.15,0.0,56.35,28.7,0.9,0.0,2020-02-21 06:30:00+00:00,841.76,55.004999999999995,73.56805630400001,71.36101461488
20200221:0730,633.26,146.45,0.0,52.33,29.46,1.24,0.0,2020-02-21 07:30:00+00:00,779.71,53.8259375,68.5311338741875,66.47519985796188
20200221:0830,532.81,129.2,0.0,43.78,29.87,1.31,0.0,2020-02-21 08:30:00+00:00,662.01,50.5578125,59.0947984696875,57.32195451559687
20200221:0930,337.75,118.25,0.0,32.69,29.94,1.38,0.0,2020-02-21 09:30:00+00:00,456.0,44.19,41.924731200000004,40.666989264
20200221:1030,170.4,93.25,0.0,20.28,29.7,1.52,0.0,2020-02-21 10:30:00+00:00,263.65,37.9390625,24.9322187921875,24.184252228421872
20200221:1130,38.4,33.4,0.0,7.16,29.11,1.52,0.0,2020-02-21 11:30:00+00:00,71.8,31.353749999999998,6.988396315000001,6.778744425550001
20200221:1230,0.0,0.0,0.0,0.0,27.63,1.86,0.0,2020-02-21 12:30:00+00:00,0.0,27.63,0.0,0.0
20200221:1330,0.0,0.0,0.0,0.0,25.67,2.14,0.0,2020-02-21 13:30:00+00:00,0.0,25.67,0.0,0.0
20200221:1430,0.0,0.0,0.0,0.0,24.17,2.21,0.0,2020-02-21 14:30:00+00:00,0.0,24.17,0.0,0.0
20200221:1530,0.0,0.0,0.0,0.0,23.13,2.28,0.0,2020-02-21 15:30:00+00:00,0.0,23.13,0.0,0.0
20200221:1630,0.0,0.0,0.0,0.0,22.33,2.34,0.0,2020-02-21 16:30:00+00:00,0.0,22.33,0.0,0.0
20200221:1730,0.0,0.0,0.0,0.0,21.69,2.21,0.0,2020-02-21 17:30:00+00:00,0.0,21.69,0.0,0.0
20200221:1830,0.0,0.0,0.0,0.0,21.02,2.21,0.0,2020-02-21 18:30:00+00:00,0.0,21.02,0.0,0.0
20200221:1930,0.0,0.0,0.0,0.0,20.44,2.0,0.0,2020-02-21 19:30:00+00:00,0.0,20.44,0.0,0.0
20200221:2030,0.0,0.0,0.0,0.0,19.77,1.93,0.0,2020-02-21 20:30:00+00:00,0.0,19.77,0.0,0.0
20200221:2130,0.0,0.0,0.0,0.0,19.15,1.86,0.0,2020-02-21 21:30:00+00:00,0.0,19.15,0.0,0.0
20200221:2230,0.0,0.0,0.0,0.0,18.49,1.79,0.0,2020-02-21 22:30:00+00:00,0.0,18.49,0.0,0.0
20200221:2330,0.0,0.0,0.0,0.0,17.84,1.72,0.0,2020-02-21 23:30:00+00:00,0.0,17.84,0.0,0.0
20200222:0030,0.0,0.0,0.0,-1.71,17.18,1.59,0.0,2020-02-22 00:30:00+00:00,0.0,17.18,0.0,0.0
20200222:0130,84.1,59.0,0.0,11.72,17.0,1.38,0.0,2020-02-22 01:30:00+00:00,143.1,21.471875,14.52204736875,14.0863859476875
20200222:0230,267.6,95.4,0.0,24.68,20.16,0.69,0.0,2020-02-22 02:30:00+00:00,363.0,31.50375,35.308438275,34.24918512675
20200222:0330,443.41,119.5,0.0,36.78,23.94,0.62,0.0,2020-02-22 03:30:00+00:00,562.9100000000001,41.53093750000001,52.38271938818751,50.81123780654188
20200222:0430,571.66,141.05,0.0,47.25,26.64,0.76,0.0,2020-02-22 04:30:00+00:00,712.71,48.9121875,64.1131688356875,62.189773770616874
20200222:0530,691.31,137.5,0.0,54.61,28.31,1.31,0.0,2020-02-22 05:30:00+00:00,828.81,54.2103125,72.7128843766875,70.53149784538687
20200222:0630,701.36,144.95,0.0,56.71,29.49,2.0,0.0,2020-02-22 06:30:00+00:00,846.31,55.93718749999999,73.63437051568748,71.42533940021686
20200222:0730,630.56,147.7,0.0,52.64,29.94,2.34,0.0,2020-02-22 07:30:00+00:00,778.26,54.260625000000005,68.26160291474999,66.21375482730748
20200222:0830,522.56,140.25,0.0,44.02,30.21,2.48,0.0,2020-02-22 08:30:00+00:00,662.81,50.9228125,59.06460227168749,57.292664203536866
20200222:0930,376.21,114.3,0.0,32.88,30.19,2.41,0.0,2020-02-22 09:30:00+00:00,490.51,45.518437500000005,44.823910513187506,43.47919319779188
20200222:1030,187.7,86.05,0.0,20.44,29.91,2.41,0.0,2020-02-22 10:30:00+00:00,273.75,38.4646875,25.826897554687502,25.052090628046876
20200222:1130,38.8,34.5,0.0,7.3,29.12,2.0,0.0,2020-02-22 11:30:00+00:00,73.3,31.410625,7.13264249875,6.9186632237875
20200222:1230,0.0,0.0,0.0,0.0,27.43,2.0,0.0,2020-02-22 12:30:00+00:00,0.0,27.43,0.0,0.0
20200222:1330,0.0,0.0,0.0,0.0,25.61,2.21,0.0,2020-02-22 13:30:00+00:00,0.0,25.61,0.0,0.0
20200222:1430,0.0,0.0,0.0,0.0,24.29,2.07,0.0,2020-02-22 14:30:00+00:00,0.0,24.29,0.0,0.0
20200222:1530,0.0,0.0,0.0,0.0,23.35,1.86,0.0,2020-02-22 15:30:00+00:00,0.0,23.35,0.0,0.0
20200222:1630,0.0,0.0,0.0,0.0,22.4,1.86,0.0,2020-02-22 16:30:00+00:00,0.0,22.4,0.0,0.0
20200222:1730,0.0,0.0,0.0,0.0,21.54,2.0,0.0,2020-02-22 17:30:00+00:00,0.0,21.54,0.0,0.0
20200222:1830,0.0,0.0,0.0,0.0,20.8,2.14,0.0,2020-02-22 18:30:00+00:00,0.0,20.8,0.0,0.0
20200222:1930,0.0,0.0,0.0,0.0,20.14,2.21,0.0,2020-02-22 19:30:00+00:00,0.0,20.14,0.0,0.0
20200222:2030,0.0,0.0,0.0,0.0,19.73,2.28,0.0,2020-02-22 20:30:00+00:00,0.0,19.73,0.0,0.0
20200222:2130,0.0,0.0,0.0,0.0,19.4,2.21,0.0,2020-02-22 21:30:00+00:00,0.0,19.4,0.0,0.0
20200222:2230,0.0,0.0,0.0,0.0,19.0,2.07,0.0,2020-02-22 22:30:00+00:00,0.0,19.0,0.0,0.0
20200222:2330,0.0,0.0,0.0,0.0,18.56,1.93,0.0,2020-02-22 23:30:00+00:00,0.0,18.56,0.0,0.0
20200223:0030,0.0,0.0,0.0,-1.54,18.16,1.93,0.0,2020-02-23 00:30:00+00:00,0.0,18.16,0.0,0.0
20200223:0130,81.05,55.55,0.0,11.91,17.9,1.72,0.0,2020-02-23 01:30:00+00:00,136.6,22.16875,13.822434475,13.407761440749999
20200223:0230,253.0,96.15,0.0,24.89,20.29,1.38,0.0,2020-02-23 02:30:00+00:00,349.15,31.2009375,34.0056759221875,32.98550564452187
20200223:0330,439.96,117.95,0.0,37.03,23.56,1.59,0.0,2020-02-23 03:30:00+00:00,557.91,40.9946875,52.043089636687505,50.48179694758688
20200223:0430,580.51,132.55,0.0,47.56,26.2,1.79,0.0,2020-02-23 04:30:00+00:00,713.06,48.483125,64.27315161275,62.3449570643675
20200223:0530,654.46,140.95,0.0,54.97,28.02,2.07,0.0,2020-02-23 05:30:00+00:00,795.4100000000001,52.876562500000006,70.22821543718752,68.12136897407188
20200223:0630,645.36,143.15,0.0,57.07,29.01,2.14,0.0,2020-02-23 06:30:00+00:00,788.51,53.6509375,69.3625486941875,67.28167223336187
20200223:0730,552.06,172.65,0.0,52.96,29.55,1.52,0.0,2020-02-23 07:30:00+00:00,724.7099999999999,52.1971875,64.1927690236875,62.266985952976874
20200223:0830,517.11,128.15,0.0,44.27,29.74,1.66,0.0,2020-02-23 08:30:00+00:00,645.26,49.904375,57.77668525474999,56.04338469710749
20200223:0930,302.65,128.15,0.0,33.08,29.86,1.59,0.0,2020-02-23 09:30:00+00:00,430.79999999999995,43.3225,39.76480014,38.5718561358
20200223:1030,141.75,83.3,0.0,20.6,29.38,1.45,0.0,2020-02-23 10:30:00+00:00,225.05,36.4128125,21.4262495496875,20.783462063196875
20200223:1130,33.65,32.45,0.0,7.43,28.84,1.38,0.0,2020-02-23 11:30:00+00:00,66.1,30.905625,6.44604803875,6.2526665975875
20200223:1230,0.0,0.0,0.0,-6.12,27.47,1.72,0.0,2020-02-23 12:30:00+00:00,0.0,27.47,0.0,0.0
20200223:1330,0.0,0.0,0.0,0.0,25.72,1.79,0.0,2020-02-23 13:30:00+00:00,0.0,25.72,0.0,0.0
20200223:1430,0.0,0.0,0.0,0.0,24.6,1.52,0.0,2020-02-23 14:30:00+00:00,0.0,24.6,0.0,0.0
20200223:1530,0.0,0.0,0.0,0.0,23.64,1.52,0.0,2020-02-23 15:30:00+00:00,0.0,23.64,0.0,0.0
20200223:1630,0.0,0.0,0.0,0.0,22.72,1.66,0.0,2020-02-23 16:30:00+00:00,0.0,22.72,0.0,0.0
20200223:1730,0.0,0.0,0.0,0.0,21.96,1.45,0.0,2020-02-23 17:30:00+00:00,0.0,21.96,0.0,0.0
20200223:1830,0.0,0.0,0.0,0.0,21.05,1.1,0.0,2020-02-23 18:30:00+00:00,0.0,21.05,0.0,0.0
20200223:1930,0.0,0.0,0.0,0.0,20.81,0.69,0.0,2020-02-23 19:30:00+00:00,0.0,20.81,0.0,0.0
20200223:2030,0.0,0.0,0.0,0.0,20.76,0.28,0.0,2020-02-23 20:30:00+00:00,0.0,20.76,0.0,0.0
20200223:2130,0.0,0.0,0.0,0.0,20.39,0.14,0.0,2020-02-23 21:30:00+00:00,0.0,20.39,0.0,0.0
20200223:2230,0.0,0.0,0.0,0.0,19.58,0.83,0.0,2020-02-23 22:30:00+00:00,0.0,19.58,0.0,0.0
20200223:2330,0.0,0.0,0.0,0.0,18.24,1.24,0.0,2020-02-23 23:30:00+00:00,0.0,18.24,0.0,0.0
20200224:0030,0.0,0.0,0.0,-1.36,18.06,1.38,0.0,2020-02-24 00:30:00+00:00,0.0,18.06,0.0,0.0
20200224:0130,79.25,59.1,0.0,12.1,19.7,0.55,0.0,2020-02-24 01:30:00+00:00,138.35,24.0234375,13.8917451171875,13.474992763671876
20200224:0230,202.1,112.3,0.0,25.11,21.32,0.69,0.0,2020-02-24 02:30:00+00:00,314.4,31.145,30.628565039999994,29.709708088799992
20200224:0330,266.85,184.25,0.0,37.28,23.93,1.17,0.0,2020-02-24 03:30:00+00:00,451.1,38.026875000000004,42.64190220875,41.362645142487494
20200224:0430,319.45,250.85,0.0,47.86,25.73,1.66,0.0,2020-02-24 04:30:00+00:00,570.3,43.551874999999995,52.58634358874999,51.008753281087486
20200224:0530,402.05,216.6,0.0,55.32,27.05,1.93,0.0,2020-02-24 05:30:00+00:00,618.65,46.3828125,56.309039679687494,54.61976848929687
20200224:0630,75.85,278.05,0.0,57.44,27.75,2.07,0.0,2020-02-24 06:30:00+00:00,353.9,38.809375,33.33740211875,32.3372800551875
20200224:0730,177.7,266.25,0.0,53.27,25.51,2.14,0.0,2020-02-24 07:30:00+00:00,443.95,39.3834375,41.71307862718751,40.46168626837188
20200224:0830,85.0,278.75,0.0,44.51,26.31,1.93,0.0,2020-02-24 08:30:00+00:00,363.75,37.6771875,34.4382426796875,33.405095399296876
20200224:0930,68.55,190.15,0.0,33.27,26.34,1.45,0.0,2020-02-24 09:30:00+00:00,258.7,34.424375,24.84600395875,24.1006238399875
20200224:1030,5.05,118.2,0.0,20.75,26.12,0.97,0.0,2020-02-24 10:30:00+00:00,123.25,29.9715625,12.0676470671875,11.705617655171874
20200224:1130,19.85,37.0,0.0,7.55,25.61,0.34,0.0,2020-02-24 11:30:00+00:00,56.85,27.3865625,5.628016047187501,5.459175565771876
20200224:1230,0.0,0.0,0.0,-6.01,24.46,1.38,0.0,2020-02-24 12:30:00+00:00,0.0,24.46,0.0,0.0
20200224:1330,0.0,0.0,0.0,0.0,23.1,1.79,0.0,2020-02-24 13:30:00+00:00,0.0,23.1,0.0,0.0
20200224:1430,0.0,0.0,0.0,0.0,22.27,1.79,0.0,2020-02-24 14:30:00+00:00,0.0,22.27,0.0,0.0
20200224:1530,0.0,0.0,0.0,0.0,21.53,1.66,0.0,2020-02-24 15:30:00+00:00,0.0,21.53,0.0,0.0
20200224:1630,0.0,0.0,0.0,0.0,20.86,1.79,0.0,2020-02-24 16:30:00+00:00,0.0,20.86,0.0,0.0
20200224:1730,0.0,0.0,0.0,0.0,20.22,1.93,0.0,2020-02-24 17:30:00+00:00,0.0,20.22,0.0,0.0
20200224:1830,0.0,0.0,0.0,0.0,19.77,1.93,0.0,2020-02-24 18:30:00+00:00,0.0,19.77,0.0,0.0
20200224:1930,0.0,0.0,0.0,0.0,19.51,1.79,0.0,2020-02-24 19:30:00+00:00,0.0,19.51,0.0,0.0
20200224:2030,0.0,0.0,0.0,0.0,19.17,1.72,0.0,2020-02-24 20:30:00+00:00,0.0,19.17,0.0,0.0
20200224:2130,0.0,0.0,0.0,0.0,18.82,1.72,0.0,2020-02-24 21:30:00+00:00,0.0,18.82,0.0,0.0
20200224:2230,0.0,0.0,0.0,0.0,18.61,1.66,0.0,2020-02-24 22:30:00+00:00,0.0,18.61,0.0,0.0
20200224:2330,0.0,0.0,0.0,0.0,18.45,1.1,0.0,2020-02-24 23:30:00+00:00,0.0,18.45,0.0,0.0
20200225:0030,0.0,0.0,0.0,-1.19,19.35,0.28,0.0,2020-02-25 00:30:00+00:00,0.0,19.35,0.0,0.0
20200225:0130,23.2,50.35,0.0,12.29,19.05,0.69,0.0,2020-02-25 01:30:00+00:00,73.55,21.3484375,7.467800417187498,7.243766404671873
20200225:0230,8.25,84.45,0.0,25.33,20.29,0.83,0.0,2020-02-25 02:30:00+00:00,92.7,23.186875,9.34059220875,9.060374442487499
20200225:0330,0.0,96.55,0.0,37.54,20.91,1.03,0.0,2020-02-25 03:30:00+00:00,96.55,23.9271875,9.698503619687498,9.407548511096874
20200225:0430,25.0,156.75,0.0,48.17,21.25,1.24,0.0,2020-02-25 04:30:00+00:00,181.75,26.9296875,18.0276973046875,17.486866385546875
20200225:0530,111.45,272.85,0.0,55.68,22.1,1.1,0.0,2020-02-25 05:30:00+00:00,384.3,34.109375,36.95969221875,35.8509014521875
20200225:0630,240.25,263.25,0.0,57.81,23.99,1.45,0.0,2020-02-25 06:30:00+00:00,503.5,39.724374999999995,47.236236418749996,45.81914932618749
20200225:0730,166.45,240.8,0.0,53.58,23.38,2.48,0.0,2020-02-25 07:30:00+00:00,407.25,36.106562499999995,38.8252780171875,37.660519676671875
20200225:0830,46.25,213.25,0.0,44.76,24.13,3.17,0.0,2020-02-25 08:30:00+00:00,259.5,32.239374999999995,25.16098051875,24.4061511031875
20200225:0930,63.85,155.7,0.0,33.46,23.95,3.59,0.0,2020-02-25 09:30:00+00:00,219.54999999999998,30.810937499999998,21.4191676421875,20.776592612921874
20200225:1030,57.35,93.2,0.0,20.9,23.55,3.72,0.0,2020-02-25 10:30:00+00:00,150.55,28.254687500000003,14.849202854687501,14.403726769046877
20200225:1130,20.15,32.25,0.0,7.68,22.9,3.24,0.0,2020-02-25 11:30:00+00:00,52.4,24.537499999999998,5.250178699999999,5.092673338999999
20200225:1230,0.0,0.0,0.0,-5.9,21.78,2.07,0.0,2020-02-25 12:30:00+00:00,0.0,21.78,0.0,0.0
20200225:1330,0.0,0.0,0.0,0.0,20.5,1.86,0.0,2020-02-25 13:30:00+00:00,0.0,20.5,0.0,0.0
20200225:1430,0.0,0.0,0.0,0.0,19.64,1.93,0.0,2020-02-25 14:30:00+00:00,0.0,19.64,0.0,0.0
20200225:1530,0.0,0.0,0.0,0.0,19.02,1.72,0.0,2020-02-25 15:30:00+00:00,0.0,19.02,0.0,0.0
20200225:1630,0.0,0.0,0.0,0.0,18.65,1.45,0.0,2020-02-25 16:30:00+00:00,0.0,18.65,0.0,0.0
20200225:1730,0.0,0.0,0.0,0.0,18.34,1.52,0.0,2020-02-25 17:30:00+00:00,0.0,18.34,0.0,0.0
20200225:1830,0.0,0.0,0.0,0.0,18.14,1.72,0.0,2020-02-25 18:30:00+00:00,0.0,18.14,0.0,0.0
20200225:1930,0.0,0.0,0.0,0.0,17.63,1.31,0.0,2020-02-25 19:30:00+00:00,0.0,17.63,0.0,0.0
20200225:2030,0.0,0.0,0.0,0.0,17.07,1.31,0.0,2020-02-25 20:30:00+00:00,0.0,17.07,0.0,0.0
20200225:2130,0.0,0.0,0.0,0.0,16.85,1.52,0.0,2020-02-25 21:30:00+00:00,0.0,16.85,0.0,0.0
20200225:2230,0.0,0.0,0.0,0.0,16.56,1.52,0.0,2020-02-25 22:30:00+00:00,0.0,16.56,0.0,0.0
20200225:2330,0.0,0.0,0.0,0.0,16.35,1.03,0.0,2020-02-25 23:30:00+00:00,0.0,16.35,0.0,0.0
20200226:0030,0.0,0.0,0.0,-1.01,16.39,0.83,0.0,2020-02-26 00:30:00+00:00,0.0,16.39,0.0,0.0
20200226:0130,20.9,67.6,0.0,12.49,16.17,1.1,0.0,2020-02-26 01:30:00+00:00,88.5,18.935625,9.07541281875,8.803150434187499
20200226:0230,89.75,149.3,0.0,25.55,18.04,0.55,0.0,2020-02-26 02:30:00+00:00,239.05,25.510312499999998,23.8537641146875,23.138151191246873
20200226:0330,372.4,139.15,0.0,37.8,20.16,0.76,0.0,2020-02-26 03:30:00+00:00,511.54999999999995,36.1459375,48.76028418218749,47.297475656721865
20200226:0430,558.41,149.35,0.0,48.48,22.52,1.1,0.0,2020-02-26 04:30:00+00:00,707.76,44.6375,64.93857246,62.990415286200005
20200226:0530,535.66,185.9,0.0,56.05,24.35,1.1,0.0,2020-02-26 05:30:00+00:00,721.56,46.89875,65.51946993899999,63.55388584082999
20200226:0630,611.01,182.0,0.0,58.18,25.34,1.31,0.0,2020-02-26 06:30:00+00:00,793.01,50.121562499999996,70.9339068831875,68.80588967669188
20200226:0730,391.0,194.55,0.0,53.9,26.37,0.48,0.0,2020-02-26 07:30:00+00:00,585.55,44.668437499999996,53.7179214971875,52.10638385227187
20200226:0830,351.8,150.1,0.0,45.0,26.32,0.62,0.0,2020-02-26 08:30:00+00:00,501.9,42.004374999999996,46.605511758750005,45.2073464059875
20200226:0930,249.75,112.2,0.0,33.64,26.39,0.41,0.0,2020-02-26 09:30:00+00:00,361.95,37.7009375,34.2642161821875,33.236289696721876
20200226:1030,153.25,93.7,0.0,21.05,26.15,0.41,0.0,2020-02-26 10:30:00+00:00,246.95,33.8671875,23.7753041796875,23.062045054296874
20200226:1130,26.15,36.2,0.0,7.81,25.33,0.9,0.0,2020-02-26 11:30:00+00:00,62.35,27.2784375,6.175334557187501,5.990074520471875
20200226:1230,0.0,0.0,0.0,-5.79,23.63,1.66,0.0,2020-02-26 12:30:00+00:00,0.0,23.63,0.0,0.0
20200226:1330,0.0,0.0,0.0,0.0,22.03,1.24,0.0,2020-02-26 13:30:00+00:00,0.0,22.03,0.0,0.0
20200226:1430,0.0,0.0,0.0,0.0,20.28,1.52,0.0,2020-02-26 14:30:00+00:00,0.0,20.28,0.0,0.0
20200226:1530,0.0,0.0,0.0,0.0,19.73,0.9,0.0,2020-02-26 15:30:00+00:00,0.0,19.73,0.0,0.0
20200226:1630,0.0,0.0,0.0,0.0,19.44,0.62,0.0,2020-02-26 16:30:00+00:00,0.0,19.44,0.0,0.0
20200226:1730,0.0,0.0,0.0,0.0,18.96,0.34,0.0,2020-02-26 17:30:00+00:00,0.0,18.96,0.0,0.0
20200226:1830,0.0,0.0,0.0,0.0,18.38,0.97,0.0,2020-02-26 18:30:00+00:00,0.0,18.38,0.0,0.0
20200226:1930,0.0,0.0,0.0,0.0,18.09,0.83,0.0,2020-02-26 19:30:00+00:00,0.0,18.09,0.0,0.0
20200226:2030,0.0,0.0,0.0,0.0,18.2,0.62,0.0,2020-02-26 20:30:00+00:00,0.0,18.2,0.0,0.0
20200226:2130,0.0,0.0,0.0,0.0,17.42,0.83,0.0,2020-02-26 21:30:00+00:00,0.0,17.42,0.0,0.0
20200226:2230,0.0,0.0,0.0,0.0,16.94,0.9,0.0,2020-02-26 22:30:00+00:00,0.0,16.94,0.0,0.0
20200226:2330,0.0,0.0,0.0,0.0,16.61,0.76,0.0,2020-02-26 23:30:00+00:00,0.0,16.61,0.0,0.0
20200227:0030,0.0,0.0,0.0,-0.83,16.24,0.76,0.0,2020-02-27 00:30:00+00:00,0.0,16.24,0.0,0.0
20200227:0130,24.95,72.9,0.0,12.69,16.27,0.41,0.0,2020-02-27 01:30:00+00:00,97.85000000000001,19.3278125,10.0181098896875,9.717566592996874
20200227:0230,92.1,172.3,0.0,25.77,17.68,0.34,0.0,2020-02-27 02:30:00+00:00,264.4,25.9425,26.33533726,25.5452771422
20200227:0330,227.1,218.2,0.0,38.06,19.79,0.55,0.0,2020-02-27 03:30:00+00:00,445.29999999999995,33.705625,42.90182177875,41.614767125387495
20200227:0430,439.2,205.45,0.0,48.79,21.55,1.24,0.0,2020-02-27 04:30:00+00:00,644.65,41.6953125,59.944694054687496,58.14635323304687
20200227:0530,667.71,158.1,0.0,56.41,23.62,1.52,0.0,2020-02-27 05:30:00+00:00,825.8100000000001,49.4265625,74.1088861771875,71.88561959187187
20200227:0630,580.26,174.85,0.0,58.55,25.27,1.52,0.0,2020-02-27 06:30:00+00:00,755.11,48.8671875,67.94161217968751,65.90336381429688
20200227:0730,396.7,179.55,0.0,54.21,26.24,1.31,0.0,2020-02-27 07:30:00+00:00,576.25,44.247812499999995,52.96654817968751,51.37755173429688
20200227:0830,286.8,194.85,0.0,45.24,26.12,1.17,0.0,2020-02-27 08:30:00+00:00,481.65,41.1715625,44.8936061071875,43.54679792397187
20200227:0930,225.15,132.8,0.0,33.83,26.31,1.1,0.0,2020-02-27 09:30:00+00:00,357.95000000000005,37.4959375,33.916373252187505,32.89888205462188
20200227:1030,133.25,86.75,0.0,21.2,26.11,1.38,0.0,2020-02-27 10:30:00+00:00,220.0,32.985,21.262186,20.62432042
20200227:1130,32.75,33.8,0.0,7.93,25.63,1.66,0.0,2020-02-27 11:30:00+00:00,66.55,27.709687499999998,6.5792615246874995,6.381883678946874
20200227:1230,0.0,0.0,0.0,-5.68,24.28,1.86,0.0,2020-02-27 12:30:00+00:00,0.0,24.28,0.0,0.0
20200227:1330,0.0,0.0,0.0,0.0,22.73,2.14,0.0,2020-02-27 13:30:00+00:00,0.0,22.73,0.0,0.0
20200227:1430,0.0,0.0,0.0,0.0,21.53,2.21,0.0,2020-02-27 14:30:00+00:00,0.0,21.53,0.0,0.0
20200227:1530,0.0,0.0,0.0,0.0,20.74,2.21,0.0,2020-02-27 15:30:00+00:00,0.0,20.74,0.0,0.0
20200227:1630,0.0,0.0,0.0,0.0,20.1,2.14,0.0,2020-02-27 16:30:00+00:00,0.0,20.1,0.0,0.0
20200227:1730,0.0,0.0,0.0,0.0,19.5,2.07,0.0,2020-02-27 17:30:00+00:00,0.0,19.5,0.0,0.0
20200227:1830,0.0,0.0,0.0,0.0,18.94,2.07,0.0,2020-02-27 18:30:00+00:00,0.0,18.94,0.0,0.0
20200227:1930,0.0,0.0,0.0,0.0,18.43,1.93,0.0,2020-02-27 19:30:00+00:00,0.0,18.43,0.0,0.0
20200227:2030,0.0,0.0,0.0,0.0,17.97,1.93,0.0,2020-02-27 20:30:00+00:00,0.0,17.97,0.0,0.0
20200227:2130,0.0,0.0,0.0,0.0,17.53,1.93,0.0,2020-02-27 21:30:00+00:00,0.0,17.53,0.0,0.0
20200227:2230,0.0,0.0,0.0,0.0,17.08,1.79,0.0,2020-02-27 22:30:00+00:00,0.0,17.08,0.0,0.0
20200227:2330,0.0,0.0,0.0,0.0,16.53,1.72,0.0,2020-02-27 23:30:00+00:00,0.0,16.53,0.0,0.0
20200228:0030,0.0,0.0,0.0,-0.64,15.95,1.72,0.0,2020-02-28 00:30:00+00:00,0.0,15.95,0.0,0.0
20200228:0130,95.65,63.05,0.0,12.89,15.69,1.52,0.0,2020-02-28 01:30:00+00:00,158.7,20.649375,16.15998655875,15.6751869619875
20200228:0230,279.5,100.65,0.0,26.0,19.14,1.03,0.0,2020-02-28 02:30:00+00:00,380.15,31.0196875,37.0538786346875,35.942262275646875
20200228:0330,465.21,122.8,0.0,38.33,22.31,1.24,0.0,2020-02-28 03:30:00+00:00,588.01,40.685312499999995,54.9272893466875,53.279470666286876
20200228:0430,611.56,136.9,0.0,49.11,24.41,1.31,0.0,2020-02-28 04:30:00+00:00,748.4599999999999,47.799375,67.67894351074999,65.64857520542749
20200228:0530,699.91,144.25,0.0,56.78,25.8,1.38,0.0,2020-02-28 05:30:00+00:00,844.16,52.18,74.779407104,72.53602489088
20200228:0630,488.26,214.9,0.0,58.92,26.94,1.72,0.0,2020-02-28 06:30:00+00:00,703.16,48.91375,63.253619171000004,61.35601059587
20200228:0730,227.0,262.1,0.0,54.52,27.33,1.66,0.0,2020-02-28 07:30:00+00:00,489.1,42.614374999999995,45.29161985875,43.932871262987504
20200228:0830,256.9,199.75,0.0,45.48,27.28,1.72,0.0,2020-02-28 08:30:00+00:00,456.65,41.550312500000004,42.4907659146875,41.216042937246876
20200228:0930,138.05,182.1,0.0,34.01,27.33,1.86,0.0,2020-02-28 09:30:00+00:00,320.15,37.3346875,30.3564409146875,29.445747687246875
20200228:1030,110.8,99.2,0.0,21.34,27.16,2.07,0.0,2020-02-28 10:30:00+00:00,210.0,33.7225,20.2306755,19.623755235
20200228:1130,31.05,37.55,0.0,8.05,26.68,2.0,0.0,2020-02-28 11:30:00+00:00,68.6,28.82375,6.749830114999999,6.547335211549999
20200228:1230,0.0,0.0,0.0,-5.57,25.31,1.93,0.0,2020-02-28 12:30:00+00:00,0.0,25.31,0.0,0.0
20200228:1330,0.0,0.0,0.0,0.0,23.47,2.21,0.0,2020-02-28 13:30:00+00:00,0.0,23.47,0.0,0.0
20200228:1430,0.0,0.0,0.0,0.0,22.17,2.34,0.0,2020-02-28 14:30:00+00:00,0.0,22.17,0.0,0.0
20200228:1530,0.0,0.0,0.0,0.0,21.33,2.41,0.0,2020-02-28 15:30:00+00:00,0.0,21.33,0.0,0.0
20200228:1630,0.0,0.0,0.0,0.0,20.6,2.34,0.0,2020-02-28 16:30:00+00:00,0.0,20.6,0.0,0.0
20200228:1730,0.0,0.0,0.0,0.0,19.91,2.34,0.0,2020-02-28 17:30:00+00:00,0.0,19.91,0.0,0.0
20200228:1830,0.0,0.0,0.0,0.0,19.25,2.28,0.0,2020-02-28 18:30:00+00:00,0.0,19.25,0.0,0.0
20200228:1930,0.0,0.0,0.0,0.0,18.98,2.07,0.0,2020-02-28 19:30:00+00:00,0.0,18.98,0.0,0.0
20200228:2030,0.0,0.0,0.0,0.0,18.51,2.07,0.0,2020-02-28 20:30:00+00:00,0.0,18.51,0.0,0.0
20200228:2130,0.0,0.0,0.0,0.0,17.97,2.07,0.0,2020-02-28 21:30:00+00:00,0.0,17.97,0.0,0.0
20200228:2230,0.0,0.0,0.0,0.0,17.46,2.0,0.0,2020-02-28 22:30:00+00:00,0.0,17.46,0.0,0.0
20200228:2330,0.0,0.0,0.0,0.0,16.89,1.86,0.0,2020-02-28 23:30:00+00:00,0.0,16.89,0.0,0.0
20200229:0030,0.0,0.0,0.0,-0.64,16.33,1.86,0.0,2020-02-29 00:30:00+00:00,0.0,16.33,0.0,0.0
20200229:0130,101.6,63.15,0.0,12.89,15.97,1.59,0.0,2020-02-29 01:30:00+00:00,164.75,21.1184375,16.7435847171875,16.241277175671872
20200229:0230,289.2,99.65,0.0,26.0,19.45,0.97,0.0,2020-02-29 02:30:00+00:00,388.85,31.6015625,37.8068526171875,36.672647038671876
20200229:0330,476.76,121.1,0.0,38.33,22.79,0.76,0.0,2020-02-29 03:30:00+00:00,597.86,41.473124999999996,55.64957854475001,53.980091188407506
20200229:0430,624.76,134.4,0.0,49.11,25.28,0.76,0.0,2020-02-29 04:30:00+00:00,759.16,49.00375,68.262471523,66.21459737731
20200229:0530,712.66,142.1,0.0,56.78,26.69,0.41,0.0,2020-02-29 05:30:00+00:00,854.76,53.401250000000005,75.279973971,73.02157475187
20200229:0630,721.81,145.6,0.0,58.92,27.7,1.03,0.0,2020-02-29 06:30:00+00:00,867.41,54.8065625,75.88210564118751,73.60564247195188
20200229:0730,660.41,145.35,0.0,54.52,28.56,1.86,0.0,2020-02-29 07:30:00+00:00,805.76,53.739999999999995,70.84983219200001,68.72433722624001
20200229:0830,562.16,137.35,0.0,45.48,29.07,2.07,0.0,2020-02-29 08:30:00+00:00,699.51,50.9296875,62.33300820468749,60.463017958546864
20200229:0930,377.95,122.95,0.0,34.01,29.23,2.34,0.0,2020-02-29 09:30:00+00:00,500.9,44.883125,45.907027928750004,44.529817090887505
20200229:1030,158.75,94.2,0.0,21.34,29.06,2.28,0.0,2020-02-29 10:30:00+00:00,252.95,36.9646875,24.0238835646875,23.303167057746876
20200229:1130,46.0,37.55,0.0,8.05,28.36,1.93,0.0,2020-02-29 11:30:00+00:00,83.55,30.970937499999998,8.1454738321875,7.901109617221875
20200229:1230,0.0,0.0,0.0,-5.57,26.71,1.93,0.0,2020-02-29 12:30:00+00:00,0.0,26.71,0.0,0.0
20200229:1330,0.0,0.0,0.0,0.0,24.73,2.0,0.0,2020-02-29 13:30:00+00:00,0.0,24.73,0.0,0.0
20200229:1430,0.0,0.0,0.0,0.0,23.25,2.14,0.0,2020-02-29 14:30:00+00:00,0.0,23.25,0.0,0.0
20200229:1530,0.0,0.0,0.0,0.0,22.19,2.34,0.0,2020-02-29 15:30:00+00:00,0.0,22.19,0.0,0.0
20200229:1630,0.0,0.0,0.0,0.0,21.51,2.41,0.0,2020-02-29 16:30:00+00:00,0.0,21.51,0.0,0.0
20200229:1730,0.0,0.0,0.0,0.0,20.92,2.34,0.0,2020-02-29 17:30:00+00:00,0.0,20.92,0.0,0.0
20200229:1830,0.0,0.0,0.0,0.0,20.25,2.14,0.0,2020-02-29 18:30:00+00:00,0.0,20.25,0.0,0.0
20200229:1930,0.0,0.0,0.0,0.0,19.67,1.52,0.0,2020-02-29 19:30:00+00:00,0.0,19.67,0.0,0.0
20200229:2030,0.0,0.0,0.0,0.0,18.69,1.52,0.0,2020-02-29 20:30:00+00:00,0.0,18.69,0.0,0.0
20200229:2130,0.0,0.0,0.0,0.0,18.0,1.38,0.0,2020-02-29 21:30:00+00:00,0.0,18.0,0.0,0.0
20200229:2230,0.0,0.0,0.0,0.0,17.73,1.31,0.0,2020-02-29 22:30:00+00:00,0.0,17.73,0.0,0.0
20200229:2330,0.0,0.0,0.0,0.0,17.64,1.1,0.0,2020-02-29 23:30:00+00:00,0.0,17.64,0.0,0.0
20200301:0030,0.0,0.0,0.0,-0.45,18.49,0.69,0.0,2020-03-01 00:30:00+00:00,0.0,18.49,0.0,0.0
20200301:0130,99.45,63.85,0.0,13.09,18.24,0.48,0.0,2020-03-01 01:30:00+00:00,163.3,23.343125,16.44363842875,15.9503292758875
20200301:0230,283.25,100.45,0.0,26.23,20.75,0.41,0.0,2020-03-01 02:30:00+00:00,383.7,32.740625,37.122567318749994,36.00889029918749
20200301:0330,463.66,124.75,0.0,38.59,24.2,0.62,0.0,2020-03-01 03:30:00+00:00,588.4100000000001,42.5878125,54.49448520368751,52.859650647576885
20200301:0430,613.56,135.7,0.0,49.43,26.59,0.69,0.0,2020-03-01 04:30:00+00:00,749.26,50.004374999999996,67.05739323475001,65.04567143770751
20200301:0530,700.86,143.15,0.0,57.15,28.14,0.76,0.0,2020-03-01 05:30:00+00:00,844.01,54.5153125,73.93828806068751,71.72013941886688
20200301:0630,577.41,208.15,0.0,59.3,29.17,0.55,0.0,2020-03-01 06:30:00+00:00,785.56,53.71875,69.080673475,67.00825327074999
20200301:0730,266.85,297.8,0.0,54.83,29.77,1.72,0.0,2020-03-01 07:30:00+00:00,564.6500000000001,47.4153125,51.14914139468751,49.614667152846884
20200301:0830,255.5,248.45,0.0,45.71,29.78,1.93,0.0,2020-03-01 08:30:00+00:00,503.95,45.5284375,46.0499714471875,44.66847230377188
20200301:0930,136.15,203.95,0.0,34.19,29.77,1.93,0.0,2020-03-01 09:30:00+00:00,340.1,40.398125,31.81050102875,30.8561859978875
20200301:1030,128.8,114.75,0.0,21.49,29.5,1.93,0.0,2020-03-01 10:30:00+00:00,243.55,37.1109375,23.1161600921875,22.422675289421875
20200301:1130,46.0,38.2,0.0,8.17,29.07,1.72,0.0,2020-03-01 11:30:00+00:00,84.2,31.70125,8.183016995,7.937526485149999
20200301:1230,0.0,0.0,0.0,-5.47,27.51,1.79,0.0,2020-03-01 12:30:00+00:00,0.0,27.51,0.0,0.0
20200301:1330,0.0,0.0,0.0,0.0,25.52,2.07,0.0,2020-03-01 13:30:00+00:00,0.0,25.52,0.0,0.0
20200301:1430,0.0,0.0,0.0,0.0,24.04,2.14,0.0,2020-03-01 14:30:00+00:00,0.0,24.04,0.0,0.0
20200301:1530,0.0,0.0,0.0,0.0,23.09,2.21,0.0,2020-03-01 15:30:00+00:00,0.0,23.09,0.0,0.0
20200301:1630,0.0,0.0,0.0,0.0,22.36,2.14,0.0,2020-03-01 16:30:00+00:00,0.0,22.36,0.0,0.0
20200301:1730,0.0,0.0,0.0,0.0,21.62,1.93,0.0,2020-03-01 17:30:00+00:00,0.0,21.62,0.0,0.0
20200301:1830,0.0,0.0,0.0,0.0,20.59,1.31,0.0,2020-03-01 18:30:00+00:00,0.0,20.59,0.0,0.0
20200301:1930,0.0,0.0,0.0,0.0,20.93,0.62,0.0,2020-03-01 19:30:00+00:00,0.0,20.93,0.0,0.0
20200301:2030,0.0,0.0,0.0,0.0,19.04,1.31,0.0,2020-03-01 20:30:00+00:00,0.0,19.04,0.0,0.0
20200301:2130,0.0,0.0,0.0,0.0,18.33,1.45,0.0,2020-03-01 21:30:00+00:00,0.0,18.33,0.0,0.0
20200301:2230,0.0,0.0,0.0,0.0,18.26,1.24,0.0,2020-03-01 22:30:00+00:00,0.0,18.26,0.0,0.0
20200301:2330,0.0,0.0,0.0,0.0,19.49,0.76,0.0,2020-03-01 23:30:00+00:00,0.0,19.49,0.0,0.0
20200302:0030,0.0,0.0,0.0,-0.26,19.34,0.28,0.0,2020-03-02 00:30:00+00:00,0.0,19.34,0.0,0.0
20200302:0130,96.8,67.3,0.0,13.3,19.19,0.55,0.0,2020-03-02 01:30:00+00:00,164.1,24.318125000000002,16.45699618875,15.9632863030875
20200302:0230,286.5,100.4,0.0,26.46,21.56,0.41,0.0,2020-03-02 02:30:00+00:00,386.9,33.650625,37.284290738749995,36.16576201658749
20200302:0330,470.11,122.05,0.0,38.86,25.16,0.55,0.0,2020-03-02 03:30:00+00:00,592.16,43.665,54.573880112000005,52.936663708640005
20200302:0430,618.36,135.05,0.0,49.74,27.44,0.69,0.0,2020-03-02 04:30:00+00:00,753.4100000000001,50.98406250000001,67.1188059381875,65.10524176004188
20200302:0530,702.71,142.45,0.0,57.52,28.93,1.03,0.0,2020-03-02 05:30:00+00:00,845.1600000000001,55.34125,73.74585144300002,71.53347589971001
20200302:0630,660.31,170.65,0.0,59.67,29.96,1.24,0.0,2020-03-02 06:30:00+00:00,830.9599999999999,55.927499999999995,72.302203532,70.13313742604
20200302:0730,547.71,198.75,0.0,55.14,30.14,1.66,0.0,2020-03-02 07:30:00+00:00,746.46,53.466875,65.72125892475,63.7496211570075
20200302:0830,429.5,165.3,0.0,45.95,30.52,1.86,0.0,2020-03-02 08:30:00+00:00,594.8,49.1075,53.457560779999994,51.85383395659999
20200302:0930,288.95,146.85,0.0,34.37,30.43,1.79,0.0,2020-03-02 09:30:00+00:00,435.79999999999995,44.04875,40.093392995,38.89059120515
20200302:1030,175.55,93.35,0.0,21.63,30.0,1.59,0.0,2020-03-02 10:30:00+00:00,268.9,38.403125,25.376277868749995,24.614989532687495
20200302:1130,31.6,38.55,0.0,8.29,29.4,1.24,0.0,2020-03-02 11:30:00+00:00,70.15,31.592187499999998,6.8207743796875,6.616151148296875
20200302:1230,0.0,0.0,0.0,-5.36,28.13,0.55,0.0,2020-03-02 12:30:00+00:00,0.0,28.13,0.0,0.0
20200302:1330,0.0,0.0,0.0,0.0,26.64,0.69,0.0,2020-03-02 13:30:00+00:00,0.0,26.64,0.0,0.0
20200302:1430,0.0,0.0,0.0,0.0,25.09,1.38,0.0,2020-03-02 14:30:00+00:00,0.0,25.09,0.0,0.0
20200302:1530,0.0,0.0,0.0,0.0,23.74,1.66,0.0,2020-03-02 15:30:00+00:00,0.0,23.74,0.0,0.0
20200302:1630,0.0,0.0,0.0,0.0,22.94,1.52,0.0,2020-03-02 16:30:00+00:00,0.0,22.94,0.0,0.0
20200302:1730,0.0,0.0,0.0,0.0,22.36,1.31,0.0,2020-03-02 17:30:00+00:00,0.0,22.36,0.0,0.0
20200302:1830,0.0,0.0,0.0,0.0,22.16,0.97,0.0,2020-03-02 18:30:00+00:00,0.0,22.16,0.0,0.0
20200302:1930,0.0,0.0,0.0,0.0,20.9,1.45,0.0,2020-03-02 19:30:00+00:00,0.0,20.9,0.0,0.0
20200302:2030,0.0,0.0,0.0,0.0,20.15,1.45,0.0,2020-03-02 20:30:00+00:00,0.0,20.15,0.0,0.0
20200302:2130,0.0,0.0,0.0,0.0,19.55,1.45,0.0,2020-03-02 21:30:00+00:00,0.0,19.55,0.0,0.0
20200302:2230,0.0,0.0,0.0,0.0,19.21,1.31,0.0,2020-03-02 22:30:00+00:00,0.0,19.21,0.0,0.0
20200302:2330,0.0,0.0,0.0,0.0,19.06,1.17,0.0,2020-03-02 23:30:00+00:00,0.0,19.06,0.0,0.0
20200303:0030,0.0,0.0,0.0,-0.06,19.41,0.83,0.0,2020-03-03 00:30:00+00:00,0.0,19.41,0.0,0.0
20200303:0130,96.5,62.35,0.0,13.51,19.01,0.97,0.0,2020-03-03 01:30:00+00:00,158.85,23.974062500000002,15.9534474721875,15.474844048021875
20200303:0230,283.55,101.7,0.0,26.69,22.14,0.28,0.0,2020-03-03 02:30:00+00:00,385.25,34.1790625,37.0397817921875,35.928588338421875
20200303:0330,424.45,132.55,0.0,39.13,25.18,0.07,0.0,2020-03-03 03:30:00+00:00,557.0,42.58625,51.585872675000005,50.03829649475
20200303:0430,598.56,137.85,0.0,50.07,27.34,0.48,0.0,2020-03-03 04:30:00+00:00,736.41,50.3528125,65.7995728456875,63.82558566031688
20200303:0530,703.16,143.2,0.0,57.89,29.03,0.83,0.0,2020-03-03 05:30:00+00:00,846.3599999999999,55.47875,73.801682163,71.58763169810999
20200303:0630,665.36,164.65,0.0,60.05,30.2,1.31,0.0,2020-03-03 06:30:00+00:00,830.01,56.137812499999995,72.14622778368751,69.98184095017687
20200303:0730,603.36,176.65,0.0,55.45,29.8,1.52,0.0,2020-03-03 07:30:00+00:00,780.01,54.175312500000004,68.44304508868751,66.38975373602689
20200303:0830,490.26,157.95,0.0,46.18,30.4,1.79,0.0,2020-03-03 08:30:00+00:00,648.21,50.6565625,57.83604704118751,56.10096562995189
20200303:0930,287.75,115.35,0.0,34.55,30.42,1.93,0.0,2020-03-03 09:30:00+00:00,403.1,43.016875,37.25970702875,36.1419158178875
20200303:1030,129.7,105.55,0.0,21.77,29.7,1.72,0.0,2020-03-03 10:30:00+00:00,235.25,37.0515625,22.3342453671875,21.664218006171872
20200303:1130,23.05,40.05,0.0,8.4,27.81,2.14,0.0,2020-03-03 11:30:00+00:00,63.099999999999994,29.781875,6.183270748749999,5.997772626287499
20200303:1230,0.0,0.0,0.0,-5.26,24.5,2.76,0.0,2020-03-03 12:30:00+00:00,0.0,24.5,0.0,0.0
20200303:1330,0.0,0.0,0.0,0.0,22.94,2.07,0.0,2020-03-03 13:30:00+00:00,0.0,22.94,0.0,0.0
20200303:1430,0.0,0.0,0.0,0.0,22.53,1.79,0.0,2020-03-03 14:30:00+00:00,0.0,22.53,0.0,0.0
20200303:1530,0.0,0.0,0.0,0.0,22.2,1.59,0.0,2020-03-03 15:30:00+00:00,0.0,22.2,0.0,0.0
20200303:1630,0.0,0.0,0.0,0.0,22.02,1.59,0.0,2020-03-03 16:30:00+00:00,0.0,22.02,0.0,0.0
20200303:1730,0.0,0.0,0.0,0.0,21.86,1.59,0.0,2020-03-03 17:30:00+00:00,0.0,21.86,0.0,0.0
20200303:1830,0.0,0.0,0.0,0.0,21.62,1.66,0.0,2020-03-03 18:30:00+00:00,0.0,21.62,0.0,0.0
20200303:1930,0.0,0.0,0.0,0.0,21.23,2.14,0.0,2020-03-03 19:30:00+00:00,0.0,21.23,0.0,0.0
20200303:2030,0.0,0.0,0.0,0.0,20.63,2.07,0.0,2020-03-03 20:30:00+00:00,0.0,20.63,0.0,0.0
20200303:2130,0.0,0.0,0.0,0.0,20.33,1.1,0.0,2020-03-03 21:30:00+00:00,0.0,20.33,0.0,0.0
20200303:2230,0.0,0.0,0.0,0.0,20.08,0.9,0.0,2020-03-03 22:30:00+00:00,0.0,20.08,0.0,0.0
20200303:2330,0.0,0.0,0.0,0.0,19.72,1.17,0.0,2020-03-03 23:30:00+00:00,0.0,19.72,0.0,0.0
20200304:0030,0.0,9.45,0.0,0.13,19.41,1.52,0.0,2020-03-04 00:30:00+00:00,9.45,19.7053125,0.9660146146875002,0.9370341762468751
20200304:0130,70.05,65.3,0.0,13.72,19.48,1.52,0.0,2020-03-04 01:30:00+00:00,135.35,23.7096875,13.6083503946875,13.200099882846875
20200304:0230,152.4,124.6,0.0,26.93,21.04,1.79,0.0,2020-03-04 02:30:00+00:00,277.0,29.69625,27.153638275000002,26.339029126750003
20200304:0330,293.7,129.75,0.0,39.4,22.4,2.07,0.0,2020-03-04 03:30:00+00:00,423.45,35.6328125,40.4539649296875,39.24034598179688
20200304:0430,438.2,176.05,0.0,50.39,24.4,2.21,0.0,2020-03-04 04:30:00+00:00,614.25,43.5953125,56.6276883046875,54.92885765554688
20200304:0530,478.35,193.25,0.0,58.27,26.02,2.14,0.0,2020-03-04 05:30:00+00:00,671.6,47.0075,60.95230046,59.1237314462
20200304:0630,501.25,212.4,0.0,60.43,27.05,2.28,0.0,2020-03-04 06:30:00+00:00,713.65,49.3515625,64.0660331171875,62.14405212367188
20200304:0730,522.31,172.3,0.0,55.76,28.2,1.86,0.0,2020-03-04 07:30:00+00:00,694.6099999999999,49.90656249999999,62.1948541011875,60.32900847815188
20200304:0830,373.35,156.5,0.0,46.41,28.32,1.86,0.0,2020-03-04 08:30:00+00:00,529.85,44.877812500000005,48.56145123968751,47.10460770249688
20200304:0930,304.3,123.85,0.0,34.72,28.11,1.79,0.0,2020-03-04 09:30:00+00:00,428.15,41.4896875,39.849774924687495,38.654281676946866
20200304:1030,180.65,87.85,0.0,21.9,28.04,1.52,0.0,2020-03-04 10:30:00+00:00,268.5,36.430625,25.56096841875,24.7941393661875
20200304:1130,41.45,37.85,0.0,8.52,27.12,1.59,0.0,2020-03-04 11:30:00+00:00,79.30000000000001,29.598125000000003,7.77685484875,7.5435492032875
20200304:1230,0.0,0.0,0.0,-5.16,25.63,1.52,0.0,2020-03-04 12:30:00+00:00,0.0,25.63,0.0,0.0
20200304:1330,0.0,0.0,0.0,0.0,24.25,1.66,0.0,2020-03-04 13:30:00+00:00,0.0,24.25,0.0,0.0
20200304:1430,0.0,0.0,0.0,0.0,23.18,1.79,0.0,2020-03-04 14:30:00+00:00,0.0,23.18,0.0,0.0
20200304:1530,0.0,0.0,0.0,0.0,22.58,1.38,0.0,2020-03-04 15:30:00+00:00,0.0,22.58,0.0,0.0
20200304:1630,0.0,0.0,0.0,0.0,21.72,0.83,0.0,2020-03-04 16:30:00+00:00,0.0,21.72,0.0,0.0
20200304:1730,0.0,0.0,0.0,0.0,21.4,0.69,0.0,2020-03-04 17:30:00+00:00,0.0,21.4,0.0,0.0
20200304:1830,0.0,0.0,0.0,0.0,20.43,1.24,0.0,2020-03-04 18:30:00+00:00,0.0,20.43,0.0,0.0
20200304:1930,0.0,0.0,0.0,0.0,20.31,1.72,0.0,2020-03-04 19:30:00+00:00,0.0,20.31,0.0,0.0
20200304:2030,0.0,0.0,0.0,0.0,20.52,2.07,0.0,2020-03-04 20:30:00+00:00,0.0,20.52,0.0,0.0
20200304:2130,0.0,0.0,0.0,0.0,20.44,1.66,0.0,2020-03-04 21:30:00+00:00,0.0,20.44,0.0,0.0
20200304:2230,0.0,0.0,0.0,0.0,20.1,0.97,0.0,2020-03-04 22:30:00+00:00,0.0,20.1,0.0,0.0
20200304:2330,0.0,0.0,0.0,0.0,19.71,1.24,0.0,2020-03-04 23:30:00+00:00,0.0,19.71,0.0,0.0
20200305:0030,0.0,10.35,0.0,0.33,19.36,1.45,0.0,2020-03-05 00:30:00+00:00,10.35,19.6834375,1.0581110971874998,1.026367764271875
20200305:0130,70.35,70.85,0.0,13.93,19.55,1.1,0.0,2020-03-05 01:30:00+00:00,141.2,23.9625,14.181527899999999,13.756082063
20200305:0230,213.65,117.45,0.0,27.17,21.44,1.03,0.0,2020-03-05 02:30:00+00:00,331.1,31.786875000000002,32.16620358875,31.2012174810875
20200305:0330,197.1,209.2,0.0,39.68,23.97,1.24,0.0,2020-03-05 03:30:00+00:00,406.29999999999995,36.666875,38.63909444875,37.4799216152875
20200305:0430,289.65,246.8,0.0,50.71,25.25,1.24,0.0,2020-03-05 04:30:00+00:00,536.45,42.0140625,49.81157859218751,48.31723123442188
20200305:0530,473.0,218.5,0.0,58.65,26.37,1.03,0.0,2020-03-05 05:30:00+00:00,691.5,47.979375000000005,62.476100118750004,60.6018171151875
20200305:0630,541.41,208.45,0.0,60.81,27.42,0.9,0.0,2020-03-05 06:30:00+00:00,749.8599999999999,50.853125,66.84378578875,64.83847221508749
20200305:0730,508.0,197.1,0.0,56.06,28.23,0.9,0.0,2020-03-05 07:30:00+00:00,705.1,50.264375,63.02815745875001,61.1373127349875
20200305:0830,430.15,196.2,0.0,46.64,28.65,0.76,0.0,2020-03-05 08:30:00+00:00,626.3499999999999,48.223437499999996,56.5256799671875,54.82990956817187
20200305:0930,184.75,179.4,0.0,34.89,28.67,0.41,0.0,2020-03-05 09:30:00+00:00,364.15,40.049687500000005,34.1132556446875,33.089857975346874
20200305:1030,132.6,97.4,0.0,22.04,28.06,0.48,0.0,2020-03-05 10:30:00+00:00,230.0,35.2475,22.0100915,21.349788755000002
20200305:1130,13.35,26.45,0.0,8.63,25.88,2.34,0.0,2020-03-05 11:30:00+00:00,39.8,27.123749999999998,3.9444993949999994,3.8261644131499994
20200305:1230,0.0,0.0,0.0,-5.06,23.02,2.48,0.0,2020-03-05 12:30:00+00:00,0.0,23.02,0.0,0.0
20200305:1330,0.0,0.0,0.0,0.0,22.57,0.69,0.0,2020-03-05 13:30:00+00:00,0.0,22.57,0.0,0.0
20200305:1430,0.0,0.0,0.0,0.0,22.18,1.03,0.0,2020-03-05 14:30:00+00:00,0.0,22.18,0.0,0.0
20200305:1530,0.0,0.0,0.0,0.0,21.72,1.1,0.0,2020-03-05 15:30:00+00:00,0.0,21.72,0.0,0.0
20200305:1630,0.0,0.0,0.0,0.0,20.94,0.9,0.0,2020-03-05 16:30:00+00:00,0.0,20.94,0.0,0.0
20200305:1730,0.0,0.0,0.0,0.0,20.4,1.1,0.0,2020-03-05 17:30:00+00:00,0.0,20.4,0.0,0.0
20200305:1830,0.0,0.0,0.0,0.0,20.35,1.79,0.0,2020-03-05 18:30:00+00:00,0.0,20.35,0.0,0.0
20200305:1930,0.0,0.0,0.0,0.0,20.81,1.72,0.0,2020-03-05 19:30:00+00:00,0.0,20.81,0.0,0.0
20200305:2030,0.0,0.0,0.0,0.0,20.61,1.45,0.0,2020-03-05 20:30:00+00:00,0.0,20.61,0.0,0.0
20200305:2130,0.0,0.0,0.0,0.0,20.37,1.17,0.0,2020-03-05 21:30:00+00:00,0.0,20.37,0.0,0.0
20200305:2230,0.0,0.0,0.0,0.0,20.16,1.17,0.0,2020-03-05 22:30:00+00:00,0.0,20.16,0.0,0.0
20200305:2330,0.0,0.0,0.0,0.0,20.08,1.31,0.0,2020-03-05 23:30:00+00:00,0.0,20.08,0.0,0.0
20200306:0030,0.0,10.2,0.0,0.54,20.36,1.03,0.0,2020-03-06 00:30:00+00:00,10.2,20.67875,1.0385122349999998,1.0073568679499998
20200306:0130,63.7,65.25,0.0,14.15,20.52,1.45,0.0,2020-03-06 01:30:00+00:00,128.95,24.549687499999997,12.919388474687498,12.531806820446873
20200306:0230,237.55,122.75,0.0,27.41,22.51,1.72,0.0,2020-03-06 02:30:00+00:00,360.3,33.769375000000004,34.70296555875,33.6618765919875
20200306:0330,356.1,177.75,0.0,39.95,24.6,1.66,0.0,2020-03-06 03:30:00+00:00,533.85,41.282812500000006,49.734116629687506,48.24209313079688
20200306:0430,559.26,158.25,0.0,51.04,26.34,1.38,0.0,2020-03-06 04:30:00+00:00,717.51,48.762187499999996,64.5901649956875,62.65246004581687
20200306:0530,672.71,151.2,0.0,59.03,27.79,1.24,0.0,2020-03-06 05:30:00+00:00,823.9100000000001,53.5371875,72.5159288556875,70.34045099001688
20200306:0630,451.75,269.95,0.0,61.19,28.93,1.59,0.0,2020-03-06 06:30:00+00:00,721.7,51.483125,64.14259404875,62.218316227287495
20200306:0730,358.25,237.2,0.0,56.37,28.94,3.52,0.0,2020-03-06 07:30:00+00:00,595.45,47.547812500000006,53.906040119687496,52.28885891609687
20200306:0830,356.7,173.4,0.0,46.86,28.8,3.79,0.0,2020-03-06 08:30:00+00:00,530.1,45.365625,48.47575651875,47.0214838231875
20200306:0930,294.05,147.2,0.0,35.06,28.86,4.14,0.0,2020-03-06 09:30:00+00:00,441.25,42.6490625,40.8541874921875,39.62856186742187
20200306:1030,149.8,102.6,0.0,22.17,28.36,3.93,0.0,2020-03-06 10:30:00+00:00,252.4,36.2475,24.047675020000003,23.326244769400002
20200306:1130,41.55,42.85,0.0,8.74,27.57,3.72,0.0,2020-03-06 11:30:00+00:00,84.4,30.2075,8.255404539999999,8.007742403799998
20200306:1230,0.0,0.0,0.0,-4.96,26.12,3.45,0.0,2020-03-06 12:30:00+00:00,0.0,26.12,0.0,0.0
20200306:1330,0.0,0.0,0.0,0.0,24.39,3.17,0.0,2020-03-06 13:30:00+00:00,0.0,24.39,0.0,0.0
20200306:1430,0.0,0.0,0.0,0.0,23.43,2.76,0.0,2020-03-06 14:30:00+00:00,0.0,23.43,0.0,0.0
20200306:1530,0.0,0.0,0.0,0.0,22.4,2.34,0.0,2020-03-06 15:30:00+00:00,0.0,22.4,0.0,0.0
20200306:1630,0.0,0.0,0.0,0.0,21.98,2.21,0.0,2020-03-06 16:30:00+00:00,0.0,21.98,0.0,0.0
20200306:1730,0.0,0.0,0.0,0.0,21.58,2.28,0.0,2020-03-06 17:30:00+00:00,0.0,21.58,0.0,0.0
20200306:1830,0.0,0.0,0.0,0.0,21.62,2.21,0.0,2020-03-06 18:30:00+00:00,0.0,21.62,0.0,0.0
20200306:1930,0.0,0.0,0.0,0.0,21.72,1.72,0.0,2020-03-06 19:30:00+00:00,0.0,21.72,0.0,0.0
20200306:2030,0.0,0.0,0.0,0.0,21.67,1.38,0.0,2020-03-06 20:30:00+00:00,0.0,21.67,0.0,0.0
20200306:2130,0.0,0.0,0.0,0.0,21.7,1.31,0.0,2020-03-06 21:30:00+00:00,0.0,21.7,0.0,0.0
20200306:2230,0.0,0.0,0.0,0.0,21.64,1.59,0.0,2020-03-06 22:30:00+00:00,0.0,21.64,0.0,0.0
20200306:2330,0.0,0.0,0.0,0.0,21.64,1.66,0.0,2020-03-06 23:30:00+00:00,0.0,21.64,0.0,0.0
20200307:0030,0.0,6.25,0.0,0.74,21.78,1.79,0.0,2020-03-07 00:30:00+00:00,6.25,21.9753125,0.6329398046875,0.613951610546875
20200307:0130,1.95,36.5,0.0,14.37,21.79,1.86,0.0,2020-03-07 01:30:00+00:00,38.45,22.9915625,3.8774342571875007,3.7611112294718754
20200307:0230,42.45,102.5,0.0,27.65,21.89,1.93,0.0,2020-03-07 02:30:00+00:00,144.95,26.419687500000002,14.408570844687498,13.976313719346873
20200307:0330,6.0,78.9,0.0,40.23,22.71,2.21,0.0,2020-03-07 03:30:00+00:00,84.9,25.363125,8.47705168875,8.2227401380875
20200307:0430,125.2,202.8,0.0,51.37,22.88,1.93,0.0,2020-03-07 04:30:00+00:00,328.0,33.129999999999995,31.680011200000003,30.729610864
20200307:0530,328.15,188.4,0.0,59.41,24.22,2.07,0.0,2020-03-07 05:30:00+00:00,516.55,40.3621875,48.322158059687496,46.87249331789687
20200307:0630,212.7,262.6,0.0,61.57,26.07,1.93,0.0,2020-03-07 06:30:00+00:00,475.3,40.923125,44.35133024875,43.0207903412875
20200307:0730,170.35,198.05,0.0,56.67,25.37,0.83,0.0,2020-03-07 07:30:00+00:00,368.4,36.8825,35.001444539999994,33.951401203799996
20200307:0830,154.85,154.85,0.0,47.08,25.63,0.55,0.0,2020-03-07 08:30:00+00:00,309.7,35.308125,29.62918094875,28.7403055202875
20200307:0930,207.3,116.0,0.0,35.22,26.04,0.48,0.0,2020-03-07 09:30:00+00:00,323.3,36.143125,30.816919628750004,29.892412039887503
20200307:1030,149.2,86.2,0.0,22.3,26.58,1.24,0.0,2020-03-07 10:30:00+00:00,235.39999999999998,33.93625,22.656490834999996,21.976796109949994
20200307:1130,35.85,35.2,0.0,8.85,26.62,1.52,0.0,2020-03-07 11:30:00+00:00,71.05000000000001,28.840312500000003,6.990401234687501,6.7806891976468755
20200307:1230,0.0,0.0,0.0,-4.86,25.73,1.31,0.0,2020-03-07 12:30:00+00:00,0.0,25.73,0.0,0.0
20200307:1330,0.0,0.0,0.0,0.0,24.2,2.07,0.0,2020-03-07 13:30:00+00:00,0.0,24.2,0.0,0.0
20200307:1430,0.0,0.0,0.0,0.0,23.18,2.34,0.0,2020-03-07 14:30:00+00:00,0.0,23.18,0.0,0.0
20200307:1530,0.0,0.0,0.0,0.0,22.71,2.34,0.0,2020-03-07 15:30:00+00:00,0.0,22.71,0.0,0.0
20200307:1630,0.0,0.0,0.0,0.0,22.36,2.07,0.0,2020-03-07 16:30:00+00:00,0.0,22.36,0.0,0.0
20200307:1730,0.0,0.0,0.0,0.0,22.15,1.86,0.0,2020-03-07 17:30:00+00:00,0.0,22.15,0.0,0.0
20200307:1830,0.0,0.0,0.0,0.0,21.75,1.93,0.0,2020-03-07 18:30:00+00:00,0.0,21.75,0.0,0.0
20200307:1930,0.0,0.0,0.0,0.0,22.16,1.79,0.0,2020-03-07 19:30:00+00:00,0.0,22.16,0.0,0.0
20200307:2030,0.0,0.0,0.0,0.0,21.82,2.14,0.0,2020-03-07 20:30:00+00:00,0.0,21.82,0.0,0.0
20200307:2130,0.0,0.0,0.0,0.0,21.37,1.79,0.0,2020-03-07 21:30:00+00:00,0.0,21.37,0.0,0.0
20200307:2230,0.0,0.0,0.0,0.0,20.94,1.59,0.0,2020-03-07 22:30:00+00:00,0.0,20.94,0.0,0.0
20200307:2330,0.0,0.0,0.0,0.0,20.59,1.52,0.0,2020-03-07 23:30:00+00:00,0.0,20.59,0.0,0.0
20200308:0030,0.0,12.85,0.0,0.95,20.34,1.59,0.0,2020-03-08 00:30:00+00:00,12.85,20.7415625,1.3079827871875,1.268743303571875
20200308:0130,95.5,70.9,0.0,14.59,20.44,1.52,0.0,2020-03-08 01:30:00+00:00,166.4,25.64,16.59527168,16.0974135296
20200308:0230,268.7,112.9,0.0,27.89,22.41,2.41,0.0,2020-03-08 02:30:00+00:00,381.6,34.335,36.66386088,35.5639450536
20200308:0330,424.05,152.15,0.0,40.51,24.55,2.76,0.0,2020-03-08 03:30:00+00:00,576.2,42.556250000000006,53.371317275,51.77017775675
20200308:0430,347.0,223.45,0.0,51.7,26.62,3.45,0.0,2020-03-08 04:30:00+00:00,570.45,44.4465625,52.385817537187506,50.81424301107188
20200308:0530,441.3,255.7,0.0,59.79,27.52,2.97,0.0,2020-03-08 05:30:00+00:00,697.0,49.301249999999996,62.58605207499999,60.70847051274999
20200308:0630,499.25,248.85,0.0,61.95,28.46,2.69,0.0,2020-03-08 06:30:00+00:00,748.1,51.838125000000005,66.37740744874999,64.38608522528749
20200308:0730,418.45,218.5,0.0,56.97,28.91,1.86,0.0,2020-03-08 07:30:00+00:00,636.95,48.814687500000005,57.32411861468751,55.60439505624688
20200308:0830,342.1,186.55,0.0,47.3,29.18,2.0,0.0,2020-03-08 08:30:00+00:00,528.6500000000001,45.7003125,48.26884751468751,46.82078208924688
20200308:0930,276.8,126.2,0.0,35.38,29.13,2.21,0.0,2020-03-08 09:30:00+00:00,403.0,41.723749999999995,37.469338075,36.34525793275
20200308:1030,167.3,90.95,0.0,22.42,29.06,2.48,0.0,2020-03-08 10:30:00+00:00,258.25,37.1303125,24.5092856546875,23.774007085046872
20200308:1130,38.6,34.65,0.0,8.95,28.56,2.07,0.0,2020-03-08 11:30:00+00:00,73.25,30.8490625,7.145053592187499,6.930701984421874
20200308:1230,0.0,0.0,0.0,-4.77,27.57,0.62,0.0,2020-03-08 12:30:00+00:00,0.0,27.57,0.0,0.0
20200308:1330,0.0,0.0,0.0,0.0,26.0,0.69,0.0,2020-03-08 13:30:00+00:00,0.0,26.0,0.0,0.0
20200308:1430,0.0,0.0,0.0,0.0,24.43,0.76,0.0,2020-03-08 14:30:00+00:00,0.0,24.43,0.0,0.0
20200308:1530,0.0,0.0,0.0,0.0,24.28,0.14,0.0,2020-03-08 15:30:00+00:00,0.0,24.28,0.0,0.0
20200308:1630,0.0,0.0,0.0,0.0,23.36,0.55,0.0,2020-03-08 16:30:00+00:00,0.0,23.36,0.0,0.0
20200308:1730,0.0,0.0,0.0,0.0,21.12,1.1,0.0,2020-03-08 17:30:00+00:00,0.0,21.12,0.0,0.0
20200308:1830,0.0,0.0,0.0,0.0,19.91,1.38,0.0,2020-03-08 18:30:00+00:00,0.0,19.91,0.0,0.0
20200308:1930,0.0,0.0,0.0,0.0,19.59,1.66,0.0,2020-03-08 19:30:00+00:00,0.0,19.59,0.0,0.0
20200308:2030,0.0,0.0,0.0,0.0,19.39,1.79,0.0,2020-03-08 20:30:00+00:00,0.0,19.39,0.0,0.0
20200308:2130,0.0,0.0,0.0,0.0,19.17,2.0,0.0,2020-03-08 21:30:00+00:00,0.0,19.17,0.0,0.0
20200308:2230,0.0,0.0,0.0,0.0,18.96,2.07,0.0,2020-03-08 22:30:00+00:00,0.0,18.96,0.0,0.0
20200308:2330,0.0,0.0,0.0,0.0,18.8,2.07,0.0,2020-03-08 23:30:00+00:00,0.0,18.8,0.0,0.0
20200309:0030,0.0,14.05,0.0,1.16,18.32,2.07,0.0,2020-03-09 00:30:00+00:00,14.05,18.7590625,1.4418277721875001,1.398572939021875
20200309:0130,117.65,71.1,0.0,14.81,18.17,1.66,0.0,2020-03-09 01:30:00+00:00,188.75,24.0684375,18.948849617187502,18.380384128671878
20200309:0230,315.8,104.1,0.0,28.13,21.59,1.38,0.0,2020-03-09 02:30:00+00:00,419.9,34.711875,40.27723314875,39.0689161542875
20200309:0330,490.85,127.15,0.0,40.79,24.47,2.0,0.0,2020-03-09 03:30:00+00:00,618.0,43.7825,56.9248143,55.217069871
20200309:0430,662.06,136.45,0.0,52.03,26.05,2.69,0.0,2020-03-09 04:30:00+00:00,798.51,51.003437500000004,71.1301179511875,68.99621441265187
20200309:0530,748.36,143.55,0.0,60.18,27.1,2.76,0.0,2020-03-09 05:30:00+00:00,891.9100000000001,54.972187500000004,77.9633526236875,75.62445204497688
20200309:0630,764.41,144.65,0.0,62.33,27.92,2.62,0.0,2020-03-09 06:30:00+00:00,909.06,56.328125,78.94475896875,76.57641619968749
20200309:0730,706.66,139.7,0.0,57.27,28.64,2.21,0.0,2020-03-09 07:30:00+00:00,846.3599999999999,55.08875,73.94031593099999,71.72210645306998
20200309:0830,588.66,134.5,0.0,47.52,29.11,2.41,0.0,2020-03-09 08:30:00+00:00,723.16,51.708749999999995,64.203826147,62.27771136259
20200309:0930,414.6,120.3,0.0,35.54,29.27,2.55,0.0,2020-03-09 09:30:00+00:00,534.9,45.985625,48.77541145875,47.3121491149875
20200309:1030,228.55,88.6,0.0,22.55,29.1,2.48,0.0,2020-03-09 10:30:00+00:00,317.15,39.0109375,29.8487010921875,28.953240059421876
20200309:1130,55.6,43.0,0.0,9.06,28.52,1.93,0.0,2020-03-09 11:30:00+00:00,98.6,31.60125,9.586629035,9.299030163949999
20200309:1230,0.0,0.0,0.0,-4.67,27.32,1.1,0.0,2020-03-09 12:30:00+00:00,0.0,27.32,0.0,0.0
20200309:1330,0.0,0.0,0.0,0.0,25.3,0.69,0.0,2020-03-09 13:30:00+00:00,0.0,25.3,0.0,0.0
20200309:1430,0.0,0.0,0.0,0.0,23.09,1.1,0.0,2020-03-09 14:30:00+00:00,0.0,23.09,0.0,0.0
20200309:1530,0.0,0.0,0.0,0.0,20.93,1.72,0.0,2020-03-09 15:30:00+00:00,0.0,20.93,0.0,0.0
20200309:1630,0.0,0.0,0.0,0.0,19.78,2.07,0.0,2020-03-09 16:30:00+00:00,0.0,19.78,0.0,0.0
20200309:1730,0.0,0.0,0.0,0.0,19.0,2.21,0.0,2020-03-09 17:30:00+00:00,0.0,19.0,0.0,0.0
20200309:1830,0.0,0.0,0.0,0.0,18.51,2.28,0.0,2020-03-09 18:30:00+00:00,0.0,18.51,0.0,0.0
20200309:1930,0.0,0.0,0.0,0.0,17.95,2.14,0.0,2020-03-09 19:30:00+00:00,0.0,17.95,0.0,0.0
20200309:2030,0.0,0.0,0.0,0.0,17.38,2.07,0.0,2020-03-09 20:30:00+00:00,0.0,17.38,0.0,0.0
20200309:2130,0.0,0.0,0.0,0.0,16.8,2.07,0.0,2020-03-09 21:30:00+00:00,0.0,16.8,0.0,0.0
20200309:2230,0.0,0.0,0.0,0.0,16.18,1.86,0.0,2020-03-09 22:30:00+00:00,0.0,16.18,0.0,0.0
20200309:2330,0.0,0.0,0.0,0.0,15.67,1.66,0.0,2020-03-09 23:30:00+00:00,0.0,15.67,0.0,0.0
20200310:0030,0.0,15.0,0.0,1.37,15.89,1.31,0.0,2020-03-10 00:30:00+00:00,15.0,16.35875,1.554439875,1.50780667875
20200310:0130,133.35,70.35,0.0,15.04,17.35,0.83,0.0,2020-03-10 01:30:00+00:00,203.7,23.715625000000003,20.47988341875,19.8654869161875
20200310:0230,332.8,103.3,0.0,28.38,20.09,0.48,0.0,2020-03-10 02:30:00+00:00,436.1,33.718125,42.01317078875001,40.75277566508751
20200310:0330,524.5,123.25,0.0,41.07,23.36,0.62,0.0,2020-03-10 03:30:00+00:00,647.75,43.6021875,59.71418187968751,57.92275642329688
20200310:0430,672.46,136.05,0.0,52.36,25.77,0.9,0.0,2020-03-10 04:30:00+00:00,808.51,51.0359375,72.0098673521875,69.84957133162187
20200310:0530,760.56,141.95,0.0,60.57,27.22,0.34,0.0,2020-03-10 05:30:00+00:00,902.51,55.4234375,78.71886823718751,76.35730219007188
20200310:0630,768.81,144.2,0.0,62.71,28.18,0.69,0.0,2020-03-10 06:30:00+00:00,913.01,56.7115625,79.14075105518751,76.76652852353187
20200310:0730,715.11,139.7,0.0,57.57,28.88,0.55,0.0,2020-03-10 07:30:00+00:00,854.81,55.592812499999994,74.4975623376875,72.26263546755688
20200310:0830,595.06,129.85,0.0,47.73,29.38,1.1,0.0,2020-03-10 08:30:00+00:00,724.91,52.0334375,64.2603401451875,62.33252994083187
20200310:0930,424.0,113.35,0.0,35.7,29.56,1.38,0.0,2020-03-10 09:30:00+00:00,537.35,46.3521875,48.9160888596875,47.44860619389687
20200310:1030,225.9,88.1,0.0,22.67,29.4,1.24,0.0,2020-03-10 10:30:00+00:00,314.0,39.2125,29.5256555,28.639885834999998
20200310:1130,54.8,42.65,0.0,9.16,28.91,0.9,0.0,2020-03-10 11:30:00+00:00,97.44999999999999,31.955312499999998,9.4603260146875,9.176516234246874
20200310:1230,0.0,0.0,0.0,-4.58,27.74,0.41,0.0,2020-03-10 12:30:00+00:00,0.0,27.74,0.0,0.0
20200310:1330,0.0,0.0,0.0,0.0,25.81,0.69,0.0,2020-03-10 13:30:00+00:00,0.0,25.81,0.0,0.0
20200310:1430,0.0,0.0,0.0,0.0,23.67,1.1,0.0,2020-03-10 14:30:00+00:00,0.0,23.67,0.0,0.0
20200310:1530,0.0,0.0,0.0,0.0,22.12,1.45,0.0,2020-03-10 15:30:00+00:00,0.0,22.12,0.0,0.0
20200310:1630,0.0,0.0,0.0,0.0,21.0,1.72,0.0,2020-03-10 16:30:00+00:00,0.0,21.0,0.0,0.0
20200310:1730,0.0,0.0,0.0,0.0,20.64,1.31,0.0,2020-03-10 17:30:00+00:00,0.0,20.64,0.0,0.0
20200310:1830,0.0,0.0,0.0,0.0,21.17,0.83,0.0,2020-03-10 18:30:00+00:00,0.0,21.17,0.0,0.0
20200310:1930,0.0,0.0,0.0,0.0,21.71,0.41,0.0,2020-03-10 19:30:00+00:00,0.0,21.71,0.0,0.0
20200310:2030,0.0,0.0,0.0,0.0,21.18,0.62,0.0,2020-03-10 20:30:00+00:00,0.0,21.18,0.0,0.0
20200310:2130,0.0,0.0,0.0,0.0,20.4,0.76,0.0,2020-03-10 21:30:00+00:00,0.0,20.4,0.0,0.0
20200310:2230,0.0,0.0,0.0,0.0,19.0,1.1,0.0,2020-03-10 22:30:00+00:00,0.0,19.0,0.0,0.0
20200310:2330,0.0,0.0,0.0,0.0,17.82,1.59,0.0,2020-03-10 23:30:00+00:00,0.0,17.82,0.0,0.0
20200311:0030,0.0,14.4,0.0,1.58,17.38,1.45,0.0,2020-03-11 00:30:00+00:00,14.4,17.83,1.4833641599999998,1.4388632351999997
20200311:0130,117.9,71.95,0.0,15.26,18.18,0.83,0.0,2020-03-11 01:30:00+00:00,189.85000000000002,24.1128125,19.055741669687503,18.484069419596878
20200311:0230,266.5,113.3,0.0,28.63,21.8,0.62,0.0,2020-03-11 02:30:00+00:00,379.8,33.66875,36.597195675,35.49927980475
20200311:0330,498.35,122.65,0.0,41.35,24.58,0.76,0.0,2020-03-11 03:30:00+00:00,621.0,43.98625,57.148006275,55.43356608675
20200311:0430,635.86,142.45,0.0,52.69,26.98,0.83,0.0,2020-03-11 04:30:00+00:00,778.31,51.3021875,69.2330726676875,67.15608048765687
20200311:0530,703.96,148.75,0.0,60.95,28.58,0.41,0.0,2020-03-11 05:30:00+00:00,852.71,55.2271875,74.44548947768752,72.21212479335689
20200311:0630,686.41,150.95,0.0,63.1,29.59,0.14,0.0,2020-03-11 06:30:00+00:00,837.3599999999999,55.75749999999999,72.918857916,70.73129217852
20200311:0730,530.45,188.55,0.0,57.87,30.65,0.97,0.0,2020-03-11 07:30:00+00:00,719.0,53.11875,63.40869987499999,61.50643887874999
20200311:0830,527.6,154.05,0.0,47.94,30.91,1.17,0.0,2020-03-11 08:30:00+00:00,681.6500000000001,52.2115625,60.37452013718751,58.56328453307188
20200311:0930,409.95,113.55,0.0,35.86,31.22,1.52,0.0,2020-03-11 09:30:00+00:00,523.5,47.579375,47.385472818749996,45.9639086341875
20200311:1030,201.55,92.45,0.0,22.79,31.13,1.66,0.0,2020-03-11 10:30:00+00:00,294.0,40.317499999999995,27.5085951,26.683337247
20200311:1130,30.75,45.65,0.0,9.26,30.53,1.59,0.0,2020-03-11 11:30:00+00:00,76.4,32.917500000000004,7.38594326,7.1643649622000005
20200311:1230,0.0,0.0,0.0,-4.49,29.14,1.59,0.0,2020-03-11 12:30:00+00:00,0.0,29.14,0.0,0.0
20200311:1330,0.0,0.0,0.0,0.0,27.34,1.93,0.0,2020-03-11 13:30:00+00:00,0.0,27.34,0.0,0.0
20200311:1430,0.0,0.0,0.0,0.0,25.81,1.79,0.0,2020-03-11 14:30:00+00:00,0.0,25.81,0.0,0.0
20200311:1530,0.0,0.0,0.0,0.0,24.82,1.45,0.0,2020-03-11 15:30:00+00:00,0.0,24.82,0.0,0.0
20200311:1630,0.0,0.0,0.0,0.0,23.8,1.03,0.0,2020-03-11 16:30:00+00:00,0.0,23.8,0.0,0.0
20200311:1730,0.0,0.0,0.0,0.0,23.18,0.83,0.0,2020-03-11 17:30:00+00:00,0.0,23.18,0.0,0.0
20200311:1830,0.0,0.0,0.0,0.0,22.45,1.45,0.0,2020-03-11 18:30:00+00:00,0.0,22.45,0.0,0.0
20200311:1930,0.0,0.0,0.0,0.0,21.67,1.38,0.0,2020-03-11 19:30:00+00:00,0.0,21.67,0.0,0.0
20200311:2030,0.0,0.0,0.0,0.0,21.15,1.24,0.0,2020-03-11 20:30:00+00:00,0.0,21.15,0.0,0.0
20200311:2130,0.0,0.0,0.0,0.0,20.72,1.17,0.0,2020-03-11 21:30:00+00:00,0.0,20.72,0.0,0.0
20200311:2230,0.0,0.0,0.0,0.0,20.83,0.9,0.0,2020-03-11 22:30:00+00:00,0.0,20.83,0.0,0.0
20200311:2330,0.0,0.0,0.0,0.0,21.62,0.21,0.0,2020-03-11 23:30:00+00:00,0.0,21.62,0.0,0.0
20200312:0030,0.0,14.0,0.0,1.8,21.5,0.41,0.0,2020-03-12 00:30:00+00:00,14.0,21.9375,1.4180075,1.375467275
20200312:0130,69.3,67.15,0.0,15.49,20.94,0.69,0.0,2020-03-12 01:30:00+00:00,136.45,25.2040625,13.6333053821875,13.224306220721875
20200312:0230,195.35,107.6,0.0,28.87,23.5,0.55,0.0,2020-03-12 02:30:00+00:00,302.95,32.9671875,29.281263029687498,28.40282513879687
20200312:0330,319.15,172.0,0.0,41.63,25.66,0.14,0.0,2020-03-12 03:30:00+00:00,491.15,41.0084375,45.8127314871875,44.43834954257187
20200312:0430,535.25,178.85,0.0,53.02,27.5,0.69,0.0,2020-03-12 04:30:00+00:00,714.1,49.815625,63.967248118750014,62.04823067518751
20200312:0530,637.81,165.7,0.0,61.34,29.22,0.9,0.0,2020-03-12 05:30:00+00:00,803.51,54.3296875,70.4529871746875,68.33939755944687
20200312:0630,594.11,176.5,0.0,63.48,30.61,1.1,0.0,2020-03-12 06:30:00+00:00,770.61,54.6915625,67.4511417091875,65.42760745791188
20200312:0730,530.65,211.2,0.0,58.16,31.47,1.17,0.0,2020-03-12 07:30:00+00:00,741.8499999999999,54.652812499999996,64.9458656396875,62.99748967049687
20200312:0830,435.85,181.5,0.0,48.15,31.97,1.31,0.0,2020-03-12 08:30:00+00:00,617.35,51.262187499999996,54.92555618968751,53.277789503996885
20200312:0930,252.4,171.55,0.0,36.01,32.07,1.38,0.0,2020-03-12 09:30:00+00:00,423.95000000000005,45.3184375,38.7771193371875,37.61380575707187
20200312:1030,110.35,122.45,0.0,22.91,31.79,1.31,0.0,2020-03-12 10:30:00+00:00,232.8,39.065,21.904780560000003,21.247637143200002
20200312:1130,17.1,43.95,0.0,9.36,30.43,1.66,0.0,2020-03-12 11:30:00+00:00,61.050000000000004,32.3378125,5.916851149687501,5.739345615196876
20200312:1230,0.0,0.0,0.0,-4.39,29.21,1.31,0.0,2020-03-12 12:30:00+00:00,0.0,29.21,0.0,0.0
20200312:1330,0.0,0.0,0.0,0.0,28.08,1.52,0.0,2020-03-12 13:30:00+00:00,0.0,28.08,0.0,0.0
20200312:1430,0.0,0.0,0.0,0.0,27.11,1.79,0.0,2020-03-12 14:30:00+00:00,0.0,27.11,0.0,0.0
20200312:1530,0.0,0.0,0.0,0.0,26.24,1.93,0.0,2020-03-12 15:30:00+00:00,0.0,26.24,0.0,0.0
20200312:1630,0.0,0.0,0.0,0.0,25.6,1.86,0.0,2020-03-12 16:30:00+00:00,0.0,25.6,0.0,0.0
20200312:1730,0.0,0.0,0.0,0.0,24.95,1.86,0.0,2020-03-12 17:30:00+00:00,0.0,24.95,0.0,0.0
20200312:1830,0.0,0.0,0.0,0.0,24.38,1.66,0.0,2020-03-12 18:30:00+00:00,0.0,24.38,0.0,0.0
20200312:1930,0.0,0.0,0.0,0.0,23.6,1.52,0.0,2020-03-12 19:30:00+00:00,0.0,23.6,0.0,0.0
20200312:2030,0.0,0.0,0.0,0.0,23.11,1.59,0.0,2020-03-12 20:30:00+00:00,0.0,23.11,0.0,0.0
20200312:2130,0.0,0.0,0.0,0.0,22.75,1.59,0.0,2020-03-12 21:30:00+00:00,0.0,22.75,0.0,0.0
20200312:2230,0.0,0.0,0.0,0.0,22.46,1.45,0.0,2020-03-12 22:30:00+00:00,0.0,22.46,0.0,0.0
20200312:2330,0.0,0.0,0.0,0.0,21.97,1.03,0.0,2020-03-12 23:30:00+00:00,0.0,21.97,0.0,0.0
20200313:0030,0.0,16.35,0.0,2.02,22.29,0.62,0.0,2020-03-13 00:30:00+00:00,16.35,22.8009375,1.6501009621875002,1.6005979333218752
20200313:0130,99.05,86.05,0.0,15.71,22.06,0.55,0.0,2020-03-13 01:30:00+00:00,185.1,27.844375,18.28887259875,17.7402064207875
20200313:0230,243.15,136.3,0.0,29.12,24.79,0.48,0.0,2020-03-13 02:30:00+00:00,379.45000000000005,36.6478125,36.08869976968751,35.00603877659688
20200313:0330,485.15,132.5,0.0,41.91,27.29,0.83,0.0,2020-03-13 03:30:00+00:00,617.65,46.591562499999995,56.1638679971875,54.478951957271875
20200313:0430,637.81,140.95,0.0,53.36,29.44,1.38,0.0,2020-03-13 04:30:00+00:00,778.76,53.776250000000005,68.46388717100001,66.40997055587
20200313:0530,562.2,209.15,0.0,61.73,30.98,1.59,0.0,2020-03-13 05:30:00+00:00,771.35,55.0846875,67.3885540446875,65.36689742334687
20200313:0630,656.31,194.15,0.0,63.86,31.92,1.17,0.0,2020-03-13 06:30:00+00:00,850.4599999999999,58.496875,73.08114402874999,70.88870970788749
20200313:0730,685.11,145.35,0.0,58.45,32.63,0.9,0.0,2020-03-13 07:30:00+00:00,830.46,58.581875000000004,71.33287035675,69.1928842460475
20200313:0830,563.55,136.2,0.0,48.35,33.17,1.1,0.0,2020-03-13 08:30:00+00:00,699.75,55.0371875,61.147220779687494,59.31280415629687
20200313:0930,402.45,118.9,0.0,36.16,33.34,1.17,0.0,2020-03-13 09:30:00+00:00,521.35,49.6321875,46.7413637996875,45.339122885696874
20200313:1030,194.4,93.85,0.0,23.03,33.17,1.03,0.0,2020-03-13 10:30:00+00:00,288.25,42.1778125,26.7453681296875,25.94300708579687
20200313:1130,34.45,44.2,0.0,9.46,32.55,1.59,0.0,2020-03-13 11:30:00+00:00,78.65,35.0078125,7.534411929687501,7.308379571796875
20200313:1230,0.0,0.0,0.0,-4.3,31.0,1.93,0.0,2020-03-13 12:30:00+00:00,0.0,31.0,0.0,0.0
20200313:1330,0.0,0.0,0.0,0.0,29.18,2.21,0.0,2020-03-13 13:30:00+00:00,0.0,29.18,0.0,0.0
20200313:1430,0.0,0.0,0.0,0.0,28.32,2.14,0.0,2020-03-13 14:30:00+00:00,0.0,28.32,0.0,0.0
20200313:1530,0.0,0.0,0.0,0.0,27.25,2.21,0.0,2020-03-13 15:30:00+00:00,0.0,27.25,0.0,0.0
20200313:1630,0.0,0.0,0.0,0.0,26.48,2.34,0.0,2020-03-13 16:30:00+00:00,0.0,26.48,0.0,0.0
20200313:1730,0.0,0.0,0.0,0.0,25.86,2.28,0.0,2020-03-13 17:30:00+00:00,0.0,25.86,0.0,0.0
20200313:1830,0.0,0.0,0.0,0.0,25.09,2.34,0.0,2020-03-13 18:30:00+00:00,0.0,25.09,0.0,0.0
20200313:1930,0.0,0.0,0.0,0.0,25.17,2.34,0.0,2020-03-13 19:30:00+00:00,0.0,25.17,0.0,0.0
20200313:2030,0.0,0.0,0.0,0.0,24.45,2.14,0.0,2020-03-13 20:30:00+00:00,0.0,24.45,0.0,0.0
20200313:2130,0.0,0.0,0.0,0.0,24.01,1.93,0.0,2020-03-13 21:30:00+00:00,0.0,24.01,0.0,0.0
20200313:2230,0.0,0.0,0.0,0.0,23.31,1.86,0.0,2020-03-13 22:30:00+00:00,0.0,23.31,0.0,0.0
20200313:2330,0.0,0.0,0.0,0.0,22.77,1.79,0.0,2020-03-13 23:30:00+00:00,0.0,22.77,0.0,0.0
20200314:0030,0.0,18.6,0.0,2.24,22.29,1.79,0.0,2020-03-14 00:30:00+00:00,18.6,22.87125,1.8766297950000002,1.8203309011500002
20200314:0130,126.4,76.0,0.0,15.94,22.42,1.45,0.0,2020-03-14 01:30:00+00:00,202.4,28.745,19.921645039999998,19.323995688799997
20200314:0230,305.35,114.0,0.0,29.37,24.94,1.79,0.0,2020-03-14 02:30:00+00:00,419.35,38.0446875,39.63747832468751,38.44835397494688
20200314:0330,484.7,145.05,0.0,42.19,27.33,2.34,0.0,2020-03-14 03:30:00+00:00,629.75,47.0096875,57.1535477046875,55.438941273546874
20200314:0430,647.86,142.35,0.0,53.69,29.56,2.9,0.0,2020-03-14 04:30:00+00:00,790.21,54.2540625,69.31192185418752,67.23256419856189
20200314:0530,736.61,150.6,0.0,62.12,31.25,3.17,0.0,2020-03-14 05:30:00+00:00,887.21,58.9753125,76.0608404586875,73.77901524492687
20200314:0630,764.91,144.1,0.0,64.25,32.41,3.31,0.0,2020-03-14 06:30:00+00:00,909.01,60.816562499999996,77.2268023391875,74.90999826901188
20200314:0730,708.06,140.7,0.0,58.74,32.44,3.66,0.0,2020-03-14 07:30:00+00:00,848.76,58.96375,72.76862957099999,70.58557068386999
20200314:0830,570.45,137.9,0.0,48.55,32.43,3.72,0.0,2020-03-14 08:30:00+00:00,708.35,54.565937500000004,62.038926632187504,60.17775883322188
20200314:0930,362.7,123.65,0.0,36.3,30.78,3.59,0.0,2020-03-14 09:30:00+00:00,486.35,45.9784375,44.349797507187496,43.01930358197187
20200314:1030,170.25,108.0,0.0,23.14,30.84,4.55,0.0,2020-03-14 10:30:00+00:00,278.25,39.5353125,26.1263307046875,25.342540783546873
20200314:1130,36.75,51.05,0.0,9.56,29.68,4.48,0.0,2020-03-14 11:30:00+00:00,87.8,32.42375,8.506241795000001,8.251054541150001
20200314:1230,0.0,0.0,0.0,-4.21,28.05,4.69,0.0,2020-03-14 12:30:00+00:00,0.0,28.05,0.0,0.0
20200314:1330,0.0,0.0,0.0,0.0,26.39,4.48,0.0,2020-03-14 13:30:00+00:00,0.0,26.39,0.0,0.0
20200314:1430,0.0,0.0,0.0,0.0,25.29,3.86,0.0,2020-03-14 14:30:00+00:00,0.0,25.29,0.0,0.0
20200314:1530,0.0,0.0,0.0,0.0,24.4,3.31,0.0,2020-03-14 15:30:00+00:00,0.0,24.4,0.0,0.0
20200314:1630,0.0,0.0,0.0,0.0,23.69,2.69,0.0,2020-03-14 16:30:00+00:00,0.0,23.69,0.0,0.0
20200314:1730,0.0,0.0,0.0,0.0,23.04,2.14,0.0,2020-03-14 17:30:00+00:00,0.0,23.04,0.0,0.0
20200314:1830,0.0,0.0,0.0,0.0,22.48,2.0,0.0,2020-03-14 18:30:00+00:00,0.0,22.48,0.0,0.0
20200314:1930,0.0,0.0,0.0,0.0,21.01,2.07,0.0,2020-03-14 19:30:00+00:00,0.0,21.01,0.0,0.0
20200314:2030,0.0,0.0,0.0,0.0,20.61,1.93,0.0,2020-03-14 20:30:00+00:00,0.0,20.61,0.0,0.0
20200314:2130,0.0,0.0,0.0,0.0,20.26,1.86,0.0,2020-03-14 21:30:00+00:00,0.0,20.26,0.0,0.0
20200314:2230,0.0,0.0,0.0,0.0,19.9,1.86,0.0,2020-03-14 22:30:00+00:00,0.0,19.9,0.0,0.0
20200314:2330,0.0,0.0,0.0,0.0,19.6,2.14,0.0,2020-03-14 23:30:00+00:00,0.0,19.6,0.0,0.0
20200315:0030,9.1,16.93,0.0,2.46,19.49,2.41,0.0,2020-03-15 00:30:00+00:00,26.03,20.303437499999998,2.6543456391875,2.574715270011875
20200315:0130,131.5,78.35,0.0,16.17,19.81,2.62,0.0,2020-03-15 01:30:00+00:00,209.85,26.3678125,20.864445109687498,20.23851175639687
20200315:0230,323.75,111.35,0.0,29.62,21.64,3.72,0.0,2020-03-15 02:30:00+00:00,435.1,35.236875,41.63929298875001,40.390114199087506
20200315:0330,523.35,124.6,0.0,42.47,23.94,3.93,0.0,2020-03-15 03:30:00+00:00,647.95,44.188437500000006,59.5730778071875,57.78588547297188
20200315:0430,661.11,137.55,0.0,54.02,26.13,4.14,0.0,2020-03-15 04:30:00+00:00,798.6600000000001,51.088125000000005,71.11507239675,68.98162022484749
20200315:0530,744.36,145.65,0.0,62.51,27.67,4.21,0.0,2020-03-15 05:30:00+00:00,890.01,55.4828125,77.60639665968749,75.27820475989687
20200315:0630,700.76,172.45,0.0,64.63,28.83,3.93,0.0,2020-03-15 06:30:00+00:00,873.21,56.1178125,75.90859827768749,73.63134032935686
20200315:0730,662.91,155.45,0.0,59.03,29.93,3.1,0.0,2020-03-15 07:30:00+00:00,818.3599999999999,55.50375,71.35151948299999,69.21097389850999
20200315:0830,557.5,137.9,0.0,48.75,30.33,3.1,0.0,2020-03-15 08:30:00+00:00,695.4,52.06125,61.636274835,59.78718658995
20200315:0930,339.65,134.7,0.0,36.45,30.31,2.97,0.0,2020-03-15 09:30:00+00:00,474.34999999999997,45.1334375,43.423875647187494,42.12115937777187
20200315:1030,178.65,93.95,0.0,23.25,29.71,2.97,0.0,2020-03-15 10:30:00+00:00,272.6,38.228750000000005,25.745413955,24.97305153635
20200315:1130,33.0,45.35,0.0,9.65,28.89,2.62,0.0,2020-03-15 11:30:00+00:00,78.35,31.3384375,7.626421037187499,7.397628406071874
20200315:1230,0.0,0.0,0.0,-4.12,27.76,1.79,0.0,2020-03-15 12:30:00+00:00,0.0,27.76,0.0,0.0
20200315:1330,0.0,0.0,0.0,0.0,26.35,1.72,0.0,2020-03-15 13:30:00+00:00,0.0,26.35,0.0,0.0
20200315:1430,0.0,0.0,0.0,0.0,25.37,1.72,0.0,2020-03-15 14:30:00+00:00,0.0,25.37,0.0,0.0
20200315:1530,0.0,0.0,0.0,0.0,24.67,1.72,0.0,2020-03-15 15:30:00+00:00,0.0,24.67,0.0,0.0
20200315:1630,0.0,0.0,0.0,0.0,24.02,1.66,0.0,2020-03-15 16:30:00+00:00,0.0,24.02,0.0,0.0
20200315:1730,0.0,0.0,0.0,0.0,23.5,1.59,0.0,2020-03-15 17:30:00+00:00,0.0,23.5,0.0,0.0
20200315:1830,0.0,0.0,0.0,0.0,23.02,1.38,0.0,2020-03-15 18:30:00+00:00,0.0,23.02,0.0,0.0
20200315:1930,0.0,0.0,0.0,0.0,22.36,0.76,0.0,2020-03-15 19:30:00+00:00,0.0,22.36,0.0,0.0
20200315:2030,0.0,0.0,0.0,0.0,21.7,1.1,0.0,2020-03-15 20:30:00+00:00,0.0,21.7,0.0,0.0
20200315:2130,0.0,0.0,0.0,0.0,21.28,1.45,0.0,2020-03-15 21:30:00+00:00,0.0,21.28,0.0,0.0
20200315:2230,0.0,0.0,0.0,0.0,21.0,1.59,0.0,2020-03-15 22:30:00+00:00,0.0,21.0,0.0,0.0
20200315:2330,0.0,0.0,0.0,0.0,20.83,1.66,0.0,2020-03-15 23:30:00+00:00,0.0,20.83,0.0,0.0
20200316:0030,13.65,14.51,0.0,2.68,20.73,1.86,0.0,2020-03-16 00:30:00+00:00,28.16,21.61,2.856094208,2.77041138176
20200316:0130,130.75,74.05,0.0,16.4,21.38,1.52,0.0,2020-03-16 01:30:00+00:00,204.8,27.78,20.24087552,19.633649254399998
20200316:0230,280.1,107.65,0.0,29.87,24.07,1.86,0.0,2020-03-16 02:30:00+00:00,387.75,36.1871875,36.953110579687504,35.844517262296876
20200316:0330,493.2,125.8,0.0,42.75,26.08,2.21,0.0,2020-03-16 03:30:00+00:00,619.0,45.42375,56.590233475000005,54.892526470750006
20200316:0430,628.86,140.7,0.0,54.36,28.07,2.55,0.0,2020-03-16 04:30:00+00:00,769.56,52.11875,68.190807795,66.14508356115
20200316:0530,691.26,168.25,0.0,62.9,29.51,2.21,0.0,2020-03-16 05:30:00+00:00,859.51,56.3696875,74.6267247566875,72.38792301398686
20200316:0630,530.6,215.1,0.0,65.01,30.52,2.0,0.0,2020-03-16 06:30:00+00:00,745.7,53.823125000000005,65.54277018875001,63.57648708308751
20200316:0730,576.15,158.35,0.0,59.31,30.87,1.72,0.0,2020-03-16 07:30:00+00:00,734.5,53.823125000000005,64.55835416875,62.6216035436875
20200316:0830,496.0,169.15,0.0,48.95,31.19,1.86,0.0,2020-03-16 08:30:00+00:00,665.15,51.9759375,58.978921172187505,57.209553537021876
20200316:0930,259.8,155.7,0.0,36.59,31.36,2.07,0.0,2020-03-16 09:30:00+00:00,415.5,44.344375,38.17421311875,37.028986725187494
20200316:1030,135.8,106.4,0.0,23.36,30.96,2.21,0.0,2020-03-16 10:30:00+00:00,242.20000000000002,38.52875,22.843801435000003,22.158487391950004
20200316:1130,33.85,37.8,0.0,9.74,28.85,1.93,0.0,2020-03-16 11:30:00+00:00,71.65,31.0890625,6.981761842187501,6.7723089869218756
20200316:1230,0.0,0.0,0.0,-4.04,28.05,1.45,0.0,2020-03-16 12:30:00+00:00,0.0,28.05,0.0,0.0
20200316:1330,0.0,0.0,0.0,0.0,26.96,1.31,0.0,2020-03-16 13:30:00+00:00,0.0,26.96,0.0,0.0
20200316:1430,0.0,0.0,0.0,0.0,26.15,1.38,0.0,2020-03-16 14:30:00+00:00,0.0,26.15,0.0,0.0
20200316:1530,0.0,0.0,0.0,0.0,25.52,1.38,0.0,2020-03-16 15:30:00+00:00,0.0,25.52,0.0,0.0
20200316:1630,0.0,0.0,0.0,0.0,24.84,1.17,0.0,2020-03-16 16:30:00+00:00,0.0,24.84,0.0,0.0
20200316:1730,0.0,0.0,0.0,0.0,24.0,1.1,0.0,2020-03-16 17:30:00+00:00,0.0,24.0,0.0,0.0
20200316:1830,0.0,0.0,0.0,0.0,23.55,0.9,0.0,2020-03-16 18:30:00+00:00,0.0,23.55,0.0,0.0
20200316:1930,0.0,0.0,0.0,0.0,23.02,0.97,0.0,2020-03-16 19:30:00+00:00,0.0,23.02,0.0,0.0
20200316:2030,0.0,0.0,0.0,0.0,22.23,1.24,0.0,2020-03-16 20:30:00+00:00,0.0,22.23,0.0,0.0
20200316:2130,0.0,0.0,0.0,0.0,21.99,1.17,0.0,2020-03-16 21:30:00+00:00,0.0,21.99,0.0,0.0
20200316:2230,0.0,0.0,0.0,0.0,21.58,1.38,0.0,2020-03-16 22:30:00+00:00,0.0,21.58,0.0,0.0
20200316:2330,0.0,0.0,0.0,0.0,21.13,1.38,0.0,2020-03-16 23:30:00+00:00,0.0,21.13,0.0,0.0
20200317:0030,12.65,14.66,0.0,2.9,20.72,1.45,0.0,2020-03-17 00:30:00+00:00,27.310000000000002,21.573437499999997,2.7703033571874998,2.6871942564718747
20200317:0130,126.2,72.1,0.0,16.63,21.08,1.03,0.0,2020-03-17 01:30:00+00:00,198.3,27.276874999999997,19.640368188750003,19.0511571430875
20200317:0230,262.05,136.25,0.0,30.12,24.35,1.1,0.0,2020-03-17 02:30:00+00:00,398.3,36.796875,37.85654796875,36.7208515296875
20200317:0330,470.9,137.3,0.0,43.04,26.73,1.31,0.0,2020-03-17 03:30:00+00:00,608.2,45.73625,55.523049355000005,53.85735787435
20200317:0430,625.45,152.05,0.0,54.69,28.59,1.17,0.0,2020-03-17 04:30:00+00:00,777.5,52.886875,68.64354096875,66.5842347396875
20200317:0530,633.1,182.85,0.0,63.3,29.89,0.69,0.0,2020-03-17 05:30:00+00:00,815.95,55.3884375,71.18091285718751,69.04548547147188
20200317:0630,603.4,176.65,0.0,65.39,30.68,0.28,0.0,2020-03-17 06:30:00+00:00,780.05,55.0565625,68.1578389371875,66.11310376907188
20200317:0730,429.3,249.2,0.0,59.59,30.81,0.9,0.0,2020-03-17 07:30:00+00:00,678.5,52.013125,60.152069768749996,58.347507675687496
20200317:0830,500.35,149.9,0.0,49.14,31.13,0.97,0.0,2020-03-17 08:30:00+00:00,650.25,51.450312499999995,57.80128740468751,56.06724878254688
20200317:0930,367.1,117.2,0.0,36.72,31.41,1.17,0.0,2020-03-17 09:30:00+00:00,484.3,46.544375,44.04774485875,42.7263125129875
20200317:1030,154.25,84.3,0.0,23.47,31.25,1.52,0.0,2020-03-17 10:30:00+00:00,238.55,38.7046875,22.481913654687503,21.80745624504688
20200317:1130,43.3,39.6,0.0,9.84,30.68,1.03,0.0,2020-03-17 11:30:00+00:00,82.9,33.270625,8.002033378750001,7.761972377387501
20200317:1230,0.0,0.0,0.0,-3.95,29.77,0.14,0.0,2020-03-17 12:30:00+00:00,0.0,29.77,0.0,0.0
20200317:1330,0.0,0.0,0.0,0.0,28.5,0.62,0.0,2020-03-17 13:30:00+00:00,0.0,28.5,0.0,0.0
20200317:1430,0.0,0.0,0.0,0.0,26.78,0.83,0.0,2020-03-17 14:30:00+00:00,0.0,26.78,0.0,0.0
20200317:1530,0.0,0.0,0.0,0.0,26.21,0.69,0.0,2020-03-17 15:30:00+00:00,0.0,26.21,0.0,0.0
20200317:1630,0.0,0.0,0.0,0.0,24.1,1.31,0.0,2020-03-17 16:30:00+00:00,0.0,24.1,0.0,0.0
20200317:1730,0.0,0.0,0.0,0.0,23.16,1.66,0.0,2020-03-17 17:30:00+00:00,0.0,23.16,0.0,0.0
20200317:1830,0.0,0.0,0.0,0.0,22.51,1.66,0.0,2020-03-17 18:30:00+00:00,0.0,22.51,0.0,0.0
20200317:1930,0.0,0.0,0.0,0.0,22.51,1.52,0.0,2020-03-17 19:30:00+00:00,0.0,22.51,0.0,0.0
20200317:2030,0.0,0.0,0.0,0.0,22.08,1.17,0.0,2020-03-17 20:30:00+00:00,0.0,22.08,0.0,0.0
20200317:2130,0.0,0.0,0.0,0.0,21.94,1.17,0.0,2020-03-17 21:30:00+00:00,0.0,21.94,0.0,0.0
20200317:2230,0.0,0.0,0.0,0.0,21.92,1.31,0.0,2020-03-17 22:30:00+00:00,0.0,21.92,0.0,0.0
20200317:2330,0.0,0.0,0.0,0.0,21.93,1.24,0.0,2020-03-17 23:30:00+00:00,0.0,21.93,0.0,0.0
20200318:0030,9.55,17.42,0.0,3.12,21.82,1.31,0.0,2020-03-18 00:30:00+00:00,26.970000000000002,22.6628125,2.7234742576875,2.641770029956875
20200318:0130,98.65,81.65,0.0,16.86,21.82,1.17,0.0,2020-03-18 01:30:00+00:00,180.3,27.454375,17.844139998750002,17.308815798787503
20200318:0230,247.25,137.6,0.0,30.37,24.17,1.38,0.0,2020-03-18 02:30:00+00:00,384.85,36.1965625,36.6752212271875,35.57496459037187
20200318:0330,476.9,139.2,0.0,43.32,26.4,1.86,0.0,2020-03-18 03:30:00+00:00,616.0999999999999,45.653124999999996,56.265756068749994,54.57778338668749
20200318:0430,605.0,159.25,0.0,55.02,28.3,2.07,0.0,2020-03-18 04:30:00+00:00,764.25,52.1828125,67.6997249296875,65.66873318179688
20200318:0530,663.01,163.35,0.0,63.69,29.51,1.66,0.0,2020-03-18 05:30:00+00:00,826.36,55.33375,72.108028987,69.94478811738999
20200318:0630,556.45,201.8,0.0,65.77,30.47,1.31,0.0,2020-03-18 06:30:00+00:00,758.25,54.1653125,66.5368687546875,64.54076269204688
20200318:0730,398.55,235.0,0.0,59.87,31.33,1.86,0.0,2020-03-18 07:30:00+00:00,633.55,51.1284375,56.40245793718749,54.71038419907187
20200318:0830,503.75,165.05,0.0,49.32,31.61,2.07,0.0,2020-03-18 08:30:00+00:00,668.8,52.51,59.15255103999999,57.37797450879999
20200318:0930,415.5,119.7,0.0,36.86,31.97,2.0,0.0,2020-03-18 09:30:00+00:00,535.2,48.695,48.19374312,46.7479308264
20200318:1030,223.95,90.8,0.0,23.58,31.89,2.21,0.0,2020-03-18 10:30:00+00:00,314.75,41.7259375,29.263914692187498,28.385997251421873
20200318:1130,55.05,48.9,0.0,9.93,31.4,2.0,0.0,2020-03-18 11:30:00+00:00,103.94999999999999,34.6484375,9.9737588671875,9.674546101171876
20200318:1230,0.0,0.0,0.0,-3.86,30.18,1.31,0.0,2020-03-18 12:30:00+00:00,0.0,30.18,0.0,0.0
20200318:1330,0.0,0.0,0.0,0.0,28.59,1.31,0.0,2020-03-18 13:30:00+00:00,0.0,28.59,0.0,0.0
20200318:1430,0.0,0.0,0.0,0.0,26.86,1.45,0.0,2020-03-18 14:30:00+00:00,0.0,26.86,0.0,0.0
20200318:1530,0.0,0.0,0.0,0.0,25.2,1.59,0.0,2020-03-18 15:30:00+00:00,0.0,25.2,0.0,0.0
20200318:1630,0.0,0.0,0.0,0.0,24.01,2.14,0.0,2020-03-18 16:30:00+00:00,0.0,24.01,0.0,0.0
20200318:1730,0.0,0.0,0.0,0.0,23.17,2.28,0.0,2020-03-18 17:30:00+00:00,0.0,23.17,0.0,0.0
20200318:1830,0.0,0.0,0.0,0.0,22.54,2.21,0.0,2020-03-18 18:30:00+00:00,0.0,22.54,0.0,0.0
20200318:1930,0.0,0.0,0.0,0.0,21.82,1.86,0.0,2020-03-18 19:30:00+00:00,0.0,21.82,0.0,0.0
20200318:2030,0.0,0.0,0.0,0.0,21.09,1.86,0.0,2020-03-18 20:30:00+00:00,0.0,21.09,0.0,0.0
20200318:2130,0.0,0.0,0.0,0.0,20.35,1.86,0.0,2020-03-18 21:30:00+00:00,0.0,20.35,0.0,0.0
20200318:2230,0.0,0.0,0.0,0.0,19.72,1.72,0.0,2020-03-18 22:30:00+00:00,0.0,19.72,0.0,0.0
20200318:2330,0.0,0.0,0.0,0.0,19.17,1.59,0.0,2020-03-18 23:30:00+00:00,0.0,19.17,0.0,0.0
20200319:0030,8.55,24.27,0.0,3.35,18.64,1.45,0.0,2020-03-19 00:30:00+00:00,32.82,19.665625000000002,3.3555311587500003,3.2548652239875002
20200319:0130,118.5,98.0,0.0,17.1,19.61,0.97,0.0,2020-03-19 01:30:00+00:00,216.5,26.375625,21.524914418749997,20.879166986187496
20200319:0230,285.65,149.3,0.0,30.61,23.6,0.62,0.0,2020-03-19 02:30:00+00:00,434.95,37.1921875,41.2677433796875,40.02971107829688
20200319:0330,526.2,138.2,0.0,43.6,26.75,0.69,0.0,2020-03-19 03:30:00+00:00,664.4000000000001,47.5125,60.15793190000001,58.35319394300001
20200319:0430,654.16,164.0,0.0,55.35,28.8,0.48,0.0,2020-03-19 04:30:00+00:00,818.16,54.3675,71.724528204,69.57279235787999
20200319:0530,713.66,187.0,0.0,64.08,30.14,0.9,0.0,2020-03-19 05:30:00+00:00,900.66,58.285624999999996,77.47480697475001,75.1505627655075
20200319:0630,657.41,239.25,0.0,66.15,31.19,1.31,0.0,2020-03-19 06:30:00+00:00,896.66,59.210625,76.78237441475,74.47890318230749
20200319:0730,581.55,234.2,0.0,60.14,31.75,1.17,0.0,2020-03-19 07:30:00+00:00,815.75,57.2421875,70.5283429296875,68.41249264179687
20200319:0830,441.2,237.65,0.0,49.51,32.16,1.17,0.0,2020-03-19 08:30:00+00:00,678.85,53.374062499999994,59.79507242218751,58.001220249521886
20200319:0930,295.05,195.25,0.0,36.99,32.3,1.31,0.0,2020-03-19 09:30:00+00:00,490.3,47.621874999999996,44.371567768750005,43.040420735687505
20200319:1030,146.4,133.3,0.0,23.68,32.1,1.38,0.0,2020-03-19 10:30:00+00:00,279.70000000000005,40.840625,26.109138418750007,25.325864266187505
20200319:1130,13.05,57.95,0.0,10.02,31.55,0.76,0.0,2020-03-19 11:30:00+00:00,71.0,33.76875,6.838515875,6.63336039875
20200319:1230,0.0,0.0,0.0,-3.78,30.24,0.55,0.0,2020-03-19 12:30:00+00:00,0.0,30.24,0.0,0.0
20200319:1330,0.0,0.0,0.0,0.0,28.84,1.52,0.0,2020-03-19 13:30:00+00:00,0.0,28.84,0.0,0.0
20200319:1430,0.0,0.0,0.0,0.0,27.28,2.0,0.0,2020-03-19 14:30:00+00:00,0.0,27.28,0.0,0.0
20200319:1530,0.0,0.0,0.0,0.0,26.13,2.14,0.0,2020-03-19 15:30:00+00:00,0.0,26.13,0.0,0.0
20200319:1630,0.0,0.0,0.0,0.0,25.21,2.34,0.0,2020-03-19 16:30:00+00:00,0.0,25.21,0.0,0.0
20200319:1730,0.0,0.0,0.0,0.0,24.55,2.34,0.0,2020-03-19 17:30:00+00:00,0.0,24.55,0.0,0.0
20200319:1830,0.0,0.0,0.0,0.0,23.98,2.28,0.0,2020-03-19 18:30:00+00:00,0.0,23.98,0.0,0.0
20200319:1930,0.0,0.0,0.0,0.0,23.75,2.48,0.0,2020-03-19 19:30:00+00:00,0.0,23.75,0.0,0.0
20200319:2030,0.0,0.0,0.0,0.0,23.45,2.41,0.0,2020-03-19 20:30:00+00:00,0.0,23.45,0.0,0.0
20200319:2130,0.0,0.0,0.0,0.0,23.1,2.21,0.0,2020-03-19 21:30:00+00:00,0.0,23.1,0.0,0.0
20200319:2230,0.0,0.0,0.0,0.0,22.66,2.07,0.0,2020-03-19 22:30:00+00:00,0.0,22.66,0.0,0.0
20200319:2330,0.0,0.0,0.0,0.0,22.29,2.0,0.0,2020-03-19 23:30:00+00:00,0.0,22.29,0.0,0.0
20200320:0030,16.05,17.81,0.0,3.57,21.94,1.93,0.0,2020-03-20 00:30:00+00:00,33.86,22.998125,3.4144690647500004,3.3120349928075004
20200320:0130,94.85,107.6,0.0,17.33,22.1,1.52,0.0,2020-03-20 01:30:00+00:00,202.45,28.426562500000003,19.953642817187497,19.35503353267187
20200320:0230,279.8,149.0,0.0,30.86,24.53,1.72,0.0,2020-03-20 02:30:00+00:00,428.8,37.93,40.55135872,39.3348179584
20200320:0330,475.95,164.0,0.0,43.88,27.23,1.93,0.0,2020-03-20 03:30:00+00:00,639.95,47.2284375,58.020462797187506,56.27984891327188
20200320:0430,602.3,193.2,0.0,55.68,29.69,2.28,0.0,2020-03-20 04:30:00+00:00,795.5,54.549375,69.67725831874999,67.58694056918749
20200320:0530,663.7,183.5,0.0,64.47,31.3,2.21,0.0,2020-03-20 05:30:00+00:00,847.2,57.775000000000006,73.0578684,70.86613234800001
20200320:0630,717.36,150.1,0.0,66.53,32.15,2.41,0.0,2020-03-20 06:30:00+00:00,867.46,59.258125,74.26462769275,72.03668886196749
20200320:0730,530.1,180.9,0.0,60.41,31.95,2.97,0.0,2020-03-20 07:30:00+00:00,711.0,54.16875,62.389627875,60.51793903875
20200320:0830,461.9,142.85,0.0,49.69,32.04,2.83,0.0,2020-03-20 08:30:00+00:00,604.75,50.9384375,53.8867665671875,52.270163570171874
20200320:0930,328.1,129.0,0.0,37.12,32.1,2.83,0.0,2020-03-20 09:30:00+00:00,457.1,46.384375000000006,41.60458491875,40.3564473711875
20200320:1030,204.45,87.85,0.0,23.78,31.9,2.69,0.0,2020-03-20 10:30:00+00:00,292.29999999999995,41.034375,27.261523918749994,26.443678201187492
20200320:1130,60.45,46.2,0.0,10.1,31.32,2.0,0.0,2020-03-20 11:30:00+00:00,106.65,34.6528125,10.2326215696875,9.925642922596875
20200320:1230,0.0,0.0,0.0,-3.69,29.96,1.52,0.0,2020-03-20 12:30:00+00:00,0.0,29.96,0.0,0.0
20200320:1330,0.0,0.0,0.0,0.0,28.07,1.66,0.0,2020-03-20 13:30:00+00:00,0.0,28.07,0.0,0.0
20200320:1430,0.0,0.0,0.0,0.0,26.42,2.0,0.0,2020-03-20 14:30:00+00:00,0.0,26.42,0.0,0.0
20200320:1530,0.0,0.0,0.0,0.0,25.13,2.21,0.0,2020-03-20 15:30:00+00:00,0.0,25.13,0.0,0.0
20200320:1630,0.0,0.0,0.0,0.0,24.2,2.07,0.0,2020-03-20 16:30:00+00:00,0.0,24.2,0.0,0.0
20200320:1730,0.0,0.0,0.0,0.0,23.35,1.79,0.0,2020-03-20 17:30:00+00:00,0.0,23.35,0.0,0.0
20200320:1830,0.0,0.0,0.0,0.0,22.39,1.59,0.0,2020-03-20 18:30:00+00:00,0.0,22.39,0.0,0.0
20200320:1930,0.0,0.0,0.0,0.0,22.19,1.03,0.0,2020-03-20 19:30:00+00:00,0.0,22.19,0.0,0.0
20200320:2030,0.0,0.0,0.0,0.0,20.97,1.31,0.0,2020-03-20 20:30:00+00:00,0.0,20.97,0.0,0.0
20200320:2130,0.0,0.0,0.0,0.0,20.6,1.31,0.0,2020-03-20 21:30:00+00:00,0.0,20.6,0.0,0.0
20200320:2230,0.0,0.0,0.0,0.0,20.98,1.03,0.0,2020-03-20 22:30:00+00:00,0.0,20.98,0.0,0.0
20200320:2330,0.0,0.0,0.0,0.0,20.87,0.97,0.0,2020-03-20 23:30:00+00:00,0.0,20.87,0.0,0.0
20200321:0030,9.8,25.75,0.0,3.8,19.97,1.17,0.0,2020-03-21 00:30:00+00:00,35.55,21.080937499999997,3.6135155221874995,3.5051100565218745
20200321:0130,91.55,115.35,0.0,17.56,20.23,1.1,0.0,2020-03-21 01:30:00+00:00,206.89999999999998,26.695625,20.54265357875,19.9263739713875
20200321:0230,322.9,129.2,0.0,31.11,24.5,0.9,0.0,2020-03-21 02:30:00+00:00,452.09999999999997,38.628125,42.622264368749995,41.343596437687495
20200321:0330,536.7,132.1,0.0,44.16,28.04,1.31,0.0,2020-03-21 03:30:00+00:00,668.8000000000001,48.94,60.15534976000001,58.3506892672
20200321:0430,696.86,136.15,0.0,56.01,30.55,1.86,0.0,2020-03-21 04:30:00+00:00,833.01,56.581562500000004,72.2517419011875,70.08418964415188
20200321:0530,746.91,159.45,0.0,64.87,31.98,1.52,0.0,2020-03-21 05:30:00+00:00,906.3599999999999,60.303749999999994,77.196879123,74.88097274931
20200321:0630,683.26,211.1,0.0,66.91,32.91,1.24,0.0,2020-03-21 06:30:00+00:00,894.36,60.85875,75.966334707,73.68734466579
20200321:0730,577.9,192.5,0.0,60.68,33.23,2.07,0.0,2020-03-21 07:30:00+00:00,770.4,57.30499999999999,66.58713576,64.58952168719999
20200321:0830,466.45,191.25,0.0,49.87,33.44,1.86,0.0,2020-03-21 08:30:00+00:00,657.7,53.993125,57.76111310875001,56.02827971548751
20200321:0930,274.05,145.05,0.0,37.25,33.28,1.52,0.0,2020-03-21 09:30:00+00:00,419.1,46.376875,38.14719970875,37.0027837174875
20200321:1030,117.75,132.1,0.0,23.88,32.14,2.97,0.0,2020-03-21 10:30:00+00:00,249.85,39.9478125,23.4164213996875,22.713928757696873
20200321:1130,19.0,54.35,0.0,10.19,27.79,4.0,0.0,2020-03-21 11:30:00+00:00,73.35,30.0821875,7.1784330496874995,6.963080058196875
20200321:1230,0.0,0.0,0.0,-3.61,25.22,1.79,0.0,2020-03-21 12:30:00+00:00,0.0,25.22,0.0,0.0
20200321:1330,0.0,0.0,0.0,0.0,23.9,1.79,0.0,2020-03-21 13:30:00+00:00,0.0,23.9,0.0,0.0
20200321:1430,0.0,0.0,0.0,0.0,23.35,1.79,0.0,2020-03-21 14:30:00+00:00,0.0,23.35,0.0,0.0
20200321:1530,0.0,0.0,0.0,0.0,23.13,1.1,0.0,2020-03-21 15:30:00+00:00,0.0,23.13,0.0,0.0
20200321:1630,0.0,0.0,0.0,0.0,22.3,2.07,0.0,2020-03-21 16:30:00+00:00,0.0,22.3,0.0,0.0
20200321:1730,0.0,0.0,0.0,0.0,21.86,1.66,0.0,2020-03-21 17:30:00+00:00,0.0,21.86,0.0,0.0
20200321:1830,0.0,0.0,0.0,0.0,21.38,1.72,0.0,2020-03-21 18:30:00+00:00,0.0,21.38,0.0,0.0
20200321:1930,0.0,0.0,0.0,0.0,20.86,1.86,0.0,2020-03-21 19:30:00+00:00,0.0,20.86,0.0,0.0
20200321:2030,0.0,0.0,0.0,0.0,20.57,1.66,0.0,2020-03-21 20:30:00+00:00,0.0,20.57,0.0,0.0
20200321:2130,0.0,0.0,0.0,0.0,20.26,1.38,0.0,2020-03-21 21:30:00+00:00,0.0,20.26,0.0,0.0
20200321:2230,0.0,0.0,0.0,0.0,20.09,0.69,0.0,2020-03-21 22:30:00+00:00,0.0,20.09,0.0,0.0
20200321:2330,0.0,0.0,0.0,0.0,19.91,1.03,0.0,2020-03-21 23:30:00+00:00,0.0,19.91,0.0,0.0
20200322:0030,12.0,18.92,0.0,4.02,19.65,0.97,0.0,2020-03-22 00:30:00+00:00,30.92,20.616249999999997,3.148929131000001,3.0544612570700007
20200322:0130,94.05,93.6,0.0,17.79,20.53,0.34,0.0,2020-03-22 01:30:00+00:00,187.64999999999998,26.3940625,18.6551297521875,18.095475859621875
20200322:0230,203.1,153.5,0.0,31.36,22.31,0.48,0.0,2020-03-22 02:30:00+00:00,356.6,33.45375,34.393864955000005,33.362049006350006
20200322:0330,329.3,204.75,0.0,44.43,24.2,1.03,0.0,2020-03-22 03:30:00+00:00,534.05,40.889062499999994,49.8410673921875,48.345835370421874
20200322:0430,424.65,198.05,0.0,56.34,26.2,1.93,0.0,2020-03-22 04:30:00+00:00,622.7,45.659375,56.866871018750004,55.160864888187504
20200322:0530,432.95,217.4,0.0,65.26,27.53,1.93,0.0,2020-03-22 05:30:00+00:00,650.35,47.8534375,58.7926521071875,57.02887254397187
20200322:0630,400.15,261.6,0.0,67.29,28.63,1.59,0.0,2020-03-22 06:30:00+00:00,661.75,49.309687499999995,59.4184870046875,57.63593239454687
20200322:0730,184.15,304.2,0.0,60.94,25.59,3.52,0.0,2020-03-22 07:30:00+00:00,488.35,40.8509375,45.5838617621875,44.21634590932187
20200322:0830,375.75,190.15,0.0,50.04,25.12,2.07,0.0,2020-03-22 08:30:00+00:00,565.9,42.804375,52.35829175875,50.787543005987494
20200322:0930,271.05,167.55,0.0,37.37,26.5,1.31,0.0,2020-03-22 09:30:00+00:00,438.6,40.20625,41.05882627500001,39.827061486750004
20200322:1030,165.0,88.0,0.0,23.98,26.74,1.38,0.0,2020-03-22 10:30:00+00:00,253.0,34.646249999999995,24.274989475,23.54673979075
20200322:1130,44.85,50.95,0.0,10.28,26.35,1.52,0.0,2020-03-22 11:30:00+00:00,95.80000000000001,29.34375,9.405224875000002,9.12306812875
20200322:1230,0.0,0.0,0.0,-3.53,24.43,1.31,0.0,2020-03-22 12:30:00+00:00,0.0,24.43,0.0,0.0
20200322:1330,0.0,0.0,0.0,0.0,23.41,0.83,0.0,2020-03-22 13:30:00+00:00,0.0,23.41,0.0,0.0
20200322:1430,0.0,0.0,0.0,0.0,22.65,0.28,0.0,2020-03-22 14:30:00+00:00,0.0,22.65,0.0,0.0
20200322:1530,0.0,0.0,0.0,0.0,22.2,0.76,0.0,2020-03-22 15:30:00+00:00,0.0,22.2,0.0,0.0
20200322:1630,0.0,0.0,0.0,0.0,21.61,0.9,0.0,2020-03-22 16:30:00+00:00,0.0,21.61,0.0,0.0
20200322:1730,0.0,0.0,0.0,0.0,20.94,0.9,0.0,2020-03-22 17:30:00+00:00,0.0,20.94,0.0,0.0
20200322:1830,0.0,0.0,0.0,0.0,20.31,1.1,0.0,2020-03-22 18:30:00+00:00,0.0,20.31,0.0,0.0
20200322:1930,0.0,0.0,0.0,0.0,20.27,1.31,0.0,2020-03-22 19:30:00+00:00,0.0,20.27,0.0,0.0
20200322:2030,0.0,0.0,0.0,0.0,19.81,1.38,0.0,2020-03-22 20:30:00+00:00,0.0,19.81,0.0,0.0
20200322:2130,0.0,0.0,0.0,0.0,19.39,1.45,0.0,2020-03-22 21:30:00+00:00,0.0,19.39,0.0,0.0
20200322:2230,0.0,0.0,0.0,0.0,19.12,1.52,0.0,2020-03-22 22:30:00+00:00,0.0,19.12,0.0,0.0
20200322:2330,0.0,0.0,0.0,0.0,19.03,1.66,0.0,2020-03-22 23:30:00+00:00,0.0,19.03,0.0,0.0
20200323:0030,19.7,19.85,0.0,4.25,18.97,1.66,0.0,2020-03-23 00:30:00+00:00,39.55,20.205937499999997,4.0346341721875,3.913595147021875
20200323:0130,138.0,85.75,0.0,18.02,19.46,1.38,0.0,2020-03-23 01:30:00+00:00,223.75,26.4521875,22.2385306796875,21.571374759296873
20200323:0230,310.15,127.65,0.0,31.61,22.34,1.31,0.0,2020-03-23 02:30:00+00:00,437.79999999999995,36.021249999999995,41.753456635,40.50085293595
20200323:0330,534.35,135.1,0.0,44.71,24.66,1.45,0.0,2020-03-23 03:30:00+00:00,669.45,45.580312500000005,61.15845411468751,59.32370049124688
20200323:0430,666.0,156.2,0.0,56.67,26.49,1.17,0.0,2020-03-23 04:30:00+00:00,822.2,52.18375,72.832798715,70.64781475355
20200323:0530,724.71,175.65,0.0,65.65,28.0,1.03,0.0,2020-03-23 05:30:00+00:00,900.36,56.136250000000004,78.261789699,75.91393600803
20200323:0630,663.2,220.5,0.0,67.66,29.14,0.97,0.0,2020-03-23 06:30:00+00:00,883.7,56.755625,76.58377275875002,74.28625957598751
20200323:0730,632.6,146.05,0.0,61.2,29.93,0.97,0.0,2020-03-23 07:30:00+00:00,778.6500000000001,54.2628125,68.2950946396875,66.24624180049688
20200323:0830,460.7,161.95,0.0,50.21,30.25,0.97,0.0,2020-03-23 08:30:00+00:00,622.65,49.7078125,55.80358582968749,54.129478254796865
20200323:0930,341.9,126.35,0.0,37.49,30.25,1.1,0.0,2020-03-23 09:30:00+00:00,468.25,44.8828125,42.914746679687504,41.62730427929688
20200323:1030,140.75,86.35,0.0,24.07,30.04,1.31,0.0,2020-03-23 10:30:00+00:00,227.1,37.136874999999996,21.552360588750002,20.905789771087502
20200323:1130,46.0,39.5,0.0,10.36,28.7,1.1,0.0,2020-03-23 11:30:00+00:00,85.5,31.371875,8.321185968750001,8.0715503896875
20200323:1230,0.0,0.0,0.0,-3.44,27.98,0.55,0.0,2020-03-23 12:30:00+00:00,0.0,27.98,0.0,0.0
20200323:1330,0.0,0.0,0.0,0.0,26.44,1.93,0.0,2020-03-23 13:30:00+00:00,0.0,26.44,0.0,0.0
20200323:1430,0.0,0.0,0.0,0.0,25.45,2.14,0.0,2020-03-23 14:30:00+00:00,0.0,25.45,0.0,0.0
20200323:1530,0.0,0.0,0.0,0.0,24.56,2.14,0.0,2020-03-23 15:30:00+00:00,0.0,24.56,0.0,0.0
20200323:1630,0.0,0.0,0.0,0.0,23.95,1.86,0.0,2020-03-23 16:30:00+00:00,0.0,23.95,0.0,0.0
20200323:1730,0.0,0.0,0.0,0.0,23.43,1.72,0.0,2020-03-23 17:30:00+00:00,0.0,23.43,0.0,0.0
20200323:1830,0.0,0.0,0.0,0.0,23.06,1.79,0.0,2020-03-23 18:30:00+00:00,0.0,23.06,0.0,0.0
20200323:1930,0.0,0.0,0.0,0.0,22.79,1.79,0.0,2020-03-23 19:30:00+00:00,0.0,22.79,0.0,0.0
20200323:2030,0.0,0.0,0.0,0.0,22.32,1.59,0.0,2020-03-23 20:30:00+00:00,0.0,22.32,0.0,0.0
20200323:2130,0.0,0.0,0.0,0.0,21.83,1.24,0.0,2020-03-23 21:30:00+00:00,0.0,21.83,0.0,0.0
20200323:2230,0.0,0.0,0.0,0.0,21.56,1.03,0.0,2020-03-23 22:30:00+00:00,0.0,21.56,0.0,0.0
20200323:2330,0.0,0.0,0.0,0.0,20.83,1.31,0.0,2020-03-23 23:30:00+00:00,0.0,20.83,0.0,0.0
20200324:0030,15.8,21.02,0.0,4.48,20.51,1.45,0.0,2020-03-24 00:30:00+00:00,36.82,21.660625000000003,3.7336414307499997,3.6216321878274997
20200324:0130,119.15,92.35,0.0,18.25,21.46,1.03,0.0,2020-03-24 01:30:00+00:00,211.5,28.069375,20.87734741875,20.2510269961875
20200324:0230,249.55,144.15,0.0,31.85,24.62,1.52,0.0,2020-03-24 02:30:00+00:00,393.70000000000005,36.923125,37.398463588750005,36.276509681087504
20200324:0330,430.85,181.65,0.0,44.99,26.51,1.1,0.0,2020-03-24 03:30:00+00:00,612.5,45.650625000000005,55.93762671875,54.2594979171875
20200324:0430,627.4,153.95,0.0,57.0,28.23,0.69,0.0,2020-03-24 04:30:00+00:00,781.3499999999999,52.6471875,69.06210541968748,66.99024225709685
20200324:0530,649.7,157.6,0.0,66.04,29.64,0.55,0.0,2020-03-24 05:30:00+00:00,807.3000000000001,54.868125000000006,70.60273432875,68.4846522988875
20200324:0630,593.8,162.0,0.0,68.03,30.66,0.83,0.0,2020-03-24 06:30:00+00:00,755.8,54.27875,66.285870715,64.29729459355
20200324:0730,377.5,244.55,0.0,61.46,30.68,0.69,0.0,2020-03-24 07:30:00+00:00,622.05,50.1190625,55.6423686121875,53.97309755382187
20200324:0830,423.95,163.35,0.0,50.38,31.04,1.17,0.0,2020-03-24 08:30:00+00:00,587.3,49.393125,52.71304542874999,51.13165406588749
20200324:0930,257.4,123.7,0.0,37.61,31.08,1.52,0.0,2020-03-24 09:30:00+00:00,381.09999999999997,42.989374999999995,35.23058465875,34.173667118987495
20200324:1030,123.65,98.4,0.0,24.17,30.72,1.31,0.0,2020-03-24 10:30:00+00:00,222.05,37.6590625,21.024403172187505,20.393671077021878
20200324:1130,44.1,43.95,0.0,10.44,30.22,0.83,0.0,2020-03-24 11:30:00+00:00,88.05000000000001,32.9715625,8.510203647187502,8.254897537771877
20200324:1230,0.0,0.0,0.0,-3.36,28.86,2.0,0.0,2020-03-24 12:30:00+00:00,0.0,28.86,0.0,0.0
20200324:1330,0.0,0.0,0.0,0.0,26.65,2.41,0.0,2020-03-24 13:30:00+00:00,0.0,26.65,0.0,0.0
20200324:1430,0.0,0.0,0.0,0.0,25.35,2.21,0.0,2020-03-24 14:30:00+00:00,0.0,25.35,0.0,0.0
20200324:1530,0.0,0.0,0.0,0.0,24.34,1.86,0.0,2020-03-24 15:30:00+00:00,0.0,24.34,0.0,0.0
20200324:1630,0.0,0.0,0.0,0.0,23.62,1.66,0.0,2020-03-24 16:30:00+00:00,0.0,23.62,0.0,0.0
20200324:1730,0.0,0.0,0.0,0.0,22.95,1.59,0.0,2020-03-24 17:30:00+00:00,0.0,22.95,0.0,0.0
20200324:1830,0.0,0.0,0.0,0.0,22.26,1.31,0.0,2020-03-24 18:30:00+00:00,0.0,22.26,0.0,0.0
20200324:1930,0.0,0.0,0.0,0.0,22.5,0.69,0.0,2020-03-24 19:30:00+00:00,0.0,22.5,0.0,0.0
20200324:2030,0.0,0.0,0.0,0.0,22.24,0.69,0.0,2020-03-24 20:30:00+00:00,0.0,22.24,0.0,0.0
20200324:2130,0.0,0.0,0.0,0.0,20.85,1.17,0.0,2020-03-24 21:30:00+00:00,0.0,20.85,0.0,0.0
20200324:2230,0.0,0.0,0.0,0.0,20.26,1.38,0.0,2020-03-24 22:30:00+00:00,0.0,20.26,0.0,0.0
20200324:2330,0.0,0.0,0.0,0.0,20.3,1.1,0.0,2020-03-24 23:30:00+00:00,0.0,20.3,0.0,0.0
20200325:0030,5.45,25.6,0.0,4.7,20.62,0.55,0.0,2020-03-25 00:30:00+00:00,31.05,21.5903125,3.1494657346875,3.0549817626468747
20200325:0130,37.05,117.2,0.0,18.49,21.48,0.41,0.0,2020-03-25 01:30:00+00:00,154.25,26.3003125,15.3407592546875,14.880536477046874
20200325:0230,198.7,186.0,0.0,32.1,23.04,0.62,0.0,2020-03-25 02:30:00+00:00,384.7,35.061875,36.84426260874999,35.73893473048749
20200325:0330,455.5,160.8,0.0,45.26,25.63,0.62,0.0,2020-03-25 03:30:00+00:00,616.3,44.889375,56.48171483875,54.7872633935875
20200325:0430,662.4,148.45,0.0,57.32,28.28,0.9,0.0,2020-03-25 04:30:00+00:00,810.8499999999999,53.6190625,71.3385779321875,69.19842059422187
20200325:0530,568.15,202.95,0.0,66.43,29.93,0.62,0.0,2020-03-25 05:30:00+00:00,771.0999999999999,54.026875,67.70929820874998,65.67801926248748
20200325:0630,542.9,202.55,0.0,68.41,30.75,0.62,0.0,2020-03-25 06:30:00+00:00,745.45,54.0453125,65.4512321546875,63.48769519004688
20200325:0730,500.5,185.35,0.0,61.71,31.62,1.24,0.0,2020-03-25 07:30:00+00:00,685.85,53.0528125,60.50419098968751,58.68906525999688
20200325:0830,355.35,187.15,0.0,50.54,31.93,1.66,0.0,2020-03-25 08:30:00+00:00,542.5,48.883125,48.80822996875,47.343983069687496
20200325:0930,174.4,171.45,0.0,37.73,32.04,1.72,0.0,2020-03-25 09:30:00+00:00,345.85,42.8478125,31.992480299687507,31.03270589069688
20200325:1030,157.95,102.75,0.0,24.26,31.86,1.52,0.0,2020-03-25 10:30:00+00:00,260.7,40.006875,24.42683722875,23.6940321118875
20200325:1130,56.0,46.95,0.0,10.52,31.58,0.41,0.0,2020-03-25 11:30:00+00:00,102.95,34.7971875,9.8713794096875,9.575238027396875
20200325:1230,0.0,0.0,0.0,-3.28,30.31,1.17,0.0,2020-03-25 12:30:00+00:00,0.0,30.31,0.0,0.0
20200325:1330,0.0,0.0,0.0,0.0,28.35,2.21,0.0,2020-03-25 13:30:00+00:00,0.0,28.35,0.0,0.0
20200325:1430,0.0,0.0,0.0,0.0,26.93,2.28,0.0,2020-03-25 14:30:00+00:00,0.0,26.93,0.0,0.0
20200325:1530,0.0,0.0,0.0,0.0,26.08,2.28,0.0,2020-03-25 15:30:00+00:00,0.0,26.08,0.0,0.0
20200325:1630,0.0,0.0,0.0,0.0,25.28,2.28,0.0,2020-03-25 16:30:00+00:00,0.0,25.28,0.0,0.0
20200325:1730,0.0,0.0,0.0,0.0,24.63,2.34,0.0,2020-03-25 17:30:00+00:00,0.0,24.63,0.0,0.0
20200325:1830,0.0,0.0,0.0,0.0,24.16,2.21,0.0,2020-03-25 18:30:00+00:00,0.0,24.16,0.0,0.0
20200325:1930,0.0,0.0,0.0,0.0,24.12,1.66,0.0,2020-03-25 19:30:00+00:00,0.0,24.12,0.0,0.0
20200325:2030,0.0,0.0,0.0,0.0,23.55,1.66,0.0,2020-03-25 20:30:00+00:00,0.0,23.55,0.0,0.0
20200325:2130,0.0,0.0,0.0,0.0,23.23,1.66,0.0,2020-03-25 21:30:00+00:00,0.0,23.23,0.0,0.0
20200325:2230,0.0,0.0,0.0,0.0,22.96,1.66,0.0,2020-03-25 22:30:00+00:00,0.0,22.96,0.0,0.0
20200325:2330,0.0,0.0,0.0,0.0,22.7,1.66,0.0,2020-03-25 23:30:00+00:00,0.0,22.7,0.0,0.0
20200326:0030,16.2,25.06,0.0,4.93,22.5,1.66,0.0,2020-03-26 00:30:00+00:00,41.26,23.789375,4.14697916275,4.0225697878675
20200326:0130,74.4,115.65,0.0,18.72,23.27,1.24,0.0,2020-03-26 01:30:00+00:00,190.05,29.2090625,18.669028422187502,18.108957569521877
20200326:0230,218.45,179.5,0.0,32.34,25.26,1.66,0.0,2020-03-26 02:30:00+00:00,397.95,37.6959375,37.6730137021875,36.54282329112187
20200326:0330,544.5,135.3,0.0,45.53,27.81,1.38,0.0,2020-03-26 03:30:00+00:00,679.8,49.053749999999994,61.11226951499999,59.27890142954998
20200326:0430,619.8,166.35,0.0,57.64,30.7,1.38,0.0,2020-03-26 04:30:00+00:00,786.15,55.2671875,68.6212892296875,66.56265055279688
20200326:0530,779.96,145.9,0.0,66.82,32.36,1.31,0.0,2020-03-26 05:30:00+00:00,925.86,61.293125,78.47301186074999,76.1188215049275
20200326:0630,776.26,159.5,0.0,68.78,33.54,1.66,0.0,2020-03-26 06:30:00+00:00,935.76,62.7825,78.72675207600001,76.36494951372
20200326:0730,606.6,219.05,0.0,61.96,34.25,2.0,0.0,2020-03-26 07:30:00+00:00,825.6500000000001,60.0515625,70.41006451718751,68.29776258167188
20200326:0830,606.35,136.95,0.0,50.71,34.6,2.14,0.0,2020-03-26 08:30:00+00:00,743.3,57.828125,64.08151896875,62.1590733996875
20200326:0930,427.15,126.95,0.0,37.84,34.88,2.21,0.0,2020-03-26 09:30:00+00:00,554.1,52.19562500000001,49.080979758750004,47.608550365987504
20200326:1030,242.5,93.75,0.0,24.35,34.81,1.93,0.0,2020-03-26 10:30:00+00:00,336.25,45.3178125,30.755616929687502,29.832948421796875
20200326:1130,67.2,48.6,0.0,10.61,34.05,0.83,0.0,2020-03-26 11:30:00+00:00,115.80000000000001,37.668749999999996,10.963842675000002,10.634927394750003
20200326:1230,0.0,0.0,0.0,-3.2,32.17,0.07,0.0,2020-03-26 12:30:00+00:00,0.0,32.17,0.0,0.0
20200326:1330,0.0,0.0,0.0,0.0,30.69,0.21,0.0,2020-03-26 13:30:00+00:00,0.0,30.69,0.0,0.0
20200326:1430,0.0,0.0,0.0,0.0,28.13,1.03,0.0,2020-03-26 14:30:00+00:00,0.0,28.13,0.0,0.0
20200326:1530,0.0,0.0,0.0,0.0,25.47,2.0,0.0,2020-03-26 15:30:00+00:00,0.0,25.47,0.0,0.0
20200326:1630,0.0,0.0,0.0,0.0,24.3,2.07,0.0,2020-03-26 16:30:00+00:00,0.0,24.3,0.0,0.0
20200326:1730,0.0,0.0,0.0,0.0,24.11,1.31,0.0,2020-03-26 17:30:00+00:00,0.0,24.11,0.0,0.0
20200326:1830,0.0,0.0,0.0,0.0,25.38,0.28,0.0,2020-03-26 18:30:00+00:00,0.0,25.38,0.0,0.0
20200326:1930,0.0,0.0,0.0,0.0,22.06,1.93,0.0,2020-03-26 19:30:00+00:00,0.0,22.06,0.0,0.0
20200326:2030,0.0,0.0,0.0,0.0,21.77,2.07,0.0,2020-03-26 20:30:00+00:00,0.0,21.77,0.0,0.0
20200326:2130,0.0,0.0,0.0,0.0,21.58,2.07,0.0,2020-03-26 21:30:00+00:00,0.0,21.58,0.0,0.0
20200326:2230,0.0,0.0,0.0,0.0,21.35,2.07,0.0,2020-03-26 22:30:00+00:00,0.0,21.35,0.0,0.0
20200326:2330,0.0,0.0,0.0,0.0,21.13,2.07,0.0,2020-03-26 23:30:00+00:00,0.0,21.13,0.0,0.0
20200327:0030,28.4,20.75,0.0,5.15,20.94,2.07,0.0,2020-03-27 00:30:00+00:00,49.15,22.4759375,4.9671042221874995,4.818091095521875
20200327:0130,175.8,80.25,0.0,18.94,21.65,1.59,0.0,2020-03-27 01:30:00+00:00,256.05,29.651562499999997,25.1047663171875,24.351623327671874
20200327:0230,378.4,108.65,0.0,32.59,26.26,1.66,0.0,2020-03-27 02:30:00+00:00,487.04999999999995,41.4803125,45.333770794687496,43.97375767084687
20200327:0330,565.75,126.8,0.0,45.8,29.42,1.72,0.0,2020-03-27 03:30:00+00:00,692.55,51.0621875,61.6742654596875,59.82403749589687
20200327:0430,707.75,138.65,0.0,57.96,32.0,1.86,0.0,2020-03-27 04:30:00+00:00,846.4,58.45,72.74892639999999,70.56645860799999
20200327:0530,790.61,144.15,0.0,67.21,33.64,1.79,0.0,2020-03-27 05:30:00+00:00,934.76,62.85125,78.615629531,76.25716064506999
20200327:0630,797.71,145.55,0.0,69.15,34.7,2.0,0.0,2020-03-27 06:30:00+00:00,943.26,64.176875,78.80532877275,76.4411689095675
20200327:0730,739.05,140.9,0.0,62.2,35.25,2.14,0.0,2020-03-27 07:30:00+00:00,879.9499999999999,62.748437499999994,74.04397021718749,71.82265111067187
20200327:0830,616.4,131.1,0.0,50.86,35.71,2.21,0.0,2020-03-27 08:30:00+00:00,747.5,59.069375,64.05391971875,62.132302127187494
20200327:0930,447.85,112.7,0.0,37.95,35.92,2.21,0.0,2020-03-27 09:30:00+00:00,560.5500000000001,53.43718750000001,49.3600045096875,47.87920437439687
20200327:1030,243.65,90.9,0.0,24.44,35.82,1.93,0.0,2020-03-27 10:30:00+00:00,334.55,46.2746875,30.4656723846875,29.551702213146875
20200327:1130,67.45,48.65,0.0,10.69,35.16,0.62,0.0,2020-03-27 11:30:00+00:00,116.1,38.788124999999994,10.93766344875,10.6095335452875
20200327:1230,0.0,0.0,0.0,-3.11,33.37,1.1,0.0,2020-03-27 12:30:00+00:00,0.0,33.37,0.0,0.0
20200327:1330,0.0,0.0,0.0,0.0,31.23,1.79,0.0,2020-03-27 13:30:00+00:00,0.0,31.23,0.0,0.0
20200327:1430,0.0,0.0,0.0,0.0,29.4,1.38,0.0,2020-03-27 14:30:00+00:00,0.0,29.4,0.0,0.0
20200327:1530,0.0,0.0,0.0,0.0,27.84,1.93,0.0,2020-03-27 15:30:00+00:00,0.0,27.84,0.0,0.0
20200327:1630,0.0,0.0,0.0,0.0,26.63,1.79,0.0,2020-03-27 16:30:00+00:00,0.0,26.63,0.0,0.0
20200327:1730,0.0,0.0,0.0,0.0,25.95,1.86,0.0,2020-03-27 17:30:00+00:00,0.0,25.95,0.0,0.0
20200327:1830,0.0,0.0,0.0,0.0,25.39,2.0,0.0,2020-03-27 18:30:00+00:00,0.0,25.39,0.0,0.0
20200327:1930,0.0,0.0,0.0,0.0,24.66,1.86,0.0,2020-03-27 19:30:00+00:00,0.0,24.66,0.0,0.0
20200327:2030,0.0,0.0,0.0,0.0,24.26,1.79,0.0,2020-03-27 20:30:00+00:00,0.0,24.26,0.0,0.0
20200327:2130,0.0,0.0,0.0,0.0,23.91,1.79,0.0,2020-03-27 21:30:00+00:00,0.0,23.91,0.0,0.0
20200327:2230,0.0,0.0,0.0,0.0,23.57,1.79,0.0,2020-03-27 22:30:00+00:00,0.0,23.57,0.0,0.0
20200327:2330,0.0,0.0,0.0,0.0,23.2,1.79,0.0,2020-03-27 23:30:00+00:00,0.0,23.2,0.0,0.0
20200328:0030,27.8,21.72,0.0,5.38,22.95,1.72,0.0,2020-03-28 00:30:00+00:00,49.519999999999996,24.4975,4.962451195999998,4.813577660119998
20200328:0130,170.75,81.3,0.0,19.17,23.61,1.31,0.0,2020-03-28 01:30:00+00:00,252.05,31.486562499999998,24.518326007187497,23.782776226971873
20200328:0230,368.1,110.75,0.0,32.83,27.71,1.59,0.0,2020-03-28 02:30:00+00:00,478.85,42.674062500000005,44.3304455721875,43.00053220502188
20200328:0330,547.8,128.8,0.0,46.07,30.36,2.07,0.0,2020-03-28 03:30:00+00:00,676.5999999999999,51.50375,60.128376354999986,58.324525064349984
20200328:0430,691.2,141.5,0.0,58.28,32.2,2.28,0.0,2020-03-28 04:30:00+00:00,832.7,58.221875000000004,71.65118076875,69.50164534568749
20200328:0530,770.9,147.7,0.0,67.59,33.63,2.48,0.0,2020-03-28 05:30:00+00:00,918.5999999999999,62.33625,77.455226715,75.13156991355
20200328:0630,771.15,151.9,0.0,69.51,34.64,2.41,0.0,2020-03-28 06:30:00+00:00,923.05,63.4853125,77.3849755646875,75.06342629774687
20200328:0730,724.25,143.3,0.0,62.44,35.53,2.07,0.0,2020-03-28 07:30:00+00:00,867.55,62.6409375,73.0397339621875,70.84854194332188
20200328:0830,604.95,133.0,0.0,51.02,36.07,2.34,0.0,2020-03-28 08:30:00+00:00,737.95,59.1309375,63.2164913621875,61.31999662132187
20200328:0930,403.85,115.8,0.0,38.06,36.34,2.55,0.0,2020-03-28 09:30:00+00:00,519.65,52.579062500000006,45.9457868721875,44.56741326602187
20200328:1030,217.9,86.75,0.0,24.52,36.25,2.48,0.0,2020-03-28 10:30:00+00:00,304.65,45.7703125,27.807376204687497,26.97315491854687
20200328:1130,59.35,44.75,0.0,10.76,35.59,1.45,0.0,2020-03-28 11:30:00+00:00,104.1,38.843125,9.80475088875,9.510608362087499
20200328:1230,0.0,0.0,0.0,-3.03,34.33,1.1,0.0,2020-03-28 12:30:00+00:00,0.0,34.33,0.0,0.0
20200328:1330,0.0,0.0,0.0,0.0,32.72,1.86,0.0,2020-03-28 13:30:00+00:00,0.0,32.72,0.0,0.0
20200328:1430,0.0,0.0,0.0,0.0,30.98,2.21,0.0,2020-03-28 14:30:00+00:00,0.0,30.98,0.0,0.0
20200328:1530,0.0,0.0,0.0,0.0,29.88,2.28,0.0,2020-03-28 15:30:00+00:00,0.0,29.88,0.0,0.0
20200328:1630,0.0,0.0,0.0,0.0,28.96,2.34,0.0,2020-03-28 16:30:00+00:00,0.0,28.96,0.0,0.0
20200328:1730,0.0,0.0,0.0,0.0,28.0,2.48,0.0,2020-03-28 17:30:00+00:00,0.0,28.0,0.0,0.0
20200328:1830,0.0,0.0,0.0,0.0,27.15,2.41,0.0,2020-03-28 18:30:00+00:00,0.0,27.15,0.0,0.0
20200328:1930,0.0,0.0,0.0,0.0,26.27,2.07,0.0,2020-03-28 19:30:00+00:00,0.0,26.27,0.0,0.0
20200328:2030,0.0,0.0,0.0,0.0,25.69,1.86,0.0,2020-03-28 20:30:00+00:00,0.0,25.69,0.0,0.0
20200328:2130,0.0,0.0,0.0,0.0,25.1,1.86,0.0,2020-03-28 21:30:00+00:00,0.0,25.1,0.0,0.0
20200328:2230,0.0,0.0,0.0,0.0,24.6,1.93,0.0,2020-03-28 22:30:00+00:00,0.0,24.6,0.0,0.0
20200328:2330,0.0,0.0,0.0,0.0,24.12,1.93,0.0,2020-03-28 23:30:00+00:00,0.0,24.12,0.0,0.0
20200329:0030,30.15,22.43,0.0,5.6,23.57,1.79,0.0,2020-03-29 00:30:00+00:00,52.58,25.213125,5.25329343275,5.095694629767499
20200329:0130,179.55,82.3,0.0,19.4,23.87,1.17,0.0,2020-03-29 01:30:00+00:00,261.85,32.0528125,25.409352839687504,24.647072254496877
20200329:0230,382.95,111.25,0.0,33.07,27.21,1.66,0.0,2020-03-29 02:30:00+00:00,494.2,42.65375,45.755717034999996,44.383045523949995
20200329:0330,573.0,129.05,0.0,46.34,29.07,2.69,0.0,2020-03-29 03:30:00+00:00,702.05,51.0090625,62.535941822187496,60.65986356752187
20200329:0430,717.35,140.6,0.0,58.6,30.8,3.38,0.0,2020-03-29 04:30:00+00:00,857.95,57.610937500000006,74.0440073921875,71.82268717042187
20200329:0530,801.25,145.9,0.0,67.98,32.36,3.52,0.0,2020-03-29 05:30:00+00:00,947.15,61.9584375,80.0128226871875,77.61243800657186
20200329:0630,806.85,147.0,0.0,69.88,33.71,3.52,0.0,2020-03-29 06:30:00+00:00,953.85,63.517812500000005,79.95410950968748,77.55548622439686
20200329:0730,749.15,142.0,0.0,62.68,34.52,3.31,0.0,2020-03-29 07:30:00+00:00,891.15,62.3684375,75.12862910718749,72.87477023397187
20200329:0830,626.2,131.9,0.0,51.17,35.32,3.45,0.0,2020-03-29 08:30:00+00:00,758.1,59.010625000000005,64.98094897875,63.031520509387505
20200329:0930,452.7,115.7,0.0,38.17,35.79,3.59,0.0,2020-03-29 09:30:00+00:00,568.4,53.552499999999995,50.02371878,48.5230072166
20200329:1030,249.9,92.35,0.0,24.61,35.9,3.45,0.0,2020-03-29 10:30:00+00:00,342.25,46.5953125,31.120781804687503,30.187158350546877
20200329:1130,69.65,49.8,0.0,10.84,35.09,2.21,0.0,2020-03-29 11:30:00+00:00,119.45,38.822812500000005,11.2515233196875,10.913977620096874
20200329:1230,0.0,0.0,0.0,-2.95,33.41,1.86,0.0,2020-03-29 12:30:00+00:00,0.0,33.41,0.0,0.0
20200329:1330,0.0,0.0,0.0,0.0,31.2,2.14,0.0,2020-03-29 13:30:00+00:00,0.0,31.2,0.0,0.0
20200329:1430,0.0,0.0,0.0,0.0,29.35,2.41,0.0,2020-03-29 14:30:00+00:00,0.0,29.35,0.0,0.0
20200329:1530,0.0,0.0,0.0,0.0,28.11,2.69,0.0,2020-03-29 15:30:00+00:00,0.0,28.11,0.0,0.0
20200329:1630,0.0,0.0,0.0,0.0,27.04,2.48,0.0,2020-03-29 16:30:00+00:00,0.0,27.04,0.0,0.0
20200329:1730,0.0,0.0,0.0,0.0,26.07,2.14,0.0,2020-03-29 17:30:00+00:00,0.0,26.07,0.0,0.0
20200329:1830,0.0,0.0,0.0,0.0,24.92,1.79,0.0,2020-03-29 18:30:00+00:00,0.0,24.92,0.0,0.0
20200329:1930,0.0,0.0,0.0,0.0,25.22,0.69,0.0,2020-03-29 19:30:00+00:00,0.0,25.22,0.0,0.0
20200329:2030,0.0,0.0,0.0,0.0,23.5,1.1,0.0,2020-03-29 20:30:00+00:00,0.0,23.5,0.0,0.0
20200329:2130,0.0,0.0,0.0,0.0,22.25,1.45,0.0,2020-03-29 21:30:00+00:00,0.0,22.25,0.0,0.0
20200329:2230,0.0,0.0,0.0,0.0,21.19,1.79,0.0,2020-03-29 22:30:00+00:00,0.0,21.19,0.0,0.0
20200329:2330,0.0,0.0,0.0,0.0,20.89,1.79,0.0,2020-03-29 23:30:00+00:00,0.0,20.89,0.0,0.0
20200330:0030,34.15,29.85,0.0,5.83,21.63,1.24,0.0,2020-03-30 00:30:00+00:00,64.0,23.63,6.436825600000001,6.243720832
20200330:0130,190.85,81.9,0.0,19.63,23.47,0.34,0.0,2020-03-30 01:30:00+00:00,272.75,31.9934375,26.4738667671875,25.67965076417187
20200330:0230,397.65,109.7,0.0,33.3,26.06,0.34,0.0,2020-03-30 02:30:00+00:00,507.34999999999997,41.9146875,47.1306999846875,45.716778985146874
20200330:0330,587.05,127.8,0.0,46.6,28.79,0.97,0.0,2020-03-30 03:30:00+00:00,714.8499999999999,51.129062499999996,63.64008866218749,61.73088600232186
20200330:0430,732.1,138.6,0.0,58.91,30.93,1.93,0.0,2020-03-30 04:30:00+00:00,870.7,58.139375,74.95112939875,72.7025955167875
20200330:0530,813.35,144.95,0.0,68.36,32.67,2.97,0.0,2020-03-30 05:30:00+00:00,958.3,62.616875,80.68973444875,78.2690424152875
20200330:0630,812.5,146.7,0.0,70.24,34.05,3.38,0.0,2020-03-30 06:30:00+00:00,959.2,64.025,80.19823240000001,77.792285428
20200330:0730,753.3,142.3,0.0,62.91,34.6,2.97,0.0,2020-03-30 07:30:00+00:00,895.5999999999999,62.5875,75.4213867,73.158745099
20200330:0830,629.35,132.85,0.0,51.31,35.41,3.17,0.0,2020-03-30 08:30:00+00:00,762.2,59.22875,65.26255563500001,63.30467896595001
20200330:0930,450.6,118.9,0.0,38.27,35.86,3.38,0.0,2020-03-30 09:30:00+00:00,569.5,53.656875,50.095562068750006,48.5926952066875
20200330:1030,250.9,92.75,0.0,24.69,36.01,3.24,0.0,2020-03-30 10:30:00+00:00,343.65,46.749062499999994,31.225892562187497,30.289115785321872
20200330:1130,69.5,50.55,0.0,10.92,35.34,1.93,0.0,2020-03-30 11:30:00+00:00,120.05,39.0915625,11.2944893271875,10.955654647371876
20200330:1230,0.0,0.0,0.0,-2.87,33.89,0.97,0.0,2020-03-30 12:30:00+00:00,0.0,33.89,0.0,0.0
20200330:1330,0.0,0.0,0.0,0.0,31.53,1.86,0.0,2020-03-30 13:30:00+00:00,0.0,31.53,0.0,0.0
20200330:1430,0.0,0.0,0.0,0.0,29.4,2.28,0.0,2020-03-30 14:30:00+00:00,0.0,29.4,0.0,0.0
20200330:1530,0.0,0.0,0.0,0.0,28.02,1.59,0.0,2020-03-30 15:30:00+00:00,0.0,28.02,0.0,0.0
20200330:1630,0.0,0.0,0.0,0.0,26.41,1.52,0.0,2020-03-30 16:30:00+00:00,0.0,26.41,0.0,0.0
20200330:1730,0.0,0.0,0.0,0.0,24.93,1.52,0.0,2020-03-30 17:30:00+00:00,0.0,24.93,0.0,0.0
20200330:1830,0.0,0.0,0.0,0.0,24.88,0.9,0.0,2020-03-30 18:30:00+00:00,0.0,24.88,0.0,0.0
20200330:1930,0.0,0.0,0.0,0.0,23.96,1.03,0.0,2020-03-30 19:30:00+00:00,0.0,23.96,0.0,0.0
20200330:2030,0.0,0.0,0.0,0.0,24.32,0.76,0.0,2020-03-30 20:30:00+00:00,0.0,24.32,0.0,0.0
20200330:2130,0.0,0.0,0.0,0.0,24.04,0.76,0.0,2020-03-30 21:30:00+00:00,0.0,24.04,0.0,0.0
20200330:2230,0.0,0.0,0.0,0.0,23.51,0.76,0.0,2020-03-30 22:30:00+00:00,0.0,23.51,0.0,0.0
20200330:2330,0.0,0.0,0.0,0.0,23.16,0.69,0.0,2020-03-30 23:30:00+00:00,0.0,23.16,0.0,0.0
20200331:0030,33.65,31.2,0.0,6.05,22.68,0.62,0.0,2020-03-31 00:30:00+00:00,64.85,24.7065625,6.492992357187499,6.2982025864718745
20200331:0130,191.65,83.05,0.0,19.85,22.98,0.41,0.0,2020-03-31 01:30:00+00:00,274.7,31.564375,26.71264179875,25.911262544787498
20200331:0230,398.65,110.8,0.0,33.54,26.42,0.55,0.0,2020-03-31 02:30:00+00:00,509.45,42.3403125,47.23471067468749,45.81766935444686
20200331:0330,588.15,128.85,0.0,46.86,29.8,0.69,0.0,2020-03-31 03:30:00+00:00,717.0,52.20625,63.507109875000005,61.60189657875
20200331:0430,733.75,139.25,0.0,59.22,32.44,1.1,0.0,2020-03-31 04:30:00+00:00,873.0,59.72125,74.569106475,72.33203328075
20200331:0530,812.65,146.25,0.0,68.75,33.73,1.93,0.0,2020-03-31 05:30:00+00:00,958.9,63.69562499999999,80.30580137875,77.8966273373875
20200331:0630,771.2,179.7,0.0,70.6,34.57,2.41,0.0,2020-03-31 06:30:00+00:00,950.9000000000001,64.28562500000001,79.40018565874999,77.01818008898749
20200331:0730,682.05,198.75,0.0,63.14,35.0,2.34,0.0,2020-03-31 07:30:00+00:00,880.8,62.525,74.1981516,71.972207052
20200331:0830,610.05,152.9,0.0,51.46,35.42,2.62,0.0,2020-03-31 08:30:00+00:00,762.9499999999999,59.262187499999996,65.31605889968749,63.35657713269686
20200331:0930,451.8,122.3,0.0,38.37,35.62,2.76,0.0,2020-03-31 09:30:00+00:00,574.1,53.560625,50.52340497875,49.0077028293875
20200331:1030,256.3,94.1,0.0,24.78,35.48,2.69,0.0,2020-03-31 10:30:00+00:00,350.4,46.42999999999999,31.88618976,30.9296040672
20200331:1130,72.15,51.6,0.0,11.0,34.68,1.59,0.0,2020-03-31 11:30:00+00:00,123.75,38.5471875,11.6708849296875,11.320758381796875
20200331:1230,0.0,0.0,0.0,-2.79,33.22,0.83,0.0,2020-03-31 12:30:00+00:00,0.0,33.22,0.0,0.0
20200331:1330,0.0,0.0,0.0,0.0,30.67,0.83,0.0,2020-03-31 13:30:00+00:00,0.0,30.67,0.0,0.0
20200331:1430,0.0,0.0,0.0,0.0,28.39,1.03,0.0,2020-03-31 14:30:00+00:00,0.0,28.39,0.0,0.0
20200331:1530,0.0,0.0,0.0,0.0,26.11,1.38,0.0,2020-03-31 15:30:00+00:00,0.0,26.11,0.0,0.0
20200331:1630,0.0,0.0,0.0,0.0,25.06,1.31,0.0,2020-03-31 16:30:00+00:00,0.0,25.06,0.0,0.0
20200331:1730,0.0,0.0,0.0,0.0,25.77,0.83,0.0,2020-03-31 17:30:00+00:00,0.0,25.77,0.0,0.0
20200331:1830,0.0,0.0,0.0,0.0,22.8,1.59,0.0,2020-03-31 18:30:00+00:00,0.0,22.8,0.0,0.0
20200331:1930,0.0,0.0,0.0,0.0,22.39,2.14,0.0,2020-03-31 19:30:00+00:00,0.0,22.39,0.0,0.0
20200331:2030,0.0,0.0,0.0,0.0,22.21,2.07,0.0,2020-03-31 20:30:00+00:00,0.0,22.21,0.0,0.0
20200331:2130,0.0,0.0,0.0,0.0,21.9,1.93,0.0,2020-03-31 21:30:00+00:00,0.0,21.9,0.0,0.0
20200331:2230,0.0,0.0,0.0,0.0,21.63,1.59,0.0,2020-03-31 22:30:00+00:00,0.0,21.63,0.0,0.0
20200331:2330,0.0,0.0,0.0,0.0,21.6,1.31,0.0,2020-03-31 23:30:00+00:00,0.0,21.6,0.0,0.0
20200401:0030,34.4,32.0,0.0,6.27,21.57,1.17,0.0,2020-04-01 00:30:00+00:00,66.4,23.645,6.677788240000001,6.477454592800001
20200401:0130,185.5,85.5,0.0,20.07,22.76,0.9,0.0,2020-04-01 01:30:00+00:00,271.0,31.22875,26.391043675000002,25.599312364750002
20200401:0230,387.8,114.2,0.0,33.77,26.62,1.24,0.0,2020-04-01 02:30:00+00:00,502.0,42.307500000000005,46.5508867,45.154360099
20200401:0330,575.5,131.6,0.0,47.12,29.55,1.38,0.0,2020-04-01 03:30:00+00:00,707.1,51.646875,62.796357768750006,60.912467035687506
20200401:0430,716.8,142.4,0.0,59.53,32.18,1.38,0.0,2020-04-01 04:30:00+00:00,859.1999999999999,59.03,73.63979808,71.4306041376
20200401:0530,794.95,148.2,0.0,69.13,34.1,1.31,0.0,2020-04-01 05:30:00+00:00,943.1500000000001,63.573437500000004,79.03517421718749,76.66411899067187
20200401:0630,781.6,157.15,0.0,70.96,35.19,1.17,0.0,2020-04-01 06:30:00+00:00,938.75,64.5259375,78.2909109921875,75.94218366242188
20200401:0730,689.25,150.95,0.0,63.36,36.11,2.0,0.0,2020-04-01 07:30:00+00:00,840.2,62.36625,70.834048235,68.70902678795
20200401:0830,547.9,158.25,0.0,51.6,36.64,2.21,0.0,2020-04-01 08:30:00+00:00,706.15,58.7071875,60.6180212096875,58.79948057339687
20200401:0930,329.05,131.0,0.0,38.47,36.84,2.34,0.0,2020-04-01 09:30:00+00:00,460.05,51.2165625,40.9394095771875,39.71122728987187
20200401:1030,206.45,98.25,0.0,24.86,36.65,2.21,0.0,2020-04-01 10:30:00+00:00,304.7,46.171875,27.760550468749997,26.927733954687497
20200401:1130,52.95,50.6,0.0,11.07,36.07,1.17,0.0,2020-04-01 11:30:00+00:00,103.55000000000001,39.3059375,9.732820472187502,9.440835858021876
20200401:1230,0.0,0.0,0.0,-2.71,34.48,1.45,0.0,2020-04-01 12:30:00+00:00,0.0,34.48,0.0,0.0
20200401:1330,0.0,0.0,0.0,0.0,31.76,2.28,0.0,2020-04-01 13:30:00+00:00,0.0,31.76,0.0,0.0
20200401:1430,0.0,0.0,0.0,0.0,30.02,2.21,0.0,2020-04-01 14:30:00+00:00,0.0,30.02,0.0,0.0
20200401:1530,0.0,0.0,0.0,0.0,28.81,2.28,0.0,2020-04-01 15:30:00+00:00,0.0,28.81,0.0,0.0
20200401:1630,0.0,0.0,0.0,0.0,27.74,2.28,0.0,2020-04-01 16:30:00+00:00,0.0,27.74,0.0,0.0
20200401:1730,0.0,0.0,0.0,0.0,27.0,2.21,0.0,2020-04-01 17:30:00+00:00,0.0,27.0,0.0,0.0
20200401:1830,0.0,0.0,0.0,0.0,26.31,2.21,0.0,2020-04-01 18:30:00+00:00,0.0,26.31,0.0,0.0
20200401:1930,0.0,0.0,0.0,0.0,25.8,2.14,0.0,2020-04-01 19:30:00+00:00,0.0,25.8,0.0,0.0
20200401:2030,0.0,0.0,0.0,0.0,25.41,2.0,0.0,2020-04-01 20:30:00+00:00,0.0,25.41,0.0,0.0
20200401:2130,0.0,0.0,0.0,0.0,25.14,1.93,0.0,2020-04-01 21:30:00+00:00,0.0,25.14,0.0,0.0
20200401:2230,0.0,0.0,0.0,0.0,24.94,1.93,0.0,2020-04-01 22:30:00+00:00,0.0,24.94,0.0,0.0
20200401:2330,0.0,0.0,0.0,0.0,24.78,1.93,0.0,2020-04-01 23:30:00+00:00,0.0,24.78,0.0,0.0
20200402:0030,33.1,32.95,0.0,6.49,24.67,1.93,0.0,2020-04-02 00:30:00+00:00,66.05000000000001,26.7340625,6.556895372187501,6.360188511021876
20200402:0130,177.6,87.6,0.0,20.29,25.46,1.72,0.0,2020-04-02 01:30:00+00:00,265.2,33.7475,25.545668459999998,24.7792984062
20200402:0230,379.55,115.2,0.0,34.0,27.72,1.93,0.0,2020-04-02 02:30:00+00:00,494.75,43.1809375,45.697092092187496,44.32617932942187
20200402:0330,559.7,133.8,0.0,47.38,30.9,1.79,0.0,2020-04-02 03:30:00+00:00,693.5,52.571875,61.31913996875,59.4795657696875
20200402:0430,678.3,154.45,0.0,59.84,33.56,1.72,0.0,2020-04-02 04:30:00+00:00,832.75,59.5834375,71.1792698171875,69.04389172267187
20200402:0530,781.15,156.15,0.0,69.51,35.54,1.79,0.0,2020-04-02 05:30:00+00:00,937.3,64.830625,78.05003717874999,75.70853606338748
20200402:0630,755.2,148.85,0.0,71.31,36.71,2.07,0.0,2020-04-02 06:30:00+00:00,904.0500000000001,64.9615625,75.23155475718751,72.97460811447188
20200402:0730,701.25,155.1,0.0,63.58,37.11,2.41,0.0,2020-04-02 07:30:00+00:00,856.35,63.8709375,71.65440652218751,69.50477432652188
20200402:0830,353.45,173.75,0.0,51.73,37.7,2.69,0.0,2020-04-02 08:30:00+00:00,527.2,54.175000000000004,46.259954799999996,44.872156155999996
20200402:0930,305.2,134.45,0.0,38.57,37.03,3.59,0.0,2020-04-02 09:30:00+00:00,439.65,50.769062500000004,39.206665302187496,38.03046534312187
20200402:1030,159.95,98.75,0.0,24.94,35.55,4.14,0.0,2020-04-02 10:30:00+00:00,258.7,43.634375,23.84530061875,23.129941600187497
20200402:1130,53.05,45.5,0.0,11.15,34.34,3.59,0.0,2020-04-02 11:30:00+00:00,98.55,37.4196875,9.340936714687501,9.060708613246875
20200402:1230,0.0,0.0,0.0,-2.63,32.72,2.21,0.0,2020-04-02 12:30:00+00:00,0.0,32.72,0.0,0.0
20200402:1330,0.0,0.0,0.0,0.0,31.24,2.28,0.0,2020-04-02 13:30:00+00:00,0.0,31.24,0.0,0.0
20200402:1430,0.0,0.0,0.0,0.0,29.78,2.62,0.0,2020-04-02 14:30:00+00:00,0.0,29.78,0.0,0.0
20200402:1530,0.0,0.0,0.0,0.0,28.75,2.55,0.0,2020-04-02 15:30:00+00:00,0.0,28.75,0.0,0.0
20200402:1630,0.0,0.0,0.0,0.0,27.81,2.34,0.0,2020-04-02 16:30:00+00:00,0.0,27.81,0.0,0.0
20200402:1730,0.0,0.0,0.0,0.0,27.15,2.21,0.0,2020-04-02 17:30:00+00:00,0.0,27.15,0.0,0.0
20200402:1830,0.0,0.0,0.0,0.0,26.66,2.07,0.0,2020-04-02 18:30:00+00:00,0.0,26.66,0.0,0.0
20200402:1930,0.0,0.0,0.0,0.0,26.48,2.14,0.0,2020-04-02 19:30:00+00:00,0.0,26.48,0.0,0.0
20200402:2030,0.0,0.0,0.0,0.0,26.17,2.14,0.0,2020-04-02 20:30:00+00:00,0.0,26.17,0.0,0.0
20200402:2130,0.0,0.0,0.0,0.0,25.83,2.0,0.0,2020-04-02 21:30:00+00:00,0.0,25.83,0.0,0.0
20200402:2230,0.0,0.0,0.0,0.0,25.54,1.86,0.0,2020-04-02 22:30:00+00:00,0.0,25.54,0.0,0.0
20200402:2330,0.0,0.0,0.0,0.0,25.25,1.79,0.0,2020-04-02 23:30:00+00:00,0.0,25.25,0.0,0.0
20200403:0030,34.2,33.85,0.0,6.71,25.03,1.59,0.0,2020-04-03 00:30:00+00:00,68.05000000000001,27.1565625,6.743363287187502,6.541062388571876
20200403:0130,182.25,87.2,0.0,20.51,25.59,0.97,0.0,2020-04-03 01:30:00+00:00,269.45,34.0103125,25.925311944687497,25.147552586346873
20200403:0230,379.65,116.05,0.0,34.23,28.53,1.03,0.0,2020-04-03 02:30:00+00:00,495.7,44.020625,45.61001999875,44.241719398787495
20200403:0330,561.5,134.95,0.0,47.63,30.56,0.55,0.0,2020-04-03 03:30:00+00:00,696.45,52.3240625,61.6524658021875,59.80289182812187
20200403:0430,699.5,146.45,0.0,60.14,32.45,0.34,0.0,2020-04-03 04:30:00+00:00,845.95,58.885937500000004,72.5553602921875,70.37869948342187
20200403:0530,757.15,156.75,0.0,69.88,34.14,0.83,0.0,2020-04-03 05:30:00+00:00,913.9,62.699375,76.91954729874999,74.61196087978749
20200403:0630,704.4,169.15,0.0,71.66,35.41,1.03,0.0,2020-04-03 06:30:00+00:00,873.55,62.708437499999995,73.5201136571875,71.31451024747187
20200403:0730,719.85,150.3,0.0,63.8,35.67,1.66,0.0,2020-04-03 07:30:00+00:00,870.1500000000001,62.862187500000005,73.1777713696875,70.98243822859688
20200403:0830,487.25,147.25,0.0,51.87,36.2,1.72,0.0,2020-04-03 08:30:00+00:00,634.5,56.028125,55.181314968749994,53.525875519687496
20200403:0930,309.75,141.55,0.0,38.67,35.84,2.0,0.0,2020-04-03 09:30:00+00:00,451.3,49.943125,40.40213042875,39.190066515887494
20200403:1030,137.0,106.6,0.0,25.02,33.77,1.45,0.0,2020-04-03 10:30:00+00:00,243.6,41.3825,22.68387366,22.0033574502
20200403:1130,54.5,45.65,0.0,11.22,33.29,1.66,0.0,2020-04-03 11:30:00+00:00,100.15,36.4196875,9.5346536846875,9.248614074146875
20200403:1230,0.0,0.0,0.0,-2.55,31.19,2.97,0.0,2020-04-03 12:30:00+00:00,0.0,31.19,0.0,0.0
20200403:1330,0.0,0.0,0.0,0.0,28.95,2.83,0.0,2020-04-03 13:30:00+00:00,0.0,28.95,0.0,0.0
20200403:1430,0.0,0.0,0.0,0.0,27.72,2.55,0.0,2020-04-03 14:30:00+00:00,0.0,27.72,0.0,0.0
20200403:1530,0.0,0.0,0.0,0.0,27.02,2.34,0.0,2020-04-03 15:30:00+00:00,0.0,27.02,0.0,0.0
20200403:1630,0.0,0.0,0.0,0.0,26.51,2.0,0.0,2020-04-03 16:30:00+00:00,0.0,26.51,0.0,0.0
20200403:1730,0.0,0.0,0.0,0.0,26.21,1.72,0.0,2020-04-03 17:30:00+00:00,0.0,26.21,0.0,0.0
20200403:1830,0.0,0.0,0.0,0.0,25.97,1.45,0.0,2020-04-03 18:30:00+00:00,0.0,25.97,0.0,0.0
20200403:1930,0.0,0.0,0.0,0.0,26.47,0.41,0.0,2020-04-03 19:30:00+00:00,0.0,26.47,0.0,0.0
20200403:2030,0.0,0.0,0.0,0.0,26.2,0.34,0.0,2020-04-03 20:30:00+00:00,0.0,26.2,0.0,0.0
20200403:2130,0.0,0.0,0.0,0.0,24.82,0.97,0.0,2020-04-03 21:30:00+00:00,0.0,24.82,0.0,0.0
20200403:2230,0.0,0.0,0.0,0.0,24.04,1.31,0.0,2020-04-03 22:30:00+00:00,0.0,24.04,0.0,0.0
20200403:2330,0.0,0.0,0.0,-7.02,23.72,1.45,0.0,2020-04-03 23:30:00+00:00,0.0,23.72,0.0,0.0
20200404:0030,34.0,35.75,0.0,6.93,23.73,1.17,0.0,2020-04-04 00:30:00+00:00,69.75,25.9096875,6.948350704687501,6.739900183546876
20200404:0130,168.45,94.25,0.0,20.73,25.35,0.55,0.0,2020-04-04 01:30:00+00:00,262.7,33.559375,25.325609918749997,24.565841621187495
20200404:0230,377.15,123.05,0.0,34.46,27.84,0.55,0.0,2020-04-04 02:30:00+00:00,500.2,43.47125,46.139485914999995,44.755301337549994
20200404:0330,574.7,134.9,0.0,47.88,30.31,1.03,0.0,2020-04-04 03:30:00+00:00,709.6,52.485,62.76859048000001,60.885532765600004
20200404:0430,716.5,144.75,0.0,60.44,32.58,1.66,0.0,2020-04-04 04:30:00+00:00,861.25,59.4940625,73.6476352421875,71.43820618492188
20200404:0530,767.8,160.35,0.0,70.26,34.13,1.86,0.0,2020-04-04 05:30:00+00:00,928.15,63.1346875,77.94922171468751,75.61074506324688
20200404:0630,795.3,154.35,0.0,72.01,35.0,1.66,0.0,2020-04-04 06:30:00+00:00,949.65,64.6765625,79.13988401718751,76.76568749667189
20200404:0730,676.9,155.4,0.0,64.01,35.47,0.69,0.0,2020-04-04 07:30:00+00:00,832.3,61.479375,70.47805079874999,68.36370927478748
20200404:0830,570.8,138.75,0.0,52.0,35.6,0.34,0.0,2020-04-04 08:30:00+00:00,709.55,57.7734375,61.188155117187485,59.352510463671855
20200404:0930,417.55,123.3,0.0,38.76,35.66,0.34,0.0,2020-04-04 09:30:00+00:00,540.85,52.561562499999994,47.82419814718751,46.389472202771884
20200404:1030,204.3,100.4,0.0,25.09,35.41,0.62,0.0,2020-04-04 10:30:00+00:00,304.70000000000005,44.931875,27.919238228750004,27.081661081887503
20200404:1130,52.45,40.3,0.0,11.3,34.81,1.1,0.0,2020-04-04 11:30:00+00:00,92.75,37.7084375,8.7799428171875,8.516544532671874
20200404:1230,0.0,0.0,0.0,-2.46,33.42,1.38,0.0,2020-04-04 12:30:00+00:00,0.0,33.42,0.0,0.0
20200404:1330,0.0,0.0,0.0,0.0,31.05,2.76,0.0,2020-04-04 13:30:00+00:00,0.0,31.05,0.0,0.0
20200404:1430,0.0,0.0,0.0,0.0,29.3,3.38,0.0,2020-04-04 14:30:00+00:00,0.0,29.3,0.0,0.0
20200404:1530,0.0,0.0,0.0,0.0,28.07,3.1,0.0,2020-04-04 15:30:00+00:00,0.0,28.07,0.0,0.0
20200404:1630,0.0,0.0,0.0,0.0,27.2,2.76,0.0,2020-04-04 16:30:00+00:00,0.0,27.2,0.0,0.0
20200404:1730,0.0,0.0,0.0,0.0,26.57,2.62,0.0,2020-04-04 17:30:00+00:00,0.0,26.57,0.0,0.0
20200404:1830,0.0,0.0,0.0,0.0,26.11,2.48,0.0,2020-04-04 18:30:00+00:00,0.0,26.11,0.0,0.0
20200404:1930,0.0,0.0,0.0,0.0,25.89,1.45,0.0,2020-04-04 19:30:00+00:00,0.0,25.89,0.0,0.0
20200404:2030,0.0,0.0,0.0,0.0,25.46,0.69,0.0,2020-04-04 20:30:00+00:00,0.0,25.46,0.0,0.0
20200404:2130,0.0,0.0,0.0,0.0,25.29,0.62,0.0,2020-04-04 21:30:00+00:00,0.0,25.29,0.0,0.0
20200404:2230,0.0,0.0,0.0,0.0,24.81,0.69,0.0,2020-04-04 22:30:00+00:00,0.0,24.81,0.0,0.0
20200404:2330,0.0,0.0,0.0,-6.79,24.89,0.55,0.0,2020-04-04 23:30:00+00:00,0.0,24.89,0.0,0.0
20200405:0030,14.8,26.45,0.0,7.15,24.41,0.9,0.0,2020-04-05 00:30:00+00:00,41.25,25.6990625,4.1128887421875,3.9895020799218748
20200405:0130,41.05,90.1,0.0,20.95,26.01,0.83,0.0,2020-04-05 01:30:00+00:00,131.14999999999998,30.1084375,12.833611937187499,12.448603579071873
20200405:0230,225.45,124.85,0.0,34.69,27.75,1.03,0.0,2020-04-05 02:30:00+00:00,350.29999999999995,38.696875,33.01483356874999,32.024388561687495
20200405:0330,271.1,234.35,0.0,48.13,29.85,0.62,0.0,2020-04-05 03:30:00+00:00,505.45000000000005,45.6453125,46.16222725468751,44.77736043704688
20200405:0430,568.4,171.2,0.0,60.73,31.3,0.21,0.0,2020-04-05 04:30:00+00:00,739.5999999999999,54.412499999999994,64.8235363,62.878830211
20200405:0530,587.15,178.45,0.0,70.63,32.54,0.07,0.0,2020-04-05 05:30:00+00:00,765.5999999999999,56.464999999999996,66.44236631999999,64.44909533039998
20200405:0630,665.85,179.0,0.0,72.36,33.46,0.28,0.0,2020-04-05 06:30:00+00:00,844.85,59.861562500000005,72.11482774718749,69.95138291477187
20200405:0730,653.05,189.75,0.0,64.21,35.13,1.45,0.0,2020-04-05 07:30:00+00:00,842.8,61.4675,71.37138022,69.2302388134
20200405:0830,368.0,143.2,0.0,52.12,35.65,1.24,0.0,2020-04-05 08:30:00+00:00,511.2,51.625,45.403506,44.04140082
20200405:0930,383.4,120.15,0.0,38.85,35.31,0.9,0.0,2020-04-05 09:30:00+00:00,503.54999999999995,51.0459375,44.8465186321875,43.50112307322187
20200405:1030,201.6,98.35,0.0,25.17,35.46,0.97,0.0,2020-04-05 10:30:00+00:00,299.95,44.8334375,27.496403377187498,26.67151127587187
20200405:1130,62.55,51.7,0.0,11.37,34.82,1.1,0.0,2020-04-05 11:30:00+00:00,114.25,38.3903125,10.7824658546875,10.458991879046874
20200405:1230,0.0,0.0,0.0,-2.38,32.91,2.14,0.0,2020-04-05 12:30:00+00:00,0.0,32.91,0.0,0.0
20200405:1330,0.0,0.0,0.0,0.0,30.51,2.76,0.0,2020-04-05 13:30:00+00:00,0.0,30.51,0.0,0.0
20200405:1430,0.0,0.0,0.0,0.0,28.99,2.9,0.0,2020-04-05 14:30:00+00:00,0.0,28.99,0.0,0.0
20200405:1530,0.0,0.0,0.0,0.0,27.91,2.55,0.0,2020-04-05 15:30:00+00:00,0.0,27.91,0.0,0.0
20200405:1630,0.0,0.0,0.0,0.0,27.16,2.28,0.0,2020-04-05 16:30:00+00:00,0.0,27.16,0.0,0.0
20200405:1730,0.0,0.0,0.0,0.0,26.6,2.28,0.0,2020-04-05 17:30:00+00:00,0.0,26.6,0.0,0.0
20200405:1830,0.0,0.0,0.0,0.0,26.08,2.28,0.0,2020-04-05 18:30:00+00:00,0.0,26.08,0.0,0.0
20200405:1930,0.0,0.0,0.0,0.0,25.73,2.0,0.0,2020-04-05 19:30:00+00:00,0.0,25.73,0.0,0.0
20200405:2030,0.0,0.0,0.0,0.0,25.31,1.93,0.0,2020-04-05 20:30:00+00:00,0.0,25.31,0.0,0.0
20200405:2130,0.0,0.0,0.0,0.0,24.93,1.86,0.0,2020-04-05 21:30:00+00:00,0.0,24.93,0.0,0.0
20200405:2230,0.0,0.0,0.0,0.0,24.71,1.79,0.0,2020-04-05 22:30:00+00:00,0.0,24.71,0.0,0.0
20200405:2330,0.0,0.0,0.0,-6.57,24.49,1.72,0.0,2020-04-05 23:30:00+00:00,0.0,24.49,0.0,0.0
20200406:0030,39.4,37.65,0.0,7.36,24.23,1.72,0.0,2020-04-06 00:30:00+00:00,77.05,26.6378125,7.6519987496874995,7.422438787196874
20200406:0130,196.2,89.6,0.0,21.16,24.94,1.24,0.0,2020-04-06 01:30:00+00:00,285.79999999999995,33.87125,27.515130634999995,26.689676715949993
20200406:0230,398.85,119.6,0.0,34.91,27.91,1.45,0.0,2020-04-06 02:30:00+00:00,518.45,44.111562500000005,47.6834763771875,46.252972085871875
20200406:0330,579.2,142.05,0.0,48.37,30.72,1.38,0.0,2020-04-06 03:30:00+00:00,721.25,53.2590625,63.5646234921875,61.65768478742187
20200406:0430,741.75,141.7,0.0,61.02,33.54,1.59,0.0,2020-04-06 04:30:00+00:00,883.45,61.1478125,74.93239031968751,72.68441861009688
20200406:0530,815.1,149.2,0.0,71.0,35.54,2.41,0.0,2020-04-06 05:30:00+00:00,964.3,65.674375,79.95663407874999,77.55793505638748
20200406:0630,807.2,156.55,0.0,72.7,36.39,3.1,0.0,2020-04-06 06:30:00+00:00,963.75,66.5071875,79.5739281796875,77.18671033429688
20200406:0730,731.9,144.05,0.0,64.42,36.66,3.03,0.0,2020-04-06 07:30:00+00:00,875.95,64.03343749999999,73.2346373771875,71.03759825587187
20200406:0830,648.1,131.6,0.0,52.25,37.01,3.31,0.0,2020-04-06 08:30:00+00:00,779.7,61.375625,66.05792857875,64.07619072138749
20200406:0930,472.95,116.55,0.0,38.94,37.2,3.38,0.0,2020-04-06 09:30:00+00:00,589.5,55.621875,51.36832996875,49.8272800696875
20200406:1030,265.4,93.35,0.0,25.25,36.96,3.17,0.0,2020-04-06 10:30:00+00:00,358.75,48.1709375,32.383718992187504,31.41220742242188
20200406:1130,77.45,52.95,0.0,11.45,35.95,2.07,0.0,2020-04-06 11:30:00+00:00,130.4,40.025000000000006,12.217110800000002,11.850597476000003
20200406:1230,0.0,0.0,0.0,-2.3,34.26,1.72,0.0,2020-04-06 12:30:00+00:00,0.0,34.26,0.0,0.0
20200406:1330,0.0,0.0,0.0,0.0,32.04,2.14,0.0,2020-04-06 13:30:00+00:00,0.0,32.04,0.0,0.0
20200406:1430,0.0,0.0,0.0,0.0,30.32,2.34,0.0,2020-04-06 14:30:00+00:00,0.0,30.32,0.0,0.0
20200406:1530,0.0,0.0,0.0,0.0,29.19,2.28,0.0,2020-04-06 15:30:00+00:00,0.0,29.19,0.0,0.0
20200406:1630,0.0,0.0,0.0,0.0,27.54,1.59,0.0,2020-04-06 16:30:00+00:00,0.0,27.54,0.0,0.0
20200406:1730,0.0,0.0,0.0,0.0,26.07,2.14,0.0,2020-04-06 17:30:00+00:00,0.0,26.07,0.0,0.0
20200406:1830,0.0,0.0,0.0,0.0,25.25,2.83,0.0,2020-04-06 18:30:00+00:00,0.0,25.25,0.0,0.0
20200406:1930,0.0,0.0,0.0,0.0,25.08,3.24,0.0,2020-04-06 19:30:00+00:00,0.0,25.08,0.0,0.0
20200406:2030,0.0,0.0,0.0,0.0,24.93,3.24,0.0,2020-04-06 20:30:00+00:00,0.0,24.93,0.0,0.0
20200406:2130,0.0,0.0,0.0,0.0,24.65,3.1,0.0,2020-04-06 21:30:00+00:00,0.0,24.65,0.0,0.0
20200406:2230,0.0,0.0,0.0,0.0,24.37,2.97,0.0,2020-04-06 22:30:00+00:00,0.0,24.37,0.0,0.0
20200406:2330,0.0,0.0,0.0,-6.34,24.19,2.83,0.0,2020-04-06 23:30:00+00:00,0.0,24.19,0.0,0.0
20200407:0030,43.3,38.6,0.0,7.57,23.91,2.69,0.0,2020-04-07 00:30:00+00:00,81.9,26.469375,8.139456438749999,7.895272745587499
20200407:0130,207.45,88.2,0.0,21.37,24.92,2.34,0.0,2020-04-07 01:30:00+00:00,295.65,34.159062500000005,28.427691732187498,27.57486098022187
20200407:0230,412.9,115.05,0.0,35.13,27.96,3.03,0.0,2020-04-07 02:30:00+00:00,527.9499999999999,44.4584375,48.48030552718749,47.02589636137186
20200407:0330,599.65,132.25,0.0,48.61,30.87,3.1,0.0,2020-04-07 03:30:00+00:00,731.9,53.741875,64.35480510875,62.4241609554875
20200407:0430,738.55,143.15,0.0,61.31,33.63,3.1,0.0,2020-04-07 04:30:00+00:00,881.6999999999999,61.183125000000004,74.77088224874998,72.52775578128748
20200407:0530,673.65,158.25,0.0,71.36,35.96,3.24,0.0,2020-04-07 05:30:00+00:00,831.9,61.956875,70.27734178875,68.1690215350875
20200407:0630,548.7,208.2,0.0,73.04,36.86,2.97,0.0,2020-04-07 06:30:00+00:00,756.9000000000001,60.513125,64.40044858875001,62.46843513108751
20200407:0730,658.5,146.85,0.0,64.61,37.35,3.03,0.0,2020-04-07 07:30:00+00:00,805.35,62.517187500000006,67.8449238796875,65.80957616329687
20200407:0830,551.4,152.3,0.0,52.37,37.9,3.03,0.0,2020-04-07 08:30:00+00:00,703.7,59.890625,60.05793621875001,58.25619813218751
20200407:0930,430.25,121.2,0.0,39.03,38.0,2.76,0.0,2020-04-07 09:30:00+00:00,551.45,55.2328125,48.14280852968749,46.69852427379686
20200407:1030,228.5,94.65,0.0,25.32,37.78,2.28,0.0,2020-04-07 10:30:00+00:00,323.15,47.878437500000004,29.2098698271875,28.333573732371875
20200407:1130,53.7,56.55,0.0,11.52,36.51,2.28,0.0,2020-04-07 11:30:00+00:00,110.25,39.9553125,10.3324942546875,10.022519427046875
20200407:1230,0.0,0.0,0.0,-2.22,33.6,3.59,0.0,2020-04-07 12:30:00+00:00,0.0,33.6,0.0,0.0
20200407:1330,0.0,0.0,0.0,0.0,31.11,3.86,0.0,2020-04-07 13:30:00+00:00,0.0,31.11,0.0,0.0
20200407:1430,0.0,0.0,0.0,0.0,29.56,3.52,0.0,2020-04-07 14:30:00+00:00,0.0,29.56,0.0,0.0
20200407:1530,0.0,0.0,0.0,0.0,28.65,3.31,0.0,2020-04-07 15:30:00+00:00,0.0,28.65,0.0,0.0
20200407:1630,0.0,0.0,0.0,0.0,28.0,3.17,0.0,2020-04-07 16:30:00+00:00,0.0,28.0,0.0,0.0
20200407:1730,0.0,0.0,0.0,0.0,27.52,3.03,0.0,2020-04-07 17:30:00+00:00,0.0,27.52,0.0,0.0
20200407:1830,0.0,0.0,0.0,0.0,27.09,3.1,0.0,2020-04-07 18:30:00+00:00,0.0,27.09,0.0,0.0
20200407:1930,0.0,0.0,0.0,0.0,26.62,3.1,0.0,2020-04-07 19:30:00+00:00,0.0,26.62,0.0,0.0
20200407:2030,0.0,0.0,0.0,0.0,26.38,3.1,0.0,2020-04-07 20:30:00+00:00,0.0,26.38,0.0,0.0
20200407:2130,0.0,0.0,0.0,0.0,26.11,2.97,0.0,2020-04-07 21:30:00+00:00,0.0,26.11,0.0,0.0
20200407:2230,0.0,0.0,0.0,0.0,25.82,2.83,0.0,2020-04-07 22:30:00+00:00,0.0,25.82,0.0,0.0
20200407:2330,0.0,0.0,0.0,-6.12,25.58,2.69,0.0,2020-04-07 23:30:00+00:00,0.0,25.58,0.0,0.0
20200408:0030,32.0,44.75,0.0,7.79,25.43,2.48,0.0,2020-04-08 00:30:00+00:00,76.75,27.8284375,7.5838253171875,7.3563105576718755
20200408:0130,159.4,105.55,0.0,21.58,26.51,2.07,0.0,2020-04-08 01:30:00+00:00,264.95,34.7896875,25.405613364687497,24.64344496374687
20200408:0230,301.1,147.2,0.0,35.34,28.74,2.55,0.0,2020-04-08 02:30:00+00:00,448.3,42.749375,41.48804117875001,40.24339994338751
20200408:0330,412.0,190.85,0.0,48.85,30.76,2.62,0.0,2020-04-08 03:30:00+00:00,602.85,49.5990625,54.056591172187495,52.43489343702187
20200408:0430,441.5,227.75,0.0,61.59,32.66,2.62,0.0,2020-04-08 04:30:00+00:00,669.25,53.5740625,58.8932596421875,57.12646185292188
20200408:0530,444.7,222.7,0.0,71.73,34.17,2.21,0.0,2020-04-08 05:30:00+00:00,667.4,55.026250000000005,58.323401915,56.57369985755
20200408:0630,458.05,271.55,0.0,73.38,34.97,1.86,0.0,2020-04-08 06:30:00+00:00,729.6,57.769999999999996,62.918223360000006,61.030676659200005
20200408:0730,564.4,209.75,0.0,64.8,35.73,2.41,0.0,2020-04-08 07:30:00+00:00,774.15,59.92218749999999,66.06029518968751,64.07848633399688
20200408:0830,411.65,179.85,0.0,52.49,36.49,2.62,0.0,2020-04-08 08:30:00+00:00,591.5,54.974375,51.70346601875,50.1523620381875
20200408:0930,327.25,134.65,0.0,39.11,36.43,2.48,0.0,2020-04-08 09:30:00+00:00,461.9,50.864374999999995,41.17236297875,39.9371920893875
20200408:1030,182.65,121.2,0.0,25.39,36.06,2.14,0.0,2020-04-08 10:30:00+00:00,303.85,45.5553125,27.761792684687503,26.92893890414688
20200408:1130,39.05,52.8,0.0,11.59,35.33,1.79,0.0,2020-04-08 11:30:00+00:00,91.85,38.200312499999995,8.675771544687501,8.415498398346877
20200408:1230,0.0,0.0,0.0,-2.14,33.18,2.55,0.0,2020-04-08 12:30:00+00:00,0.0,33.18,0.0,0.0
20200408:1330,0.0,0.0,0.0,0.0,31.17,2.97,0.0,2020-04-08 13:30:00+00:00,0.0,31.17,0.0,0.0
20200408:1430,0.0,0.0,0.0,0.0,30.15,3.17,0.0,2020-04-08 14:30:00+00:00,0.0,30.15,0.0,0.0
20200408:1530,0.0,0.0,0.0,0.0,29.03,3.03,0.0,2020-04-08 15:30:00+00:00,0.0,29.03,0.0,0.0
20200408:1630,0.0,0.0,0.0,0.0,28.26,3.03,0.0,2020-04-08 16:30:00+00:00,0.0,28.26,0.0,0.0
20200408:1730,0.0,0.0,0.0,0.0,27.71,2.97,0.0,2020-04-08 17:30:00+00:00,0.0,27.71,0.0,0.0
20200408:1830,0.0,0.0,0.0,0.0,27.16,2.9,0.0,2020-04-08 18:30:00+00:00,0.0,27.16,0.0,0.0
20200408:1930,0.0,0.0,0.0,0.0,25.79,2.48,0.0,2020-04-08 19:30:00+00:00,0.0,25.79,0.0,0.0
20200408:2030,0.0,0.0,0.0,0.0,25.37,2.41,0.0,2020-04-08 20:30:00+00:00,0.0,25.37,0.0,0.0
20200408:2130,0.0,0.0,0.0,0.0,24.92,2.34,0.0,2020-04-08 21:30:00+00:00,0.0,24.92,0.0,0.0
20200408:2230,0.0,0.0,0.0,0.0,24.53,2.28,0.0,2020-04-08 22:30:00+00:00,0.0,24.53,0.0,0.0
20200408:2330,0.0,0.0,0.0,-5.9,24.15,2.14,0.0,2020-04-08 23:30:00+00:00,0.0,24.15,0.0,0.0
20200409:0030,42.05,38.85,0.0,7.99,23.81,2.0,0.0,2020-04-09 00:30:00+00:00,80.9,26.338124999999998,8.04453318875,7.8031971930875
20200409:0130,203.85,89.15,0.0,21.79,24.94,1.52,0.0,2020-04-09 01:30:00+00:00,293.0,34.09625,28.180615475,27.335197010749997
20200409:0230,406.8,116.8,0.0,35.55,27.91,1.66,0.0,2020-04-09 02:30:00+00:00,523.6,44.2725,48.12174598000001,46.67809360060001
20200409:0330,536.8,162.55,0.0,49.08,30.66,1.66,0.0,2020-04-09 03:30:00+00:00,699.3499999999999,52.514687499999994,61.85319338468749,59.99759758314687
20200409:0430,687.8,158.75,0.0,61.87,32.89,1.52,0.0,2020-04-09 04:30:00+00:00,846.55,59.3446875,72.44371201468748,70.27040065424686
20200409:0530,767.25,169.5,0.0,72.09,34.73,1.45,0.0,2020-04-09 05:30:00+00:00,936.75,64.00343749999999,78.3296825671875,75.97979209017188
20200409:0630,754.35,189.85,0.0,73.71,35.97,1.1,0.0,2020-04-09 06:30:00+00:00,944.2,65.47625,78.368576395,76.01751910315001
20200409:0730,742.1,147.95,0.0,64.99,35.9,1.17,0.0,2020-04-09 07:30:00+00:00,890.05,63.7140625,74.5328704421875,72.29688432892188
20200409:0830,529.9,172.7,0.0,52.6,36.15,0.83,0.0,2020-04-09 08:30:00+00:00,702.5999999999999,58.106249999999996,60.49061047499999,58.67589216074999
20200409:0930,280.2,186.7,0.0,39.2,36.01,0.55,0.0,2020-04-09 09:30:00+00:00,466.9,50.600624999999994,41.66976863875,40.4196755795875
20200409:1030,153.1,106.15,0.0,25.47,35.58,0.83,0.0,2020-04-09 10:30:00+00:00,259.25,43.6815625,23.890858067187498,23.174132325171872
20200409:1130,30.55,51.8,0.0,11.66,34.94,1.24,0.0,2020-04-09 11:30:00+00:00,82.35,37.513437499999995,7.8021977371875,7.568131805071875
20200409:1230,0.0,0.0,0.0,-2.06,32.93,2.14,0.0,2020-04-09 12:30:00+00:00,0.0,32.93,0.0,0.0
20200409:1330,0.0,0.0,0.0,0.0,30.94,2.55,0.0,2020-04-09 13:30:00+00:00,0.0,30.94,0.0,0.0
20200409:1430,0.0,0.0,0.0,0.0,29.61,2.97,0.0,2020-04-09 14:30:00+00:00,0.0,29.61,0.0,0.0
20200409:1530,0.0,0.0,0.0,0.0,28.67,3.1,0.0,2020-04-09 15:30:00+00:00,0.0,28.67,0.0,0.0
20200409:1630,0.0,0.0,0.0,0.0,27.69,2.9,0.0,2020-04-09 16:30:00+00:00,0.0,27.69,0.0,0.0
20200409:1730,0.0,0.0,0.0,0.0,26.82,2.62,0.0,2020-04-09 17:30:00+00:00,0.0,26.82,0.0,0.0
20200409:1830,0.0,0.0,0.0,0.0,26.03,2.48,0.0,2020-04-09 18:30:00+00:00,0.0,26.03,0.0,0.0
20200409:1930,0.0,0.0,0.0,0.0,25.38,2.48,0.0,2020-04-09 19:30:00+00:00,0.0,25.38,0.0,0.0
20200409:2030,0.0,0.0,0.0,0.0,24.91,2.41,0.0,2020-04-09 20:30:00+00:00,0.0,24.91,0.0,0.0
20200409:2130,0.0,0.0,0.0,0.0,24.53,2.41,0.0,2020-04-09 21:30:00+00:00,0.0,24.53,0.0,0.0
20200409:2230,0.0,0.0,0.0,0.0,24.24,2.34,0.0,2020-04-09 22:30:00+00:00,0.0,24.24,0.0,0.0
20200409:2330,0.0,0.0,0.0,-5.68,23.97,2.21,0.0,2020-04-09 23:30:00+00:00,0.0,23.97,0.0,0.0
20200410:0030,46.35,41.4,0.0,8.2,23.75,2.07,0.0,2020-04-10 00:30:00+00:00,87.75,26.4921875,8.720005429687498,8.458405266796873
20200410:0130,207.65,90.6,0.0,21.99,25.1,1.66,0.0,2020-04-10 01:30:00+00:00,298.25,34.4203125,28.644964554687505,27.78561561804688
20200410:0230,409.65,117.8,0.0,35.76,27.84,2.14,0.0,2020-04-10 02:30:00+00:00,527.4499999999999,44.3228125,48.464436669687494,47.01050356959687
20200410:0330,594.05,134.85,0.0,49.31,30.37,2.07,0.0,2020-04-10 03:30:00+00:00,728.9,53.148125,64.27278930875,62.3446056294875
20200410:0430,731.7,145.6,0.0,62.15,32.77,1.93,0.0,2020-04-10 04:30:00+00:00,877.3000000000001,60.185625,74.76529349875001,72.52233469378751
20200410:0530,807.7,151.35,0.0,72.45,34.74,1.72,0.0,2020-04-10 05:30:00+00:00,959.0500000000001,64.7103125,79.9096464146875,77.51235702224687
20200410:0630,806.1,155.25,0.0,74.04,36.04,1.59,0.0,2020-04-10 06:30:00+00:00,961.35,66.0821875,79.5473683996875,77.16094734769688
20200410:0730,672.7,179.1,0.0,65.18,36.14,2.0,0.0,2020-04-10 07:30:00+00:00,851.8000000000001,62.758750000000006,71.67158063500001,69.52143321595001
20200410:0830,396.5,213.9,0.0,52.71,36.45,1.72,0.0,2020-04-10 08:30:00+00:00,610.4,55.525000000000006,53.21436679999999,51.61793579599999
20200410:0930,268.8,130.4,0.0,39.28,36.1,1.52,0.0,2020-04-10 09:30:00+00:00,399.20000000000005,48.575,35.96732120000001,34.88830156400001
20200410:1030,110.95,106.05,0.0,25.54,35.12,1.93,0.0,2020-04-10 10:30:00+00:00,217.0,41.90125,20.159620075,19.55483147275
20200410:1130,44.55,49.35,0.0,11.74,33.83,2.55,0.0,2020-04-10 11:30:00+00:00,93.9,36.764375,8.92603657875,8.658255481387501
20200410:1230,0.0,0.0,0.0,-1.97,32.18,2.97,0.0,2020-04-10 12:30:00+00:00,0.0,32.18,0.0,0.0
20200410:1330,0.0,0.0,0.0,0.0,30.58,3.1,0.0,2020-04-10 13:30:00+00:00,0.0,30.58,0.0,0.0
20200410:1430,0.0,0.0,0.0,0.0,29.38,3.38,0.0,2020-04-10 14:30:00+00:00,0.0,29.38,0.0,0.0
20200410:1530,0.0,0.0,0.0,0.0,28.41,3.45,0.0,2020-04-10 15:30:00+00:00,0.0,28.41,0.0,0.0
20200410:1630,0.0,0.0,0.0,0.0,27.57,3.1,0.0,2020-04-10 16:30:00+00:00,0.0,27.57,0.0,0.0
20200410:1730,0.0,0.0,0.0,0.0,26.79,2.62,0.0,2020-04-10 17:30:00+00:00,0.0,26.79,0.0,0.0
20200410:1830,0.0,0.0,0.0,0.0,26.21,2.14,0.0,2020-04-10 18:30:00+00:00,0.0,26.21,0.0,0.0
20200410:1930,0.0,0.0,0.0,0.0,25.63,2.14,0.0,2020-04-10 19:30:00+00:00,0.0,25.63,0.0,0.0
20200410:2030,0.0,0.0,0.0,0.0,25.2,1.86,0.0,2020-04-10 20:30:00+00:00,0.0,25.2,0.0,0.0
20200410:2130,0.0,0.0,0.0,0.0,24.93,1.66,0.0,2020-04-10 21:30:00+00:00,0.0,24.93,0.0,0.0
20200410:2230,0.0,0.0,0.0,0.0,24.72,1.66,0.0,2020-04-10 22:30:00+00:00,0.0,24.72,0.0,0.0
20200410:2330,0.0,0.0,0.0,-5.46,24.68,1.72,0.0,2020-04-10 23:30:00+00:00,0.0,24.68,0.0,0.0
20200411:0030,18.5,47.15,0.0,8.41,24.79,1.66,0.0,2020-04-11 00:30:00+00:00,65.65,26.8415625,6.5142225971875005,6.318795919271875
20200411:0130,75.2,120.4,0.0,22.19,26.14,3.1,0.0,2020-04-11 01:30:00+00:00,195.60000000000002,32.2525,18.964192620000002,18.3952668414
20200411:0230,260.8,177.4,0.0,35.97,27.68,2.69,0.0,2020-04-11 02:30:00+00:00,438.20000000000005,41.37375,40.806509555000005,39.582314268350004
20200411:0330,523.55,159.4,0.0,49.54,29.64,2.21,0.0,2020-04-11 03:30:00+00:00,682.9499999999999,50.982187499999995,60.84229531968749,59.01702646009686
20200411:0430,682.2,163.95,0.0,62.42,31.62,2.07,0.0,2020-04-11 04:30:00+00:00,846.1500000000001,58.06218750000001,72.8652606196875,70.67930280109688
20200411:0530,786.4,156.55,0.0,72.8,33.36,2.14,0.0,2020-04-11 05:30:00+00:00,942.95,62.8271875,79.31395848968751,76.93453973499687
20200411:0630,647.15,209.7,0.0,74.36,34.59,2.14,0.0,2020-04-11 06:30:00+00:00,856.8499999999999,61.3665625,72.59751058718749,70.41958526957185
20200411:0730,646.15,183.35,0.0,65.36,34.94,2.14,0.0,2020-04-11 07:30:00+00:00,829.5,60.861875,70.45608136875,68.3423989276875
20200411:0830,538.75,170.55,0.0,52.82,35.51,2.34,0.0,2020-04-11 08:30:00+00:00,709.3,57.675625,61.19573525874999,59.35986320098749
20200411:0930,320.1,151.2,0.0,39.36,35.73,2.34,0.0,2020-04-11 09:30:00+00:00,471.3,50.458124999999995,42.090665988750004,40.827946009087505
20200411:1030,86.7,117.35,0.0,25.61,33.84,4.0,0.0,2020-04-11 10:30:00+00:00,204.05,40.2165625,19.1009253771875,18.527897615871876
20200411:1130,38.2,53.35,0.0,11.81,31.0,1.1,0.0,2020-04-11 11:30:00+00:00,91.55000000000001,33.8609375,8.814288092187502,8.549859449421875
20200411:1230,0.0,0.0,0.0,-1.89,29.31,1.66,0.0,2020-04-11 12:30:00+00:00,0.0,29.31,0.0,0.0
20200411:1330,0.0,0.0,0.0,0.0,27.7,0.76,0.0,2020-04-11 13:30:00+00:00,0.0,27.7,0.0,0.0
20200411:1430,0.0,0.0,0.0,0.0,27.53,1.45,0.0,2020-04-11 14:30:00+00:00,0.0,27.53,0.0,0.0
20200411:1530,0.0,0.0,0.0,0.0,27.14,1.45,0.0,2020-04-11 15:30:00+00:00,0.0,27.14,0.0,0.0
20200411:1630,0.0,0.0,0.0,0.0,26.36,0.83,0.0,2020-04-11 16:30:00+00:00,0.0,26.36,0.0,0.0
20200411:1730,0.0,0.0,0.0,0.0,25.79,0.97,0.0,2020-04-11 17:30:00+00:00,0.0,25.79,0.0,0.0
20200411:1830,0.0,0.0,0.0,0.0,25.58,1.59,0.0,2020-04-11 18:30:00+00:00,0.0,25.58,0.0,0.0
20200411:1930,0.0,0.0,0.0,0.0,25.31,2.21,0.0,2020-04-11 19:30:00+00:00,0.0,25.31,0.0,0.0
20200411:2030,0.0,0.0,0.0,0.0,25.0,2.0,0.0,2020-04-11 20:30:00+00:00,0.0,25.0,0.0,0.0
20200411:2130,0.0,0.0,0.0,0.0,24.72,1.66,0.0,2020-04-11 21:30:00+00:00,0.0,24.72,0.0,0.0
20200411:2230,0.0,0.0,0.0,0.0,24.56,1.72,0.0,2020-04-11 22:30:00+00:00,0.0,24.56,0.0,0.0
20200411:2330,0.0,0.0,0.0,-5.25,24.71,1.86,0.0,2020-04-11 23:30:00+00:00,0.0,24.71,0.0,0.0
20200412:0030,22.0,38.75,0.0,8.61,25.34,2.28,0.0,2020-04-12 00:30:00+00:00,60.75,27.2384375,6.0178862671875,5.837349679171875
20200412:0130,150.15,98.0,0.0,22.39,26.11,2.62,0.0,2020-04-12 01:30:00+00:00,248.15,33.8646875,23.8910956746875,23.174362804446872
20200412:0230,243.0,184.2,0.0,36.17,27.75,2.14,0.0,2020-04-12 02:30:00+00:00,427.2,41.1,39.831273599999996,38.63633539199999
20200412:0330,427.5,196.6,0.0,49.76,29.23,1.45,0.0,2020-04-12 03:30:00+00:00,624.1,48.733125,56.189025808749996,54.50335503448749
20200412:0430,708.35,159.95,0.0,62.68,30.91,1.38,0.0,2020-04-12 04:30:00+00:00,868.3,58.044375,74.77917905875,72.5358036869875
20200412:0530,786.9,157.25,0.0,73.15,32.63,1.17,0.0,2020-04-12 05:30:00+00:00,944.15,62.1346875,79.68949961468749,77.29881462624687
20200412:0630,760.3,173.3,0.0,74.68,33.95,0.69,0.0,2020-04-12 06:30:00+00:00,933.5999999999999,63.125,78.41072999999999,76.05840809999998
20200412:0730,626.0,169.55,0.0,65.53,34.1,1.1,0.0,2020-04-12 07:30:00+00:00,795.55,58.9609375,68.20759799218749,66.16137005242186
20200412:0830,525.6,174.2,0.0,52.93,33.8,0.76,0.0,2020-04-12 08:30:00+00:00,699.8,55.668749999999996,60.96596367500001,59.13698476475001
20200412:0930,205.15,148.0,0.0,39.44,32.82,1.03,0.0,2020-04-12 09:30:00+00:00,353.15,43.855937499999996,32.5182307821875,31.542683858721876
20200412:1030,165.6,107.9,0.0,25.68,28.28,2.14,0.0,2020-04-12 10:30:00+00:00,273.5,36.826875,25.991446868750003,25.211703462687503
20200412:1130,38.15,54.85,0.0,11.88,27.68,3.24,0.0,2020-04-12 11:30:00+00:00,93.0,30.58625,9.081801075000001,8.809347042750002
20200412:1230,0.0,0.0,0.0,-1.81,26.48,3.03,0.0,2020-04-12 12:30:00+00:00,0.0,26.48,0.0,0.0
20200412:1330,0.0,0.0,0.0,0.0,25.47,2.76,0.0,2020-04-12 13:30:00+00:00,0.0,25.47,0.0,0.0
20200412:1430,0.0,0.0,0.0,0.0,24.99,2.48,0.0,2020-04-12 14:30:00+00:00,0.0,24.99,0.0,0.0
20200412:1530,0.0,0.0,0.0,0.0,24.74,2.34,0.0,2020-04-12 15:30:00+00:00,0.0,24.74,0.0,0.0
20200412:1630,0.0,0.0,0.0,0.0,24.56,2.14,0.0,2020-04-12 16:30:00+00:00,0.0,24.56,0.0,0.0
20200412:1730,0.0,0.0,0.0,0.0,24.6,1.86,0.0,2020-04-12 17:30:00+00:00,0.0,24.6,0.0,0.0
20200412:1830,0.0,0.0,0.0,0.0,24.37,1.66,0.0,2020-04-12 18:30:00+00:00,0.0,24.37,0.0,0.0
20200412:1930,0.0,0.0,0.0,0.0,25.5,2.0,0.0,2020-04-12 19:30:00+00:00,0.0,25.5,0.0,0.0
20200412:2030,0.0,0.0,0.0,0.0,25.34,2.0,0.0,2020-04-12 20:30:00+00:00,0.0,25.34,0.0,0.0
20200412:2130,0.0,0.0,0.0,0.0,25.36,1.86,0.0,2020-04-12 21:30:00+00:00,0.0,25.36,0.0,0.0
20200412:2230,0.0,0.0,0.0,0.0,25.26,1.59,0.0,2020-04-12 22:30:00+00:00,0.0,25.26,0.0,0.0
20200412:2330,0.0,0.0,0.0,-5.04,25.14,1.52,0.0,2020-04-12 23:30:00+00:00,0.0,25.14,0.0,0.0
20200413:0030,36.7,43.85,0.0,8.81,25.01,1.79,0.0,2020-04-13 00:30:00+00:00,80.55000000000001,27.527187500000004,7.969502719687502,7.730417638096877
20200413:0130,166.8,102.95,0.0,22.58,26.14,2.9,0.0,2020-04-13 01:30:00+00:00,269.75,34.5696875,25.890802254687497,25.11407818704687
20200413:0230,304.15,154.25,0.0,36.37,28.0,2.83,0.0,2020-04-13 02:30:00+00:00,458.4,42.325,42.5044524,41.229318828
20200413:0330,359.4,240.9,0.0,49.98,29.5,2.62,0.0,2020-04-13 03:30:00+00:00,600.3,48.259375,54.165706818749996,52.5407356141875
20200413:0430,694.2,160.6,0.0,62.94,30.76,2.55,0.0,2020-04-13 04:30:00+00:00,854.8000000000001,57.472500000000004,73.82185294000001,71.60719735180001
20200413:0530,742.25,172.85,0.0,73.5,32.33,2.69,0.0,2020-04-13 05:30:00+00:00,915.1,60.926874999999995,77.70179300875,75.3707392184875
20200413:0630,645.1,209.6,0.0,75.0,33.49,2.76,0.0,2020-04-13 06:30:00+00:00,854.7,60.199375,72.83433955875,70.6493093719875
20200413:0730,595.6,188.7,0.0,65.7,34.14,2.28,0.0,2020-04-13 07:30:00+00:00,784.3,58.649375,67.34569397875,65.32532315938751
20200413:0830,531.6,157.05,0.0,53.03,34.52,2.14,0.0,2020-04-13 08:30:00+00:00,688.6500000000001,56.040312500000006,59.887117294687506,58.09050377584688
20200413:0930,278.05,155.3,0.0,39.51,34.4,2.0,0.0,2020-04-13 09:30:00+00:00,433.35,47.9421875,39.1593612796875,37.98458044129688
20200413:1030,115.35,91.0,0.0,25.75,33.42,1.72,0.0,2020-04-13 10:30:00+00:00,206.35,39.8684375,19.3463971271875,18.766005213371876
20200413:1130,56.55,52.0,0.0,11.95,32.66,1.79,0.0,2020-04-13 11:30:00+00:00,108.55,36.052187499999995,10.3511197196875,10.040586128096875
20200413:1230,0.0,0.0,0.0,-1.72,31.67,1.86,0.0,2020-04-13 12:30:00+00:00,0.0,31.67,0.0,0.0
20200413:1330,0.0,0.0,0.0,0.0,30.33,2.28,0.0,2020-04-13 13:30:00+00:00,0.0,30.33,0.0,0.0
20200413:1430,0.0,0.0,0.0,0.0,29.3,2.41,0.0,2020-04-13 14:30:00+00:00,0.0,29.3,0.0,0.0
20200413:1530,0.0,0.0,0.0,0.0,28.46,1.86,0.0,2020-04-13 15:30:00+00:00,0.0,28.46,0.0,0.0
20200413:1630,0.0,0.0,0.0,0.0,26.9,3.03,0.0,2020-04-13 16:30:00+00:00,0.0,26.9,0.0,0.0
20200413:1730,0.0,0.0,0.0,0.0,26.16,2.41,0.0,2020-04-13 17:30:00+00:00,0.0,26.16,0.0,0.0
20200413:1830,0.0,0.0,0.0,0.0,25.79,2.0,0.0,2020-04-13 18:30:00+00:00,0.0,25.79,0.0,0.0
20200413:1930,0.0,0.0,0.0,0.0,26.18,2.07,0.0,2020-04-13 19:30:00+00:00,0.0,26.18,0.0,0.0
20200413:2030,0.0,0.0,0.0,0.0,25.94,1.93,0.0,2020-04-13 20:30:00+00:00,0.0,25.94,0.0,0.0
20200413:2130,0.0,0.0,0.0,0.0,25.74,1.72,0.0,2020-04-13 21:30:00+00:00,0.0,25.74,0.0,0.0
20200413:2230,0.0,0.0,0.0,0.0,25.55,1.52,0.0,2020-04-13 22:30:00+00:00,0.0,25.55,0.0,0.0
20200413:2330,0.0,0.0,0.0,-4.82,25.34,1.38,0.0,2020-04-13 23:30:00+00:00,0.0,25.34,0.0,0.0
20200414:0030,44.85,46.5,0.0,9.0,25.13,1.45,0.0,2020-04-14 00:30:00+00:00,91.35,27.9846875,9.0204864946875,8.749871899846875
20200414:0130,199.2,98.0,0.0,22.78,26.32,1.79,0.0,2020-04-14 01:30:00+00:00,297.2,35.6075,28.395929419999998,27.544051537399998
20200414:0230,402.85,124.5,0.0,36.57,28.26,1.38,0.0,2020-04-14 02:30:00+00:00,527.35,44.7396875,48.3629158346875,46.912028359646875
20200414:0330,586.7,140.05,0.0,50.19,30.27,1.17,0.0,2020-04-14 03:30:00+00:00,726.75,52.980937499999996,64.1342385421875,62.21021138592187
20200414:0430,718.95,151.75,0.0,63.2,32.2,1.38,0.0,2020-04-14 04:30:00+00:00,870.7,59.409375000000004,74.48669801875,72.2520970781875
20200414:0530,773.05,164.25,0.0,73.84,33.7,1.66,0.0,2020-04-14 05:30:00+00:00,937.3,62.990625,78.77438261875,76.4111511401875
20200414:0630,785.9,156.1,0.0,75.31,34.79,1.79,0.0,2020-04-14 06:30:00+00:00,942.0,64.22749999999999,78.68003189999999,76.31963094299999
20200414:0730,617.65,165.55,0.0,65.87,35.37,2.14,0.0,2020-04-14 07:30:00+00:00,783.2,59.845,66.85794632000001,64.85220793040001
20200414:0830,437.4,169.75,0.0,53.13,35.61,2.07,0.0,2020-04-14 08:30:00+00:00,607.15,54.5834375,53.1711346871875,51.57600064657187
20200414:0930,315.65,125.6,0.0,39.59,35.27,1.86,0.0,2020-04-14 09:30:00+00:00,441.25,49.0590625,39.6662542421875,38.476266614921876
20200414:1030,68.4,118.85,0.0,25.82,31.34,0.34,0.0,2020-04-14 10:30:00+00:00,187.25,37.1915625,17.7661945671875,17.233208730171874
20200414:1130,18.2,51.15,0.0,12.03,30.77,0.62,0.0,2020-04-14 11:30:00+00:00,69.35,32.9371875,6.703813539687499,6.502699133496874
20200414:1230,0.0,0.0,0.0,-1.64,29.19,1.79,0.0,2020-04-14 12:30:00+00:00,0.0,29.19,0.0,0.0
20200414:1330,0.0,0.0,0.0,0.0,28.26,0.62,0.0,2020-04-14 13:30:00+00:00,0.0,28.26,0.0,0.0
20200414:1430,0.0,0.0,0.0,0.0,28.0,0.97,0.0,2020-04-14 14:30:00+00:00,0.0,28.0,0.0,0.0
20200414:1530,0.0,0.0,0.0,0.0,27.62,1.86,0.0,2020-04-14 15:30:00+00:00,0.0,27.62,0.0,0.0
20200414:1630,0.0,0.0,0.0,0.0,27.44,1.86,0.0,2020-04-14 16:30:00+00:00,0.0,27.44,0.0,0.0
20200414:1730,0.0,0.0,0.0,0.0,27.06,1.72,0.0,2020-04-14 17:30:00+00:00,0.0,27.06,0.0,0.0
20200414:1830,0.0,0.0,0.0,0.0,26.53,1.31,0.0,2020-04-14 18:30:00+00:00,0.0,26.53,0.0,0.0
20200414:1930,0.0,0.0,0.0,0.0,26.48,2.28,0.0,2020-04-14 19:30:00+00:00,0.0,26.48,0.0,0.0
20200414:2030,0.0,0.0,0.0,0.0,26.21,2.14,0.0,2020-04-14 20:30:00+00:00,0.0,26.21,0.0,0.0
20200414:2130,0.0,0.0,0.0,0.0,25.93,2.14,0.0,2020-04-14 21:30:00+00:00,0.0,25.93,0.0,0.0
20200414:2230,0.0,0.0,0.0,0.0,25.79,2.07,0.0,2020-04-14 22:30:00+00:00,0.0,25.79,0.0,0.0
20200414:2330,0.0,0.0,0.0,-4.62,25.66,2.0,0.0,2020-04-14 23:30:00+00:00,0.0,25.66,0.0,0.0
20200415:0030,47.55,46.3,0.0,9.2,25.57,1.86,0.0,2020-04-15 00:30:00+00:00,93.85,28.5028125,9.246929639687497,8.969521750496872
20200415:0130,202.35,96.8,0.0,22.97,26.62,1.86,0.0,2020-04-15 01:30:00+00:00,299.15,35.9684375,28.536892607187497,27.68078582897187
20200415:0230,395.95,126.25,0.0,36.76,28.77,2.34,0.0,2020-04-15 02:30:00+00:00,522.2,45.088750000000005,47.814054995,46.37963334515
20200415:0330,572.45,144.95,0.0,50.4,30.71,2.07,0.0,2020-04-15 03:30:00+00:00,717.4000000000001,53.128750000000004,63.26458259500001,61.36664511715001
20200415:0430,715.65,151.0,0.0,63.45,32.67,1.72,0.0,2020-04-15 04:30:00+00:00,866.65,59.752812500000005,74.0152195196875,71.79476293409688
20200415:0530,788.5,156.55,0.0,74.18,34.34,1.72,0.0,2020-04-15 05:30:00+00:00,945.05,63.8728125,79.0755643896875,76.70329745799687
20200415:0630,299.4,334.9,0.0,75.62,35.64,1.86,0.0,2020-04-15 06:30:00+00:00,634.3,55.461875,55.31477372875,53.655330516887496
20200415:0730,365.6,288.3,0.0,66.03,33.0,1.38,0.0,2020-04-15 07:30:00+00:00,653.9000000000001,53.434375,57.58084011875,55.85341491518749
20200415:0830,311.3,264.5,0.0,53.23,33.86,0.97,0.0,2020-04-15 08:30:00+00:00,575.8,51.85375,51.085796515,49.55322261955
20200415:0930,183.15,160.6,0.0,39.67,34.19,0.41,0.0,2020-04-15 09:30:00+00:00,343.75,44.9321875,31.497290429687503,30.552371716796877
20200415:1030,33.25,111.7,0.0,25.89,31.73,1.03,0.0,2020-04-15 10:30:00+00:00,144.95,36.2596875,13.8095214846875,13.395235840146874
20200415:1130,2.1,36.65,0.0,12.1,28.17,3.66,0.0,2020-04-15 11:30:00+00:00,38.75,29.3809375,3.8037002421875,3.6895892349218746
20200415:1230,0.0,0.0,0.0,-1.55,26.24,1.59,0.0,2020-04-15 12:30:00+00:00,0.0,26.24,0.0,0.0
20200415:1330,0.0,0.0,0.0,0.0,24.21,3.03,0.0,2020-04-15 13:30:00+00:00,0.0,24.21,0.0,0.0
20200415:1430,0.0,0.0,0.0,0.0,23.98,1.38,0.0,2020-04-15 14:30:00+00:00,0.0,23.98,0.0,0.0
20200415:1530,0.0,0.0,0.0,0.0,24.17,1.86,0.0,2020-04-15 15:30:00+00:00,0.0,24.17,0.0,0.0
20200415:1630,0.0,0.0,0.0,0.0,24.15,1.52,0.0,2020-04-15 16:30:00+00:00,0.0,24.15,0.0,0.0
20200415:1730,0.0,0.0,0.0,0.0,24.11,1.24,0.0,2020-04-15 17:30:00+00:00,0.0,24.11,0.0,0.0
20200415:1830,0.0,0.0,0.0,0.0,24.07,0.76,0.0,2020-04-15 18:30:00+00:00,0.0,24.07,0.0,0.0
20200415:1930,0.0,0.0,0.0,0.0,24.9,1.45,0.0,2020-04-15 19:30:00+00:00,0.0,24.9,0.0,0.0
20200415:2030,0.0,0.0,0.0,0.0,24.88,1.1,0.0,2020-04-15 20:30:00+00:00,0.0,24.88,0.0,0.0
20200415:2130,0.0,0.0,0.0,0.0,24.89,0.9,0.0,2020-04-15 21:30:00+00:00,0.0,24.89,0.0,0.0
20200415:2230,0.0,0.0,0.0,0.0,24.92,0.76,0.0,2020-04-15 22:30:00+00:00,0.0,24.92,0.0,0.0
20200415:2330,0.0,0.0,0.0,-4.41,24.59,1.03,0.0,2020-04-15 23:30:00+00:00,0.0,24.59,0.0,0.0
20200416:0030,20.9,48.35,0.0,9.39,24.7,1.1,0.0,2020-04-16 00:30:00+00:00,69.25,26.8640625,6.8707837421875,6.664660229921875
20200416:0130,130.55,113.05,0.0,23.15,26.47,1.31,0.0,2020-04-16 01:30:00+00:00,243.60000000000002,34.082499999999996,23.43075126,22.7278287222
20200416:0230,235.15,151.45,0.0,36.95,28.18,1.03,0.0,2020-04-16 02:30:00+00:00,386.6,40.261250000000004,36.182000314999996,35.09654030554999
20200416:0330,398.0,193.5,0.0,50.6,29.49,0.97,0.0,2020-04-16 03:30:00+00:00,591.5,47.974374999999995,53.44247601875001,51.839201738187505
20200416:0430,398.4,262.05,0.0,63.69,30.92,1.1,0.0,2020-04-16 04:30:00+00:00,660.45,51.5590625,58.677808212187514,56.917473965821884
20200416:0530,768.1,165.95,0.0,74.51,31.95,1.38,0.0,2020-04-16 05:30:00+00:00,934.05,61.139062499999994,79.22760964218749,76.85078135292186
20200416:0630,761.65,172.6,0.0,75.92,33.45,1.66,0.0,2020-04-16 06:30:00+00:00,934.25,62.6453125,78.6535440546875,76.29393773304687
20200416:0730,715.35,158.35,0.0,66.18,33.26,1.52,0.0,2020-04-16 07:30:00+00:00,873.7,60.563125,74.31996902875001,72.0903699578875
20200416:0830,564.8,166.0,0.0,53.33,33.85,1.59,0.0,2020-04-16 08:30:00+00:00,730.8,56.6875,63.353965499999994,61.453346534999994
20200416:0930,315.9,165.55,0.0,39.74,33.56,1.59,0.0,2020-04-16 09:30:00+00:00,481.45,48.605312500000004,43.37179336468749,42.070639563746866
20200416:1030,175.9,111.05,0.0,25.95,32.49,1.86,0.0,2020-04-16 10:30:00+00:00,286.95,41.4571875,26.711596219687497,25.91024833309687
20200416:1130,56.75,56.15,0.0,12.17,32.23,2.48,0.0,2020-04-16 11:30:00+00:00,112.9,35.758125,10.779871228749998,10.456475091887498
20200416:1230,0.0,0.0,0.0,-1.47,31.1,2.34,0.0,2020-04-16 12:30:00+00:00,0.0,31.1,0.0,0.0
20200416:1330,0.0,0.0,0.0,0.0,29.76,2.55,0.0,2020-04-16 13:30:00+00:00,0.0,29.76,0.0,0.0
20200416:1430,0.0,0.0,0.0,0.0,29.06,2.83,0.0,2020-04-16 14:30:00+00:00,0.0,29.06,0.0,0.0
20200416:1530,0.0,0.0,0.0,0.0,28.27,2.34,0.0,2020-04-16 15:30:00+00:00,0.0,28.27,0.0,0.0
20200416:1630,0.0,0.0,0.0,0.0,27.76,1.86,0.0,2020-04-16 16:30:00+00:00,0.0,27.76,0.0,0.0
20200416:1730,0.0,0.0,0.0,0.0,27.15,1.79,0.0,2020-04-16 17:30:00+00:00,0.0,27.15,0.0,0.0
20200416:1830,0.0,0.0,0.0,0.0,26.67,2.34,0.0,2020-04-16 18:30:00+00:00,0.0,26.67,0.0,0.0
20200416:1930,0.0,0.0,0.0,0.0,26.81,3.24,0.0,2020-04-16 19:30:00+00:00,0.0,26.81,0.0,0.0
20200416:2030,0.0,0.0,0.0,0.0,26.9,3.24,0.0,2020-04-16 20:30:00+00:00,0.0,26.9,0.0,0.0
20200416:2130,0.0,0.0,0.0,0.0,26.82,3.24,0.0,2020-04-16 21:30:00+00:00,0.0,26.82,0.0,0.0
20200416:2230,0.0,0.0,0.0,0.0,26.69,2.76,0.0,2020-04-16 22:30:00+00:00,0.0,26.69,0.0,0.0
20200416:2330,0.0,0.0,0.0,-4.21,26.44,2.34,0.0,2020-04-16 23:30:00+00:00,0.0,26.44,0.0,0.0
20200417:0030,53.25,47.55,0.0,9.58,26.24,2.62,0.0,2020-04-17 00:30:00+00:00,100.8,29.389999999999997,9.89414496,9.5973206112
20200417:0130,217.05,95.2,0.0,23.33,27.37,3.03,0.0,2020-04-17 01:30:00+00:00,312.25,37.127812500000005,29.6344980296875,28.745463088796875
20200417:0230,407.5,124.6,0.0,37.13,29.2,4.28,0.0,2020-04-17 02:30:00+00:00,532.1,45.828125,48.555288968750006,47.09863029968751
20200417:0330,595.85,140.95,0.0,50.8,31.0,4.28,0.0,2020-04-17 03:30:00+00:00,736.8,54.025,64.6980396,62.757098412
20200417:0430,732.25,147.9,0.0,63.93,32.78,3.45,0.0,2020-04-17 04:30:00+00:00,880.15,60.284687500000004,74.9715565646875,72.72240986774688
20200417:0530,800.9,150.1,0.0,74.84,34.23,2.62,0.0,2020-04-17 05:30:00+00:00,951.0,63.94875,79.543090275,77.15679756675
20200417:0630,757.9,164.6,0.0,76.22,35.39,2.55,0.0,2020-04-17 06:30:00+00:00,922.5,64.218125,77.05493746875,74.7432893446875
20200417:0730,658.25,167.25,0.0,66.33,35.62,3.24,0.0,2020-04-17 07:30:00+00:00,825.5,61.416875,69.92390526875,67.8261881106875
20200417:0830,554.05,139.65,0.0,53.42,36.03,3.59,0.0,2020-04-17 08:30:00+00:00,693.6999999999999,57.708124999999995,59.840356948750006,58.04514624028751
20200417:0930,403.8,128.8,0.0,39.81,35.98,3.93,0.0,2020-04-17 09:30:00+00:00,532.6,52.62375,47.080788115000004,45.66836447155
20200417:1030,153.45,113.85,0.0,26.02,35.31,3.38,0.0,2020-04-17 10:30:00+00:00,267.29999999999995,43.663125,24.634765608749994,23.895722640487495
20200417:1130,37.25,50.5,0.0,12.25,32.27,2.21,0.0,2020-04-17 11:30:00+00:00,87.75,35.0121875,8.406000829687498,8.153820804796872
20200417:1230,0.0,0.0,0.0,-1.38,31.55,1.52,0.0,2020-04-17 12:30:00+00:00,0.0,31.55,0.0,0.0
20200417:1330,0.0,0.0,0.0,0.0,30.35,2.28,0.0,2020-04-17 13:30:00+00:00,0.0,30.35,0.0,0.0
20200417:1430,0.0,0.0,0.0,0.0,29.63,2.9,0.0,2020-04-17 14:30:00+00:00,0.0,29.63,0.0,0.0
20200417:1530,0.0,0.0,0.0,0.0,29.02,3.1,0.0,2020-04-17 15:30:00+00:00,0.0,29.02,0.0,0.0
20200417:1630,0.0,0.0,0.0,0.0,28.28,2.69,0.0,2020-04-17 16:30:00+00:00,0.0,28.28,0.0,0.0
20200417:1730,0.0,0.0,0.0,0.0,27.76,2.34,0.0,2020-04-17 17:30:00+00:00,0.0,27.76,0.0,0.0
20200417:1830,0.0,0.0,0.0,0.0,27.39,1.86,0.0,2020-04-17 18:30:00+00:00,0.0,27.39,0.0,0.0
20200417:1930,0.0,0.0,0.0,0.0,26.96,2.9,0.0,2020-04-17 19:30:00+00:00,0.0,26.96,0.0,0.0
20200417:2030,0.0,0.0,0.0,0.0,26.82,2.97,0.0,2020-04-17 20:30:00+00:00,0.0,26.82,0.0,0.0
20200417:2130,0.0,0.0,0.0,0.0,26.68,2.76,0.0,2020-04-17 21:30:00+00:00,0.0,26.68,0.0,0.0
20200417:2230,0.0,0.0,0.0,0.0,26.47,2.41,0.0,2020-04-17 22:30:00+00:00,0.0,26.47,0.0,0.0
20200417:2330,0.0,0.0,0.0,-4.01,26.31,2.0,0.0,2020-04-17 23:30:00+00:00,0.0,26.31,0.0,0.0
20200418:0030,45.05,48.6,0.0,9.76,26.0,1.79,0.0,2020-04-18 00:30:00+00:00,93.65,28.9265625,9.210556517187502,8.934239821671877
20200418:0130,182.45,100.2,0.0,23.51,27.12,1.86,0.0,2020-04-18 01:30:00+00:00,282.65,35.9528125,26.964758769687496,26.15581600659687
20200418:0230,340.45,149.1,0.0,37.31,28.74,2.83,0.0,2020-04-18 02:30:00+00:00,489.54999999999995,44.0384375,45.04048782718749,43.689273192371864
20200418:0330,443.55,204.35,0.0,50.99,30.33,2.69,0.0,2020-04-18 03:30:00+00:00,647.9,50.576875,57.83007192875,56.0951697708875
20200418:0430,638.1,196.05,0.0,64.16,31.65,2.41,0.0,2020-04-18 04:30:00+00:00,834.1500000000001,57.7171875,71.9527623796875,69.79417950829688
20200418:0530,765.3,168.4,0.0,75.17,33.14,2.28,0.0,2020-04-18 05:30:00+00:00,933.6999999999999,62.318124999999995,78.73554800875,76.3734815684875
20200418:0630,492.25,268.85,0.0,76.52,34.4,2.21,0.0,2020-04-18 06:30:00+00:00,761.1,58.184375,65.50221631875,63.5371498291875
20200418:0730,224.75,263.55,0.0,66.48,34.79,2.76,0.0,2020-04-18 07:30:00+00:00,488.3,50.049375,43.69272387875,42.3819421623875
20200418:0830,441.85,149.7,0.0,53.51,34.59,2.76,0.0,2020-04-18 08:30:00+00:00,591.55,53.0759375,52.17950525218749,50.61412009462186
20200418:0930,305.35,182.8,0.0,39.88,34.88,2.97,0.0,2020-04-18 09:30:00+00:00,488.15000000000003,50.134687500000005,43.661810964687504,42.35195663574688
20200418:1030,72.8,126.05,0.0,26.09,34.57,3.24,0.0,2020-04-18 10:30:00+00:00,198.85,40.7840625,18.5667624521875,18.009759578621875
20200418:1130,3.0,34.35,0.0,12.32,32.05,3.86,0.0,2020-04-18 11:30:00+00:00,37.35,33.217187499999994,3.6060969796875004,3.497914070296875
20200418:1230,0.0,0.0,0.0,-1.3,25.57,3.03,0.0,2020-04-18 12:30:00+00:00,0.0,25.57,0.0,0.0
20200418:1330,0.0,0.0,0.0,0.0,25.1,0.55,0.0,2020-04-18 13:30:00+00:00,0.0,25.1,0.0,0.0
20200418:1430,0.0,0.0,0.0,0.0,25.1,0.62,0.0,2020-04-18 14:30:00+00:00,0.0,25.1,0.0,0.0
20200418:1530,0.0,0.0,0.0,0.0,24.97,1.59,0.0,2020-04-18 15:30:00+00:00,0.0,24.97,0.0,0.0
20200418:1630,0.0,0.0,0.0,0.0,25.0,2.55,0.0,2020-04-18 16:30:00+00:00,0.0,25.0,0.0,0.0
20200418:1730,0.0,0.0,0.0,0.0,24.82,2.83,0.0,2020-04-18 17:30:00+00:00,0.0,24.82,0.0,0.0
20200418:1830,0.0,0.0,0.0,0.0,24.75,2.9,0.0,2020-04-18 18:30:00+00:00,0.0,24.75,0.0,0.0
20200418:1930,0.0,0.0,0.0,0.0,26.47,1.59,0.0,2020-04-18 19:30:00+00:00,0.0,26.47,0.0,0.0
20200418:2030,0.0,0.0,0.0,0.0,26.67,1.52,0.0,2020-04-18 20:30:00+00:00,0.0,26.67,0.0,0.0
20200418:2130,0.0,0.0,0.0,0.0,26.75,1.72,0.0,2020-04-18 21:30:00+00:00,0.0,26.75,0.0,0.0
20200418:2230,0.0,0.0,0.0,0.0,26.9,2.14,0.0,2020-04-18 22:30:00+00:00,0.0,26.9,0.0,0.0
20200418:2330,0.0,0.0,0.0,-3.81,26.97,2.62,0.0,2020-04-18 23:30:00+00:00,0.0,26.97,0.0,0.0
20200419:0030,14.0,52.4,0.0,9.94,26.94,2.9,0.0,2020-04-19 00:30:00+00:00,66.4,29.015,6.5280296799999995,6.332188789599999
20200419:0130,148.4,120.95,0.0,23.69,27.45,3.66,0.0,2020-04-19 01:30:00+00:00,269.35,35.8671875,25.705627679687503,24.934458849296878
20200419:0230,243.1,206.3,0.0,37.49,28.68,4.28,0.0,2020-04-19 02:30:00+00:00,449.4,42.723749999999995,41.594677635,40.34683730595
20200419:0330,526.65,180.95,0.0,51.18,30.05,3.66,0.0,2020-04-19 03:30:00+00:00,707.5999999999999,52.162499999999994,62.68752229999999,60.80689663099999
20200419:0430,683.05,171.75,0.0,64.39,31.81,3.59,0.0,2020-04-19 04:30:00+00:00,854.8,58.522499999999994,73.44488614000001,71.2415395558
20200419:0530,776.85,166.35,0.0,75.49,33.27,3.52,0.0,2020-04-19 05:30:00+00:00,943.2,62.745000000000005,79.36754472,76.98651837839999
20200419:0630,720.1,197.7,0.0,76.81,34.44,3.45,0.0,2020-04-19 06:30:00+00:00,917.8,63.121249999999996,77.085173035,74.77261784395
20200419:0730,675.75,169.4,0.0,66.63,34.33,3.03,0.0,2020-04-19 07:30:00+00:00,845.15,60.7409375,71.82828960218751,69.67344091412188
20200419:0830,427.05,190.1,0.0,53.6,34.69,2.83,0.0,2020-04-19 08:30:00+00:00,617.15,53.9759375,54.2043500721875,52.57821957002187
20200419:0930,239.25,177.25,0.0,39.95,33.28,2.55,0.0,2020-04-19 09:30:00+00:00,416.5,46.295625,37.92475631875,36.7870136291875
20200419:1030,43.1,108.6,0.0,26.15,32.13,2.97,0.0,2020-04-19 10:30:00+00:00,151.7,36.870625000000004,14.41367499875,13.9812647487875
20200419:1130,13.9,68.55,0.0,12.39,30.29,2.62,0.0,2020-04-19 11:30:00+00:00,82.45,32.8665625,7.972588807187502,7.733411142971876
20200419:1230,0.0,0.0,0.0,-1.21,29.67,3.1,0.0,2020-04-19 12:30:00+00:00,0.0,29.67,0.0,0.0
20200419:1330,0.0,0.0,0.0,0.0,29.25,3.59,0.0,2020-04-19 13:30:00+00:00,0.0,29.25,0.0,0.0
20200419:1430,0.0,0.0,0.0,0.0,28.71,3.38,0.0,2020-04-19 14:30:00+00:00,0.0,28.71,0.0,0.0
20200419:1530,0.0,0.0,0.0,0.0,28.11,3.17,0.0,2020-04-19 15:30:00+00:00,0.0,28.11,0.0,0.0
20200419:1630,0.0,0.0,0.0,0.0,27.59,3.1,0.0,2020-04-19 16:30:00+00:00,0.0,27.59,0.0,0.0
20200419:1730,0.0,0.0,0.0,0.0,27.17,3.03,0.0,2020-04-19 17:30:00+00:00,0.0,27.17,0.0,0.0
20200419:1830,0.0,0.0,0.0,0.0,26.86,2.62,0.0,2020-04-19 18:30:00+00:00,0.0,26.86,0.0,0.0
20200419:1930,0.0,0.0,0.0,0.0,26.75,2.62,0.0,2020-04-19 19:30:00+00:00,0.0,26.75,0.0,0.0
20200419:2030,0.0,0.0,0.0,0.0,26.53,2.48,0.0,2020-04-19 20:30:00+00:00,0.0,26.53,0.0,0.0
20200419:2130,0.0,0.0,0.0,0.0,26.33,2.55,0.0,2020-04-19 21:30:00+00:00,0.0,26.33,0.0,0.0
20200419:2230,0.0,0.0,0.0,0.0,26.19,2.41,0.0,2020-04-19 22:30:00+00:00,0.0,26.19,0.0,0.0
20200419:2330,0.0,0.0,0.0,-3.61,26.09,2.28,0.0,2020-04-19 23:30:00+00:00,0.0,26.09,0.0,0.0
20200420:0030,37.5,56.2,0.0,10.12,26.08,2.14,0.0,2020-04-20 00:30:00+00:00,93.7,29.008125,9.212264248750001,8.935896321287501
20200420:0130,166.8,111.95,0.0,23.86,27.06,2.14,0.0,2020-04-20 01:30:00+00:00,278.75,35.7709375,26.6139924921875,25.815572717421873
20200420:0230,306.35,156.45,0.0,37.66,29.11,2.41,0.0,2020-04-20 02:30:00+00:00,462.8,43.5725,42.66995174,41.3898531878
20200420:0330,495.7,177.75,0.0,51.37,30.7,2.41,0.0,2020-04-20 03:30:00+00:00,673.45,51.7453125,59.780115104687496,57.98671165154687
20200420:0430,669.9,171.7,0.0,64.61,32.31,2.97,0.0,2020-04-20 04:30:00+00:00,841.5999999999999,58.61,72.27980608,70.1114118976
20200420:0530,704.7,191.6,0.0,75.8,33.75,3.38,0.0,2020-04-20 05:30:00+00:00,896.3000000000001,61.759375000000006,75.79208031875001,73.5183179091875
20200420:0630,623.1,193.85,0.0,77.09,34.8,3.66,0.0,2020-04-20 06:30:00+00:00,816.95,60.3296875,69.5727129546875,67.48553156604687
20200420:0730,393.45,257.55,0.0,66.77,31.93,3.31,0.0,2020-04-20 07:30:00+00:00,651.0,52.27375,57.64281127500001,55.91352693675
20200420:0830,408.25,212.8,0.0,53.69,31.92,4.07,0.0,2020-04-20 08:30:00+00:00,621.05,51.3278125,55.2376270596875,53.58049824789687
20200420:0930,191.75,176.6,0.0,40.02,31.65,4.07,0.0,2020-04-20 09:30:00+00:00,368.35,43.1609375,34.0253758421875,33.00461456692187
20200420:1030,131.8,129.85,0.0,26.22,31.47,3.72,0.0,2020-04-20 10:30:00+00:00,261.65,39.6465625,24.555445307187497,23.81878194797187
20200420:1130,29.7,71.2,0.0,12.46,31.1,3.45,0.0,2020-04-20 11:30:00+00:00,100.9,34.253125000000004,9.69787106875,9.4069349366875
20200420:1230,0.0,0.0,0.0,-1.12,30.23,3.03,0.0,2020-04-20 12:30:00+00:00,0.0,30.23,0.0,0.0
20200420:1330,0.0,0.0,0.0,0.0,29.29,2.76,0.0,2020-04-20 13:30:00+00:00,0.0,29.29,0.0,0.0
20200420:1430,0.0,0.0,0.0,0.0,28.58,2.41,0.0,2020-04-20 14:30:00+00:00,0.0,28.58,0.0,0.0
20200420:1530,0.0,0.0,0.0,0.0,27.98,2.41,0.0,2020-04-20 15:30:00+00:00,0.0,27.98,0.0,0.0
20200420:1630,0.0,0.0,0.0,0.0,27.54,2.55,0.0,2020-04-20 16:30:00+00:00,0.0,27.54,0.0,0.0
20200420:1730,0.0,0.0,0.0,0.0,27.12,2.28,0.0,2020-04-20 17:30:00+00:00,0.0,27.12,0.0,0.0
20200420:1830,0.0,0.0,0.0,0.0,26.73,1.86,0.0,2020-04-20 18:30:00+00:00,0.0,26.73,0.0,0.0
20200420:1930,0.0,0.0,0.0,0.0,26.57,1.86,0.0,2020-04-20 19:30:00+00:00,0.0,26.57,0.0,0.0
20200420:2030,0.0,0.0,0.0,0.0,26.24,1.93,0.0,2020-04-20 20:30:00+00:00,0.0,26.24,0.0,0.0
20200420:2130,0.0,0.0,0.0,0.0,25.99,2.0,0.0,2020-04-20 21:30:00+00:00,0.0,25.99,0.0,0.0
20200420:2230,0.0,0.0,0.0,0.0,25.94,2.21,0.0,2020-04-20 22:30:00+00:00,0.0,25.94,0.0,0.0
20200420:2330,0.0,0.0,0.0,-3.42,25.92,2.0,0.0,2020-04-20 23:30:00+00:00,0.0,25.92,0.0,0.0
20200421:0030,29.95,60.25,0.0,10.3,25.9,1.38,0.0,2020-04-21 00:30:00+00:00,90.2,28.71875,8.879118875,8.61274530875
20200421:0130,81.35,125.05,0.0,24.03,26.72,1.86,0.0,2020-04-21 01:30:00+00:00,206.39999999999998,33.17,19.93175904,19.3338062688
20200421:0230,138.1,181.65,0.0,37.83,28.17,2.21,0.0,2020-04-21 02:30:00+00:00,319.75,38.1621875,30.2073840296875,29.301162508796875
20200421:0330,255.6,260.65,0.0,51.55,28.59,3.03,0.0,2020-04-21 03:30:00+00:00,516.25,44.7228125,47.3486011796875,45.928143144296875
20200421:0430,326.2,312.3,0.0,64.83,30.21,3.59,0.0,2020-04-21 04:30:00+00:00,638.5,50.163125,57.10200476875,55.3889446256875
20200421:0530,408.6,292.65,0.0,76.11,31.34,4.21,0.0,2020-04-21 05:30:00+00:00,701.25,53.2540625,61.803472242187496,59.94936807492187
20200421:0630,13.2,98.8,0.0,77.37,32.49,4.97,0.0,2020-04-21 06:30:00+00:00,112.0,35.99,10.6830304,10.362539488
20200421:0730,75.3,255.65,0.0,66.9,25.25,0.97,0.0,2020-04-21 07:30:00+00:00,330.95,35.5921875,31.6226965296875,30.674015633796873
20200421:0830,210.75,220.5,0.0,53.77,26.77,0.55,0.0,2020-04-21 08:30:00+00:00,431.25,40.246562499999996,40.3634663671875,39.15256237617187
20200421:0930,123.1,151.5,0.0,40.09,28.31,0.34,0.0,2020-04-21 09:30:00+00:00,274.6,36.89125,26.088558355,25.305901604349998
20200421:1030,66.7,126.0,0.0,26.29,28.48,0.41,0.0,2020-04-21 10:30:00+00:00,192.7,34.501875,18.50097524875,17.9459459912875
20200421:1130,51.4,57.3,0.0,12.54,28.6,1.86,0.0,2020-04-21 11:30:00+00:00,108.69999999999999,31.996875000000003,10.550564668749999,10.234047728687498
20200421:1230,0.0,0.0,0.0,-1.03,27.96,1.79,0.0,2020-04-21 12:30:00+00:00,0.0,27.96,0.0,0.0
20200421:1330,0.0,0.0,0.0,0.0,26.92,1.59,0.0,2020-04-21 13:30:00+00:00,0.0,26.92,0.0,0.0
20200421:1430,0.0,0.0,0.0,0.0,26.09,1.86,0.0,2020-04-21 14:30:00+00:00,0.0,26.09,0.0,0.0
20200421:1530,0.0,0.0,0.0,0.0,25.73,1.52,0.0,2020-04-21 15:30:00+00:00,0.0,25.73,0.0,0.0
20200421:1630,0.0,0.0,0.0,0.0,25.46,1.24,0.0,2020-04-21 16:30:00+00:00,0.0,25.46,0.0,0.0
20200421:1730,0.0,0.0,0.0,0.0,25.12,1.45,0.0,2020-04-21 17:30:00+00:00,0.0,25.12,0.0,0.0
20200421:1830,0.0,0.0,0.0,0.0,24.91,1.79,0.0,2020-04-21 18:30:00+00:00,0.0,24.91,0.0,0.0
20200421:1930,0.0,0.0,0.0,0.0,24.73,2.83,0.0,2020-04-21 19:30:00+00:00,0.0,24.73,0.0,0.0
20200421:2030,0.0,0.0,0.0,0.0,24.42,1.72,0.0,2020-04-21 20:30:00+00:00,0.0,24.42,0.0,0.0
20200421:2130,0.0,0.0,0.0,0.0,23.75,1.59,0.0,2020-04-21 21:30:00+00:00,0.0,23.75,0.0,0.0
20200421:2230,0.0,0.0,0.0,0.0,23.22,1.45,0.0,2020-04-21 22:30:00+00:00,0.0,23.22,0.0,0.0
20200421:2330,0.0,0.0,0.0,-3.23,22.84,0.76,0.0,2020-04-21 23:30:00+00:00,0.0,22.84,0.0,0.0
20200422:0030,36.35,54.2,0.0,10.47,22.49,0.83,0.0,2020-04-22 00:30:00+00:00,90.55000000000001,25.3196875,9.042841964687499,8.771556705746873
20200422:0130,77.8,130.45,0.0,24.19,23.89,1.1,0.0,2020-04-22 01:30:00+00:00,208.25,30.3978125,20.352880329687498,19.74229391979687
20200422:0230,180.65,191.55,0.0,37.99,24.91,1.24,0.0,2020-04-22 02:30:00+00:00,372.20000000000005,36.541250000000005,35.415825635000004,34.353350865950006
20200422:0330,208.6,184.8,0.0,51.72,26.11,1.31,0.0,2020-04-22 03:30:00+00:00,393.4,38.40375,37.125325194999995,36.01156543915
20200422:0430,224.7,224.6,0.0,65.04,26.84,1.38,0.0,2020-04-22 04:30:00+00:00,449.29999999999995,40.880624999999995,41.93323077875,40.6752338553875
20200422:0530,204.7,266.25,0.0,76.41,26.85,1.1,0.0,2020-04-22 05:30:00+00:00,470.95,41.5671875,43.8180268796875,42.50348607329688
20200422:0630,145.3,238.7,0.0,77.65,26.07,2.41,0.0,2020-04-22 06:30:00+00:00,384.0,38.07,36.2920704,35.203308288
20200422:0730,145.6,252.1,0.0,67.03,26.84,2.0,0.0,2020-04-22 07:30:00+00:00,397.7,39.268125,37.38673800875001,36.265135868487505
20200422:0830,278.25,250.1,0.0,53.85,26.79,1.24,0.0,2020-04-22 08:30:00+00:00,528.35,43.3009375,48.7738938621875,47.31067704632187
20200422:0930,257.65,153.7,0.0,40.16,27.61,2.07,0.0,2020-04-22 09:30:00+00:00,411.34999999999997,40.4646875,38.4632123346875,37.30931596464687
20200422:1030,160.2,110.1,0.0,26.35,27.72,2.41,0.0,2020-04-22 10:30:00+00:00,270.29999999999995,36.166875,25.762269348749996,24.989401268287494
20200422:1130,39.35,57.35,0.0,12.61,27.29,2.9,0.0,2020-04-22 11:30:00+00:00,96.7,30.311875,9.454263508750001,9.1706356034875
20200422:1230,0.0,0.0,0.0,-0.94,26.35,2.14,0.0,2020-04-22 12:30:00+00:00,0.0,26.35,0.0,0.0
20200422:1330,0.0,0.0,0.0,0.0,25.42,1.59,0.0,2020-04-22 13:30:00+00:00,0.0,25.42,0.0,0.0
20200422:1430,0.0,0.0,0.0,0.0,24.92,1.66,0.0,2020-04-22 14:30:00+00:00,0.0,24.92,0.0,0.0
20200422:1530,0.0,0.0,0.0,0.0,24.67,1.24,0.0,2020-04-22 15:30:00+00:00,0.0,24.67,0.0,0.0
20200422:1630,0.0,0.0,0.0,0.0,24.48,1.31,0.0,2020-04-22 16:30:00+00:00,0.0,24.48,0.0,0.0
20200422:1730,0.0,0.0,0.0,0.0,24.37,1.24,0.0,2020-04-22 17:30:00+00:00,0.0,24.37,0.0,0.0
20200422:1830,0.0,0.0,0.0,0.0,24.04,1.1,0.0,2020-04-22 18:30:00+00:00,0.0,24.04,0.0,0.0
20200422:1930,0.0,0.0,0.0,0.0,23.58,1.59,0.0,2020-04-22 19:30:00+00:00,0.0,23.58,0.0,0.0
20200422:2030,0.0,0.0,0.0,0.0,23.41,1.38,0.0,2020-04-22 20:30:00+00:00,0.0,23.41,0.0,0.0
20200422:2130,0.0,0.0,0.0,0.0,23.33,1.31,0.0,2020-04-22 21:30:00+00:00,0.0,23.33,0.0,0.0
20200422:2230,0.0,0.0,0.0,0.0,22.61,1.1,0.0,2020-04-22 22:30:00+00:00,0.0,22.61,0.0,0.0
20200422:2330,0.0,0.0,0.0,-3.04,22.49,0.48,0.0,2020-04-22 23:30:00+00:00,0.0,22.49,0.0,0.0
20200423:0030,16.05,57.25,0.0,10.64,22.44,1.03,0.0,2020-04-23 00:30:00+00:00,73.3,24.730625,7.338292978749999,7.1181441893874995
20200423:0130,167.5,113.8,0.0,24.35,23.34,1.59,0.0,2020-04-23 01:30:00+00:00,281.3,32.130625,27.287545178749998,26.468918823387497
20200423:0230,310.65,180.9,0.0,38.15,25.08,1.72,0.0,2020-04-23 02:30:00+00:00,491.54999999999995,40.4409375,45.9672030121875,44.58818692182187
20200423:0330,407.3,206.1,0.0,51.89,27.06,1.86,0.0,2020-04-23 03:30:00+00:00,613.4,46.22875,55.870879595,54.194753207149994
20200423:0430,571.85,228.4,0.0,65.24,28.97,2.14,0.0,2020-04-23 04:30:00+00:00,800.25,53.9778125,70.2854123296875,68.17684995979688
20200423:0530,585.65,250.8,0.0,76.71,30.52,2.55,0.0,2020-04-23 05:30:00+00:00,836.45,56.659062500000005,72.52288641218749,70.34719981982187
20200423:0630,604.3,215.7,0.0,77.91,30.96,2.83,0.0,2020-04-23 06:30:00+00:00,820.0,56.585,71.122126,68.98846221999999
20200423:0730,389.5,249.45,0.0,67.16,31.41,2.28,0.0,2020-04-23 07:30:00+00:00,638.95,51.377187500000005,56.81644433968751,55.11195100949688
20200423:0830,260.9,193.85,0.0,53.93,30.58,2.48,0.0,2020-04-23 08:30:00+00:00,454.75,44.7909375,41.695029892187506,40.44417899542188
20200423:0930,39.0,148.8,0.0,40.22,29.21,2.28,0.0,2020-04-23 09:30:00+00:00,187.8,35.07875,17.985028515000003,17.445477659550004
20200423:1030,78.8,136.25,0.0,26.42,28.71,2.97,0.0,2020-04-23 10:30:00+00:00,215.05,35.4303125,20.562923744687502,19.94603603234688
20200423:1130,27.0,62.1,0.0,12.69,28.87,2.0,0.0,2020-04-23 11:30:00+00:00,89.1,31.654375,8.66097997875,8.4011505793875
20200423:1230,0.0,0.0,0.0,-0.85,26.08,0.41,0.0,2020-04-23 12:30:00+00:00,0.0,26.08,0.0,0.0
20200423:1330,0.0,0.0,0.0,0.0,24.91,1.66,0.0,2020-04-23 13:30:00+00:00,0.0,24.91,0.0,0.0
20200423:1430,0.0,0.0,0.0,0.0,24.17,2.28,0.0,2020-04-23 14:30:00+00:00,0.0,24.17,0.0,0.0
20200423:1530,0.0,0.0,0.0,0.0,23.44,2.07,0.0,2020-04-23 15:30:00+00:00,0.0,23.44,0.0,0.0
20200423:1630,0.0,0.0,0.0,0.0,23.24,2.48,0.0,2020-04-23 16:30:00+00:00,0.0,23.24,0.0,0.0
20200423:1730,0.0,0.0,0.0,0.0,23.01,2.55,0.0,2020-04-23 17:30:00+00:00,0.0,23.01,0.0,0.0
20200423:1830,0.0,0.0,0.0,0.0,22.86,2.14,0.0,2020-04-23 18:30:00+00:00,0.0,22.86,0.0,0.0
20200423:1930,0.0,0.0,0.0,0.0,23.0,2.28,0.0,2020-04-23 19:30:00+00:00,0.0,23.0,0.0,0.0
20200423:2030,0.0,0.0,0.0,0.0,22.9,2.28,0.0,2020-04-23 20:30:00+00:00,0.0,22.9,0.0,0.0
20200423:2130,0.0,0.0,0.0,0.0,22.9,2.34,0.0,2020-04-23 21:30:00+00:00,0.0,22.9,0.0,0.0
20200423:2230,0.0,0.0,0.0,0.0,22.99,2.48,0.0,2020-04-23 22:30:00+00:00,0.0,22.99,0.0,0.0
20200423:2330,0.0,0.0,0.0,-2.86,23.35,2.48,0.0,2020-04-23 23:30:00+00:00,0.0,23.35,0.0,0.0
20200424:0030,26.5,47.8,0.0,10.8,23.55,2.34,0.0,2020-04-24 00:30:00+00:00,74.3,25.871875,7.402792268749999,7.180708500687499
20200424:0130,17.4,132.95,0.0,24.51,24.65,3.79,0.0,2020-04-24 01:30:00+00:00,150.35,29.3484375,14.760409217187497,14.317596940671873
20200424:0230,44.75,208.65,0.0,38.31,25.76,4.55,0.0,2020-04-24 02:30:00+00:00,253.4,33.67875,24.416337995,23.68384785515
20200424:0330,80.85,238.95,0.0,52.05,27.03,4.62,0.0,2020-04-24 03:30:00+00:00,319.79999999999995,37.02375,30.365017995,29.45406745515
20200424:0430,95.3,309.4,0.0,65.44,27.14,2.97,0.0,2020-04-24 04:30:00+00:00,404.7,39.786875,37.95661570875,36.8179172374875
20200424:0530,93.05,189.5,0.0,77.0,26.13,3.45,0.0,2020-04-24 05:30:00+00:00,282.55,34.9596875,27.073073924687503,26.260881706946876
20200424:0630,588.5,224.45,0.0,78.18,25.49,1.66,0.0,2020-04-24 06:30:00+00:00,812.95,50.8946875,72.4535437946875,70.27993748084688
20200424:0730,442.6,229.1,0.0,67.28,29.86,3.45,0.0,2020-04-24 07:30:00+00:00,671.7,50.850625,59.877176778750005,58.0808614753875
20200424:0830,373.5,214.65,0.0,54.01,30.3,3.31,0.0,2020-04-24 08:30:00+00:00,588.15,48.6796875,52.9655725546875,51.37660537804687
20200424:0930,123.35,190.4,0.0,40.29,30.0,3.72,0.0,2020-04-24 09:30:00+00:00,313.75,39.8046875,29.424112304687497,28.541388935546873
20200424:1030,96.3,107.0,0.0,26.49,28.39,3.03,0.0,2020-04-24 10:30:00+00:00,203.3,34.743125,19.49807352875,18.9131313228875
20200424:1130,26.4,40.5,0.0,12.76,27.97,1.1,0.0,2020-04-24 11:30:00+00:00,66.9,30.060624999999998,6.5478065587500005,6.3513723619875
20200424:1230,0.0,0.0,0.0,-0.76,26.6,1.45,0.0,2020-04-24 12:30:00+00:00,0.0,26.6,0.0,0.0
20200424:1330,0.0,0.0,0.0,0.0,24.6,2.55,0.0,2020-04-24 13:30:00+00:00,0.0,24.6,0.0,0.0
20200424:1430,0.0,0.0,0.0,0.0,23.65,3.38,0.0,2020-04-24 14:30:00+00:00,0.0,23.65,0.0,0.0
20200424:1530,0.0,0.0,0.0,0.0,22.96,2.41,0.0,2020-04-24 15:30:00+00:00,0.0,22.96,0.0,0.0
20200424:1630,0.0,0.0,0.0,0.0,22.79,2.28,0.0,2020-04-24 16:30:00+00:00,0.0,22.79,0.0,0.0
20200424:1730,0.0,0.0,0.0,0.0,22.74,1.52,0.0,2020-04-24 17:30:00+00:00,0.0,22.74,0.0,0.0
20200424:1830,0.0,0.0,0.0,0.0,22.66,0.48,0.0,2020-04-24 18:30:00+00:00,0.0,22.66,0.0,0.0
20200424:1930,0.0,0.0,0.0,0.0,22.76,1.52,0.0,2020-04-24 19:30:00+00:00,0.0,22.76,0.0,0.0
20200424:2030,0.0,0.0,0.0,0.0,22.76,1.59,0.0,2020-04-24 20:30:00+00:00,0.0,22.76,0.0,0.0
20200424:2130,0.0,0.0,0.0,0.0,22.81,2.14,0.0,2020-04-24 21:30:00+00:00,0.0,22.81,0.0,0.0
20200424:2230,0.0,0.0,0.0,0.0,22.94,1.93,0.0,2020-04-24 22:30:00+00:00,0.0,22.94,0.0,0.0
20200424:2330,0.0,0.0,0.0,-2.68,23.0,1.66,0.0,2020-04-24 23:30:00+00:00,0.0,23.0,0.0,0.0
20200425:0030,48.2,53.95,0.0,10.97,23.14,0.28,0.0,2020-04-25 00:30:00+00:00,102.15,26.3321875,10.1578451596875,9.853109804896876
20200425:0130,64.25,117.55,0.0,24.66,24.18,1.52,0.0,2020-04-25 01:30:00+00:00,181.8,29.86125,17.808814395000006,17.274549963150005
20200425:0230,68.85,210.15,0.0,38.46,24.89,1.31,0.0,2020-04-25 02:30:00+00:00,279.0,33.60875,26.891226675000002,26.084489874750002
20200425:0330,54.4,205.3,0.0,52.21,25.85,1.45,0.0,2020-04-25 03:30:00+00:00,259.7,33.965625,24.99208341875,24.2423209161875
20200425:0430,123.0,225.6,0.0,65.63,26.49,1.93,0.0,2020-04-25 04:30:00+00:00,348.6,37.38375,33.046870395,32.055464283149995
20200425:0530,197.0,355.95,0.0,77.29,27.18,2.21,0.0,2020-04-25 05:30:00+00:00,552.95,44.4596875,50.7757016346875,49.25243058564688
20200425:0630,365.3,261.05,0.0,78.44,28.19,2.28,0.0,2020-04-25 06:30:00+00:00,626.35,47.7634375,56.64669078718751,54.947290063571884
20200425:0730,549.05,206.75,0.0,67.4,30.37,2.48,0.0,2020-04-25 07:30:00+00:00,755.8,53.988749999999996,66.377927155,64.38658934035
20200425:0830,294.15,236.6,0.0,54.09,30.59,2.41,0.0,2020-04-25 08:30:00+00:00,530.75,47.1759375,48.1316508921875,46.68770136542187
20200425:0930,263.15,160.45,0.0,40.35,30.14,2.62,0.0,2020-04-25 09:30:00+00:00,423.59999999999997,43.3775,39.09042222,37.9177095534
20200425:1030,159.8,98.3,0.0,26.55,29.5,2.55,0.0,2020-04-25 10:30:00+00:00,258.1,37.565625,24.447861118749998,23.7144252851875
20200425:1130,22.65,47.45,0.0,12.84,28.71,2.55,0.0,2020-04-25 11:30:00+00:00,70.1,30.900625,6.83627379875,6.6311855847875
20200425:1230,0.0,0.0,0.0,-0.67,27.16,3.1,0.0,2020-04-25 12:30:00+00:00,0.0,27.16,0.0,0.0
20200425:1330,0.0,0.0,0.0,0.0,25.64,3.72,0.0,2020-04-25 13:30:00+00:00,0.0,25.64,0.0,0.0
20200425:1430,0.0,0.0,0.0,0.0,24.54,2.97,0.0,2020-04-25 14:30:00+00:00,0.0,24.54,0.0,0.0
20200425:1530,0.0,0.0,0.0,0.0,24.08,2.48,0.0,2020-04-25 15:30:00+00:00,0.0,24.08,0.0,0.0
20200425:1630,0.0,0.0,0.0,0.0,23.8,1.79,0.0,2020-04-25 16:30:00+00:00,0.0,23.8,0.0,0.0
20200425:1730,0.0,0.0,0.0,0.0,23.65,1.24,0.0,2020-04-25 17:30:00+00:00,0.0,23.65,0.0,0.0
20200425:1830,0.0,0.0,0.0,0.0,23.46,0.41,0.0,2020-04-25 18:30:00+00:00,0.0,23.46,0.0,0.0
20200425:1930,0.0,0.0,0.0,0.0,23.27,1.45,0.0,2020-04-25 19:30:00+00:00,0.0,23.27,0.0,0.0
20200425:2030,0.0,0.0,0.0,0.0,23.17,1.59,0.0,2020-04-25 20:30:00+00:00,0.0,23.17,0.0,0.0
20200425:2130,0.0,0.0,0.0,0.0,23.09,1.52,0.0,2020-04-25 21:30:00+00:00,0.0,23.09,0.0,0.0
20200425:2230,0.0,0.0,0.0,0.0,22.91,1.38,0.0,2020-04-25 22:30:00+00:00,0.0,22.91,0.0,0.0
20200425:2330,0.0,0.0,0.0,-2.5,22.77,1.45,0.0,2020-04-25 23:30:00+00:00,0.0,22.77,0.0,0.0
20200426:0030,17.5,64.65,0.0,11.12,22.74,1.59,0.0,2020-04-26 00:30:00+00:00,82.15,25.307187499999998,8.2044011096875,7.958269076396875
20200426:0130,111.95,131.25,0.0,24.81,23.96,2.69,0.0,2020-04-26 01:30:00+00:00,243.2,31.560000000000002,23.64993536,22.9404372992
20200426:0230,196.25,176.5,0.0,38.6,25.58,3.03,0.0,2020-04-26 02:30:00+00:00,372.75,37.2284375,35.360576967187505,34.29975965817188
20200426:0330,126.9,258.35,0.0,52.37,26.25,2.76,0.0,2020-04-26 03:30:00+00:00,385.25,38.2890625,36.3747632421875,35.283520344921875
20200426:0430,69.4,213.8,0.0,65.81,25.74,2.83,0.0,2020-04-26 04:30:00+00:00,283.20000000000005,34.59,27.179327040000008,26.363947228800008
20200426:0530,118.85,262.0,0.0,77.57,25.75,3.31,0.0,2020-04-26 05:30:00+00:00,380.85,37.6515625,36.0612940171875,34.97945519667187
20200426:0630,124.9,309.4,0.0,78.69,26.65,2.83,0.0,2020-04-26 06:30:00+00:00,434.29999999999995,40.221875,40.65343866875,39.4338355086875
20200426:0730,126.85,311.7,0.0,67.52,26.39,0.34,0.0,2020-04-26 07:30:00+00:00,438.54999999999995,40.0946875,41.0746944146875,39.842453582246875
20200426:0830,77.55,278.75,0.0,54.16,27.66,1.17,0.0,2020-04-26 08:30:00+00:00,356.3,38.794375,33.56572695875,32.5587551499875
20200426:0930,64.95,161.1,0.0,40.42,28.3,1.45,0.0,2020-04-26 09:30:00+00:00,226.05,35.3640625,21.6210255421875,20.972394775921874
20200426:1030,48.2,103.95,0.0,26.62,27.87,1.1,0.0,2020-04-26 10:30:00+00:00,152.15,32.6246875,14.7277595946875,14.285926806846875
20200426:1130,3.85,44.8,0.0,12.91,25.89,1.93,0.0,2020-04-26 11:30:00+00:00,48.65,27.4103125,4.8157500846875,4.671277582146875
20200426:1230,0.0,0.0,0.0,-0.58,24.49,1.45,0.0,2020-04-26 12:30:00+00:00,0.0,24.49,0.0,0.0
20200426:1330,0.0,0.0,0.0,0.0,24.0,0.83,0.0,2020-04-26 13:30:00+00:00,0.0,24.0,0.0,0.0
20200426:1430,0.0,0.0,0.0,0.0,23.74,0.34,0.0,2020-04-26 14:30:00+00:00,0.0,23.74,0.0,0.0
20200426:1530,0.0,0.0,0.0,0.0,23.51,0.55,0.0,2020-04-26 15:30:00+00:00,0.0,23.51,0.0,0.0
20200426:1630,0.0,0.0,0.0,0.0,23.15,0.76,0.0,2020-04-26 16:30:00+00:00,0.0,23.15,0.0,0.0
20200426:1730,0.0,0.0,0.0,0.0,23.13,1.24,0.0,2020-04-26 17:30:00+00:00,0.0,23.13,0.0,0.0
20200426:1830,0.0,0.0,0.0,0.0,23.26,1.38,0.0,2020-04-26 18:30:00+00:00,0.0,23.26,0.0,0.0
20200426:1930,0.0,0.0,0.0,0.0,23.02,1.59,0.0,2020-04-26 19:30:00+00:00,0.0,23.02,0.0,0.0
20200426:2030,0.0,0.0,0.0,0.0,22.89,1.52,0.0,2020-04-26 20:30:00+00:00,0.0,22.89,0.0,0.0
20200426:2130,0.0,0.0,0.0,0.0,22.72,1.17,0.0,2020-04-26 21:30:00+00:00,0.0,22.72,0.0,0.0
20200426:2230,0.0,0.0,0.0,0.0,22.69,0.48,0.0,2020-04-26 22:30:00+00:00,0.0,22.69,0.0,0.0
20200426:2330,0.0,0.0,0.0,-2.33,22.83,0.69,0.0,2020-04-26 23:30:00+00:00,0.0,22.83,0.0,0.0
20200427:0030,6.45,35.75,0.0,11.28,22.54,1.93,0.0,2020-04-27 00:30:00+00:00,42.2,23.85875,4.240227515,4.11302068955
20200427:0130,0.0,57.25,0.0,24.95,22.41,1.79,0.0,2020-04-27 01:30:00+00:00,57.25,24.1990625,5.744258542187501,5.571930785921876
20200427:0230,3.3,109.65,0.0,38.74,22.47,1.72,0.0,2020-04-27 02:30:00+00:00,112.95,25.9996875,11.247575824687502,10.910148549946877
20200427:0330,34.7,208.55,0.0,52.52,22.69,1.24,0.0,2020-04-27 03:30:00+00:00,243.25,30.2915625,23.784387517187497,23.070855891671872
20200427:0430,119.1,346.5,0.0,65.99,23.73,0.83,0.0,2020-04-27 04:30:00+00:00,465.6,38.28,43.96306944,42.6441773568
20200427:0530,104.4,366.0,0.0,77.84,25.7,0.83,0.0,2020-04-27 05:30:00+00:00,470.4,40.4,43.9974528,42.677529215999996
20200427:0630,556.75,216.0,0.0,78.94,27.01,1.17,0.0,2020-04-27 06:30:00+00:00,772.75,51.158437500000005,68.7851483171875,66.72159386767188
20200427:0730,261.9,273.25,0.0,67.63,29.14,2.21,0.0,2020-04-27 07:30:00+00:00,535.15,45.8634375,48.8256711971875,47.360901061271875
20200427:0830,139.4,245.1,0.0,54.24,28.0,3.52,0.0,2020-04-27 08:30:00+00:00,384.5,40.015625,36.02512671875,34.9443729171875
20200427:0930,99.85,172.7,0.0,40.48,27.35,3.03,0.0,2020-04-27 09:30:00+00:00,272.54999999999995,35.8671875,26.011022179687494,25.23069151429687
20200427:1030,98.25,116.5,0.0,26.68,27.63,2.83,0.0,2020-04-27 10:30:00+00:00,214.75,34.340937499999995,20.6324941421875,20.013519317921876
20200427:1130,26.45,47.65,0.0,12.99,26.58,2.07,0.0,2020-04-27 11:30:00+00:00,74.1,28.895625,7.288760358749999,7.0700975479874995
20200427:1230,0.0,0.0,0.0,-0.49,25.23,1.59,0.0,2020-04-27 12:30:00+00:00,0.0,25.23,0.0,0.0
20200427:1330,0.0,0.0,0.0,0.0,24.75,0.14,0.0,2020-04-27 13:30:00+00:00,0.0,24.75,0.0,0.0
20200427:1430,0.0,0.0,0.0,0.0,24.53,0.21,0.0,2020-04-27 14:30:00+00:00,0.0,24.53,0.0,0.0
20200427:1530,0.0,0.0,0.0,0.0,24.07,0.76,0.0,2020-04-27 15:30:00+00:00,0.0,24.07,0.0,0.0
20200427:1630,0.0,0.0,0.0,0.0,23.87,1.24,0.0,2020-04-27 16:30:00+00:00,0.0,23.87,0.0,0.0
20200427:1730,0.0,0.0,0.0,0.0,23.63,1.24,0.0,2020-04-27 17:30:00+00:00,0.0,23.63,0.0,0.0
20200427:1830,0.0,0.0,0.0,0.0,23.41,0.97,0.0,2020-04-27 18:30:00+00:00,0.0,23.41,0.0,0.0
20200427:1930,0.0,0.0,0.0,0.0,23.63,1.1,0.0,2020-04-27 19:30:00+00:00,0.0,23.63,0.0,0.0
20200427:2030,0.0,0.0,0.0,0.0,23.53,1.17,0.0,2020-04-27 20:30:00+00:00,0.0,23.53,0.0,0.0
20200427:2130,0.0,0.0,0.0,0.0,23.36,0.9,0.0,2020-04-27 21:30:00+00:00,0.0,23.36,0.0,0.0
20200427:2230,0.0,0.0,0.0,0.0,22.96,0.9,0.0,2020-04-27 22:30:00+00:00,0.0,22.96,0.0,0.0
20200427:2330,0.0,0.0,0.0,-2.16,22.74,0.55,0.0,2020-04-27 23:30:00+00:00,0.0,22.74,0.0,0.0
20200428:0030,6.6,49.45,0.0,11.43,22.9,0.69,0.0,2020-04-28 00:30:00+00:00,56.050000000000004,24.651562499999997,5.613202567187501,5.444806490171875
20200428:0130,11.2,135.55,0.0,25.09,23.1,1.86,0.0,2020-04-28 01:30:00+00:00,146.75,27.6859375,14.509452242187498,14.074168674921873
20200428:0230,9.5,127.05,0.0,38.88,23.42,2.55,0.0,2020-04-28 02:30:00+00:00,136.55,27.6871875,13.5008871096875,13.095860496396876
20200428:0330,46.55,233.95,0.0,52.66,23.59,2.62,0.0,2020-04-28 03:30:00+00:00,280.5,32.355625,27.183433818750004,26.367930804187502
20200428:0430,43.7,280.75,0.0,66.16,24.3,1.93,0.0,2020-04-28 04:30:00+00:00,324.45,34.4390625,31.1587483921875,30.223985940421876
20200428:0530,44.5,344.55,0.0,78.11,25.63,2.07,0.0,2020-04-28 05:30:00+00:00,389.05,37.7878125,36.8154586496875,35.71099489019687
20200428:0630,230.65,220.15,0.0,79.18,26.6,1.93,0.0,2020-04-28 06:30:00+00:00,450.8,40.6875,42.10979150000001,40.84649775500001
20200428:0730,207.85,214.5,0.0,67.74,26.41,1.52,0.0,2020-04-28 07:30:00+00:00,422.35,39.6084375,39.643653097187496,38.45434350427187
20200428:0830,176.75,165.1,0.0,54.31,26.44,1.59,0.0,2020-04-28 08:30:00+00:00,341.85,37.1228125,32.444442949687506,31.47110966119688
20200428:0930,203.15,173.05,0.0,40.54,26.85,1.45,0.0,2020-04-28 09:30:00+00:00,376.20000000000005,38.60625,35.47015807500001,34.406053332750005
20200428:1030,112.95,113.05,0.0,26.75,27.38,1.31,0.0,2020-04-28 10:30:00+00:00,226.0,34.442499999999995,21.703717900000004,21.052606363000002
20200428:1130,31.0,53.55,0.0,13.06,27.29,1.17,0.0,2020-04-28 11:30:00+00:00,84.55,29.932187499999998,8.2798530896875,8.031457496996874
20200428:1230,0.0,0.0,0.0,-0.4,25.56,1.03,0.0,2020-04-28 12:30:00+00:00,0.0,25.56,0.0,0.0
20200428:1330,0.0,0.0,0.0,0.0,24.73,1.52,0.0,2020-04-28 13:30:00+00:00,0.0,24.73,0.0,0.0
20200428:1430,0.0,0.0,0.0,0.0,24.34,1.66,0.0,2020-04-28 14:30:00+00:00,0.0,24.34,0.0,0.0
20200428:1530,0.0,0.0,0.0,0.0,23.99,1.1,0.0,2020-04-28 15:30:00+00:00,0.0,23.99,0.0,0.0
20200428:1630,0.0,0.0,0.0,0.0,23.08,1.03,0.0,2020-04-28 16:30:00+00:00,0.0,23.08,0.0,0.0
20200428:1730,0.0,0.0,0.0,0.0,23.02,0.34,0.0,2020-04-28 17:30:00+00:00,0.0,23.02,0.0,0.0
20200428:1830,0.0,0.0,0.0,0.0,23.16,0.9,0.0,2020-04-28 18:30:00+00:00,0.0,23.16,0.0,0.0
20200428:1930,0.0,0.0,0.0,0.0,23.12,0.69,0.0,2020-04-28 19:30:00+00:00,0.0,23.12,0.0,0.0
20200428:2030,0.0,0.0,0.0,0.0,23.06,0.48,0.0,2020-04-28 20:30:00+00:00,0.0,23.06,0.0,0.0
20200428:2130,0.0,0.0,0.0,0.0,22.07,0.69,0.0,2020-04-28 21:30:00+00:00,0.0,22.07,0.0,0.0
20200428:2230,0.0,0.0,0.0,0.0,22.11,1.03,0.0,2020-04-28 22:30:00+00:00,0.0,22.11,0.0,0.0
20200428:2330,0.0,0.0,0.0,-2.0,21.87,1.38,0.0,2020-04-28 23:30:00+00:00,0.0,21.87,0.0,0.0
20200429:0030,34.25,50.4,0.0,11.57,21.8,1.45,0.0,2020-04-29 00:30:00+00:00,84.65,24.4453125,8.4847208046875,8.230179180546875
20200429:0130,98.7,105.85,0.0,25.23,22.65,1.52,0.0,2020-04-29 01:30:00+00:00,204.55,29.042187499999997,20.107731629687503,19.50449968079688
20200429:0230,209.4,184.6,0.0,39.01,23.85,1.03,0.0,2020-04-29 02:30:00+00:00,394.0,36.1625,37.552829499999994,36.426244614999995
20200429:0330,289.45,227.45,0.0,52.8,25.27,1.17,0.0,2020-04-29 03:30:00+00:00,516.9,41.423125,48.124572408750005,46.6808352364875
20200429:0430,473.85,235.3,0.0,66.33,26.63,0.97,0.0,2020-04-29 04:30:00+00:00,709.1500000000001,48.7909375,63.829035802187505,61.914164728121875
20200429:0530,454.7,247.85,0.0,78.37,27.74,0.41,0.0,2020-04-29 05:30:00+00:00,702.55,49.6946875,62.968313864687495,61.07926444874687
20200429:0630,513.5,259.1,0.0,79.41,28.55,0.07,0.0,2020-04-29 06:30:00+00:00,772.6,52.69375,68.273599675,66.22539168475
20200429:0730,555.05,201.1,0.0,67.84,30.01,0.9,0.0,2020-04-29 07:30:00+00:00,756.15,53.6396875,66.5195221246875,64.52393646094687
20200429:0830,429.3,185.15,0.0,54.38,30.09,0.48,0.0,2020-04-29 08:30:00+00:00,614.45,49.2915625,55.176100757187506,53.520817734471876
20200429:0930,343.7,151.6,0.0,40.61,29.98,0.48,0.0,2020-04-29 09:30:00+00:00,495.29999999999995,45.458124999999995,45.27417808874999,43.91595274608749
20200429:1030,134.75,116.85,0.0,26.82,29.28,1.59,0.0,2020-04-29 10:30:00+00:00,251.6,37.1425,23.87687774,23.1605714078
20200429:1130,21.15,52.8,0.0,13.14,27.74,2.69,0.0,2020-04-29 11:30:00+00:00,73.94999999999999,30.050937499999996,7.2381229321874985,7.0209792442218735
20200429:1230,0.0,0.0,0.0,-0.3,26.49,1.24,0.0,2020-04-29 12:30:00+00:00,0.0,26.49,0.0,0.0
20200429:1330,0.0,0.0,0.0,0.0,25.4,0.28,0.0,2020-04-29 13:30:00+00:00,0.0,25.4,0.0,0.0
20200429:1430,0.0,0.0,0.0,0.0,24.52,0.48,0.0,2020-04-29 14:30:00+00:00,0.0,24.52,0.0,0.0
20200429:1530,0.0,0.0,0.0,0.0,24.04,0.69,0.0,2020-04-29 15:30:00+00:00,0.0,24.04,0.0,0.0
20200429:1630,0.0,0.0,0.0,0.0,23.59,0.83,0.0,2020-04-29 16:30:00+00:00,0.0,23.59,0.0,0.0
20200429:1730,0.0,0.0,0.0,0.0,23.41,0.69,0.0,2020-04-29 17:30:00+00:00,0.0,23.41,0.0,0.0
20200429:1830,0.0,0.0,0.0,0.0,23.13,0.48,0.0,2020-04-29 18:30:00+00:00,0.0,23.13,0.0,0.0
20200429:1930,0.0,0.0,0.0,0.0,23.91,0.83,0.0,2020-04-29 19:30:00+00:00,0.0,23.91,0.0,0.0
20200429:2030,0.0,0.0,0.0,0.0,23.69,1.03,0.0,2020-04-29 20:30:00+00:00,0.0,23.69,0.0,0.0
20200429:2130,0.0,0.0,0.0,0.0,23.51,0.9,0.0,2020-04-29 21:30:00+00:00,0.0,23.51,0.0,0.0
20200429:2230,0.0,0.0,0.0,0.0,23.19,1.24,0.0,2020-04-29 22:30:00+00:00,0.0,23.19,0.0,0.0
20200429:2330,0.0,0.0,0.0,-1.83,22.96,0.9,0.0,2020-04-29 23:30:00+00:00,0.0,22.96,0.0,0.0
20200430:0030,18.0,47.6,0.0,11.72,22.95,1.1,0.0,2020-04-30 00:30:00+00:00,65.6,25.0,6.559999999999999,6.363199999999998
20200430:0130,42.6,101.5,0.0,25.36,23.21,2.0,0.0,2020-04-30 01:30:00+00:00,144.1,27.713125,14.24579624875,13.8184223612875
20200430:0230,87.15,142.2,0.0,39.14,23.45,2.28,0.0,2020-04-30 02:30:00+00:00,229.35,30.6171875,22.393913179687498,21.722095784296872
20200430:0330,137.4,210.75,0.0,52.93,23.99,1.72,0.0,2020-04-30 03:30:00+00:00,348.15,34.8696875,33.371824684687496,32.37066994414687
20200430:0430,132.4,290.1,0.0,66.49,25.13,2.07,0.0,2020-04-30 04:30:00+00:00,422.5,38.333124999999995,39.88403696875,38.6875158596875
20200430:0530,76.55,257.5,0.0,78.62,25.98,2.41,0.0,2020-04-30 05:30:00+00:00,334.05,36.4190625,31.802894112187502,30.848807288821877
20200430:0630,524.8,177.1,0.0,79.64,26.24,2.07,0.0,2020-04-30 06:30:00+00:00,701.9,48.174375,63.358240598749994,61.45749338078749
20200430:0730,583.85,208.55,0.0,67.95,29.92,1.24,0.0,2020-04-30 07:30:00+00:00,792.4000000000001,54.682500000000005,69.36142654000001,67.28058374380001
20200430:0830,416.65,168.55,0.0,54.45,29.04,2.14,0.0,2020-04-30 08:30:00+00:00,585.2,47.3275,53.032257740000006,51.441290007800006
20200430:0930,402.3,133.2,0.0,40.67,29.16,2.07,0.0,2020-04-30 09:30:00+00:00,535.5,45.894375,48.85064611875,47.3851267351875
20200430:1030,184.75,101.25,0.0,26.88,29.43,1.17,0.0,2020-04-30 10:30:00+00:00,286.0,38.3675,26.994295899999997,26.184467022999996
20200430:1130,58.15,53.45,0.0,13.22,29.26,1.45,0.0,2020-04-30 11:30:00+00:00,111.6,32.7475,10.796859179999998,10.472953404599998
20200430:1230,0.0,0.0,0.0,-0.21,27.77,1.38,0.0,2020-04-30 12:30:00+00:00,0.0,27.77,0.0,0.0
20200430:1330,0.0,0.0,0.0,0.0,26.49,1.38,0.0,2020-04-30 13:30:00+00:00,0.0,26.49,0.0,0.0
20200430:1430,0.0,0.0,0.0,0.0,26.13,1.24,0.0,2020-04-30 14:30:00+00:00,0.0,26.13,0.0,0.0
20200430:1530,0.0,0.0,0.0,0.0,25.56,1.59,0.0,2020-04-30 15:30:00+00:00,0.0,25.56,0.0,0.0
20200430:1630,0.0,0.0,0.0,0.0,25.14,1.59,0.0,2020-04-30 16:30:00+00:00,0.0,25.14,0.0,0.0
20200430:1730,0.0,0.0,0.0,0.0,24.79,1.52,0.0,2020-04-30 17:30:00+00:00,0.0,24.79,0.0,0.0
20200430:1830,0.0,0.0,0.0,0.0,24.36,1.66,0.0,2020-04-30 18:30:00+00:00,0.0,24.36,0.0,0.0
20200430:1930,0.0,0.0,0.0,0.0,24.56,1.66,0.0,2020-04-30 19:30:00+00:00,0.0,24.56,0.0,0.0
20200430:2030,0.0,0.0,0.0,0.0,24.39,1.31,0.0,2020-04-30 20:30:00+00:00,0.0,24.39,0.0,0.0
20200430:2130,0.0,0.0,0.0,0.0,23.93,1.38,0.0,2020-04-30 21:30:00+00:00,0.0,23.93,0.0,0.0
20200430:2230,0.0,0.0,0.0,0.0,23.79,1.66,0.0,2020-04-30 22:30:00+00:00,0.0,23.79,0.0,0.0
20200430:2330,0.0,0.0,0.0,-1.68,23.13,1.66,0.0,2020-04-30 23:30:00+00:00,0.0,23.13,0.0,0.0
20200501:0030,0.0,45.3,0.0,11.86,22.89,1.31,0.0,2020-05-01 00:30:00+00:00,45.3,24.305625,4.543211178750001,4.406914843387501
20200501:0130,4.6,77.75,0.0,25.49,22.99,1.24,0.0,2020-05-01 01:30:00+00:00,82.35,25.5634375,8.2155123871875,7.969047015571875
20200501:0230,30.35,190.5,0.0,39.26,23.14,1.24,0.0,2020-05-01 02:30:00+00:00,220.85,30.0415625,21.6173597871875,20.968838993571875
20200501:0330,94.7,238.9,0.0,53.06,23.67,0.83,0.0,2020-05-01 03:30:00+00:00,333.6,34.095,32.08568136,31.123110919200002
20200501:0430,263.75,295.75,0.0,66.64,24.11,0.21,0.0,2020-05-01 04:30:00+00:00,559.5,41.594375,52.05048781875,50.4889731841875
20200501:0530,407.2,341.9,0.0,78.87,25.92,0.69,0.0,2020-05-01 05:30:00+00:00,749.0999999999999,49.329375,67.25544337874999,65.23778007738748
20200501:0630,406.1,292.45,0.0,79.87,27.79,0.14,0.0,2020-05-01 06:30:00+00:00,698.55,49.6196875,62.6318052646875,60.752851106746874
20200501:0730,282.7,309.85,0.0,68.04,29.27,1.31,0.0,2020-05-01 07:30:00+00:00,592.55,47.7871875,53.58392985968749,51.97641196389686
20200501:0830,205.75,189.85,0.0,54.51,27.89,1.38,0.0,2020-05-01 08:30:00+00:00,395.6,40.2525,37.025766620000006,35.91499362140001
20200501:0930,181.25,185.15,0.0,40.73,27.75,1.52,0.0,2020-05-01 09:30:00+00:00,366.4,39.2,34.4547904,33.421146688
20200501:1030,117.25,137.05,0.0,26.95,28.0,0.76,0.0,2020-05-01 10:30:00+00:00,254.3,35.946875,24.260808068750002,23.532983826687502
20200501:1130,34.55,58.7,0.0,13.29,27.8,1.52,0.0,2020-05-01 11:30:00+00:00,93.25,30.7140625,9.1012087421875,8.828172479921875
20200501:1230,0.0,0.0,0.0,-0.12,27.07,1.72,0.0,2020-05-01 12:30:00+00:00,0.0,27.07,0.0,0.0
20200501:1330,0.0,0.0,0.0,0.0,26.03,1.79,0.0,2020-05-01 13:30:00+00:00,0.0,26.03,0.0,0.0
20200501:1430,0.0,0.0,0.0,0.0,25.24,1.79,0.0,2020-05-01 14:30:00+00:00,0.0,25.24,0.0,0.0
20200501:1530,0.0,0.0,0.0,0.0,24.79,1.59,0.0,2020-05-01 15:30:00+00:00,0.0,24.79,0.0,0.0
20200501:1630,0.0,0.0,0.0,0.0,24.49,1.59,0.0,2020-05-01 16:30:00+00:00,0.0,24.49,0.0,0.0
20200501:1730,0.0,0.0,0.0,0.0,24.34,1.66,0.0,2020-05-01 17:30:00+00:00,0.0,24.34,0.0,0.0
20200501:1830,0.0,0.0,0.0,0.0,24.4,1.38,0.0,2020-05-01 18:30:00+00:00,0.0,24.4,0.0,0.0
20200501:1930,0.0,0.0,0.0,0.0,24.17,1.17,0.0,2020-05-01 19:30:00+00:00,0.0,24.17,0.0,0.0
20200501:2030,0.0,0.0,0.0,0.0,23.8,0.9,0.0,2020-05-01 20:30:00+00:00,0.0,23.8,0.0,0.0
20200501:2130,0.0,0.0,0.0,0.0,23.81,0.48,0.0,2020-05-01 21:30:00+00:00,0.0,23.81,0.0,0.0
20200501:2230,0.0,0.0,0.0,0.0,23.46,1.38,0.0,2020-05-01 22:30:00+00:00,0.0,23.46,0.0,0.0
20200501:2330,0.0,0.0,0.0,-1.52,23.25,1.93,0.0,2020-05-01 23:30:00+00:00,0.0,23.25,0.0,0.0
20200502:0030,33.05,61.7,0.0,11.99,23.31,2.07,0.0,2020-05-02 00:30:00+00:00,94.75,26.2709375,9.424423042187499,9.141690350921873
20200502:0130,131.9,122.85,0.0,25.62,24.04,2.41,0.0,2020-05-02 01:30:00+00:00,254.75,32.0009375,24.725934692187497,23.984156651421873
20200502:0230,268.85,192.55,0.0,39.38,25.36,1.31,0.0,2020-05-02 02:30:00+00:00,461.40000000000003,39.77875,43.276055595,41.977773927150004
20200502:0330,236.3,253.1,0.0,53.18,27.07,0.9,0.0,2020-05-02 03:30:00+00:00,489.4,42.363749999999996,45.370915915,44.00978843754999
20200502:0430,296.1,265.3,0.0,66.78,28.39,0.9,0.0,2020-05-02 04:30:00+00:00,561.4000000000001,45.93375,51.204072955000015,49.66795076635001
20200502:0530,308.7,376.6,0.0,79.1,29.15,0.34,0.0,2020-05-02 05:30:00+00:00,685.3,50.565625,61.17154841874999,59.33640196618749
20200502:0630,244.75,387.1,0.0,80.08,29.62,0.62,0.0,2020-05-02 06:30:00+00:00,631.85,49.3653125,56.7190064646875,55.01743627074688
20200502:0730,429.05,266.1,0.0,68.14,30.03,0.41,0.0,2020-05-02 07:30:00+00:00,695.1500000000001,51.753437500000004,61.7039861271875,59.852866543371874
20200502:0830,481.25,178.9,0.0,54.58,30.38,0.62,0.0,2020-05-02 08:30:00+00:00,660.15,51.0096875,58.8034760146875,57.03937173424687
20200502:0930,322.1,130.35,0.0,40.79,30.31,0.97,0.0,2020-05-02 09:30:00+00:00,452.45000000000005,44.4490625,41.5491141021875,40.30264067912188
20200502:1030,173.2,121.05,0.0,27.02,29.89,0.69,0.0,2020-05-02 10:30:00+00:00,294.25,39.0853125,27.684266654687498,26.85373865504687
20200502:1130,18.1,55.9,0.0,13.37,28.39,0.69,0.0,2020-05-02 11:30:00+00:00,74.0,30.7025,7.2227663,7.006083310999999
20200502:1230,0.0,0.0,0.0,-0.02,26.91,1.72,0.0,2020-05-02 12:30:00+00:00,0.0,26.91,0.0,0.0
20200502:1330,0.0,0.0,0.0,0.0,25.33,1.59,0.0,2020-05-02 13:30:00+00:00,0.0,25.33,0.0,0.0
20200502:1430,0.0,0.0,0.0,0.0,24.63,0.41,0.0,2020-05-02 14:30:00+00:00,0.0,24.63,0.0,0.0
20200502:1530,0.0,0.0,0.0,0.0,24.28,0.48,0.0,2020-05-02 15:30:00+00:00,0.0,24.28,0.0,0.0
20200502:1630,0.0,0.0,0.0,0.0,24.08,0.9,0.0,2020-05-02 16:30:00+00:00,0.0,24.08,0.0,0.0
20200502:1730,0.0,0.0,0.0,0.0,24.11,1.38,0.0,2020-05-02 17:30:00+00:00,0.0,24.11,0.0,0.0
20200502:1830,0.0,0.0,0.0,0.0,23.99,1.45,0.0,2020-05-02 18:30:00+00:00,0.0,23.99,0.0,0.0
20200502:1930,0.0,0.0,0.0,0.0,24.42,1.31,0.0,2020-05-02 19:30:00+00:00,0.0,24.42,0.0,0.0
20200502:2030,0.0,0.0,0.0,0.0,24.1,1.03,0.0,2020-05-02 20:30:00+00:00,0.0,24.1,0.0,0.0
20200502:2130,0.0,0.0,0.0,0.0,23.72,1.24,0.0,2020-05-02 21:30:00+00:00,0.0,23.72,0.0,0.0
20200502:2230,0.0,0.0,0.0,0.0,23.26,1.1,0.0,2020-05-02 22:30:00+00:00,0.0,23.26,0.0,0.0
20200502:2330,0.0,0.0,0.0,-1.37,23.28,0.76,0.0,2020-05-02 23:30:00+00:00,0.0,23.28,0.0,0.0
20200503:0030,26.75,38.55,0.0,12.12,23.25,0.83,0.0,2020-05-03 00:30:00+00:00,65.3,25.290625,6.52202931875,6.326368439187499
20200503:0130,106.75,94.7,0.0,25.74,23.69,2.0,0.0,2020-05-03 01:30:00+00:00,201.45,29.9853125,19.7231976946875,19.131501763846874
20200503:0230,93.9,197.35,0.0,39.5,25.08,1.86,0.0,2020-05-03 02:30:00+00:00,291.25,34.1815625,28.0018653671875,27.161809406171873
20200503:0330,209.8,214.85,0.0,53.3,26.05,1.93,0.0,2020-05-03 03:30:00+00:00,424.65,39.3203125,39.9109293046875,38.71360142554688
20200503:0430,412.0,198.1,0.0,66.92,26.98,2.28,0.0,2020-05-03 04:30:00+00:00,610.1,46.045625,55.61722695875,53.9487101499875
20200503:0530,423.4,238.7,0.0,79.33,28.03,2.76,0.0,2020-05-03 05:30:00+00:00,662.0999999999999,48.720625,59.613721158749996,57.82530952398749
20200503:0630,553.95,204.35,0.0,80.3,28.72,2.97,0.0,2020-05-03 06:30:00+00:00,758.3000000000001,52.416875000000005,67.09810914875001,65.08516587428751
20200503:0730,411.15,225.5,0.0,68.23,29.76,1.03,0.0,2020-05-03 07:30:00+00:00,636.65,49.6553125,57.072342024687494,55.360171763946866
20200503:0830,396.75,167.95,0.0,54.65,29.89,0.9,0.0,2020-05-03 08:30:00+00:00,564.7,47.536875,51.124839208750004,49.591094032487504
20200503:0930,315.85,146.0,0.0,40.85,29.92,0.69,0.0,2020-05-03 09:30:00+00:00,461.85,44.3528125,42.4309994896875,41.158069504996874
20200503:1030,147.75,93.8,0.0,27.08,29.96,0.62,0.0,2020-05-03 10:30:00+00:00,241.55,37.5084375,22.886006507187503,22.199426311971877
20200503:1130,66.45,50.9,0.0,13.45,29.69,0.41,0.0,2020-05-03 11:30:00+00:00,117.35,33.3571875,11.323099299687499,10.983406320696874
20200503:1230,0.0,5.6,0.0,0.07,29.22,0.21,0.0,2020-05-03 12:30:00+00:00,5.6,29.395,0.5496629599999999,0.5331730711999999
20200503:1330,0.0,0.0,0.0,0.0,28.45,0.34,0.0,2020-05-03 13:30:00+00:00,0.0,28.45,0.0,0.0
20200503:1430,0.0,0.0,0.0,0.0,27.05,0.69,0.0,2020-05-03 14:30:00+00:00,0.0,27.05,0.0,0.0
20200503:1530,0.0,0.0,0.0,0.0,25.82,1.1,0.0,2020-05-03 15:30:00+00:00,0.0,25.82,0.0,0.0
20200503:1630,0.0,0.0,0.0,0.0,25.27,1.38,0.0,2020-05-03 16:30:00+00:00,0.0,25.27,0.0,0.0
20200503:1730,0.0,0.0,0.0,0.0,25.06,1.66,0.0,2020-05-03 17:30:00+00:00,0.0,25.06,0.0,0.0
20200503:1830,0.0,0.0,0.0,0.0,24.67,1.59,0.0,2020-05-03 18:30:00+00:00,0.0,24.67,0.0,0.0
20200503:1930,0.0,0.0,0.0,0.0,24.57,1.31,0.0,2020-05-03 19:30:00+00:00,0.0,24.57,0.0,0.0
20200503:2030,0.0,0.0,0.0,0.0,24.25,1.31,0.0,2020-05-03 20:30:00+00:00,0.0,24.25,0.0,0.0
20200503:2130,0.0,0.0,0.0,0.0,24.02,1.38,0.0,2020-05-03 21:30:00+00:00,0.0,24.02,0.0,0.0
20200503:2230,0.0,0.0,0.0,0.0,23.76,1.38,0.0,2020-05-03 22:30:00+00:00,0.0,23.76,0.0,0.0
20200503:2330,0.0,0.0,0.0,-1.22,23.59,1.38,0.0,2020-05-03 23:30:00+00:00,0.0,23.59,0.0,0.0
20200504:0030,39.05,66.65,0.0,12.25,23.48,1.1,0.0,2020-05-04 00:30:00+00:00,105.7,26.783125000000002,10.49083994875,10.1761147502875
20200504:0130,192.75,121.2,0.0,25.85,25.41,1.24,0.0,2020-05-04 01:30:00+00:00,313.95,35.2209375,30.0472774021875,29.145859080121873
20200504:0230,378.75,148.55,0.0,39.61,27.06,0.34,0.0,2020-05-04 02:30:00+00:00,527.3,43.538124999999994,48.62443560875,47.165702540487494
20200504:0330,523.55,167.9,0.0,53.41,28.69,0.28,0.0,2020-05-04 03:30:00+00:00,691.4499999999999,50.2978125,61.798287569687496,59.94433894259687
20200504:0430,600.15,169.95,0.0,67.05,29.86,0.69,0.0,2020-05-04 04:30:00+00:00,770.0999999999999,53.925625,67.65423799874999,65.62461085878749
20200504:0530,657.8,197.35,0.0,79.55,30.64,0.55,0.0,2020-05-04 05:30:00+00:00,855.15,57.3634375,73.8912506971875,71.67451317627187
20200504:0630,498.55,203.55,0.0,80.5,31.37,0.34,0.0,2020-05-04 06:30:00+00:00,702.1,53.310625,61.861706278750006,60.005855090387506
20200504:0730,457.65,207.25,0.0,68.32,31.43,0.62,0.0,2020-05-04 07:30:00+00:00,664.9,52.208124999999995,58.891913428749994,57.12515602588749
20200504:0830,349.35,186.0,0.0,54.71,31.81,0.55,0.0,2020-05-04 08:30:00+00:00,535.35,48.5396875,48.2421718846875,46.79490672814688
20200504:0930,324.25,166.65,0.0,40.91,31.84,0.69,0.0,2020-05-04 09:30:00+00:00,490.9,47.180625,44.51684309875,43.1813378057875
20200504:1030,195.3,113.45,0.0,27.15,31.97,1.1,0.0,2020-05-04 10:30:00+00:00,308.75,41.6184375,28.720004117187504,27.858403993671878
20200504:1130,44.5,66.2,0.0,13.53,31.66,1.59,0.0,2020-05-04 11:30:00+00:00,110.7,35.119375,10.59950977875,10.2815244853875
20200504:1230,0.0,7.7,0.0,0.17,30.55,1.38,0.0,2020-05-04 12:30:00+00:00,7.7,30.790625000000002,0.75127311875,0.7287349251875
20200504:1330,0.0,0.0,0.0,0.0,29.34,1.86,0.0,2020-05-04 13:30:00+00:00,0.0,29.34,0.0,0.0
20200504:1430,0.0,0.0,0.0,0.0,28.53,1.86,0.0,2020-05-04 14:30:00+00:00,0.0,28.53,0.0,0.0
20200504:1530,0.0,0.0,0.0,0.0,27.87,1.93,0.0,2020-05-04 15:30:00+00:00,0.0,27.87,0.0,0.0
20200504:1630,0.0,0.0,0.0,0.0,27.36,1.66,0.0,2020-05-04 16:30:00+00:00,0.0,27.36,0.0,0.0
20200504:1730,0.0,0.0,0.0,0.0,26.93,1.66,0.0,2020-05-04 17:30:00+00:00,0.0,26.93,0.0,0.0
20200504:1830,0.0,0.0,0.0,0.0,26.71,2.07,0.0,2020-05-04 18:30:00+00:00,0.0,26.71,0.0,0.0
20200504:1930,0.0,0.0,0.0,0.0,26.22,2.07,0.0,2020-05-04 19:30:00+00:00,0.0,26.22,0.0,0.0
20200504:2030,0.0,0.0,0.0,0.0,26.08,2.0,0.0,2020-05-04 20:30:00+00:00,0.0,26.08,0.0,0.0
20200504:2130,0.0,0.0,0.0,0.0,25.93,1.72,0.0,2020-05-04 21:30:00+00:00,0.0,25.93,0.0,0.0
20200504:2230,0.0,0.0,0.0,0.0,25.85,1.59,0.0,2020-05-04 22:30:00+00:00,0.0,25.85,0.0,0.0
20200504:2330,0.0,0.0,0.0,-1.08,25.73,1.45,0.0,2020-05-04 23:30:00+00:00,0.0,25.73,0.0,0.0
20200505:0030,37.65,63.9,0.0,12.37,25.74,1.24,0.0,2020-05-05 00:30:00+00:00,101.55,28.913437499999997,9.988087977187499,9.688445337871874
20200505:0130,169.0,122.55,0.0,25.96,27.05,2.21,0.0,2020-05-05 01:30:00+00:00,291.55,36.1609375,27.788332042187506,26.95468208092188
20200505:0230,249.05,182.35,0.0,39.71,28.34,1.93,0.0,2020-05-05 02:30:00+00:00,431.4,41.82125,40.092191355,38.889425614349996
20200505:0330,491.15,163.65,0.0,53.51,29.54,1.79,0.0,2020-05-05 03:30:00+00:00,654.8,50.0025,58.60391245999999,56.845795086199985
20200505:0430,493.05,201.1,0.0,67.18,30.67,1.72,0.0,2020-05-05 04:30:00+00:00,694.15,52.362187500000005,61.43774576968749,59.59461339659686
20200505:0530,583.55,252.0,0.0,79.76,31.23,1.45,0.0,2020-05-05 05:30:00+00:00,835.55,57.340937499999995,72.20556246218749,70.03939558832187
20200505:0630,574.8,182.8,0.0,80.7,31.7,1.17,0.0,2020-05-05 06:30:00+00:00,757.5999999999999,55.375,66.09491799999999,64.11207046
20200505:0730,667.7,169.2,0.0,68.41,32.33,1.79,0.0,2020-05-05 07:30:00+00:00,836.9000000000001,58.483125,71.92074852875001,69.7631260728875
20200505:0830,413.0,192.8,0.0,54.77,32.61,1.86,0.0,2020-05-05 08:30:00+00:00,605.8,51.54125,53.826950515,52.21214199955
20200505:0930,306.85,164.8,0.0,40.97,32.4,2.07,0.0,2020-05-05 09:30:00+00:00,471.65000000000003,47.1390625,42.7794066921875,41.49602449142187
20200505:1030,147.95,99.75,0.0,27.22,32.14,2.14,0.0,2020-05-05 10:30:00+00:00,247.7,39.880625,23.221909058749997,22.525251786987496
20200505:1130,61.8,66.95,0.0,13.61,31.49,2.0,0.0,2020-05-05 11:30:00+00:00,128.75,35.513437499999995,12.3064858671875,11.937291291171876
20200505:1230,0.0,8.4,0.0,0.26,30.74,2.07,0.0,2020-05-05 12:30:00+00:00,8.4,31.002499999999998,0.8188231800000001,0.7942584846
20200505:1330,0.0,0.0,0.0,0.0,29.76,2.28,0.0,2020-05-05 13:30:00+00:00,0.0,29.76,0.0,0.0
20200505:1430,0.0,0.0,0.0,0.0,28.95,2.41,0.0,2020-05-05 14:30:00+00:00,0.0,28.95,0.0,0.0
20200505:1530,0.0,0.0,0.0,0.0,28.39,2.21,0.0,2020-05-05 15:30:00+00:00,0.0,28.39,0.0,0.0
20200505:1630,0.0,0.0,0.0,0.0,27.69,2.21,0.0,2020-05-05 16:30:00+00:00,0.0,27.69,0.0,0.0
20200505:1730,0.0,0.0,0.0,0.0,27.21,1.1,0.0,2020-05-05 17:30:00+00:00,0.0,27.21,0.0,0.0
20200505:1830,0.0,0.0,0.0,0.0,25.98,0.97,0.0,2020-05-05 18:30:00+00:00,0.0,25.98,0.0,0.0
20200505:1930,0.0,0.0,0.0,0.0,26.49,2.28,0.0,2020-05-05 19:30:00+00:00,0.0,26.49,0.0,0.0
20200505:2030,0.0,0.0,0.0,0.0,26.34,2.21,0.0,2020-05-05 20:30:00+00:00,0.0,26.34,0.0,0.0
20200505:2130,0.0,0.0,0.0,0.0,26.31,1.66,0.0,2020-05-05 21:30:00+00:00,0.0,26.31,0.0,0.0
20200505:2230,0.0,0.0,0.0,0.0,26.17,1.86,0.0,2020-05-05 22:30:00+00:00,0.0,26.17,0.0,0.0
20200505:2330,0.0,0.0,0.0,-0.94,26.1,2.48,0.0,2020-05-05 23:30:00+00:00,0.0,26.1,0.0,0.0
20200506:0030,15.25,56.1,0.0,12.49,26.24,2.62,0.0,2020-05-06 00:30:00+00:00,71.35,28.4696875,7.0310238746875005,6.820093158446875
20200506:0130,38.4,108.95,0.0,26.07,26.26,2.07,0.0,2020-05-06 01:30:00+00:00,147.35,30.864687500000002,14.372052084687498,13.940890522146873
20200506:0230,31.15,124.55,0.0,39.81,25.72,1.93,0.0,2020-05-06 02:30:00+00:00,155.7,30.585625,15.20473363875,14.7485916295875
20200506:0330,89.6,166.0,0.0,53.61,25.12,2.48,0.0,2020-05-06 03:30:00+00:00,255.6,33.1075,24.689643659999998,23.948954350199998
20200506:0430,90.7,268.3,0.0,67.3,24.99,2.07,0.0,2020-05-06 04:30:00+00:00,359.0,36.208749999999995,34.209944674999996,33.183646334749994
20200506:0530,356.05,244.85,0.0,79.97,25.8,1.31,0.0,2020-05-06 05:30:00+00:00,600.9,44.578125,55.14891196875,53.4944446096875
20200506:0630,428.05,336.55,0.0,80.89,27.58,1.93,0.0,2020-05-06 06:30:00+00:00,764.6,51.473749999999995,67.958431715,65.91967876355
20200506:0730,473.55,202.85,0.0,68.49,30.08,2.21,0.0,2020-05-06 07:30:00+00:00,676.4,51.2175,60.191922860000005,58.3861651742
20200506:0830,143.75,277.55,0.0,54.84,30.73,2.14,0.0,2020-05-06 08:30:00+00:00,421.3,43.895625,38.78649473875,37.6228998965875
20200506:0930,242.4,200.65,0.0,41.04,30.73,1.86,0.0,2020-05-06 09:30:00+00:00,443.05,44.5753125,40.662406274687505,39.44253408644688
20200506:1030,186.45,120.0,0.0,27.28,30.93,1.79,0.0,2020-05-06 10:30:00+00:00,306.45,40.5065625,28.6491658471875,27.789690871771874
20200506:1130,68.35,67.8,0.0,13.69,30.8,1.52,0.0,2020-05-06 11:30:00+00:00,136.14999999999998,35.0546875,13.040042804687497,12.648841520546872
20200506:1230,0.0,7.75,0.0,0.36,29.95,0.9,0.0,2020-05-06 12:30:00+00:00,7.75,30.1921875,0.7580994296875,0.735356446796875
20200506:1330,0.0,0.0,0.0,0.0,28.57,1.1,0.0,2020-05-06 13:30:00+00:00,0.0,28.57,0.0,0.0
20200506:1430,0.0,0.0,0.0,0.0,27.26,1.45,0.0,2020-05-06 14:30:00+00:00,0.0,27.26,0.0,0.0
20200506:1530,0.0,0.0,0.0,0.0,26.54,1.24,0.0,2020-05-06 15:30:00+00:00,0.0,26.54,0.0,0.0
20200506:1630,0.0,0.0,0.0,0.0,27.31,0.55,0.0,2020-05-06 16:30:00+00:00,0.0,27.31,0.0,0.0
20200506:1730,0.0,0.0,0.0,0.0,26.92,0.41,0.0,2020-05-06 17:30:00+00:00,0.0,26.92,0.0,0.0
20200506:1830,0.0,0.0,0.0,0.0,25.81,0.76,0.0,2020-05-06 18:30:00+00:00,0.0,25.81,0.0,0.0
20200506:1930,0.0,0.0,0.0,0.0,24.18,1.45,0.0,2020-05-06 19:30:00+00:00,0.0,24.18,0.0,0.0
20200506:2030,0.0,0.0,0.0,0.0,24.01,1.66,0.0,2020-05-06 20:30:00+00:00,0.0,24.01,0.0,0.0
20200506:2130,0.0,0.0,0.0,0.0,24.04,1.79,0.0,2020-05-06 21:30:00+00:00,0.0,24.04,0.0,0.0
20200506:2230,0.0,0.0,0.0,0.0,24.14,1.72,0.0,2020-05-06 22:30:00+00:00,0.0,24.14,0.0,0.0
20200506:2330,0.0,0.0,0.0,-0.81,24.13,1.59,0.0,2020-05-06 23:30:00+00:00,0.0,24.13,0.0,0.0
20200507:0030,68.05,61.65,0.0,12.6,24.1,1.38,0.0,2020-05-07 00:30:00+00:00,129.7,28.153125000000003,12.798236668749999,12.414289568687499
20200507:0130,225.65,108.25,0.0,26.17,26.04,1.24,0.0,2020-05-07 01:30:00+00:00,333.9,36.474374999999995,31.780856598750002,30.8274309007875
20200507:0230,418.65,133.55,0.0,39.91,27.87,1.24,0.0,2020-05-07 02:30:00+00:00,552.2,45.12625,50.552239594999996,49.035672407149995
20200507:0330,591.95,151.15,0.0,53.71,29.47,1.38,0.0,2020-05-07 03:30:00+00:00,743.1,52.691874999999996,65.66731042875,63.697291115887495
20200507:0430,710.7,163.9,0.0,67.41,30.79,1.24,0.0,2020-05-07 04:30:00+00:00,874.6,58.12125,75.293504995,73.03469984515
20200507:0530,726.65,202.95,0.0,80.16,31.85,1.17,0.0,2020-05-07 05:30:00+00:00,929.5999999999999,60.9,78.9434912,76.575186464
20200507:0630,689.5,206.7,0.0,81.08,32.61,1.17,0.0,2020-05-07 06:30:00+00:00,896.2,60.61625,76.213901035,73.92748400395
20200507:0730,684.45,156.85,0.0,68.57,32.95,1.79,0.0,2020-05-07 07:30:00+00:00,841.3000000000001,59.24062500000001,72.03121211875,69.8702757551875
20200507:0830,460.55,197.05,0.0,54.9,32.99,1.66,0.0,2020-05-07 08:30:00+00:00,657.6,53.540000000000006,57.877480320000004,56.1411559104
20200507:0930,264.8,175.1,0.0,41.1,31.36,1.52,0.0,2020-05-07 09:30:00+00:00,439.9,45.106875,40.275093988749994,39.066841169087496
20200507:1030,170.65,114.8,0.0,27.35,30.83,1.45,0.0,2020-05-07 10:30:00+00:00,285.45,39.7503125,26.776599784687498,25.973301791146874
20200507:1130,23.8,55.9,0.0,13.76,30.07,1.66,0.0,2020-05-07 11:30:00+00:00,79.7,32.560625,7.716915638750001,7.4854081695875
20200507:1230,0.0,8.1,0.0,0.45,29.42,0.41,0.0,2020-05-07 12:30:00+00:00,8.1,29.673125000000002,0.79410202875,0.7702789678875
20200507:1330,0.0,0.0,0.0,0.0,28.32,1.38,0.0,2020-05-07 13:30:00+00:00,0.0,28.32,0.0,0.0
20200507:1430,0.0,0.0,0.0,0.0,27.48,1.38,0.0,2020-05-07 14:30:00+00:00,0.0,27.48,0.0,0.0
20200507:1530,0.0,0.0,0.0,0.0,26.77,1.59,0.0,2020-05-07 15:30:00+00:00,0.0,26.77,0.0,0.0
20200507:1630,0.0,0.0,0.0,0.0,26.32,1.72,0.0,2020-05-07 16:30:00+00:00,0.0,26.32,0.0,0.0
20200507:1730,0.0,0.0,0.0,0.0,26.09,0.97,0.0,2020-05-07 17:30:00+00:00,0.0,26.09,0.0,0.0
20200507:1830,0.0,0.0,0.0,0.0,25.99,0.34,0.0,2020-05-07 18:30:00+00:00,0.0,25.99,0.0,0.0
20200507:1930,0.0,0.0,0.0,0.0,23.66,1.59,0.0,2020-05-07 19:30:00+00:00,0.0,23.66,0.0,0.0
20200507:2030,0.0,0.0,0.0,0.0,23.46,1.38,0.0,2020-05-07 20:30:00+00:00,0.0,23.46,0.0,0.0
20200507:2130,0.0,0.0,0.0,0.0,23.31,1.31,0.0,2020-05-07 21:30:00+00:00,0.0,23.31,0.0,0.0
20200507:2230,0.0,0.0,0.0,0.0,23.17,1.38,0.0,2020-05-07 22:30:00+00:00,0.0,23.17,0.0,0.0
20200507:2330,0.0,0.0,0.0,-0.67,23.09,1.31,0.0,2020-05-07 23:30:00+00:00,0.0,23.09,0.0,0.0
20200508:0030,40.65,75.75,0.0,12.72,23.23,1.31,0.0,2020-05-08 00:30:00+00:00,116.4,26.8675,11.54870166,11.2022406102
20200508:0130,95.45,169.95,0.0,26.27,24.1,1.66,0.0,2020-05-08 01:30:00+00:00,265.4,32.39375,25.715833474999997,24.944358470749997
20200508:0230,273.95,203.1,0.0,40.0,25.58,1.52,0.0,2020-05-08 02:30:00+00:00,477.04999999999995,40.4878125,44.6018463996875,43.263791007696874
20200508:0330,348.75,270.7,0.0,53.8,27.5,1.59,0.0,2020-05-08 03:30:00+00:00,619.45,46.8578125,56.258274779687504,54.570526536296875
20200508:0430,454.8,274.5,0.0,67.51,29.17,1.72,0.0,2020-05-08 04:30:00+00:00,729.3,51.960625,64.67179879874999,62.73164483478749
20200508:0530,668.4,226.9,0.0,80.35,30.55,1.86,0.0,2020-05-08 05:30:00+00:00,895.3,58.528125,76.92255326875,74.6148766706875
20200508:0630,727.5,184.9,0.0,81.26,31.51,1.59,0.0,2020-05-08 06:30:00+00:00,912.4,60.0225,77.81909782,75.48452488539999
20200508:0730,645.9,198.7,0.0,68.65,32.53,1.66,0.0,2020-05-08 07:30:00+00:00,844.5999999999999,58.92375,72.42616031499999,70.25337550554998
20200508:0830,565.05,166.45,0.0,54.96,32.94,1.31,0.0,2020-05-08 08:30:00+00:00,731.5,55.799375,63.68750801875,61.7768827781875
20200508:0930,407.35,136.25,0.0,41.16,33.08,1.17,0.0,2020-05-08 09:30:00+00:00,543.6,50.067499999999995,48.63678894,47.1776852718
20200508:1030,239.15,100.9,0.0,27.42,33.05,1.45,0.0,2020-05-08 10:30:00+00:00,340.05,43.676562499999996,31.337594667187503,30.397466827171876
20200508:1130,80.85,64.5,0.0,13.84,32.7,1.31,0.0,2020-05-08 11:30:00+00:00,145.35,37.2421875,13.7876511796875,13.374021644296876
20200508:1230,0.0,8.65,0.0,0.55,31.73,1.17,0.0,2020-05-08 12:30:00+00:00,8.65,32.0003125,0.8395678646875,0.814380828746875
20200508:1330,0.0,0.0,0.0,0.0,30.33,1.59,0.0,2020-05-08 13:30:00+00:00,0.0,30.33,0.0,0.0
20200508:1430,0.0,0.0,0.0,0.0,28.98,1.03,0.0,2020-05-08 14:30:00+00:00,0.0,28.98,0.0,0.0
20200508:1530,0.0,0.0,0.0,0.0,28.5,0.28,0.0,2020-05-08 15:30:00+00:00,0.0,28.5,0.0,0.0
20200508:1630,0.0,0.0,0.0,0.0,27.38,1.86,0.0,2020-05-08 16:30:00+00:00,0.0,27.38,0.0,0.0
20200508:1730,0.0,0.0,0.0,0.0,27.08,2.14,0.0,2020-05-08 17:30:00+00:00,0.0,27.08,0.0,0.0
20200508:1830,0.0,0.0,0.0,0.0,26.77,2.14,0.0,2020-05-08 18:30:00+00:00,0.0,26.77,0.0,0.0
20200508:1930,0.0,0.0,0.0,0.0,26.32,2.21,0.0,2020-05-08 19:30:00+00:00,0.0,26.32,0.0,0.0
20200508:2030,0.0,0.0,0.0,0.0,26.12,2.07,0.0,2020-05-08 20:30:00+00:00,0.0,26.12,0.0,0.0
20200508:2130,0.0,0.0,0.0,0.0,26.0,1.93,0.0,2020-05-08 21:30:00+00:00,0.0,26.0,0.0,0.0
20200508:2230,0.0,0.0,0.0,0.0,25.93,1.79,0.0,2020-05-08 22:30:00+00:00,0.0,25.93,0.0,0.0
20200508:2330,0.0,0.0,0.0,-0.55,25.86,1.66,0.0,2020-05-08 23:30:00+00:00,0.0,25.86,0.0,0.0
20200509:0030,71.85,62.65,0.0,12.82,25.85,1.52,0.0,2020-05-09 00:30:00+00:00,134.5,30.053125,13.164548968750001,12.7696124996875
20200509:0130,239.15,104.85,0.0,26.36,27.3,1.24,0.0,2020-05-09 01:30:00+00:00,344.0,38.05,32.514536,31.539099919999998
20200509:0230,421.2,134.65,0.0,40.08,29.05,1.38,0.0,2020-05-09 02:30:00+00:00,555.85,46.4203125,50.58427810468751,49.06674976154689
20200509:0330,581.95,155.9,0.0,53.88,30.46,1.1,0.0,2020-05-09 03:30:00+00:00,737.85,53.517812500000005,64.94741545968749,62.99899299589686
20200509:0430,702.75,168.15,0.0,67.61,31.85,0.76,0.0,2020-05-09 04:30:00+00:00,870.9,59.065625,74.62954381875,72.39065750418749
20200509:0530,768.2,174.4,0.0,80.53,33.03,0.48,0.0,2020-05-09 05:30:00+00:00,942.6,62.48625,79.419493515,77.03690870954999
20200509:0630,783.1,164.0,0.0,81.43,33.93,0.28,0.0,2020-05-09 06:30:00+00:00,947.1,63.526875000000004,79.38470260875,77.0031615304875
20200509:0730,707.4,163.9,0.0,68.73,34.3,0.76,0.0,2020-05-09 07:30:00+00:00,871.3,61.528124999999996,73.76267876874999,71.5497984056875
20200509:0830,557.8,147.1,0.0,55.02,34.42,0.62,0.0,2020-05-09 08:30:00+00:00,704.9,56.448125000000005,61.17953100874999,59.344145078487486
20200509:0930,383.25,144.65,0.0,41.22,34.29,0.34,0.0,2020-05-09 09:30:00+00:00,527.9,50.786874999999995,47.07258564874999,45.66040807928749
20200509:1030,120.45,118.15,0.0,27.49,32.34,0.28,0.0,2020-05-09 10:30:00+00:00,238.60000000000002,39.79625,22.377238195000004,21.705921049150003
20200509:1130,38.35,61.25,0.0,13.92,30.81,1.03,0.0,2020-05-09 11:30:00+00:00,99.6,33.9225,9.58675398,9.2991513606
20200509:1230,0.0,8.2,0.0,0.65,29.6,1.03,0.0,2020-05-09 12:30:00+00:00,8.2,29.856250000000003,0.8032750749999998,0.7791768227499998
20200509:1330,0.0,0.0,0.0,0.0,29.04,1.1,0.0,2020-05-09 13:30:00+00:00,0.0,29.04,0.0,0.0
20200509:1430,0.0,0.0,0.0,0.0,28.57,1.59,0.0,2020-05-09 14:30:00+00:00,0.0,28.57,0.0,0.0
20200509:1530,0.0,0.0,0.0,0.0,27.95,1.1,0.0,2020-05-09 15:30:00+00:00,0.0,27.95,0.0,0.0
20200509:1630,0.0,0.0,0.0,0.0,27.57,0.69,0.0,2020-05-09 16:30:00+00:00,0.0,27.57,0.0,0.0
20200509:1730,0.0,0.0,0.0,0.0,26.82,1.1,0.0,2020-05-09 17:30:00+00:00,0.0,26.82,0.0,0.0
20200509:1830,0.0,0.0,0.0,0.0,26.39,1.24,0.0,2020-05-09 18:30:00+00:00,0.0,26.39,0.0,0.0
20200509:1930,0.0,0.0,0.0,0.0,26.22,1.38,0.0,2020-05-09 19:30:00+00:00,0.0,26.22,0.0,0.0
20200509:2030,0.0,0.0,0.0,0.0,26.0,1.38,0.0,2020-05-09 20:30:00+00:00,0.0,26.0,0.0,0.0
20200509:2130,0.0,0.0,0.0,0.0,25.78,1.1,0.0,2020-05-09 21:30:00+00:00,0.0,25.78,0.0,0.0
20200509:2230,0.0,0.0,0.0,0.0,25.68,0.97,0.0,2020-05-09 22:30:00+00:00,0.0,25.68,0.0,0.0
20200509:2330,0.0,0.0,0.0,-0.43,25.37,1.03,0.0,2020-05-09 23:30:00+00:00,0.0,25.37,0.0,0.0
20200510:0030,65.2,63.7,0.0,12.92,25.19,1.17,0.0,2020-05-10 00:30:00+00:00,128.9,29.218125,12.661639148750002,12.281789974287502
20200510:0130,186.2,106.6,0.0,26.45,27.48,1.17,0.0,2020-05-10 01:30:00+00:00,292.79999999999995,36.629999999999995,27.849789119999997,27.014295446399995
20200510:0230,397.8,142.7,0.0,40.17,28.76,1.24,0.0,2020-05-10 02:30:00+00:00,540.5,45.650625000000005,49.362101618749996,47.88123857018749
20200510:0330,584.45,153.15,0.0,53.96,30.22,1.17,0.0,2020-05-10 03:30:00+00:00,737.6,53.269999999999996,65.00218016000001,63.05211475520001
20200510:0430,716.45,158.25,0.0,67.7,31.55,0.97,0.0,2020-05-10 04:30:00+00:00,874.7,58.884375000000006,75.02176161875,72.77110877018751
20200510:0530,784.25,165.1,0.0,80.7,32.61,0.83,0.0,2020-05-10 05:30:00+00:00,949.35,62.2771875,80.0715788596875,77.66943149389688
20200510:0630,772.1,172.5,0.0,81.6,33.44,0.9,0.0,2020-05-10 06:30:00+00:00,944.6,62.958749999999995,79.400549195,77.01853271914999
20200510:0730,633.55,183.35,0.0,68.8,34.25,1.66,0.0,2020-05-10 07:30:00+00:00,816.9,59.778125,69.75769486875,67.66496402268749
20200510:0830,412.65,209.35,0.0,55.08,34.44,1.86,0.0,2020-05-10 08:30:00+00:00,622.0,53.8775,54.656041900000005,53.016360643000006
20200510:0930,312.7,165.85,0.0,41.28,34.11,2.34,0.0,2020-05-10 09:30:00+00:00,478.54999999999995,49.0646875,43.0182143946875,41.72766796284687
20200510:1030,115.35,116.05,0.0,27.55,31.7,1.72,0.0,2020-05-10 10:30:00+00:00,231.39999999999998,38.93125,21.786049674999997,21.132468184749996
20200510:1130,44.5,61.4,0.0,14.01,30.83,1.17,0.0,2020-05-10 11:30:00+00:00,105.9,34.139375,10.183498878750001,9.8779939123875
20200510:1230,0.0,6.8,0.0,0.75,28.83,2.14,0.0,2020-05-10 12:30:00+00:00,6.8,29.042499999999997,0.6684546199999999,0.6484009813999999
20200510:1330,0.0,0.0,0.0,0.0,26.09,3.1,0.0,2020-05-10 13:30:00+00:00,0.0,26.09,0.0,0.0
20200510:1430,0.0,0.0,0.0,0.0,25.28,1.52,0.0,2020-05-10 14:30:00+00:00,0.0,25.28,0.0,0.0
20200510:1530,0.0,0.0,0.0,0.0,25.0,0.97,0.0,2020-05-10 15:30:00+00:00,0.0,25.0,0.0,0.0
20200510:1630,0.0,0.0,0.0,0.0,24.82,0.62,0.0,2020-05-10 16:30:00+00:00,0.0,24.82,0.0,0.0
20200510:1730,0.0,0.0,0.0,0.0,24.8,0.76,0.0,2020-05-10 17:30:00+00:00,0.0,24.8,0.0,0.0
20200510:1830,0.0,0.0,0.0,0.0,25.05,0.34,0.0,2020-05-10 18:30:00+00:00,0.0,25.05,0.0,0.0
20200510:1930,0.0,0.0,0.0,0.0,25.97,0.62,0.0,2020-05-10 19:30:00+00:00,0.0,25.97,0.0,0.0
20200510:2030,0.0,0.0,0.0,0.0,25.38,0.83,0.0,2020-05-10 20:30:00+00:00,0.0,25.38,0.0,0.0
20200510:2130,0.0,0.0,0.0,0.0,25.48,0.69,0.0,2020-05-10 21:30:00+00:00,0.0,25.48,0.0,0.0
20200510:2230,0.0,0.0,0.0,0.0,25.33,0.69,0.0,2020-05-10 22:30:00+00:00,0.0,25.33,0.0,0.0
20200510:2330,0.0,0.0,0.0,-0.31,25.16,0.76,0.0,2020-05-10 23:30:00+00:00,0.0,25.16,0.0,0.0
20200511:0030,61.1,66.95,0.0,13.02,25.11,0.69,0.0,2020-05-11 00:30:00+00:00,128.05,29.111562499999998,12.583876057187503,12.206359775471878
20200511:0130,215.65,116.1,0.0,26.54,27.06,0.9,0.0,2020-05-11 01:30:00+00:00,331.75,37.4271875,31.443457829687496,30.50015409479687
20200511:0230,316.6,189.35,0.0,40.24,28.7,1.31,0.0,2020-05-11 02:30:00+00:00,505.95000000000005,44.5109375,46.448945292187496,45.05547693342187
20200511:0330,505.75,194.5,0.0,54.04,30.23,1.17,0.0,2020-05-11 03:30:00+00:00,700.25,52.112812500000004,62.0509862796875,60.189456691296876
20200511:0430,582.05,229.5,0.0,67.79,31.49,0.9,0.0,2020-05-11 04:30:00+00:00,811.55,56.8509375,70.2985761021875,68.18961881912188
20200511:0530,598.65,229.65,0.0,80.86,32.54,0.97,0.0,2020-05-11 05:30:00+00:00,828.3,58.424375,71.20212787875,69.06606404238751
20200511:0630,753.85,179.15,0.0,81.76,33.09,1.1,0.0,2020-05-11 06:30:00+00:00,933.0,62.24625,78.70468447500001,76.34354394075001
20200511:0730,643.45,202.15,0.0,68.87,33.34,0.97,0.0,2020-05-11 07:30:00+00:00,845.6,59.765,72.21314072000001,70.04674649840001
20200511:0830,540.35,183.65,0.0,55.14,33.64,0.97,0.0,2020-05-11 08:30:00+00:00,724.0,56.265,62.89293879999999,61.00615063599999
20200511:0930,343.9,171.0,0.0,41.34,33.67,1.1,0.0,2020-05-11 09:30:00+00:00,514.9,49.760625000000005,46.13531675875,44.7512572559875
20200511:1030,157.25,149.2,0.0,27.62,33.35,1.24,0.0,2020-05-11 10:30:00+00:00,306.45,42.9265625,28.3376900671875,27.487559365171872
20200511:1130,48.3,76.55,0.0,14.09,32.74,0.48,0.0,2020-05-11 11:30:00+00:00,124.85,36.6415625,11.8745513871875,11.518314845571874
20200511:1230,0.0,11.5,0.0,0.84,31.58,0.34,0.0,2020-05-11 12:30:00+00:00,11.5,31.939375,1.1164828187499998,1.0829883341874997
20200511:1330,0.0,0.0,0.0,0.0,30.96,0.0,0.0,2020-05-11 13:30:00+00:00,0.0,30.96,0.0,0.0
20200511:1430,0.0,0.0,0.0,0.0,30.08,0.28,0.0,2020-05-11 14:30:00+00:00,0.0,30.08,0.0,0.0
20200511:1530,0.0,0.0,0.0,0.0,29.26,0.21,0.0,2020-05-11 15:30:00+00:00,0.0,29.26,0.0,0.0
20200511:1630,0.0,0.0,0.0,0.0,27.4,0.97,0.0,2020-05-11 16:30:00+00:00,0.0,27.4,0.0,0.0
20200511:1730,0.0,0.0,0.0,0.0,26.41,1.38,0.0,2020-05-11 17:30:00+00:00,0.0,26.41,0.0,0.0
20200511:1830,0.0,0.0,0.0,0.0,25.9,1.31,0.0,2020-05-11 18:30:00+00:00,0.0,25.9,0.0,0.0
20200511:1930,0.0,0.0,0.0,0.0,25.78,1.79,0.0,2020-05-11 19:30:00+00:00,0.0,25.78,0.0,0.0
20200511:2030,0.0,0.0,0.0,0.0,25.53,1.72,0.0,2020-05-11 20:30:00+00:00,0.0,25.53,0.0,0.0
20200511:2130,0.0,0.0,0.0,0.0,25.18,1.72,0.0,2020-05-11 21:30:00+00:00,0.0,25.18,0.0,0.0
20200511:2230,0.0,0.0,0.0,0.0,24.84,1.59,0.0,2020-05-11 22:30:00+00:00,0.0,24.84,0.0,0.0
20200511:2330,0.0,0.0,0.0,-0.19,24.45,1.31,0.0,2020-05-11 23:30:00+00:00,0.0,24.45,0.0,0.0
20200512:0030,77.0,63.9,0.0,13.12,24.51,0.97,0.0,2020-05-12 00:30:00+00:00,140.9,28.913125,13.85842908875,13.4426762160875
20200512:0130,227.85,115.4,0.0,26.62,26.6,0.62,0.0,2020-05-12 01:30:00+00:00,343.25,37.3265625,32.5479411171875,31.571502883671872
20200512:0230,433.25,131.0,0.0,40.32,28.33,0.69,0.0,2020-05-12 02:30:00+00:00,564.25,45.9628125,51.457127879687505,49.913414043296875
20200512:0330,601.35,148.1,0.0,54.11,30.02,0.55,0.0,2020-05-12 03:30:00+00:00,749.45,53.440312500000005,65.9928712746875,64.01308513644688
20200512:0430,723.35,159.8,0.0,67.87,31.4,0.48,0.0,2020-05-12 04:30:00+00:00,883.1500000000001,58.9984375,75.70419756718752,73.43307164017189
20200512:0530,753.2,175.4,0.0,81.01,32.38,0.21,0.0,2020-05-12 05:30:00+00:00,928.6,61.39875000000001,78.66405071499999,76.30412919354998
20200512:0630,777.85,173.5,0.0,81.91,33.11,0.21,0.0,2020-05-12 06:30:00+00:00,951.35,62.8396875,80.0155095846875,77.61504429714688
20200512:0730,715.2,163.5,0.0,68.94,33.73,0.62,0.0,2020-05-12 07:30:00+00:00,878.7,61.189375,74.51416639875,72.2787414067875
20200512:0830,581.5,151.1,0.0,55.19,34.12,0.83,0.0,2020-05-12 08:30:00+00:00,732.6,57.01375,63.40962523500001,61.507336477950005
20200512:0930,409.2,136.3,0.0,41.4,34.26,0.9,0.0,2020-05-12 09:30:00+00:00,545.5,51.306875,48.52283186875,47.067146912687505
20200512:1030,228.6,114.45,0.0,27.69,33.72,0.69,0.0,2020-05-12 10:30:00+00:00,343.05,44.4403125,31.5040203346875,30.558899724646874
20200512:1130,61.15,56.65,0.0,14.17,33.22,0.21,0.0,2020-05-12 11:30:00+00:00,117.8,36.90125,11.191173755,10.855438542349999
20200512:1230,0.0,10.4,0.0,0.94,31.97,0.21,0.0,2020-05-12 12:30:00+00:00,10.4,32.295,1.00813544,0.9778913767999999
20200512:1330,0.0,0.0,0.0,0.0,31.26,0.0,0.0,2020-05-12 13:30:00+00:00,0.0,31.26,0.0,0.0
20200512:1430,0.0,0.0,0.0,0.0,29.68,0.76,0.0,2020-05-12 14:30:00+00:00,0.0,29.68,0.0,0.0
20200512:1530,0.0,0.0,0.0,0.0,28.54,1.72,0.0,2020-05-12 15:30:00+00:00,0.0,28.54,0.0,0.0
20200512:1630,0.0,0.0,0.0,0.0,28.05,2.14,0.0,2020-05-12 16:30:00+00:00,0.0,28.05,0.0,0.0
20200512:1730,0.0,0.0,0.0,0.0,27.61,2.28,0.0,2020-05-12 17:30:00+00:00,0.0,27.61,0.0,0.0
20200512:1830,0.0,0.0,0.0,0.0,27.25,2.21,0.0,2020-05-12 18:30:00+00:00,0.0,27.25,0.0,0.0
20200512:1930,0.0,0.0,0.0,0.0,27.05,2.41,0.0,2020-05-12 19:30:00+00:00,0.0,27.05,0.0,0.0
20200512:2030,0.0,0.0,0.0,0.0,26.82,2.28,0.0,2020-05-12 20:30:00+00:00,0.0,26.82,0.0,0.0
20200512:2130,0.0,0.0,0.0,0.0,26.39,2.28,0.0,2020-05-12 21:30:00+00:00,0.0,26.39,0.0,0.0
20200512:2230,0.0,0.0,0.0,0.0,26.0,2.21,0.0,2020-05-12 22:30:00+00:00,0.0,26.0,0.0,0.0
20200512:2330,0.0,0.0,0.0,-0.08,25.8,2.21,0.0,2020-05-12 23:30:00+00:00,0.0,25.8,0.0,0.0
20200513:0030,73.45,61.95,0.0,13.2,25.85,2.07,0.0,2020-05-13 00:30:00+00:00,135.4,30.08125,13.251039474999999,12.853508290749998
20200513:0130,205.1,115.95,0.0,26.7,27.07,2.21,0.0,2020-05-13 01:30:00+00:00,321.05,37.1028125,30.473044659687496,29.55885331989687
20200513:0230,419.0,136.25,0.0,40.38,28.66,2.55,0.0,2020-05-13 02:30:00+00:00,555.25,46.0115625,50.624998567187504,49.106248610171875
20200513:0330,585.8,153.65,0.0,54.17,30.34,2.62,0.0,2020-05-13 03:30:00+00:00,739.4499999999999,53.4478125,65.1099913196875,63.15669158009687
20200513:0430,710.95,160.8,0.0,67.94,31.73,2.83,0.0,2020-05-13 04:30:00+00:00,871.75,58.972187500000004,74.7365931296875,72.49449533579688
20200513:0530,778.15,164.7,0.0,81.15,32.73,3.03,0.0,2020-05-13 05:30:00+00:00,942.8499999999999,62.194062499999994,79.55626283218749,77.16957494722186
20200513:0630,592.9,253.65,0.0,82.06,32.89,3.03,0.0,2020-05-13 06:30:00+00:00,846.55,59.3446875,72.44371201468748,70.27040065424686
20200513:0730,531.25,238.3,0.0,69.01,33.31,2.28,0.0,2020-05-13 07:30:00+00:00,769.55,57.3584375,66.49639705718751,64.50150514547188
20200513:0830,573.8,164.4,0.0,55.25,33.68,2.28,0.0,2020-05-13 08:30:00+00:00,738.1999999999999,56.74875,63.97649055499999,62.05719583834999
20200513:0930,413.0,137.1,0.0,41.46,33.87,2.41,0.0,2020-05-13 09:30:00+00:00,550.1,51.060625,48.988901078750004,47.5192340463875
20200513:1030,209.1,111.95,0.0,27.76,33.29,2.41,0.0,2020-05-13 10:30:00+00:00,321.05,43.3228125,29.634333639687497,28.74530363049687
20200513:1130,52.45,64.35,0.0,14.25,32.07,1.31,0.0,2020-05-13 11:30:00+00:00,116.8,35.72,11.15411968,10.819496089600001
20200513:1230,0.0,9.8,0.0,1.04,31.23,1.38,0.0,2020-05-13 12:30:00+00:00,9.8,31.53625,0.9530967950000001,0.9245038911500001
20200513:1330,0.0,0.0,0.0,0.0,30.15,2.21,0.0,2020-05-13 13:30:00+00:00,0.0,30.15,0.0,0.0
20200513:1430,0.0,0.0,0.0,0.0,29.02,2.62,0.0,2020-05-13 14:30:00+00:00,0.0,29.02,0.0,0.0
20200513:1530,0.0,0.0,0.0,0.0,28.24,2.69,0.0,2020-05-13 15:30:00+00:00,0.0,28.24,0.0,0.0
20200513:1630,0.0,0.0,0.0,0.0,27.4,2.69,0.0,2020-05-13 16:30:00+00:00,0.0,27.4,0.0,0.0
20200513:1730,0.0,0.0,0.0,0.0,26.81,2.76,0.0,2020-05-13 17:30:00+00:00,0.0,26.81,0.0,0.0
20200513:1830,0.0,0.0,0.0,0.0,26.46,2.9,0.0,2020-05-13 18:30:00+00:00,0.0,26.46,0.0,0.0
20200513:1930,0.0,0.0,0.0,0.0,26.52,2.69,0.0,2020-05-13 19:30:00+00:00,0.0,26.52,0.0,0.0
20200513:2030,0.0,0.0,0.0,0.0,26.46,2.76,0.0,2020-05-13 20:30:00+00:00,0.0,26.46,0.0,0.0
20200513:2130,0.0,0.0,0.0,0.0,26.39,2.62,0.0,2020-05-13 21:30:00+00:00,0.0,26.39,0.0,0.0
20200513:2230,0.0,0.0,0.0,0.0,26.37,2.34,0.0,2020-05-13 22:30:00+00:00,0.0,26.37,0.0,0.0
20200513:2330,0.0,9.05,0.0,0.02,26.25,2.14,0.0,2020-05-13 23:30:00+00:00,9.05,26.5328125,0.8991737796875,0.872198566296875
20200514:0030,54.25,59.15,0.0,13.29,26.33,1.86,0.0,2020-05-14 00:30:00+00:00,113.4,29.873749999999998,11.107873035,10.77463684395
20200514:0130,227.2,106.6,0.0,26.77,27.43,1.93,0.0,2020-05-14 01:30:00+00:00,333.79999999999995,37.86125,31.576904194999994,30.629597069149995
20200514:0230,411.05,142.95,0.0,40.45,28.9,2.9,0.0,2020-05-14 02:30:00+00:00,554.0,46.2125,50.46427550000001,48.950347235
20200514:0330,584.15,155.95,0.0,54.23,30.3,3.1,0.0,2020-05-14 03:30:00+00:00,740.0999999999999,53.428124999999994,65.17334476874998,63.218144425687484
20200514:0430,714.05,161.85,0.0,68.01,31.58,2.9,0.0,2020-05-14 04:30:00+00:00,875.9,58.951875,75.09985212875,72.8468565648875
20200514:0530,762.85,169.5,0.0,81.28,32.64,2.55,0.0,2020-05-14 05:30:00+00:00,932.35,61.7759375,78.83402096218751,76.46900033332189
20200514:0630,756.95,180.2,0.0,82.2,33.41,2.34,0.0,2020-05-14 06:30:00+00:00,937.1500000000001,62.6959375,78.87776591218751,76.51143293482188
20200514:0730,700.75,163.8,0.0,69.08,33.92,2.97,0.0,2020-05-14 07:30:00+00:00,864.55,60.9371875,73.4058119096875,71.20363755239687
20200514:0830,578.65,157.6,0.0,55.31,34.14,3.24,0.0,2020-05-14 08:30:00+00:00,736.25,57.1478125,63.6840926796875,61.773569899296874
20200514:0930,403.65,134.05,0.0,41.52,34.03,3.24,0.0,2020-05-14 09:30:00+00:00,537.7,50.833125,47.936002048750005,46.497921987287505
20200514:1030,210.95,104.3,0.0,27.83,33.24,2.76,0.0,2020-05-14 10:30:00+00:00,315.25,43.0915625,29.1295866671875,28.255699067171875
20200514:1130,62.1,66.0,0.0,14.33,32.12,2.0,0.0,2020-05-14 11:30:00+00:00,128.1,36.123124999999995,12.211553628749998,11.845207019887498
20200514:1230,0.0,11.4,0.0,1.13,31.31,2.48,0.0,2020-05-14 12:30:00+00:00,11.4,31.666249999999998,1.108081995,1.07483953515
20200514:1330,0.0,0.0,0.0,0.0,30.15,2.69,0.0,2020-05-14 13:30:00+00:00,0.0,30.15,0.0,0.0
20200514:1430,0.0,0.0,0.0,0.0,29.35,2.62,0.0,2020-05-14 14:30:00+00:00,0.0,29.35,0.0,0.0
20200514:1530,0.0,0.0,0.0,0.0,28.55,2.83,0.0,2020-05-14 15:30:00+00:00,0.0,28.55,0.0,0.0
20200514:1630,0.0,0.0,0.0,0.0,27.91,3.03,0.0,2020-05-14 16:30:00+00:00,0.0,27.91,0.0,0.0
20200514:1730,0.0,0.0,0.0,0.0,27.58,2.97,0.0,2020-05-14 17:30:00+00:00,0.0,27.58,0.0,0.0
20200514:1830,0.0,0.0,0.0,0.0,27.27,2.55,0.0,2020-05-14 18:30:00+00:00,0.0,27.27,0.0,0.0
20200514:1930,0.0,0.0,0.0,0.0,27.36,2.76,0.0,2020-05-14 19:30:00+00:00,0.0,27.36,0.0,0.0
20200514:2030,0.0,0.0,0.0,0.0,27.25,2.62,0.0,2020-05-14 20:30:00+00:00,0.0,27.25,0.0,0.0
20200514:2130,0.0,0.0,0.0,0.0,27.09,2.55,0.0,2020-05-14 21:30:00+00:00,0.0,27.09,0.0,0.0
20200514:2230,0.0,0.0,0.0,0.0,26.99,2.55,0.0,2020-05-14 22:30:00+00:00,0.0,26.99,0.0,0.0
20200514:2330,0.0,9.65,0.0,0.13,26.88,2.55,0.0,2020-05-14 23:30:00+00:00,9.65,27.1815625,0.9561581271875,0.927473383371875
20200515:0030,64.45,67.75,0.0,13.37,26.92,2.41,0.0,2020-05-15 00:30:00+00:00,132.2,31.051250000000003,12.884010394999999,12.497490083149998
20200515:0130,183.1,114.8,0.0,26.84,27.98,2.69,0.0,2020-05-15 01:30:00+00:00,297.9,37.289375,28.252377978749998,27.4048066393875
20200515:0230,332.55,146.7,0.0,40.51,29.12,2.83,0.0,2020-05-15 02:30:00+00:00,479.25,44.096562500000005,44.08114841718751,42.75871396467188
20200515:0330,564.4,165.8,0.0,54.29,30.29,2.48,0.0,2020-05-15 03:30:00+00:00,730.2,53.10875,64.399496115,62.467511231550006
20200515:0430,684.6,176.15,0.0,68.07,31.64,2.41,0.0,2020-05-15 04:30:00+00:00,860.75,58.5384375,73.9503517671875,71.73184121417187
20200515:0530,719.65,196.45,0.0,81.4,32.69,2.41,0.0,2020-05-15 05:30:00+00:00,916.0999999999999,61.318124999999995,77.63616558874999,75.3070806210875
20200515:0630,756.75,179.2,0.0,82.34,33.49,2.41,0.0,2020-05-15 06:30:00+00:00,935.95,62.7384375,78.7600579571875,76.39725621847187
20200515:0730,713.65,164.0,0.0,69.14,34.27,2.9,0.0,2020-05-15 07:30:00+00:00,877.65,61.6965625,74.23817000718749,72.01102490697187
20200515:0830,579.25,150.35,0.0,55.36,34.65,2.9,0.0,2020-05-15 08:30:00+00:00,729.6,57.45,63.016281600000006,61.12579315200001
20200515:0930,409.25,132.95,0.0,41.58,34.62,3.1,0.0,2020-05-15 09:30:00+00:00,542.2,51.56375,48.170796595,46.725672697149996
20200515:1030,193.1,117.7,0.0,27.9,34.14,3.38,0.0,2020-05-15 10:30:00+00:00,310.8,43.8525,28.619070060000002,27.760497958200002
20200515:1130,69.0,61.35,0.0,14.41,32.87,1.93,0.0,2020-05-15 11:30:00+00:00,130.35,36.943437499999995,12.381132627187501,12.009698648371876
20200515:1230,0.0,6.6,0.0,1.23,30.35,1.31,0.0,2020-05-15 12:30:00+00:00,6.6,30.556250000000002,0.644598075,0.62526013275
20200515:1330,0.0,0.0,0.0,0.0,27.46,1.52,0.0,2020-05-15 13:30:00+00:00,0.0,27.46,0.0,0.0
20200515:1430,0.0,0.0,0.0,0.0,27.35,1.1,0.0,2020-05-15 14:30:00+00:00,0.0,27.35,0.0,0.0
20200515:1530,0.0,0.0,0.0,0.0,27.75,2.0,0.0,2020-05-15 15:30:00+00:00,0.0,27.75,0.0,0.0
20200515:1630,0.0,0.0,0.0,0.0,27.79,2.55,0.0,2020-05-15 16:30:00+00:00,0.0,27.79,0.0,0.0
20200515:1730,0.0,0.0,0.0,0.0,27.7,2.69,0.0,2020-05-15 17:30:00+00:00,0.0,27.7,0.0,0.0
20200515:1830,0.0,0.0,0.0,0.0,27.52,2.62,0.0,2020-05-15 18:30:00+00:00,0.0,27.52,0.0,0.0
20200515:1930,0.0,0.0,0.0,0.0,27.6,3.17,0.0,2020-05-15 19:30:00+00:00,0.0,27.6,0.0,0.0
20200515:2030,0.0,0.0,0.0,0.0,27.53,3.31,0.0,2020-05-15 20:30:00+00:00,0.0,27.53,0.0,0.0
20200515:2130,0.0,0.0,0.0,0.0,27.47,3.31,0.0,2020-05-15 21:30:00+00:00,0.0,27.47,0.0,0.0
20200515:2230,0.0,0.0,0.0,0.0,27.37,3.17,0.0,2020-05-15 22:30:00+00:00,0.0,27.37,0.0,0.0
20200515:2330,0.0,9.35,0.0,0.22,27.29,2.9,0.0,2020-05-15 23:30:00+00:00,9.35,27.5821875,0.9248597496875,0.8971139571968749
20200516:0030,66.0,66.85,0.0,13.45,27.33,2.76,0.0,2020-05-16 00:30:00+00:00,132.85,31.4815625,12.9233482571875,12.535647809471875
20200516:0130,224.3,111.35,0.0,26.9,28.27,2.76,0.0,2020-05-16 01:30:00+00:00,335.65,38.7590625,31.6253436821875,30.676583371721872
20200516:0230,413.75,135.75,0.0,40.56,29.56,3.31,0.0,2020-05-16 02:30:00+00:00,549.5,46.731875,49.934500568749996,48.4364655516875
20200516:0330,560.3,162.8,0.0,54.34,30.96,3.17,0.0,2020-05-16 03:30:00+00:00,723.0999999999999,53.556875,63.63721994874999,61.72810335028748
20200516:0430,711.25,164.4,0.0,68.13,32.29,3.1,0.0,2020-05-16 04:30:00+00:00,875.65,59.654062499999995,74.82017147218751,72.57556632802188
20200516:0530,757.4,170.15,0.0,81.51,33.47,3.03,0.0,2020-05-16 05:30:00+00:00,927.55,62.4559375,78.1632529721875,75.81835538302187
20200516:0630,778.3,167.0,0.0,82.47,34.34,2.9,0.0,2020-05-16 06:30:00+00:00,945.3,63.880625,79.09338097874999,76.7205795493875
20200516:0730,719.75,159.45,0.0,69.2,34.78,3.45,0.0,2020-05-16 07:30:00+00:00,879.2,62.255,74.16306968,71.9381775896
20200516:0830,601.05,148.5,0.0,55.42,35.12,3.38,0.0,2020-05-16 08:30:00+00:00,749.55,58.543437499999996,64.3951568971875,62.463302190271875
20200516:0930,427.35,134.35,0.0,41.64,35.1,3.17,0.0,2020-05-16 09:30:00+00:00,561.7,52.653125,49.64624066875,48.1568534486875
20200516:1030,218.45,115.3,0.0,27.97,34.76,3.03,0.0,2020-05-16 10:30:00+00:00,333.75,45.1896875,30.544910554687497,29.628563238046873
20200516:1130,72.55,68.8,0.0,14.49,34.05,2.62,0.0,2020-05-16 11:30:00+00:00,141.35,38.467187499999994,13.3354934796875,12.935428675296874
20200516:1230,0.0,10.5,0.0,1.33,32.83,2.62,0.0,2020-05-16 12:30:00+00:00,10.5,33.158125,1.01402266875,0.9836019886875
20200516:1330,0.0,0.0,0.0,0.0,31.56,2.9,0.0,2020-05-16 13:30:00+00:00,0.0,31.56,0.0,0.0
20200516:1430,0.0,0.0,0.0,0.0,30.57,3.24,0.0,2020-05-16 14:30:00+00:00,0.0,30.57,0.0,0.0
20200516:1530,0.0,0.0,0.0,0.0,29.8,3.52,0.0,2020-05-16 15:30:00+00:00,0.0,29.8,0.0,0.0
20200516:1630,0.0,0.0,0.0,0.0,29.09,3.38,0.0,2020-05-16 16:30:00+00:00,0.0,29.09,0.0,0.0
20200516:1730,0.0,0.0,0.0,0.0,28.49,3.1,0.0,2020-05-16 17:30:00+00:00,0.0,28.49,0.0,0.0
20200516:1830,0.0,0.0,0.0,0.0,28.03,2.97,0.0,2020-05-16 18:30:00+00:00,0.0,28.03,0.0,0.0
20200516:1930,0.0,0.0,0.0,0.0,27.92,3.1,0.0,2020-05-16 19:30:00+00:00,0.0,27.92,0.0,0.0
20200516:2030,0.0,0.0,0.0,0.0,27.7,2.9,0.0,2020-05-16 20:30:00+00:00,0.0,27.7,0.0,0.0
20200516:2130,0.0,0.0,0.0,0.0,27.48,2.9,0.0,2020-05-16 21:30:00+00:00,0.0,27.48,0.0,0.0
20200516:2230,0.0,0.0,0.0,0.0,27.28,2.76,0.0,2020-05-16 22:30:00+00:00,0.0,27.28,0.0,0.0
20200516:2330,0.0,10.15,0.0,0.32,27.07,2.48,0.0,2020-05-16 23:30:00+00:00,10.15,27.3871875,1.0048234196875,0.974678717096875
20200517:0030,76.25,65.45,0.0,13.52,27.03,2.07,0.0,2020-05-17 00:30:00+00:00,141.7,31.458125000000003,13.785651148749999,13.372081614287499
20200517:0130,223.8,115.95,0.0,26.96,28.25,2.34,0.0,2020-05-17 01:30:00+00:00,339.75,38.8671875,31.9962216796875,31.036335029296875
20200517:0230,378.95,155.25,0.0,40.61,29.78,2.9,0.0,2020-05-17 02:30:00+00:00,534.2,46.47375,48.602063555,47.14400164835
20200517:0330,541.7,181.85,0.0,54.39,31.11,2.55,0.0,2020-05-17 03:30:00+00:00,723.5500000000001,53.720937500000005,63.6269655821875,61.71815661472188
20200517:0430,649.0,191.75,0.0,68.18,32.49,2.34,0.0,2020-05-17 04:30:00+00:00,840.75,58.7634375,72.1526237671875,69.98804505417188
20200517:0530,738.95,176.2,0.0,81.61,33.71,2.28,0.0,2020-05-17 05:30:00+00:00,915.1500000000001,62.308437500000004,77.17501703718752,74.8597665260719
20200517:0630,616.25,220.3,0.0,82.59,34.66,2.28,0.0,2020-05-17 06:30:00+00:00,836.55,60.802187499999995,71.07586561968749,68.94358965109686
20200517:0730,529.3,213.1,0.0,69.26,35.01,1.59,0.0,2020-05-17 07:30:00+00:00,742.4,58.209999999999994,63.88485632,61.9683106304
20200517:0830,430.6,217.35,0.0,55.48,35.36,1.79,0.0,2020-05-17 08:30:00+00:00,647.95,55.6084375,56.465250427187506,54.77129291437188
20200517:0930,287.6,165.6,0.0,41.7,35.51,2.14,0.0,2020-05-17 09:30:00+00:00,453.20000000000005,49.6725,40.62373766,39.4050255302
20200517:1030,170.45,110.45,0.0,28.04,35.21,2.41,0.0,2020-05-17 10:30:00+00:00,280.9,43.988125,25.84981898875,25.074324419087496
20200517:1130,61.3,65.7,0.0,14.57,34.4,2.34,0.0,2020-05-17 11:30:00+00:00,127.0,38.36875,11.986910875,11.62730354875
20200517:1230,0.0,11.8,0.0,1.43,33.06,2.76,0.0,2020-05-17 12:30:00+00:00,11.8,33.42875,1.138227115,1.10408030155
20200517:1330,0.0,0.0,0.0,0.0,31.7,3.03,0.0,2020-05-17 13:30:00+00:00,0.0,31.7,0.0,0.0
20200517:1430,0.0,0.0,0.0,0.0,30.62,3.24,0.0,2020-05-17 14:30:00+00:00,0.0,30.62,0.0,0.0
20200517:1530,0.0,0.0,0.0,0.0,29.74,3.59,0.0,2020-05-17 15:30:00+00:00,0.0,29.74,0.0,0.0
20200517:1630,0.0,0.0,0.0,0.0,28.99,3.52,0.0,2020-05-17 16:30:00+00:00,0.0,28.99,0.0,0.0
20200517:1730,0.0,0.0,0.0,0.0,28.39,3.03,0.0,2020-05-17 17:30:00+00:00,0.0,28.39,0.0,0.0
20200517:1830,0.0,0.0,0.0,0.0,27.9,2.48,0.0,2020-05-17 18:30:00+00:00,0.0,27.9,0.0,0.0
20200517:1930,0.0,0.0,0.0,0.0,27.22,1.59,0.0,2020-05-17 19:30:00+00:00,0.0,27.22,0.0,0.0
20200517:2030,0.0,0.0,0.0,0.0,26.79,1.66,0.0,2020-05-17 20:30:00+00:00,0.0,26.79,0.0,0.0
20200517:2130,0.0,0.0,0.0,0.0,26.45,1.66,0.0,2020-05-17 21:30:00+00:00,0.0,26.45,0.0,0.0
20200517:2230,0.0,0.0,0.0,0.0,26.14,1.45,0.0,2020-05-17 22:30:00+00:00,0.0,26.14,0.0,0.0
20200517:2330,0.0,10.7,0.0,0.41,25.93,1.38,0.0,2020-05-17 23:30:00+00:00,10.7,26.264375,1.06431789875,1.0323883617874998
20200518:0030,74.15,67.75,0.0,13.59,25.9,1.38,0.0,2020-05-18 00:30:00+00:00,141.9,30.334374999999998,13.872081918749998,13.455919461187499
20200518:0130,214.7,121.15,0.0,27.02,27.44,2.0,0.0,2020-05-18 01:30:00+00:00,335.85,37.9353125,31.7603836246875,30.807572115946872
20200518:0230,372.75,155.45,0.0,40.66,28.85,2.14,0.0,2020-05-18 02:30:00+00:00,528.2,45.35625,48.304088074999996,46.85496543274999
20200518:0330,544.25,174.85,0.0,54.43,30.2,2.34,0.0,2020-05-18 03:30:00+00:00,719.1,52.671875,63.55248496875001,61.6459104196875
20200518:0430,697.55,175.8,0.0,68.22,31.43,2.41,0.0,2020-05-18 04:30:00+00:00,873.3499999999999,58.7221875,74.9654655696875,72.71650160259686
20200518:0530,761.8,183.35,0.0,81.7,32.5,2.34,0.0,2020-05-18 05:30:00+00:00,945.15,62.0359375,79.81310314218749,77.41871004792186
20200518:0630,700.4,230.3,0.0,82.71,33.3,2.34,0.0,2020-05-18 06:30:00+00:00,930.7,62.384375,78.45667211875,76.1029719551875
20200518:0730,649.25,217.7,0.0,69.32,34.13,3.03,0.0,2020-05-18 07:30:00+00:00,866.95,61.222187500000004,73.5058133096875,71.30063891039687
20200518:0830,554.6,182.7,0.0,55.53,34.45,3.31,0.0,2020-05-18 08:30:00+00:00,737.3,57.490625,63.66875811874999,61.75869537518749
20200518:0930,413.9,154.9,0.0,41.76,34.38,3.45,0.0,2020-05-18 09:30:00+00:00,568.8,52.155,50.39277911999999,48.88099574639999
20200518:1030,213.75,133.55,0.0,28.11,34.02,3.38,0.0,2020-05-18 10:30:00+00:00,347.3,44.873125,31.83118674875,30.876251146287498
20200518:1130,43.95,87.8,0.0,14.66,33.19,2.55,0.0,2020-05-18 11:30:00+00:00,131.75,37.3071875,12.4939817796875,12.119162326296875
20200518:1230,0.0,13.95,0.0,1.52,31.89,2.07,0.0,2020-05-18 12:30:00+00:00,13.95,32.3259375,1.3520773321875,1.3115150122218748
20200518:1330,0.0,0.0,0.0,0.0,30.46,2.21,0.0,2020-05-18 13:30:00+00:00,0.0,30.46,0.0,0.0
20200518:1430,0.0,0.0,0.0,0.0,29.64,2.28,0.0,2020-05-18 14:30:00+00:00,0.0,29.64,0.0,0.0
20200518:1530,0.0,0.0,0.0,0.0,29.16,2.07,0.0,2020-05-18 15:30:00+00:00,0.0,29.16,0.0,0.0
20200518:1630,0.0,0.0,0.0,0.0,28.82,1.93,0.0,2020-05-18 16:30:00+00:00,0.0,28.82,0.0,0.0
20200518:1730,0.0,0.0,0.0,0.0,28.27,2.0,0.0,2020-05-18 17:30:00+00:00,0.0,28.27,0.0,0.0
20200518:1830,0.0,0.0,0.0,0.0,27.51,2.0,0.0,2020-05-18 18:30:00+00:00,0.0,27.51,0.0,0.0
20200518:1930,0.0,0.0,0.0,0.0,27.09,2.34,0.0,2020-05-18 19:30:00+00:00,0.0,27.09,0.0,0.0
20200518:2030,0.0,0.0,0.0,0.0,26.91,2.07,0.0,2020-05-18 20:30:00+00:00,0.0,26.91,0.0,0.0
20200518:2130,0.0,0.0,0.0,0.0,26.95,1.93,0.0,2020-05-18 21:30:00+00:00,0.0,26.95,0.0,0.0
20200518:2230,0.0,0.0,0.0,0.0,27.03,2.0,0.0,2020-05-18 22:30:00+00:00,0.0,27.03,0.0,0.0
20200518:2330,0.0,3.2,0.0,0.49,27.05,2.0,0.0,2020-05-18 23:30:00+00:00,3.2,27.150000000000002,0.3171104,0.307597088
20200519:0030,0.95,35.65,0.0,13.66,27.07,2.0,0.0,2020-05-19 00:30:00+00:00,36.6,28.21375,3.6105982350000003,3.50228028795
20200519:0130,9.75,119.55,0.0,27.07,27.46,1.86,0.0,2020-05-19 01:30:00+00:00,129.3,31.500625,12.57697705875,12.1996677469875
20200519:0230,39.35,165.3,0.0,40.7,28.36,2.07,0.0,2020-05-19 02:30:00+00:00,204.65,34.7553125,19.6265016246875,19.037706575946874
20200519:0330,48.15,220.25,0.0,54.46,29.06,2.69,0.0,2020-05-19 03:30:00+00:00,268.4,37.4475,25.436818219999996,24.673713673399995
20200519:0430,158.45,290.95,0.0,68.26,29.76,3.03,0.0,2020-05-19 04:30:00+00:00,449.4,43.80375,41.390829794999995,40.14910490115
20200519:0530,203.35,277.1,0.0,81.79,30.71,3.31,0.0,2020-05-19 05:30:00+00:00,480.45000000000005,45.7240625,43.863112152187504,42.54721878762188
20200519:0630,86.6,272.4,0.0,82.82,31.16,2.9,0.0,2020-05-19 06:30:00+00:00,359.0,42.37875,33.279632075,32.28124311275
20200519:0730,23.2,214.25,0.0,69.38,31.42,2.69,0.0,2020-05-19 07:30:00+00:00,237.45,38.8403125,22.3647194746875,21.693777890446874
20200519:0830,58.5,205.3,0.0,55.59,31.25,2.69,0.0,2020-05-19 08:30:00+00:00,263.8,39.49375,24.774150475000003,24.03092596075
20200519:0930,62.4,189.5,0.0,41.82,31.27,2.21,0.0,2020-05-19 09:30:00+00:00,251.9,39.141875,23.693817908750002,22.983003371487502
20200519:1030,1.3,85.8,0.0,28.18,31.3,2.41,0.0,2020-05-19 10:30:00+00:00,87.1,34.021875,8.379961768749999,8.128562915687498
20200519:1130,0.5,39.1,0.0,14.74,30.42,2.0,0.0,2020-05-19 11:30:00+00:00,39.6,31.657500000000002,3.8492724600000003,3.7337942862
20200519:1230,0.0,6.8,0.0,1.62,29.69,1.79,0.0,2020-05-19 12:30:00+00:00,6.8,29.9025,0.66599846,0.6460185061999999
20200519:1330,0.0,0.0,0.0,0.0,29.03,2.0,0.0,2020-05-19 13:30:00+00:00,0.0,29.03,0.0,0.0
20200519:1430,0.0,0.0,0.0,0.0,28.3,2.07,0.0,2020-05-19 14:30:00+00:00,0.0,28.3,0.0,0.0
20200519:1530,0.0,0.0,0.0,0.0,27.53,2.41,0.0,2020-05-19 15:30:00+00:00,0.0,27.53,0.0,0.0
20200519:1630,0.0,0.0,0.0,0.0,26.96,2.41,0.0,2020-05-19 16:30:00+00:00,0.0,26.96,0.0,0.0
20200519:1730,0.0,0.0,0.0,0.0,26.61,2.76,0.0,2020-05-19 17:30:00+00:00,0.0,26.61,0.0,0.0
20200519:1830,0.0,0.0,0.0,0.0,26.48,3.24,0.0,2020-05-19 18:30:00+00:00,0.0,26.48,0.0,0.0
20200519:1930,0.0,0.0,0.0,0.0,25.41,4.41,0.0,2020-05-19 19:30:00+00:00,0.0,25.41,0.0,0.0
20200519:2030,0.0,0.0,0.0,0.0,25.1,4.41,0.0,2020-05-19 20:30:00+00:00,0.0,25.1,0.0,0.0
20200519:2130,0.0,0.0,0.0,0.0,24.77,4.41,0.0,2020-05-19 21:30:00+00:00,0.0,24.77,0.0,0.0
20200519:2230,0.0,0.0,0.0,0.0,24.66,4.69,0.0,2020-05-19 22:30:00+00:00,0.0,24.66,0.0,0.0
20200519:2330,0.0,2.5,0.0,0.57,24.72,4.97,0.0,2020-05-19 23:30:00+00:00,2.5,24.798125,0.25021196875,0.24270560968750002
20200520:0030,0.0,14.15,0.0,13.72,24.95,5.31,0.0,2020-05-20 00:30:00+00:00,14.15,25.3921875,1.4126692296875,1.370289152796875
20200520:0130,0.25,31.3,0.0,27.12,25.4,5.66,0.0,2020-05-20 01:30:00+00:00,31.55,26.385937499999997,3.1366349421875004,3.042535893921875
20200520:0230,2.6,80.65,0.0,40.74,25.68,5.86,0.0,2020-05-20 02:30:00+00:00,83.25,28.2815625,8.210260167187501,7.9639523621718755
20200520:0330,15.5,180.6,0.0,54.5,25.76,6.07,0.0,2020-05-20 03:30:00+00:00,196.1,31.888125000000002,19.04268024875,18.4713998412875
20200520:0430,14.1,190.4,0.0,68.3,26.27,5.52,0.0,2020-05-20 04:30:00+00:00,204.5,32.660624999999996,19.79202891875,19.198268051187497
20200520:0530,43.95,223.75,0.0,81.86,26.97,6.14,0.0,2020-05-20 05:30:00+00:00,267.7,35.335625,25.60792433875,24.8396866085875
20200520:0630,13.1,162.8,0.0,82.93,27.97,6.28,0.0,2020-05-20 06:30:00+00:00,175.9,33.466875,16.964484208749997,16.455549682487497
20200520:0730,3.65,111.35,0.0,69.44,27.7,7.45,0.0,2020-05-20 07:30:00+00:00,115.0,31.29375,11.196011875,10.86013151875
20200520:0830,0.0,64.75,0.0,55.64,27.44,7.52,0.0,2020-05-20 08:30:00+00:00,64.75,29.4634375,6.3536168171875005,6.1630083126718755
20200520:0930,0.0,11.6,0.0,41.88,26.82,8.48,0.0,2020-05-20 09:30:00+00:00,11.6,27.1825,1.14936686,1.1148858542
20200520:1030,0.0,10.9,0.0,28.24,26.43,9.52,0.0,2020-05-20 10:30:00+00:00,10.9,26.770625,1.0818940787500002,1.0494372563875
20200520:1130,0.0,8.1,0.0,14.82,26.22,10.9,0.0,2020-05-20 11:30:00+00:00,8.1,26.473125,0.80498842875,0.7808387758875
20200520:1230,0.0,0.7,0.0,1.72,26.01,11.86,0.0,2020-05-20 12:30:00+00:00,0.7,26.031875000000003,0.06969662874999999,0.0676057298875
20200520:1330,0.0,0.0,0.0,0.0,25.87,12.41,0.0,2020-05-20 13:30:00+00:00,0.0,25.87,0.0,0.0
20200520:1430,0.0,0.0,0.0,0.0,25.68,12.34,0.0,2020-05-20 14:30:00+00:00,0.0,25.68,0.0,0.0
20200520:1530,0.0,0.0,0.0,0.0,25.35,11.86,0.0,2020-05-20 15:30:00+00:00,0.0,25.35,0.0,0.0
20200520:1630,0.0,0.0,0.0,0.0,25.12,10.0,0.0,2020-05-20 16:30:00+00:00,0.0,25.12,0.0,0.0
20200520:1730,0.0,0.0,0.0,0.0,24.9,9.72,0.0,2020-05-20 17:30:00+00:00,0.0,24.9,0.0,0.0
20200520:1830,0.0,0.0,0.0,0.0,24.79,10.07,0.0,2020-05-20 18:30:00+00:00,0.0,24.79,0.0,0.0
20200520:1930,0.0,0.0,0.0,0.0,24.31,9.24,0.0,2020-05-20 19:30:00+00:00,0.0,24.31,0.0,0.0
20200520:2030,0.0,0.0,0.0,0.0,24.11,9.24,0.0,2020-05-20 20:30:00+00:00,0.0,24.11,0.0,0.0
20200520:2130,0.0,0.0,0.0,0.0,23.82,9.03,0.0,2020-05-20 21:30:00+00:00,0.0,23.82,0.0,0.0
20200520:2230,0.0,0.0,0.0,0.0,23.58,8.55,0.0,2020-05-20 22:30:00+00:00,0.0,23.58,0.0,0.0
20200520:2330,0.0,3.0,0.0,0.65,23.48,7.79,0.0,2020-05-20 23:30:00+00:00,3.0,23.57375,0.30179707499999997,0.29274316274999995
20200521:0030,3.9,31.75,0.0,13.77,23.76,7.17,0.0,2020-05-21 00:30:00+00:00,35.65,24.8740625,3.5668856621874996,3.4598790923218745
20200521:0130,6.3,66.75,0.0,27.17,24.11,6.48,0.0,2020-05-21 01:30:00+00:00,73.05,26.392812499999998,7.262267119687501,7.0443991060968765
20200521:0230,6.6,129.2,0.0,40.78,24.55,5.52,0.0,2020-05-21 02:30:00+00:00,135.79999999999998,28.79375,13.363619674999999,12.962711084749998
20200521:0330,2.7,135.2,0.0,54.53,25.17,6.62,0.0,2020-05-21 03:30:00+00:00,137.89999999999998,29.479375,13.530563558749996,13.124646651987495
20200521:0430,43.6,166.4,0.0,68.33,25.59,5.86,0.0,2020-05-21 04:30:00+00:00,210.0,32.1525,20.3691495,19.758075015
20200521:0530,21.25,184.65,0.0,81.93,26.17,4.9,0.0,2020-05-21 05:30:00+00:00,205.9,32.604375000000005,19.932388858750002,19.3344171929875
20200521:0630,29.5,208.4,0.0,83.03,26.47,4.21,0.0,2020-05-21 06:30:00+00:00,237.9,33.904375,22.90029265875,22.2132838789875
20200521:0730,7.9,189.55,0.0,69.5,26.92,4.83,0.0,2020-05-21 07:30:00+00:00,197.45000000000002,33.0903125,19.0740784746875,18.501856120446874
20200521:0830,7.8,197.35,0.0,55.7,27.04,4.76,0.0,2020-05-21 08:30:00+00:00,205.15,33.4509375,19.7868418721875,19.193236616021878
20200521:0930,14.6,191.2,0.0,41.94,27.25,5.03,0.0,2020-05-21 09:30:00+00:00,205.79999999999998,33.68125,19.829627475,19.23473865075
20200521:1030,106.9,143.55,0.0,28.31,27.42,4.9,0.0,2020-05-21 10:30:00+00:00,250.45000000000002,35.2465625,23.9671743371875,23.248159107071874
20200521:1130,39.3,69.95,0.0,14.9,27.53,4.41,0.0,2020-05-21 11:30:00+00:00,109.25,30.9440625,10.652256692187501,10.332688991421875
20200521:1230,0.0,12.0,0.0,1.81,27.1,3.52,0.0,2020-05-21 12:30:00+00:00,12.0,27.475,1.1875259999999999,1.15190022
20200521:1330,0.0,0.0,0.0,0.0,26.62,3.31,0.0,2020-05-21 13:30:00+00:00,0.0,26.62,0.0,0.0
20200521:1430,0.0,0.0,0.0,0.0,26.12,3.24,0.0,2020-05-21 14:30:00+00:00,0.0,26.12,0.0,0.0
20200521:1530,0.0,0.0,0.0,0.0,25.73,3.03,0.0,2020-05-21 15:30:00+00:00,0.0,25.73,0.0,0.0
20200521:1630,0.0,0.0,0.0,0.0,25.42,2.9,0.0,2020-05-21 16:30:00+00:00,0.0,25.42,0.0,0.0
20200521:1730,0.0,0.0,0.0,0.0,25.17,2.83,0.0,2020-05-21 17:30:00+00:00,0.0,25.17,0.0,0.0
20200521:1830,0.0,0.0,0.0,0.0,25.18,2.83,0.0,2020-05-21 18:30:00+00:00,0.0,25.18,0.0,0.0
20200521:1930,0.0,0.0,0.0,0.0,25.05,2.97,0.0,2020-05-21 19:30:00+00:00,0.0,25.05,0.0,0.0
20200521:2030,0.0,0.0,0.0,0.0,24.88,2.83,0.0,2020-05-21 20:30:00+00:00,0.0,24.88,0.0,0.0
20200521:2130,0.0,0.0,0.0,0.0,24.7,2.76,0.0,2020-05-21 21:30:00+00:00,0.0,24.7,0.0,0.0
20200521:2230,0.0,0.0,0.0,0.0,24.51,2.9,0.0,2020-05-21 22:30:00+00:00,0.0,24.51,0.0,0.0
20200521:2330,0.0,8.25,0.0,0.72,24.35,2.97,0.0,2020-05-21 23:30:00+00:00,8.25,24.6078125,0.8263589296875,0.801568161796875
20200522:0030,31.0,59.3,0.0,13.83,24.45,2.83,0.0,2020-05-22 00:30:00+00:00,90.3,27.271874999999998,8.94383686875,8.675521762687499
20200522:0130,135.5,115.6,0.0,27.21,24.95,2.83,0.0,2020-05-22 01:30:00+00:00,251.1,32.796875,24.28772596875,23.5590941896875
20200522:0230,269.9,175.45,0.0,40.81,26.1,3.59,0.0,2020-05-22 02:30:00+00:00,445.34999999999997,40.0171875,41.726080129687496,40.47429772579687
20200522:0330,510.8,172.95,0.0,54.55,27.58,3.59,0.0,2020-05-22 03:30:00+00:00,683.75,48.9471875,61.4979664296875,59.653027436796876
20200522:0430,664.15,165.1,0.0,68.35,29.17,3.59,0.0,2020-05-22 04:30:00+00:00,829.25,55.0840625,72.4471722921875,70.27375712342187
20200522:0530,724.05,174.6,0.0,81.99,30.63,3.52,0.0,2020-05-22 05:30:00+00:00,898.65,58.7128125,77.14067203968749,74.82645187849685
20200522:0630,718.0,188.6,0.0,83.12,31.88,3.45,0.0,2020-05-22 06:30:00+00:00,906.6,60.21125,77.25254191500001,74.93496565755001
20200522:0730,633.3,192.3,0.0,69.55,32.53,3.38,0.0,2020-05-22 07:30:00+00:00,825.5999999999999,58.33,71.00275583999999,68.87267316479999
20200522:0830,364.35,210.2,0.0,55.75,33.04,3.38,0.0,2020-05-22 08:30:00+00:00,574.55,50.9946875,51.182195964687494,49.64673008574687
20200522:0930,292.6,143.4,0.0,42.0,33.02,3.24,0.0,2020-05-22 09:30:00+00:00,436.0,46.645,39.6363676,38.447276572
20200522:1030,116.4,95.55,0.0,28.38,32.7,2.83,0.0,2020-05-22 10:30:00+00:00,211.95,39.323437500000004,19.9199419171875,19.322343659671876
20200522:1130,38.9,51.5,0.0,14.98,31.08,2.34,0.0,2020-05-22 11:30:00+00:00,90.4,33.905,8.70189496,8.4408381112
20200522:1230,0.0,11.35,0.0,1.91,30.44,2.62,0.0,2020-05-22 12:30:00+00:00,11.35,30.794687500000002,1.1073767246874997,1.0741554229468746
20200522:1330,0.0,0.0,0.0,0.0,29.47,2.83,0.0,2020-05-22 13:30:00+00:00,0.0,29.47,0.0,0.0
20200522:1430,0.0,0.0,0.0,0.0,28.93,3.1,0.0,2020-05-22 14:30:00+00:00,0.0,28.93,0.0,0.0
20200522:1530,0.0,0.0,0.0,0.0,28.32,2.97,0.0,2020-05-22 15:30:00+00:00,0.0,28.32,0.0,0.0
20200522:1630,0.0,0.0,0.0,0.0,27.7,2.76,0.0,2020-05-22 16:30:00+00:00,0.0,27.7,0.0,0.0
20200522:1730,0.0,0.0,0.0,0.0,27.3,2.69,0.0,2020-05-22 17:30:00+00:00,0.0,27.3,0.0,0.0
20200522:1830,0.0,0.0,0.0,0.0,27.09,2.55,0.0,2020-05-22 18:30:00+00:00,0.0,27.09,0.0,0.0
20200522:1930,0.0,0.0,0.0,0.0,26.89,2.34,0.0,2020-05-22 19:30:00+00:00,0.0,26.89,0.0,0.0
20200522:2030,0.0,0.0,0.0,0.0,27.17,2.34,0.0,2020-05-22 20:30:00+00:00,0.0,27.17,0.0,0.0
20200522:2130,0.0,0.0,0.0,0.0,27.18,2.41,0.0,2020-05-22 21:30:00+00:00,0.0,27.18,0.0,0.0
20200522:2230,0.0,0.0,0.0,0.0,27.31,2.41,0.0,2020-05-22 22:30:00+00:00,0.0,27.31,0.0,0.0
20200522:2330,0.0,8.8,0.0,0.79,27.2,2.34,0.0,2020-05-22 23:30:00+00:00,8.8,27.474999999999998,0.8708524,0.844726828
20200523:0030,17.85,67.1,0.0,13.87,27.34,2.21,0.0,2020-05-23 00:30:00+00:00,84.94999999999999,29.994687499999998,8.3167945446875,8.067290708346874
20200523:0130,110.85,125.0,0.0,27.24,27.9,3.31,0.0,2020-05-23 01:30:00+00:00,235.85,35.270312499999996,22.5676536546875,21.890624045046874
20200523:0230,176.2,200.4,0.0,40.84,28.85,4.07,0.0,2020-05-23 02:30:00+00:00,376.6,40.618750000000006,35.189551075000004,34.133864542750004
20200523:0330,299.4,241.9,0.0,54.57,30.11,4.0,0.0,2020-05-23 03:30:00+00:00,541.3,47.025625,49.12256225875,47.6488853909875
20200523:0430,302.2,290.55,0.0,68.37,31.22,4.14,0.0,2020-05-23 04:30:00+00:00,592.75,49.7434375,53.114997517187504,51.521547591671876
20200523:0530,352.7,354.05,0.0,82.04,32.03,4.07,0.0,2020-05-23 05:30:00+00:00,706.75,54.1159375,62.0323706921875,60.17139957142187
20200523:0630,457.55,278.95,0.0,83.22,32.86,3.86,0.0,2020-05-23 06:30:00+00:00,736.5,55.875625,64.09924291875001,62.176265631187505
20200523:0730,323.45,251.0,0.0,69.61,33.22,4.55,0.0,2020-05-23 07:30:00+00:00,574.45,51.1715625,51.1306132871875,49.596694888571875
20200523:0830,245.65,264.2,0.0,55.81,33.15,4.62,0.0,2020-05-23 08:30:00+00:00,509.85,49.0828125,45.8279787796875,44.45313941629687
20200523:0930,221.4,196.0,0.0,42.06,32.92,4.69,0.0,2020-05-23 09:30:00+00:00,417.4,45.963750000000005,38.064886915,36.92294030755
20200523:1030,200.8,123.45,0.0,28.45,32.54,4.83,0.0,2020-05-23 10:30:00+00:00,324.25,42.6728125,30.0182280296875,29.117681188796873
20200523:1130,77.6,68.95,0.0,15.06,31.81,4.48,0.0,2020-05-23 11:30:00+00:00,146.55,36.3896875,13.9539533446875,13.535334744346875
20200523:1230,0.0,13.55,0.0,2.0,30.65,4.21,0.0,2020-05-23 12:30:00+00:00,13.55,31.073437499999997,1.3204360671875002,1.280822985171875
20200523:1330,0.0,0.0,0.0,0.0,29.47,3.72,0.0,2020-05-23 13:30:00+00:00,0.0,29.47,0.0,0.0
20200523:1430,0.0,0.0,0.0,0.0,28.57,3.52,0.0,2020-05-23 14:30:00+00:00,0.0,28.57,0.0,0.0
20200523:1530,0.0,0.0,0.0,0.0,27.95,3.52,0.0,2020-05-23 15:30:00+00:00,0.0,27.95,0.0,0.0
20200523:1630,0.0,0.0,0.0,0.0,27.6,3.59,0.0,2020-05-23 16:30:00+00:00,0.0,27.6,0.0,0.0
20200523:1730,0.0,0.0,0.0,0.0,27.41,3.66,0.0,2020-05-23 17:30:00+00:00,0.0,27.41,0.0,0.0
20200523:1830,0.0,0.0,0.0,0.0,27.62,3.72,0.0,2020-05-23 18:30:00+00:00,0.0,27.62,0.0,0.0
20200523:1930,0.0,0.0,0.0,0.0,27.71,3.86,0.0,2020-05-23 19:30:00+00:00,0.0,27.71,0.0,0.0
20200523:2030,0.0,0.0,0.0,0.0,27.63,3.59,0.0,2020-05-23 20:30:00+00:00,0.0,27.63,0.0,0.0
20200523:2130,0.0,0.0,0.0,0.0,27.41,3.59,0.0,2020-05-23 21:30:00+00:00,0.0,27.41,0.0,0.0
20200523:2230,0.0,0.0,0.0,0.0,27.41,3.66,0.0,2020-05-23 22:30:00+00:00,0.0,27.41,0.0,0.0
20200523:2330,0.0,9.6,0.0,0.85,27.45,3.59,0.0,2020-05-23 23:30:00+00:00,9.6,27.75,0.948912,0.9204446399999999
20200524:0030,42.85,58.9,0.0,13.92,27.5,3.59,0.0,2020-05-24 00:30:00+00:00,101.75,30.6796875,9.9322785546875,9.634310198046874
20200524:0130,152.45,123.25,0.0,27.28,28.07,3.52,0.0,2020-05-24 01:30:00+00:00,275.7,36.685625,26.21687473875,25.4303684965875
20200524:0230,312.7,165.15,0.0,40.86,29.2,6.07,0.0,2020-05-24 02:30:00+00:00,477.85,44.1328125,43.945101929687496,42.62674887179687
20200524:0330,357.4,243.5,0.0,54.59,30.27,5.72,0.0,2020-05-24 03:30:00+00:00,600.9,49.048125,54.02078230875,52.400158839487496
20200524:0430,424.45,298.35,0.0,68.38,31.31,5.38,0.0,2020-05-24 04:30:00+00:00,722.8,53.897499999999994,63.507412540000004,61.6021901638
20200524:0530,485.95,312.4,0.0,82.08,32.25,5.03,0.0,2020-05-24 05:30:00+00:00,798.3499999999999,57.1984375,69.0386385171875,66.96747936167186
20200524:0630,275.5,368.7,0.0,83.3,33.05,5.03,0.0,2020-05-24 06:30:00+00:00,644.2,53.18125,56.795168275,55.09131322675
20200524:0730,345.8,323.7,0.0,69.66,33.28,5.45,0.0,2020-05-24 07:30:00+00:00,669.5,54.201875,58.738724768750004,56.976563025687504
20200524:0830,192.15,314.4,0.0,55.86,33.52,5.45,0.0,2020-05-24 08:30:00+00:00,506.54999999999995,49.3496875,45.474579634687494,44.11034224564687
20200524:0930,171.85,249.7,0.0,42.12,33.09,5.24,0.0,2020-05-24 09:30:00+00:00,421.54999999999995,46.2634375,38.3902871271875,37.23857851337187
20200524:1030,203.25,122.5,0.0,28.52,32.49,5.17,0.0,2020-05-24 10:30:00+00:00,325.75,42.6696875,30.157521704687497,29.25279605354687
20200524:1130,70.55,70.5,0.0,15.14,31.78,4.97,0.0,2020-05-24 11:30:00+00:00,141.05,36.1878125,13.442222799687501,13.038956115696875
20200524:1230,0.0,13.6,0.0,2.09,30.71,4.9,0.0,2020-05-24 12:30:00+00:00,13.6,31.135,1.32495688,1.2852081736
20200524:1330,0.0,0.0,0.0,0.0,29.6,4.34,0.0,2020-05-24 13:30:00+00:00,0.0,29.6,0.0,0.0
20200524:1430,0.0,0.0,0.0,0.0,28.83,4.21,0.0,2020-05-24 14:30:00+00:00,0.0,28.83,0.0,0.0
20200524:1530,0.0,0.0,0.0,0.0,28.34,4.34,0.0,2020-05-24 15:30:00+00:00,0.0,28.34,0.0,0.0
20200524:1630,0.0,0.0,0.0,0.0,28.08,4.69,0.0,2020-05-24 16:30:00+00:00,0.0,28.08,0.0,0.0
20200524:1730,0.0,0.0,0.0,0.0,27.92,4.97,0.0,2020-05-24 17:30:00+00:00,0.0,27.92,0.0,0.0
20200524:1830,0.0,0.0,0.0,0.0,27.9,5.24,0.0,2020-05-24 18:30:00+00:00,0.0,27.9,0.0,0.0
20200524:1930,0.0,0.0,0.0,0.0,27.73,5.45,0.0,2020-05-24 19:30:00+00:00,0.0,27.73,0.0,0.0
20200524:2030,0.0,0.0,0.0,0.0,27.86,5.59,0.0,2020-05-24 20:30:00+00:00,0.0,27.86,0.0,0.0
20200524:2130,0.0,0.0,0.0,0.0,27.73,5.38,0.0,2020-05-24 21:30:00+00:00,0.0,27.73,0.0,0.0
20200524:2230,0.0,0.0,0.0,0.0,27.67,5.31,0.0,2020-05-24 22:30:00+00:00,0.0,27.67,0.0,0.0
20200524:2330,0.0,8.6,0.0,0.91,27.53,5.17,0.0,2020-05-24 23:30:00+00:00,8.6,27.798750000000002,0.8498909149999999,0.8243941875499999
20200525:0030,29.45,70.2,0.0,13.96,27.48,5.03,0.0,2020-05-25 00:30:00+00:00,99.65,30.5940625,9.7308717021875,9.438945551121874
20200525:0130,104.15,149.9,0.0,27.3,28.01,5.1,0.0,2020-05-25 01:30:00+00:00,254.05,35.949062500000004,24.2367240821875,23.509622359721874
20200525:0230,135.9,230.2,0.0,40.88,29.24,7.24,0.0,2020-05-25 02:30:00+00:00,366.1,40.680625,34.19891573875001,33.17294826658751
20200525:0330,158.95,339.7,0.0,54.6,30.24,6.76,0.0,2020-05-25 03:30:00+00:00,498.65,45.8228125,45.504015909687496,44.13889543239687
20200525:0430,329.4,347.0,0.0,68.39,31.42,6.76,0.0,2020-05-25 04:30:00+00:00,676.4,52.557500000000005,59.811244939999995,58.01690759179999
20200525:0530,586.3,251.1,0.0,82.11,32.42,6.41,0.0,2020-05-25 05:30:00+00:00,837.4,58.588750000000005,71.92656791499999,69.76877087755
20200525:0630,94.75,306.75,0.0,83.39,33.12,6.14,0.0,2020-05-25 06:30:00+00:00,401.5,45.666875,36.664944868750005,35.5649965226875
20200525:0730,254.9,308.2,0.0,69.71,32.52,6.0,0.0,2020-05-25 07:30:00+00:00,563.1,50.11687500000001,50.36980882875,48.8587145638875
20200525:0830,251.2,262.3,0.0,55.92,32.97,6.0,0.0,2020-05-25 08:30:00+00:00,513.5,49.016875,46.170280568749995,44.78517215168749
20200525:0930,83.6,247.05,0.0,42.18,32.91,5.66,0.0,2020-05-25 09:30:00+00:00,330.65,43.2428125,30.5315658996875,29.615618922696875
20200525:1030,79.1,130.0,0.0,28.59,32.09,4.97,0.0,2020-05-25 10:30:00+00:00,209.1,38.624375,19.71348013875,19.1220757345875
20200525:1130,17.05,81.7,0.0,15.22,31.19,4.83,0.0,2020-05-25 11:30:00+00:00,98.75,34.2759375,9.4902804921875,9.205572077421875
20200525:1230,0.0,11.85,0.0,2.19,30.24,5.31,0.0,2020-05-25 12:30:00+00:00,11.85,30.6103125,1.1570774746875,1.122365150446875
20200525:1330,0.0,0.0,0.0,0.0,29.3,5.38,0.0,2020-05-25 13:30:00+00:00,0.0,29.3,0.0,0.0
20200525:1430,0.0,0.0,0.0,0.0,28.68,5.38,0.0,2020-05-25 14:30:00+00:00,0.0,28.68,0.0,0.0
20200525:1530,0.0,0.0,0.0,0.0,28.3,5.31,0.0,2020-05-25 15:30:00+00:00,0.0,28.3,0.0,0.0
20200525:1630,0.0,0.0,0.0,0.0,28.11,5.1,0.0,2020-05-25 16:30:00+00:00,0.0,28.11,0.0,0.0
20200525:1730,0.0,0.0,0.0,0.0,28.03,5.24,0.0,2020-05-25 17:30:00+00:00,0.0,28.03,0.0,0.0
20200525:1830,0.0,0.0,0.0,0.0,28.0,5.72,0.0,2020-05-25 18:30:00+00:00,0.0,28.0,0.0,0.0
20200525:1930,0.0,0.0,0.0,0.0,27.97,5.45,0.0,2020-05-25 19:30:00+00:00,0.0,27.97,0.0,0.0
20200525:2030,0.0,0.0,0.0,0.0,27.85,5.72,0.0,2020-05-25 20:30:00+00:00,0.0,27.85,0.0,0.0
20200525:2130,0.0,0.0,0.0,0.0,27.62,5.66,0.0,2020-05-25 21:30:00+00:00,0.0,27.62,0.0,0.0
20200525:2230,0.0,0.0,0.0,0.0,27.44,5.59,0.0,2020-05-25 22:30:00+00:00,0.0,27.44,0.0,0.0
20200525:2330,0.0,9.75,0.0,0.97,27.46,5.59,0.0,2020-05-25 23:30:00+00:00,9.75,27.7646875,0.9636786046875,0.934768246546875
20200526:0030,40.15,63.2,0.0,14.0,27.53,5.52,0.0,2020-05-26 00:30:00+00:00,103.35,30.759687500000002,10.084989244687499,9.782439567346874
20200526:0130,91.6,142.15,0.0,27.33,28.02,5.03,0.0,2020-05-26 01:30:00+00:00,233.75,35.324687499999996,22.3613738046875,21.690532590546873
20200526:0230,103.55,243.35,0.0,40.89,28.94,7.38,0.0,2020-05-26 02:30:00+00:00,346.9,39.780625,32.53649249874999,31.560397723787492
20200526:0330,159.8,319.1,0.0,54.61,29.9,6.83,0.0,2020-05-26 03:30:00+00:00,478.90000000000003,44.865625,43.89426791875,42.5774398811875
20200526:0430,309.05,327.45,0.0,68.4,31.07,6.9,0.0,2020-05-26 04:30:00+00:00,636.5,50.960625,56.70994611875,55.008647735187495
20200526:0530,350.5,320.85,0.0,82.14,32.15,6.76,0.0,2020-05-26 05:30:00+00:00,671.35,53.1296875,59.203356404687504,57.42725571254688
20200526:0630,106.8,382.6,0.0,83.46,32.81,6.69,0.0,2020-05-26 06:30:00+00:00,489.40000000000003,48.103750000000005,44.191070395000004,42.86533828315
20200526:0730,154.55,364.45,0.0,69.77,32.51,6.76,0.0,2020-05-26 07:30:00+00:00,519.0,48.72875,46.727607075,45.32577886275
20200526:0830,272.35,240.65,0.0,55.97,32.4,7.17,0.0,2020-05-26 08:30:00+00:00,513.0,48.43125,46.25150287500001,44.86395778875001
20200526:0930,184.55,204.2,0.0,42.25,32.02,6.9,0.0,2020-05-26 09:30:00+00:00,388.75,44.1684375,35.7452733671875,34.672915166171876
20200526:1030,143.5,126.5,0.0,28.66,31.47,6.34,0.0,2020-05-26 10:30:00+00:00,270.0,39.9075,25.309489499999998,24.550204814999997
20200526:1130,25.3,67.5,0.0,15.3,30.74,5.86,0.0,2020-05-26 11:30:00+00:00,92.8,33.64,8.943247359999999,8.6749499392
20200526:1230,0.0,12.35,0.0,2.28,29.86,5.24,0.0,2020-05-26 12:30:00+00:00,12.35,30.2459375,1.2077893221874998,1.1715556425218747
20200526:1330,0.0,0.0,0.0,0.0,29.07,5.17,0.0,2020-05-26 13:30:00+00:00,0.0,29.07,0.0,0.0
20200526:1430,0.0,0.0,0.0,0.0,28.48,5.31,0.0,2020-05-26 14:30:00+00:00,0.0,28.48,0.0,0.0
20200526:1530,0.0,0.0,0.0,0.0,28.26,5.59,0.0,2020-05-26 15:30:00+00:00,0.0,28.26,0.0,0.0
20200526:1630,0.0,0.0,0.0,0.0,28.18,5.72,0.0,2020-05-26 16:30:00+00:00,0.0,28.18,0.0,0.0
20200526:1730,0.0,0.0,0.0,0.0,28.08,5.93,0.0,2020-05-26 17:30:00+00:00,0.0,28.08,0.0,0.0
20200526:1830,0.0,0.0,0.0,0.0,27.98,6.14,0.0,2020-05-26 18:30:00+00:00,0.0,27.98,0.0,0.0
20200526:1930,0.0,0.0,0.0,0.0,28.0,6.21,0.0,2020-05-26 19:30:00+00:00,0.0,28.0,0.0,0.0
20200526:2030,0.0,0.0,0.0,0.0,27.97,6.14,0.0,2020-05-26 20:30:00+00:00,0.0,27.97,0.0,0.0
20200526:2130,0.0,0.0,0.0,0.0,27.94,6.07,0.0,2020-05-26 21:30:00+00:00,0.0,27.94,0.0,0.0
20200526:2230,0.0,0.0,0.0,0.0,27.9,5.86,0.0,2020-05-26 22:30:00+00:00,0.0,27.9,0.0,0.0
20200526:2330,0.0,8.65,0.0,1.02,27.73,5.72,0.0,2020-05-26 23:30:00+00:00,8.65,28.0003125,0.8540998646875,0.828476868746875
20200527:0030,52.15,70.05,0.0,14.03,27.83,5.72,0.0,2020-05-27 00:30:00+00:00,122.19999999999999,31.64875,11.878759555,11.52239676835
20200527:0130,112.2,124.2,0.0,27.35,28.42,5.03,0.0,2020-05-27 01:30:00+00:00,236.4,35.807500000000005,22.56694494,21.889936591799998
20200527:0230,189.8,212.4,0.0,40.91,29.18,8.0,0.0,2020-05-27 02:30:00+00:00,402.20000000000005,41.74875,37.390734155000004,36.269012130350006
20200527:0330,266.3,230.1,0.0,54.61,30.24,7.45,0.0,2020-05-27 03:30:00+00:00,496.4,45.7525,45.313352779999995,43.95395219659999
20200527:0430,381.8,303.55,0.0,68.4,31.04,6.55,0.0,2020-05-27 04:30:00+00:00,685.35,52.4571875,60.631530949687495,58.81258502119687
20200527:0530,190.4,317.55,0.0,82.16,32.16,6.76,0.0,2020-05-27 05:30:00+00:00,507.95000000000005,48.0334375,45.8810694771875,44.50463739287188
20200527:0630,176.0,302.45,0.0,83.54,32.34,6.48,0.0,2020-05-27 06:30:00+00:00,478.45,47.291562500000005,43.3655328071875,42.06456682297187
20200527:0730,97.5,256.65,0.0,69.82,31.59,6.9,0.0,2020-05-27 07:30:00+00:00,354.15,42.6571875,32.7886169596875,31.804958450896876
20200527:0830,66.9,254.85,0.0,56.02,31.73,5.38,0.0,2020-05-27 08:30:00+00:00,321.75,41.784687500000004,29.906801254687498,29.00959721704687
20200527:0930,61.35,208.65,0.0,42.31,32.05,5.03,0.0,2020-05-27 09:30:00+00:00,270.0,40.4875,25.243717500000002,24.486405975
20200527:1030,118.35,139.15,0.0,28.73,31.92,4.76,0.0,2020-05-27 10:30:00+00:00,257.5,39.966875,24.13133246875,23.4073924946875
20200527:1130,41.55,78.05,0.0,15.38,31.44,5.03,0.0,2020-05-27 11:30:00+00:00,119.6,35.1775,11.44876382,11.1053009054
20200527:1230,5.35,12.01,0.0,2.37,30.25,5.03,0.0,2020-05-27 12:30:00+00:00,17.36,30.7925,1.6937657240000001,1.64295275228
20200527:1330,0.0,0.0,0.0,0.0,29.26,4.83,0.0,2020-05-27 13:30:00+00:00,0.0,29.26,0.0,0.0
20200527:1430,0.0,0.0,0.0,0.0,28.8,4.41,0.0,2020-05-27 14:30:00+00:00,0.0,28.8,0.0,0.0
20200527:1530,0.0,0.0,0.0,0.0,28.6,4.83,0.0,2020-05-27 15:30:00+00:00,0.0,28.6,0.0,0.0
20200527:1630,0.0,0.0,0.0,0.0,28.42,4.48,0.0,2020-05-27 16:30:00+00:00,0.0,28.42,0.0,0.0
20200527:1730,0.0,0.0,0.0,0.0,28.27,4.55,0.0,2020-05-27 17:30:00+00:00,0.0,28.27,0.0,0.0
20200527:1830,0.0,0.0,0.0,0.0,28.18,4.76,0.0,2020-05-27 18:30:00+00:00,0.0,28.18,0.0,0.0
20200527:1930,0.0,0.0,0.0,0.0,26.24,4.9,0.0,2020-05-27 19:30:00+00:00,0.0,26.24,0.0,0.0
20200527:2030,0.0,0.0,0.0,0.0,26.12,5.17,0.0,2020-05-27 20:30:00+00:00,0.0,26.12,0.0,0.0
20200527:2130,0.0,0.0,0.0,0.0,26.16,4.34,0.0,2020-05-27 21:30:00+00:00,0.0,26.16,0.0,0.0
20200527:2230,0.0,0.0,0.0,0.0,26.3,3.45,0.0,2020-05-27 22:30:00+00:00,0.0,26.3,0.0,0.0
20200527:2330,0.0,9.5,0.0,1.06,26.5,2.9,0.0,2020-05-27 23:30:00+00:00,9.5,26.796875,0.94283046875,0.9145455546875
20200528:0030,22.95,58.55,0.0,14.06,26.68,1.72,0.0,2020-05-28 00:30:00+00:00,81.5,29.226875,8.00531406875,7.7651546466875
20200528:0130,17.35,108.1,0.0,27.37,27.06,1.59,0.0,2020-05-28 01:30:00+00:00,125.44999999999999,30.980312499999997,12.2299033146875,11.863006215246875
20200528:0230,93.85,141.05,0.0,40.92,27.5,2.62,0.0,2020-05-28 02:30:00+00:00,234.9,34.840625,22.519143618749997,21.843569310187497
20200528:0330,201.35,183.1,0.0,54.61,28.46,2.0,0.0,2020-05-28 03:30:00+00:00,384.45,40.4740625,35.9464186021875,34.868026044121876
20200528:0430,226.4,327.0,0.0,68.4,29.87,3.31,0.0,2020-05-28 04:30:00+00:00,553.4,47.16375,50.188523915000005,48.68286819755
20200528:0530,351.45,324.05,0.0,82.17,31.3,4.0,0.0,2020-05-28 05:30:00+00:00,675.5,52.409375,59.773686218749994,57.98047563218749
20200528:0630,182.15,207.15,0.0,83.61,32.4,4.21,0.0,2020-05-28 06:30:00+00:00,389.3,44.565625,35.730902918750004,34.658975831187504
20200528:0730,239.35,286.85,0.0,69.87,29.35,4.07,0.0,2020-05-28 07:30:00+00:00,526.2,45.79375,48.024498075,46.58376313274999
20200528:0830,228.5,215.4,0.0,56.08,29.62,4.41,0.0,2020-05-28 08:30:00+00:00,443.9,43.491875,40.942411808749995,39.714139454487494
20200528:0930,97.4,223.45,0.0,42.37,29.15,4.62,0.0,2020-05-28 09:30:00+00:00,320.85,39.1765625,30.174608967187503,29.269370698171876
20200528:1030,130.35,132.85,0.0,28.8,28.74,4.14,0.0,2020-05-28 10:30:00+00:00,263.2,36.964999999999996,24.997341040000002,24.2474208088
20200528:1130,25.85,60.95,0.0,15.46,28.65,3.31,0.0,2020-05-28 11:30:00+00:00,86.80000000000001,31.362499999999997,8.448048700000001,8.194607239000002
20200528:1230,2.65,9.63,0.0,2.46,28.25,2.34,0.0,2020-05-28 12:30:00+00:00,12.280000000000001,28.63375,1.2092585710000003,1.1729808138700002
20200528:1330,0.0,0.0,0.0,0.0,27.96,2.76,0.0,2020-05-28 13:30:00+00:00,0.0,27.96,0.0,0.0
20200528:1430,0.0,0.0,0.0,0.0,27.54,2.76,0.0,2020-05-28 14:30:00+00:00,0.0,27.54,0.0,0.0
20200528:1530,0.0,0.0,0.0,0.0,27.27,2.76,0.0,2020-05-28 15:30:00+00:00,0.0,27.27,0.0,0.0
20200528:1630,0.0,0.0,0.0,0.0,27.13,2.76,0.0,2020-05-28 16:30:00+00:00,0.0,27.13,0.0,0.0
20200528:1730,0.0,0.0,0.0,0.0,27.06,2.69,0.0,2020-05-28 17:30:00+00:00,0.0,27.06,0.0,0.0
20200528:1830,0.0,0.0,0.0,0.0,26.85,2.76,0.0,2020-05-28 18:30:00+00:00,0.0,26.85,0.0,0.0
20200528:1930,0.0,0.0,0.0,0.0,25.67,2.55,0.0,2020-05-28 19:30:00+00:00,0.0,25.67,0.0,0.0
20200528:2030,0.0,0.0,0.0,0.0,25.47,2.07,0.0,2020-05-28 20:30:00+00:00,0.0,25.47,0.0,0.0
20200528:2130,0.0,0.0,0.0,0.0,25.34,1.86,0.0,2020-05-28 21:30:00+00:00,0.0,25.34,0.0,0.0
20200528:2230,0.0,0.0,0.0,0.0,25.26,1.79,0.0,2020-05-28 22:30:00+00:00,0.0,25.26,0.0,0.0
20200528:2330,0.0,9.75,0.0,1.11,25.18,1.66,0.0,2020-05-28 23:30:00+00:00,9.75,25.4846875,0.9730152046874999,0.9438247485468749
20200529:0030,38.1,62.3,0.0,14.08,25.31,1.45,0.0,2020-05-29 00:30:00+00:00,100.4,28.447499999999998,9.894625820000002,9.5977870454
20200529:0130,155.2,132.25,0.0,27.38,26.34,1.59,0.0,2020-05-29 01:30:00+00:00,287.45,35.3228125,27.498737169687498,26.673775054596874
20200529:0230,235.55,202.6,0.0,40.92,27.85,2.0,0.0,2020-05-29 02:30:00+00:00,438.15,41.5421875,40.7708570296875,39.54773131879687
20200529:0330,436.45,160.1,0.0,54.61,29.02,1.79,0.0,2020-05-29 03:30:00+00:00,596.55,47.6621875,53.976966259687494,52.35765727189687
20200529:0430,279.6,246.75,0.0,68.4,29.98,1.79,0.0,2020-05-29 04:30:00+00:00,526.35,46.4284375,47.8978796071875,46.46094321897187
20200529:0530,401.75,259.5,0.0,82.17,30.5,1.59,0.0,2020-05-29 05:30:00+00:00,661.25,51.1640625,58.8585857421875,57.09282816992187
20200529:0630,414.1,236.5,0.0,83.68,31.04,1.52,0.0,2020-05-29 06:30:00+00:00,650.6,51.37125,57.854003195000004,56.11838309915
20200529:0730,324.1,208.2,0.0,69.92,31.7,3.17,0.0,2020-05-29 07:30:00+00:00,532.3,48.334374999999994,48.01322711875,46.5728303051875
20200529:0830,294.9,178.8,0.0,56.13,30.68,3.03,0.0,2020-05-29 08:30:00+00:00,473.7,45.483125,43.29480034875,41.9959563382875
20200529:0930,158.95,195.85,0.0,42.43,29.87,2.41,0.0,2020-05-29 09:30:00+00:00,354.79999999999995,40.957499999999996,33.10207718,32.1090148646
20200529:1030,113.6,95.25,0.0,28.87,29.33,1.79,0.0,2020-05-29 10:30:00+00:00,208.85,35.856562499999995,19.9326949071875,19.334714059971873
20200529:1130,44.35,61.55,0.0,15.54,29.28,1.1,0.0,2020-05-29 11:30:00+00:00,105.9,32.589375000000004,10.25243977875,9.9448665853875
20200529:1230,3.0,9.78,0.0,2.55,28.53,1.1,0.0,2020-05-29 12:30:00+00:00,12.78,28.929375,1.2569086867500001,1.2192014261475002
20200529:1330,0.0,0.0,0.0,0.0,26.07,2.55,0.0,2020-05-29 13:30:00+00:00,0.0,26.07,0.0,0.0
20200529:1430,0.0,0.0,0.0,0.0,25.16,2.21,0.0,2020-05-29 14:30:00+00:00,0.0,25.16,0.0,0.0
20200529:1530,0.0,0.0,0.0,0.0,25.0,2.0,0.0,2020-05-29 15:30:00+00:00,0.0,25.0,0.0,0.0
20200529:1630,0.0,0.0,0.0,0.0,24.81,2.0,0.0,2020-05-29 16:30:00+00:00,0.0,24.81,0.0,0.0
20200529:1730,0.0,0.0,0.0,0.0,24.82,2.0,0.0,2020-05-29 17:30:00+00:00,0.0,24.82,0.0,0.0
20200529:1830,0.0,0.0,0.0,0.0,25.08,2.0,0.0,2020-05-29 18:30:00+00:00,0.0,25.08,0.0,0.0
20200529:1930,0.0,0.0,0.0,0.0,26.62,2.48,0.0,2020-05-29 19:30:00+00:00,0.0,26.62,0.0,0.0
20200529:2030,0.0,0.0,0.0,0.0,26.6,2.21,0.0,2020-05-29 20:30:00+00:00,0.0,26.6,0.0,0.0
20200529:2130,0.0,0.0,0.0,0.0,26.5,2.07,0.0,2020-05-29 21:30:00+00:00,0.0,26.5,0.0,0.0
20200529:2230,0.0,0.0,0.0,0.0,26.43,2.0,0.0,2020-05-29 22:30:00+00:00,0.0,26.43,0.0,0.0
20200529:2330,0.0,11.5,0.0,1.15,26.28,1.59,0.0,2020-05-29 23:30:00+00:00,11.5,26.639375,1.14208181875,1.1078193641874998
20200530:0030,58.4,59.75,0.0,14.11,26.35,1.1,0.0,2020-05-30 00:30:00+00:00,118.15,30.0421875,11.564791529687502,11.217847783796877
20200530:0130,173.35,113.95,0.0,27.4,27.37,0.69,0.0,2020-05-30 01:30:00+00:00,287.3,36.348125,27.36066714875,26.5398471342875
20200530:0230,266.45,163.2,0.0,40.92,28.14,1.66,0.0,2020-05-30 02:30:00+00:00,429.65,41.5665625,39.9755140971875,38.776248674271876
20200530:0330,368.55,160.8,0.0,54.61,28.89,1.66,0.0,2020-05-30 03:30:00+00:00,529.35,45.4321875,48.39237304968751,46.94060185819688
20200530:0430,373.35,210.5,0.0,68.39,29.62,1.31,0.0,2020-05-30 04:30:00+00:00,583.85,47.8653125,52.7780366646875,51.19469556474687
20200530:0530,508.95,233.35,0.0,82.17,30.5,1.31,0.0,2020-05-30 05:30:00+00:00,742.3,53.696875,65.28329006874999,63.32479136668749
20200530:0630,660.4,171.25,0.0,83.74,31.46,1.72,0.0,2020-05-30 06:30:00+00:00,831.65,57.4490625,71.83076961218751,69.67584652382189
20200530:0730,483.9,196.05,0.0,69.97,32.15,2.0,0.0,2020-05-30 07:30:00+00:00,679.95,53.3984375,59.8850026171875,58.08845253867187
20200530:0830,325.8,202.55,0.0,56.19,31.84,1.59,0.0,2020-05-30 08:30:00+00:00,528.35,48.3509375,47.6532635121875,46.223665606821875
20200530:0930,304.25,149.95,0.0,42.49,31.76,1.66,0.0,2020-05-30 09:30:00+00:00,454.2,45.95375,41.422778835,40.180095469950004
20200530:1030,199.9,113.5,0.0,28.94,30.89,2.55,0.0,2020-05-30 10:30:00+00:00,313.4,40.68375,29.275579354999998,28.397311974349996
20200530:1130,47.7,63.45,0.0,15.62,30.55,1.86,0.0,2020-05-30 11:30:00+00:00,111.15,34.0234375,10.6937588671875,10.372946101171873
20200530:1230,4.3,12.88,0.0,2.64,30.07,1.45,0.0,2020-05-30 12:30:00+00:00,17.18,30.606875,1.6775430327499998,1.6272167417674999
20200530:1330,0.0,0.0,0.0,0.0,29.34,1.59,0.0,2020-05-30 13:30:00+00:00,0.0,29.34,0.0,0.0
20200530:1430,0.0,0.0,0.0,0.0,28.48,1.72,0.0,2020-05-30 14:30:00+00:00,0.0,28.48,0.0,0.0
20200530:1530,0.0,0.0,0.0,0.0,27.94,1.86,0.0,2020-05-30 15:30:00+00:00,0.0,27.94,0.0,0.0
20200530:1630,0.0,0.0,0.0,0.0,27.49,1.79,0.0,2020-05-30 16:30:00+00:00,0.0,27.49,0.0,0.0
20200530:1730,0.0,0.0,0.0,0.0,27.21,2.0,0.0,2020-05-30 17:30:00+00:00,0.0,27.21,0.0,0.0
20200530:1830,0.0,0.0,0.0,0.0,26.99,2.14,0.0,2020-05-30 18:30:00+00:00,0.0,26.99,0.0,0.0
20200530:1930,0.0,0.0,0.0,0.0,26.39,1.93,0.0,2020-05-30 19:30:00+00:00,0.0,26.39,0.0,0.0
20200530:2030,0.0,0.0,0.0,0.0,26.4,1.79,0.0,2020-05-30 20:30:00+00:00,0.0,26.4,0.0,0.0
20200530:2130,0.0,0.0,0.0,0.0,26.42,1.79,0.0,2020-05-30 21:30:00+00:00,0.0,26.42,0.0,0.0
20200530:2230,0.0,0.0,0.0,0.0,26.47,1.86,0.0,2020-05-30 22:30:00+00:00,0.0,26.47,0.0,0.0
20200530:2330,0.0,11.35,0.0,1.18,26.45,1.52,0.0,2020-05-30 23:30:00+00:00,11.35,26.8046875,1.1263970546874997,1.0926051430468746
20200531:0030,31.95,56.25,0.0,14.13,26.28,0.9,0.0,2020-05-31 00:30:00+00:00,88.2,29.036250000000003,8.670481155000001,8.41036672035
20200531:0130,59.45,90.15,0.0,27.4,26.17,1.17,0.0,2020-05-31 01:30:00+00:00,149.60000000000002,30.845000000000002,14.59274696,14.154964551199999
20200531:0230,60.0,180.2,0.0,40.92,26.82,1.66,0.0,2020-05-31 02:30:00+00:00,240.2,34.32625,23.079130595,22.386756677149997
20200531:0330,120.25,258.5,0.0,54.6,27.63,1.52,0.0,2020-05-31 03:30:00+00:00,378.75,39.465937499999995,35.5738309921875,34.50661606242188
20200531:0430,83.1,274.55,0.0,68.37,28.97,1.59,0.0,2020-05-31 04:30:00+00:00,357.65,40.1465625,33.489789407187494,32.48509572497187
20200531:0530,228.5,349.95,0.0,82.17,29.5,1.17,0.0,2020-05-31 05:30:00+00:00,578.45,47.5765625,52.3600467171875,50.78924531567188
20200531:0630,417.2,242.3,0.0,83.8,30.7,1.45,0.0,2020-05-31 06:30:00+00:00,659.5,51.309375,58.66256621875,56.9026892321875
20200531:0730,329.35,269.2,0.0,70.02,31.32,1.38,0.0,2020-05-31 07:30:00+00:00,598.55,50.0246875,53.56401878468749,51.957098221146865
20200531:0830,381.45,198.35,0.0,56.24,31.24,1.52,0.0,2020-05-31 08:30:00+00:00,579.8,49.35875,52.048254635,50.48680699595
20200531:0930,152.3,171.2,0.0,42.55,31.63,1.59,0.0,2020-05-31 09:30:00+00:00,323.5,41.739374999999995,30.07562111875,29.1733524851875
20200531:1030,86.4,146.45,0.0,29.01,31.23,1.31,0.0,2020-05-31 10:30:00+00:00,232.85,38.5065625,21.9640987071875,21.305175745971873
20200531:1130,58.5,74.3,0.0,15.7,30.84,2.14,0.0,2020-05-31 11:30:00+00:00,132.8,34.99,12.722797759999999,12.3411138272
20200531:1230,4.3,13.19,0.0,2.73,30.08,2.07,0.0,2020-05-31 12:30:00+00:00,17.49,30.6265625,1.7076683971875,1.656438345271875
20200531:1330,0.0,0.0,0.0,0.0,29.14,1.93,0.0,2020-05-31 13:30:00+00:00,0.0,29.14,0.0,0.0
20200531:1430,0.0,0.0,0.0,0.0,28.51,2.07,0.0,2020-05-31 14:30:00+00:00,0.0,28.51,0.0,0.0
20200531:1530,0.0,0.0,0.0,0.0,28.18,2.21,0.0,2020-05-31 15:30:00+00:00,0.0,28.18,0.0,0.0
20200531:1630,0.0,0.0,0.0,0.0,27.8,2.14,0.0,2020-05-31 16:30:00+00:00,0.0,27.8,0.0,0.0
20200531:1730,0.0,0.0,0.0,0.0,27.49,2.07,0.0,2020-05-31 17:30:00+00:00,0.0,27.49,0.0,0.0
20200531:1830,0.0,0.0,0.0,0.0,27.22,2.14,0.0,2020-05-31 18:30:00+00:00,0.0,27.22,0.0,0.0
20200531:1930,0.0,0.0,0.0,0.0,27.07,2.0,0.0,2020-05-31 19:30:00+00:00,0.0,27.07,0.0,0.0
20200531:2030,0.0,0.0,0.0,0.0,26.92,2.28,0.0,2020-05-31 20:30:00+00:00,0.0,26.92,0.0,0.0
20200531:2130,0.0,0.0,0.0,0.0,26.79,2.62,0.0,2020-05-31 21:30:00+00:00,0.0,26.79,0.0,0.0
20200531:2230,0.0,0.0,0.0,0.0,26.75,2.62,0.0,2020-05-31 22:30:00+00:00,0.0,26.75,0.0,0.0
20200531:2330,0.0,11.65,0.0,1.21,26.74,2.48,0.0,2020-05-31 23:30:00+00:00,11.65,27.104062499999998,1.1547048221875,1.120063677521875
20200601:0030,64.85,67.75,0.0,14.14,26.99,2.41,0.0,2020-06-01 00:30:00+00:00,132.6,31.13375,12.918399195,12.530847219149999
20200601:0130,164.65,112.6,0.0,27.41,28.04,3.79,0.0,2020-06-01 01:30:00+00:00,277.25,36.7040625,26.362120442187503,25.57125682892188
20200601:0230,278.35,173.45,0.0,40.92,29.08,3.86,0.0,2020-06-01 02:30:00+00:00,451.8,43.19875,41.72667799500001,40.47487765515001
20200601:0330,314.3,216.7,0.0,54.59,30.24,3.38,0.0,2020-06-01 03:30:00+00:00,531.0,46.833749999999995,48.230637075000004,46.78371796275
20200601:0430,223.0,274.55,0.0,68.36,31.18,3.1,0.0,2020-06-01 04:30:00+00:00,497.55,46.7284375,45.214386687187506,43.85795508657188
20200601:0530,446.95,268.5,0.0,82.15,31.76,3.03,0.0,2020-06-01 05:30:00+00:00,715.45,54.1178125,62.79541763968751,60.91155511049688
20200601:0630,470.0,248.0,0.0,83.86,32.46,2.9,0.0,2020-06-01 06:30:00+00:00,718.0,54.8975,62.7841099,60.900586602999994
20200601:0730,392.65,188.5,0.0,70.07,32.42,2.69,0.0,2020-06-01 07:30:00+00:00,581.15,50.580937500000005,51.87112803218749,50.314994191221864
20200601:0830,337.7,182.3,0.0,56.3,32.24,2.41,0.0,2020-06-01 08:30:00+00:00,520.0,48.49,46.869783999999996,45.46369048
20200601:0930,272.7,141.1,0.0,42.61,32.13,2.76,0.0,2020-06-01 09:30:00+00:00,413.79999999999995,45.06125,37.89343499499999,36.75663194514999
20200601:1030,186.7,121.7,0.0,29.08,31.27,3.17,0.0,2020-06-01 10:30:00+00:00,308.4,40.9075,28.779533339999997,27.916147339799995
20200601:1130,76.25,76.0,0.0,15.77,31.0,3.59,0.0,2020-06-01 11:30:00+00:00,152.25,35.7578125,14.5370916796875,14.100978929296874
20200601:1230,5.95,13.27,0.0,2.82,30.34,3.59,0.0,2020-06-01 12:30:00+00:00,19.22,30.940625,1.8740448987499998,1.8178235517874997
20200601:1330,0.0,0.0,0.0,0.0,29.47,3.1,0.0,2020-06-01 13:30:00+00:00,0.0,29.47,0.0,0.0
20200601:1430,0.0,0.0,0.0,0.0,28.97,2.97,0.0,2020-06-01 14:30:00+00:00,0.0,28.97,0.0,0.0
20200601:1530,0.0,0.0,0.0,0.0,28.49,2.69,0.0,2020-06-01 15:30:00+00:00,0.0,28.49,0.0,0.0
20200601:1630,0.0,0.0,0.0,0.0,28.17,2.55,0.0,2020-06-01 16:30:00+00:00,0.0,28.17,0.0,0.0
20200601:1730,0.0,0.0,0.0,0.0,27.87,2.48,0.0,2020-06-01 17:30:00+00:00,0.0,27.87,0.0,0.0
20200601:1830,0.0,0.0,0.0,0.0,27.64,2.55,0.0,2020-06-01 18:30:00+00:00,0.0,27.64,0.0,0.0
20200601:1930,0.0,0.0,0.0,0.0,27.12,2.9,0.0,2020-06-01 19:30:00+00:00,0.0,27.12,0.0,0.0
20200601:2030,0.0,0.0,0.0,0.0,27.04,2.97,0.0,2020-06-01 20:30:00+00:00,0.0,27.04,0.0,0.0
20200601:2130,0.0,0.0,0.0,0.0,26.94,2.9,0.0,2020-06-01 21:30:00+00:00,0.0,26.94,0.0,0.0
20200601:2230,0.0,0.0,0.0,0.0,26.84,2.83,0.0,2020-06-01 22:30:00+00:00,0.0,26.84,0.0,0.0
20200601:2330,0.0,11.7,0.0,1.24,26.8,2.69,0.0,2020-06-01 23:30:00+00:00,11.7,27.165625000000002,1.15935811875,1.1245773751875
20200602:0030,31.3,82.9,0.0,14.15,26.84,2.41,0.0,2020-06-02 00:30:00+00:00,114.2,30.40875,11.160574715000001,10.82575747355
20200602:0130,155.8,148.55,0.0,27.41,27.67,3.17,0.0,2020-06-02 01:30:00+00:00,304.35,37.1809375,28.8779473021875,28.011608883121873
20200602:0230,327.25,171.4,0.0,40.91,28.95,3.79,0.0,2020-06-02 02:30:00+00:00,498.65,44.5328125,45.7741844796875,44.40095894529687
20200602:0330,404.1,242.25,0.0,54.58,30.29,3.38,0.0,2020-06-02 03:30:00+00:00,646.35,50.4884375,57.715730337187495,55.98425842707187
20200602:0430,561.3,221.6,0.0,68.34,31.23,2.76,0.0,2020-06-02 04:30:00+00:00,782.9,55.695625,68.19672597875,66.1508241993875
20200602:0530,481.9,255.45,0.0,82.14,31.95,2.34,0.0,2020-06-02 05:30:00+00:00,737.3499999999999,54.9921875,64.44680942968749,62.51340514679686
20200602:0630,642.9,220.0,0.0,83.92,32.1,2.41,0.0,2020-06-02 06:30:00+00:00,862.9,59.065625,73.94400431875,71.7256841891875
20200602:0730,555.3,194.65,0.0,70.12,32.88,2.83,0.0,2020-06-02 07:30:00+00:00,749.9499999999999,56.315937500000004,65.1311373221875,63.17720320252187
20200602:0830,292.95,225.1,0.0,56.35,32.49,2.76,0.0,2020-06-02 08:30:00+00:00,518.05,48.6790625,46.6528859021875,45.25329932512187
20200602:0930,72.65,154.8,0.0,42.67,30.86,2.9,0.0,2020-06-02 09:30:00+00:00,227.45000000000002,37.9678125,21.506197839687502,20.861011904496877
20200602:1030,22.85,100.4,0.0,29.14,29.05,2.0,0.0,2020-06-02 10:30:00+00:00,123.25,32.9015625,11.9159756171875,11.558496348671875
20200602:1130,9.7,62.75,0.0,15.85,28.39,1.66,0.0,2020-06-02 11:30:00+00:00,72.45,30.654062500000002,7.0729525321875,6.860763956221875
20200602:1230,0.3,13.09,0.0,2.9,28.35,2.07,0.0,2020-06-02 12:30:00+00:00,13.39,28.7684375,1.3178070611875001,1.2782728493518751
20200602:1330,0.0,0.0,0.0,0.0,28.13,2.07,0.0,2020-06-02 13:30:00+00:00,0.0,28.13,0.0,0.0
20200602:1430,0.0,0.0,0.0,0.0,27.95,2.34,0.0,2020-06-02 14:30:00+00:00,0.0,27.95,0.0,0.0
20200602:1530,0.0,0.0,0.0,0.0,27.77,2.48,0.0,2020-06-02 15:30:00+00:00,0.0,27.77,0.0,0.0
20200602:1630,0.0,0.0,0.0,0.0,27.54,2.21,0.0,2020-06-02 16:30:00+00:00,0.0,27.54,0.0,0.0
20200602:1730,0.0,0.0,0.0,0.0,27.29,2.07,0.0,2020-06-02 17:30:00+00:00,0.0,27.29,0.0,0.0
20200602:1830,0.0,0.0,0.0,0.0,27.06,2.0,0.0,2020-06-02 18:30:00+00:00,0.0,27.06,0.0,0.0
20200602:1930,0.0,0.0,0.0,0.0,27.24,2.21,0.0,2020-06-02 19:30:00+00:00,0.0,27.24,0.0,0.0
20200602:2030,0.0,0.0,0.0,0.0,27.09,2.34,0.0,2020-06-02 20:30:00+00:00,0.0,27.09,0.0,0.0
20200602:2130,0.0,0.0,0.0,0.0,26.97,2.28,0.0,2020-06-02 21:30:00+00:00,0.0,26.97,0.0,0.0
20200602:2230,0.0,0.0,0.0,0.0,26.93,2.07,0.0,2020-06-02 22:30:00+00:00,0.0,26.93,0.0,0.0
20200602:2330,0.0,10.9,0.0,1.26,26.87,2.14,0.0,2020-06-02 23:30:00+00:00,10.9,27.210625,1.07987975875,1.0474833659875
20200603:0030,33.5,64.9,0.0,14.16,26.91,2.28,0.0,2020-06-03 00:30:00+00:00,98.4,29.985,9.63397992,9.3449605224
20200603:0130,151.1,121.0,0.0,27.41,27.63,2.76,0.0,2020-06-03 01:30:00+00:00,272.1,36.133125,25.93768420875,25.1595536824875
20200603:0230,224.2,159.3,0.0,40.9,28.88,3.03,0.0,2020-06-03 02:30:00+00:00,383.5,40.864374999999995,35.79472511875,34.720883365187504
20200603:0330,253.25,183.2,0.0,54.56,30.07,2.9,0.0,2020-06-03 03:30:00+00:00,436.45,43.7090625,40.2154604621875,39.008996648321876
20200603:0430,384.9,226.25,0.0,68.32,30.86,2.55,0.0,2020-06-03 04:30:00+00:00,611.15,49.9584375,54.7085933871875,53.067335585571875
20200603:0530,370.85,322.95,0.0,82.12,31.47,2.07,0.0,2020-06-03 05:30:00+00:00,693.8,53.15125,61.176838354999994,59.34153320434999
20200603:0630,678.05,205.2,0.0,83.97,31.89,1.93,0.0,2020-06-03 06:30:00+00:00,883.25,59.4915625,75.5298375171875,73.26394239167188
20200603:0730,594.75,177.4,0.0,70.17,32.81,2.48,0.0,2020-06-03 07:30:00+00:00,772.15,56.939687500000005,66.8568635246875,64.85115761894687
20200603:0830,511.15,183.15,0.0,56.41,32.95,2.48,0.0,2020-06-03 08:30:00+00:00,694.3,54.646875,60.784793368749995,58.961249567687496
20200603:0930,326.7,153.0,0.0,42.73,32.96,2.34,0.0,2020-06-03 09:30:00+00:00,479.7,47.950625,43.346045778749996,42.0456644053875
20200603:1030,109.65,118.35,0.0,29.21,32.37,2.69,0.0,2020-06-03 10:30:00+00:00,228.0,39.495,21.4119588,20.769600036
20200603:1130,17.9,68.65,0.0,15.92,29.49,3.03,0.0,2020-06-03 11:30:00+00:00,86.55000000000001,32.1946875,8.393465914687502,8.141661937246877
20200603:1230,0.7,8.71,0.0,2.98,28.13,2.0,0.0,2020-06-03 12:30:00+00:00,9.41,28.424062499999998,0.9274674201875,0.899643397581875
20200603:1330,0.0,0.0,0.0,0.0,27.85,1.59,0.0,2020-06-03 13:30:00+00:00,0.0,27.85,0.0,0.0
20200603:1430,0.0,0.0,0.0,0.0,27.77,1.38,0.0,2020-06-03 14:30:00+00:00,0.0,27.77,0.0,0.0
20200603:1530,0.0,0.0,0.0,0.0,27.68,1.17,0.0,2020-06-03 15:30:00+00:00,0.0,27.68,0.0,0.0
20200603:1630,0.0,0.0,0.0,0.0,27.58,1.38,0.0,2020-06-03 16:30:00+00:00,0.0,27.58,0.0,0.0
20200603:1730,0.0,0.0,0.0,0.0,27.46,1.79,0.0,2020-06-03 17:30:00+00:00,0.0,27.46,0.0,0.0
20200603:1830,0.0,0.0,0.0,0.0,27.44,2.0,0.0,2020-06-03 18:30:00+00:00,0.0,27.44,0.0,0.0
20200603:1930,0.0,0.0,0.0,0.0,27.85,2.48,0.0,2020-06-03 19:30:00+00:00,0.0,27.85,0.0,0.0
20200603:2030,0.0,0.0,0.0,0.0,27.71,2.34,0.0,2020-06-03 20:30:00+00:00,0.0,27.71,0.0,0.0
20200603:2130,0.0,0.0,0.0,0.0,27.6,2.41,0.0,2020-06-03 21:30:00+00:00,0.0,27.6,0.0,0.0
20200603:2230,0.0,0.0,0.0,0.0,27.52,2.34,0.0,2020-06-03 22:30:00+00:00,0.0,27.52,0.0,0.0
20200603:2330,0.0,11.75,0.0,1.28,27.4,2.28,0.0,2020-06-03 23:30:00+00:00,11.75,27.7671875,1.1613439296875,1.126503611796875
20200604:0030,62.55,71.4,0.0,14.16,27.59,2.21,0.0,2020-06-04 00:30:00+00:00,133.95,31.775937499999998,13.013792532187498,12.623378756221873
20200604:0130,194.75,115.3,0.0,27.4,28.56,2.9,0.0,2020-06-04 01:30:00+00:00,310.05,38.2490625,29.279693832187498,28.40130301722187
20200604:0230,339.3,149.4,0.0,40.89,29.74,3.03,0.0,2020-06-04 02:30:00+00:00,488.70000000000005,45.011875,44.76248260875,43.4196081304875
20200604:0330,331.85,226.0,0.0,54.54,30.81,2.55,0.0,2020-06-04 03:30:00+00:00,557.85,48.2428125,50.3392787596875,48.82910039689688
20200604:0430,358.65,242.3,0.0,68.29,31.54,2.34,0.0,2020-06-04 04:30:00+00:00,600.95,50.3196875,53.704336194687514,52.093206108846886
20200604:0530,370.4,301.65,0.0,82.09,31.62,2.34,0.0,2020-06-04 05:30:00+00:00,672.05,52.621562499999996,59.4085101471875,57.62625484277187
20200604:0630,545.6,214.95,0.0,84.02,32.48,2.28,0.0,2020-06-04 06:30:00+00:00,760.55,56.247187499999995,66.07367964968749,64.09146926019686
20200604:0730,502.2,253.75,0.0,70.22,33.19,3.24,0.0,2020-06-04 07:30:00+00:00,755.95,56.8134375,65.4942654071875,63.52943744497187
20200604:0830,368.75,192.95,0.0,56.46,32.79,3.31,0.0,2020-06-04 08:30:00+00:00,561.7,50.343125,50.191202008750004,48.685465948487504
20200604:0930,216.4,177.35,0.0,42.79,32.02,2.97,0.0,2020-06-04 09:30:00+00:00,393.75,44.3246875,36.1791798046875,35.09380441054687
20200604:1030,45.75,97.75,0.0,29.28,30.71,3.24,0.0,2020-06-04 10:30:00+00:00,143.5,35.194375,13.73558501875,13.323517468187498
20200604:1130,58.1,78.5,0.0,16.0,29.96,2.0,0.0,2020-06-04 11:30:00+00:00,136.6,34.22875,13.130528155,12.73661231035
20200604:1230,4.55,15.44,0.0,3.07,29.86,2.28,0.0,2020-06-04 12:30:00+00:00,19.99,30.4846875,1.9529516606874997,1.8943631108668746
20200604:1330,0.0,0.0,0.0,0.0,29.3,2.0,0.0,2020-06-04 13:30:00+00:00,0.0,29.3,0.0,0.0
20200604:1430,0.0,0.0,0.0,0.0,28.99,2.14,0.0,2020-06-04 14:30:00+00:00,0.0,28.99,0.0,0.0
20200604:1530,0.0,0.0,0.0,0.0,28.72,2.21,0.0,2020-06-04 15:30:00+00:00,0.0,28.72,0.0,0.0
20200604:1630,0.0,0.0,0.0,0.0,28.5,2.14,0.0,2020-06-04 16:30:00+00:00,0.0,28.5,0.0,0.0
20200604:1730,0.0,0.0,0.0,0.0,28.34,2.41,0.0,2020-06-04 17:30:00+00:00,0.0,28.34,0.0,0.0
20200604:1830,0.0,0.0,0.0,0.0,28.19,2.41,0.0,2020-06-04 18:30:00+00:00,0.0,28.19,0.0,0.0
20200604:1930,0.0,0.0,0.0,0.0,27.77,2.07,0.0,2020-06-04 19:30:00+00:00,0.0,27.77,0.0,0.0
20200604:2030,0.0,0.0,0.0,0.0,27.65,1.93,0.0,2020-06-04 20:30:00+00:00,0.0,27.65,0.0,0.0
20200604:2130,0.0,0.0,0.0,0.0,27.33,2.0,0.0,2020-06-04 21:30:00+00:00,0.0,27.33,0.0,0.0
20200604:2230,0.0,0.0,0.0,0.0,27.33,2.21,0.0,2020-06-04 22:30:00+00:00,0.0,27.33,0.0,0.0
20200604:2330,0.0,9.45,0.0,1.29,27.38,2.34,0.0,2020-06-04 23:30:00+00:00,9.45,27.6753125,0.9343816846875,0.906350234146875
20200605:0030,7.05,81.55,0.0,14.16,27.53,2.55,0.0,2020-06-05 00:30:00+00:00,88.6,30.298750000000002,8.662822915,8.402938227549999
20200605:0130,64.4,173.8,0.0,27.39,28.11,2.76,0.0,2020-06-05 01:30:00+00:00,238.20000000000002,35.55375,22.764160635000003,22.081235815950002
20200605:0230,181.6,239.25,0.0,40.87,29.17,3.93,0.0,2020-06-05 02:30:00+00:00,420.85,42.3215625,39.0232925771875,37.85259379987187
20200605:0330,320.95,246.85,0.0,54.52,30.43,4.48,0.0,2020-06-05 03:30:00+00:00,567.8,48.17375,51.25361679499999,49.71600829114999
20200605:0430,533.15,224.1,0.0,68.27,31.28,4.21,0.0,2020-06-05 04:30:00+00:00,757.25,54.9440625,66.20144064218749,64.21539742292187
20200605:0530,342.8,280.45,0.0,82.07,31.8,4.0,0.0,2020-06-05 05:30:00+00:00,623.25,51.2765625,55.4467156171875,53.78331414867188
20200605:0630,247.6,305.55,0.0,84.07,31.73,3.52,0.0,2020-06-05 06:30:00+00:00,553.15,49.0159375,49.73554535218751,48.243478991621885
20200605:0730,209.85,327.75,0.0,70.27,30.93,3.59,0.0,2020-06-05 07:30:00+00:00,537.6,47.730000000000004,48.627747840000005,47.1689154048
20200605:0830,101.15,255.7,0.0,56.51,31.33,4.07,0.0,2020-06-05 08:30:00+00:00,356.85,42.481562499999995,33.0649158571875,32.072968381471874
20200605:0930,23.75,185.7,0.0,42.85,29.66,3.93,0.0,2020-06-05 09:30:00+00:00,209.45,36.2053125,19.9592798646875,19.36050146874687
20200605:1030,3.55,109.3,0.0,29.34,29.01,3.24,0.0,2020-06-05 10:30:00+00:00,112.85,32.5365625,10.927789547187498,10.599955860771873
20200605:1130,1.5,74.4,0.0,16.07,28.82,2.9,0.0,2020-06-05 11:30:00+00:00,75.9,31.191875,7.392615408750001,7.170836946487501
20200605:1230,0.0,16.45,0.0,3.15,28.73,3.38,0.0,2020-06-05 12:30:00+00:00,16.45,29.244062500000002,1.6156777721875,1.5672074390218749
20200605:1330,0.0,0.0,0.0,0.0,28.61,3.17,0.0,2020-06-05 13:30:00+00:00,0.0,28.61,0.0,0.0
20200605:1430,0.0,0.0,0.0,0.0,28.41,3.03,0.0,2020-06-05 14:30:00+00:00,0.0,28.41,0.0,0.0
20200605:1530,0.0,0.0,0.0,0.0,27.0,2.62,0.0,2020-06-05 15:30:00+00:00,0.0,27.0,0.0,0.0
20200605:1630,0.0,0.0,0.0,0.0,26.1,1.86,0.0,2020-06-05 16:30:00+00:00,0.0,26.1,0.0,0.0
20200605:1730,0.0,0.0,0.0,0.0,25.84,2.41,0.0,2020-06-05 17:30:00+00:00,0.0,25.84,0.0,0.0
20200605:1830,0.0,0.0,0.0,0.0,25.83,2.97,0.0,2020-06-05 18:30:00+00:00,0.0,25.83,0.0,0.0
20200605:1930,0.0,0.0,0.0,0.0,28.0,3.31,0.0,2020-06-05 19:30:00+00:00,0.0,28.0,0.0,0.0
20200605:2030,0.0,0.0,0.0,0.0,27.96,3.31,0.0,2020-06-05 20:30:00+00:00,0.0,27.96,0.0,0.0
20200605:2130,0.0,0.0,0.0,0.0,27.92,3.17,0.0,2020-06-05 21:30:00+00:00,0.0,27.92,0.0,0.0
20200605:2230,0.0,0.0,0.0,0.0,27.82,2.9,0.0,2020-06-05 22:30:00+00:00,0.0,27.82,0.0,0.0
20200605:2330,0.0,13.1,0.0,1.31,27.71,2.62,0.0,2020-06-05 23:30:00+00:00,13.1,28.119375,1.2928371987499998,1.2540520827874997
20200606:0030,45.5,76.95,0.0,14.16,27.74,2.34,0.0,2020-06-06 00:30:00+00:00,122.45,31.5665625,11.907288257187501,11.550069609471876
20200606:0130,145.65,145.8,0.0,27.38,28.54,2.55,0.0,2020-06-06 01:30:00+00:00,291.45000000000005,37.6478125,27.596793919687503,26.768890102096876
20200606:0230,301.35,185.8,0.0,40.86,29.65,3.03,0.0,2020-06-06 02:30:00+00:00,487.15000000000003,44.8734375,44.648835067187505,43.30937001517188
20200606:0330,434.3,220.35,0.0,54.49,30.79,2.55,0.0,2020-06-06 03:30:00+00:00,654.65,51.247812499999995,58.248085209687495,56.500642653396866
20200606:0430,511.55,242.05,0.0,68.24,31.86,2.28,0.0,2020-06-06 04:30:00+00:00,753.6,55.41,65.73487008,63.76282397759999
20200606:0530,560.7,196.95,0.0,82.03,32.82,2.28,0.0,2020-06-06 05:30:00+00:00,757.6500000000001,56.4965625,65.7423843571875,63.77011282647188
20200606:0630,396.4,236.8,0.0,84.12,33.05,2.34,0.0,2020-06-06 06:30:00+00:00,633.2,52.8375,55.916783900000006,54.23928038300001
20200606:0730,407.25,243.65,0.0,70.32,32.91,2.55,0.0,2020-06-06 07:30:00+00:00,650.9,53.250625,57.366900638749996,55.6458936195875
20200606:0830,406.7,210.4,0.0,56.57,33.07,2.62,0.0,2020-06-06 08:30:00+00:00,617.1,52.354375000000005,54.620238378749995,52.981631227387496
20200606:0930,263.75,157.3,0.0,42.91,32.74,2.69,0.0,2020-06-06 09:30:00+00:00,421.05,45.8978125,38.40940993968751,37.25712764149688
20200606:1030,107.3,126.5,0.0,29.41,32.18,2.69,0.0,2020-06-06 10:30:00+00:00,233.8,39.48625,21.957508195000003,21.298782949150002
20200606:1130,46.75,77.0,0.0,16.14,31.31,1.52,0.0,2020-06-06 11:30:00+00:00,123.75,35.1771875,11.8460406796875,11.490659459296873
20200606:1230,3.2,11.58,0.0,3.23,30.88,1.86,0.0,2020-06-06 12:30:00+00:00,14.780000000000001,31.341874999999998,1.4386321767500003,1.3954732114475004
20200606:1330,0.0,0.0,0.0,0.0,29.78,2.62,0.0,2020-06-06 13:30:00+00:00,0.0,29.78,0.0,0.0
20200606:1430,0.0,0.0,0.0,0.0,29.05,2.69,0.0,2020-06-06 14:30:00+00:00,0.0,29.05,0.0,0.0
20200606:1530,0.0,0.0,0.0,0.0,28.46,2.62,0.0,2020-06-06 15:30:00+00:00,0.0,28.46,0.0,0.0
20200606:1630,0.0,0.0,0.0,0.0,28.17,2.41,0.0,2020-06-06 16:30:00+00:00,0.0,28.17,0.0,0.0
20200606:1730,0.0,0.0,0.0,0.0,27.9,2.21,0.0,2020-06-06 17:30:00+00:00,0.0,27.9,0.0,0.0
20200606:1830,0.0,0.0,0.0,0.0,27.6,1.86,0.0,2020-06-06 18:30:00+00:00,0.0,27.6,0.0,0.0
20200606:1930,0.0,0.0,0.0,0.0,27.56,1.72,0.0,2020-06-06 19:30:00+00:00,0.0,27.56,0.0,0.0
20200606:2030,0.0,0.0,0.0,0.0,27.32,1.59,0.0,2020-06-06 20:30:00+00:00,0.0,27.32,0.0,0.0
20200606:2130,0.0,0.0,0.0,0.0,27.15,1.59,0.0,2020-06-06 21:30:00+00:00,0.0,27.15,0.0,0.0
20200606:2230,0.0,0.0,0.0,0.0,27.05,1.59,0.0,2020-06-06 22:30:00+00:00,0.0,27.05,0.0,0.0
20200606:2330,0.0,11.4,0.0,1.31,26.96,1.52,0.0,2020-06-06 23:30:00+00:00,11.4,27.31625,1.1289097950000002,1.0950425011500002
20200607:0030,63.4,67.65,0.0,14.16,27.04,1.17,0.0,2020-06-07 00:30:00+00:00,131.05,31.135312499999998,12.7673062646875,12.384287076746874
20200607:0130,145.25,150.05,0.0,27.37,28.57,2.14,0.0,2020-06-07 01:30:00+00:00,295.3,37.798125,27.942699748749998,27.104418756287497
20200607:0230,348.5,152.25,0.0,40.84,29.63,1.17,0.0,2020-06-07 02:30:00+00:00,500.75,45.278437499999995,45.810140417187505,44.43583620467188
20200607:0330,526.1,177.5,0.0,54.47,30.85,0.62,0.0,2020-06-07 03:30:00+00:00,703.6,52.837500000000006,62.133684699999996,60.269674159
20200607:0430,598.7,190.25,0.0,68.2,31.98,0.41,0.0,2020-06-07 04:30:00+00:00,788.95,56.6346875,68.41256158468751,66.36018473714688
20200607:0530,536.25,229.45,0.0,82.0,32.84,0.28,0.0,2020-06-07 05:30:00+00:00,765.7,56.768125000000005,66.35356160875001,64.36295476048751
20200607:0630,623.1,167.7,0.0,84.17,33.37,0.14,0.0,2020-06-07 06:30:00+00:00,790.8,58.082499999999996,68.09211078,66.0493474566
20200607:0730,513.5,191.75,0.0,70.37,33.97,1.17,0.0,2020-06-07 07:30:00+00:00,705.25,56.0090625,61.33996064218751,59.49976182292188
20200607:0830,384.8,174.5,0.0,56.62,33.95,1.38,0.0,2020-06-07 08:30:00+00:00,559.3,51.428125,49.72187486874999,48.23021862268749
20200607:0930,187.05,122.6,0.0,42.97,32.14,2.14,0.0,2020-06-07 09:30:00+00:00,309.65,41.8165625,28.777955597187496,27.91461692927187
20200607:1030,188.4,123.75,0.0,29.47,30.46,2.0,0.0,2020-06-07 10:30:00+00:00,312.15,40.2146875,29.2203088246875,28.343699559946874
20200607:1130,58.2,61.5,0.0,16.21,30.78,1.66,0.0,2020-06-07 11:30:00+00:00,119.7,34.520625,11.49136009875,11.1466192957875
20200607:1230,4.25,14.73,0.0,3.31,30.42,1.52,0.0,2020-06-07 12:30:00+00:00,18.98,31.013125000000002,1.85006577275,1.7945637995675001
20200607:1330,0.0,0.0,0.0,0.0,29.61,2.07,0.0,2020-06-07 13:30:00+00:00,0.0,29.61,0.0,0.0
20200607:1430,0.0,0.0,0.0,0.0,29.1,2.34,0.0,2020-06-07 14:30:00+00:00,0.0,29.1,0.0,0.0
20200607:1530,0.0,0.0,0.0,0.0,28.64,2.14,0.0,2020-06-07 15:30:00+00:00,0.0,28.64,0.0,0.0
20200607:1630,0.0,0.0,0.0,0.0,28.31,1.93,0.0,2020-06-07 16:30:00+00:00,0.0,28.31,0.0,0.0
20200607:1730,0.0,0.0,0.0,0.0,27.91,1.66,0.0,2020-06-07 17:30:00+00:00,0.0,27.91,0.0,0.0
20200607:1830,0.0,0.0,0.0,0.0,27.66,1.45,0.0,2020-06-07 18:30:00+00:00,0.0,27.66,0.0,0.0
20200607:1930,0.0,0.0,0.0,0.0,27.26,1.38,0.0,2020-06-07 19:30:00+00:00,0.0,27.26,0.0,0.0
20200607:2030,0.0,0.0,0.0,0.0,27.06,1.31,0.0,2020-06-07 20:30:00+00:00,0.0,27.06,0.0,0.0
20200607:2130,0.0,0.0,0.0,0.0,26.84,1.17,0.0,2020-06-07 21:30:00+00:00,0.0,26.84,0.0,0.0
20200607:2230,0.0,0.0,0.0,0.0,26.69,1.24,0.0,2020-06-07 22:30:00+00:00,0.0,26.69,0.0,0.0
20200607:2330,0.0,12.3,0.0,1.32,26.63,1.31,0.0,2020-06-07 23:30:00+00:00,12.3,27.014374999999998,1.21959373875,1.1830059265875
20200608:0030,53.55,71.5,0.0,14.15,26.74,1.03,0.0,2020-06-08 00:30:00+00:00,125.05,30.647812499999997,12.208371239687498,11.842120102496873
20200608:0130,174.85,132.65,0.0,27.35,28.3,1.38,0.0,2020-06-08 01:30:00+00:00,307.5,37.909375,29.08275421875,28.2102715921875
20200608:0230,316.2,179.95,0.0,40.81,29.45,1.38,0.0,2020-06-08 02:30:00+00:00,496.15,44.9546875,45.4567823546875,44.09307888404687
20200608:0330,357.95,191.7,0.0,54.44,30.6,1.24,0.0,2020-06-08 03:30:00+00:00,549.65,47.7765625,49.706962217187495,48.21575335067187
20200608:0430,322.2,210.8,0.0,68.17,31.82,1.38,0.0,2020-06-08 04:30:00+00:00,533.0,48.47625,48.044606675000004,46.60326847475
20200608:0530,496.85,240.05,0.0,81.96,32.03,1.79,0.0,2020-06-08 05:30:00+00:00,736.9000000000001,55.058125000000004,64.38707042875001,62.455458315887505
20200608:0630,628.5,214.15,0.0,84.22,31.66,2.48,0.0,2020-06-08 06:30:00+00:00,842.65,57.9928125,72.5884147496875,70.41076230719688
20200608:0730,473.5,217.65,0.0,70.42,33.15,2.07,0.0,2020-06-08 07:30:00+00:00,691.15,54.748437499999994,60.4795343171875,58.665148287671876
20200608:0830,354.6,196.7,0.0,56.68,33.33,2.14,0.0,2020-06-08 08:30:00+00:00,551.3,50.558125,49.21211838874999,47.73575483708749
20200608:0930,285.65,140.9,0.0,43.03,33.03,2.62,0.0,2020-06-08 09:30:00+00:00,426.54999999999995,46.3596875,38.82839062468749,37.663538905946865
20200608:1030,124.15,105.9,0.0,29.54,30.28,3.1,0.0,2020-06-08 10:30:00+00:00,230.05,37.4690625,21.8002267121875,21.146219910821873
20200608:1130,42.7,84.85,0.0,16.28,29.9,1.79,0.0,2020-06-08 11:30:00+00:00,127.55,33.8859375,12.2789714421875,11.910602298921875
20200608:1230,5.85,15.45,0.0,3.38,29.77,1.66,0.0,2020-06-08 12:30:00+00:00,21.299999999999997,30.435624999999998,2.0813728987499998,2.0189317117875
20200608:1330,0.0,0.0,0.0,0.0,29.2,1.59,0.0,2020-06-08 13:30:00+00:00,0.0,29.2,0.0,0.0
20200608:1430,0.0,0.0,0.0,0.0,28.65,1.66,0.0,2020-06-08 14:30:00+00:00,0.0,28.65,0.0,0.0
20200608:1530,0.0,0.0,0.0,0.0,28.33,1.79,0.0,2020-06-08 15:30:00+00:00,0.0,28.33,0.0,0.0
20200608:1630,0.0,0.0,0.0,0.0,28.1,1.72,0.0,2020-06-08 16:30:00+00:00,0.0,28.1,0.0,0.0
20200608:1730,0.0,0.0,0.0,0.0,27.83,1.59,0.0,2020-06-08 17:30:00+00:00,0.0,27.83,0.0,0.0
20200608:1830,0.0,0.0,0.0,0.0,27.63,1.38,0.0,2020-06-08 18:30:00+00:00,0.0,27.63,0.0,0.0
20200608:1930,0.0,0.0,0.0,0.0,27.49,1.17,0.0,2020-06-08 19:30:00+00:00,0.0,27.49,0.0,0.0
20200608:2030,0.0,0.0,0.0,0.0,27.22,1.24,0.0,2020-06-08 20:30:00+00:00,0.0,27.22,0.0,0.0
20200608:2130,0.0,0.0,0.0,0.0,27.1,1.24,0.0,2020-06-08 21:30:00+00:00,0.0,27.1,0.0,0.0
20200608:2230,0.0,0.0,0.0,0.0,26.9,1.17,0.0,2020-06-08 22:30:00+00:00,0.0,26.9,0.0,0.0
20200608:2330,0.0,12.1,0.0,1.32,26.65,1.17,0.0,2020-06-08 23:30:00+00:00,12.1,27.028125,1.1996930687499998,1.1637022766874998
20200609:0030,73.1,66.7,0.0,14.13,26.74,1.03,0.0,2020-06-09 00:30:00+00:00,139.8,31.10875,13.621318635,13.21267907595
20200609:0130,227.05,109.35,0.0,27.33,28.49,1.17,0.0,2020-06-09 01:30:00+00:00,336.4,39.0025,31.66161478,30.7117663366
20200609:0230,308.55,125.55,0.0,40.79,29.72,1.1,0.0,2020-06-09 02:30:00+00:00,434.1,43.285624999999996,40.076128278750005,38.87384443038751
20200609:0330,462.45,169.0,0.0,54.41,30.55,1.17,0.0,2020-06-09 03:30:00+00:00,631.45,50.282812500000006,56.43977057968751,54.746577462296884
20200609:0430,614.0,163.6,0.0,68.14,31.49,1.59,0.0,2020-06-09 04:30:00+00:00,777.6,55.79,67.70423232,65.67310535040001
20200609:0530,679.95,195.55,0.0,81.92,32.3,1.93,0.0,2020-06-09 05:30:00+00:00,875.5,59.659375,74.80540121874999,72.56123918218749
20200609:0630,469.95,192.8,0.0,84.27,32.92,1.79,0.0,2020-06-09 06:30:00+00:00,662.75,53.6309375,58.30543539218749,56.55627233042186
20200609:0730,523.95,206.7,0.0,70.47,33.48,1.79,0.0,2020-06-09 07:30:00+00:00,730.6500000000001,56.3128125,63.45594328968752,61.55226499099689
20200609:0830,314.0,219.4,0.0,56.73,33.57,1.79,0.0,2020-06-09 08:30:00+00:00,533.4,50.238749999999996,47.685813315,46.255238915549995
20200609:0930,325.6,134.5,0.0,43.09,33.43,1.1,0.0,2020-06-09 09:30:00+00:00,460.1,47.808125000000004,41.60251230874999,40.35443693948749
20200609:1030,202.4,111.4,0.0,29.6,32.7,0.69,0.0,2020-06-09 10:30:00+00:00,313.8,42.50625,29.072746275000004,28.200563886750004
20200609:1130,52.75,51.95,0.0,16.35,31.61,0.9,0.0,2020-06-09 11:30:00+00:00,104.7,34.881875,10.03545442875,9.7343907958875
20200609:1230,6.4,12.56,0.0,3.46,30.35,1.38,0.0,2020-06-09 12:30:00+00:00,18.96,30.942500000000003,1.8486786840000002,1.79321832348
20200609:1330,0.0,0.0,0.0,0.0,29.68,1.59,0.0,2020-06-09 13:30:00+00:00,0.0,29.68,0.0,0.0
20200609:1430,0.0,0.0,0.0,0.0,29.1,2.0,0.0,2020-06-09 14:30:00+00:00,0.0,29.1,0.0,0.0
20200609:1530,0.0,0.0,0.0,0.0,28.82,1.86,0.0,2020-06-09 15:30:00+00:00,0.0,28.82,0.0,0.0
20200609:1630,0.0,0.0,0.0,0.0,28.57,1.79,0.0,2020-06-09 16:30:00+00:00,0.0,28.57,0.0,0.0
20200609:1730,0.0,0.0,0.0,0.0,28.33,1.66,0.0,2020-06-09 17:30:00+00:00,0.0,28.33,0.0,0.0
20200609:1830,0.0,0.0,0.0,0.0,28.05,1.38,0.0,2020-06-09 18:30:00+00:00,0.0,28.05,0.0,0.0
20200609:1930,0.0,0.0,0.0,0.0,28.04,1.1,0.0,2020-06-09 19:30:00+00:00,0.0,28.04,0.0,0.0
20200609:2030,0.0,0.0,0.0,0.0,27.8,1.17,0.0,2020-06-09 20:30:00+00:00,0.0,27.8,0.0,0.0
20200609:2130,0.0,0.0,0.0,0.0,27.45,1.03,0.0,2020-06-09 21:30:00+00:00,0.0,27.45,0.0,0.0
20200609:2230,0.0,0.0,0.0,0.0,27.56,0.55,0.0,2020-06-09 22:30:00+00:00,0.0,27.56,0.0,0.0
20200609:2330,0.0,12.85,0.0,1.31,27.56,0.48,0.0,2020-06-09 23:30:00+00:00,12.85,27.9615625,1.2690164471875003,1.2309459537718752
20200610:0030,31.85,74.65,0.0,14.12,27.39,0.55,0.0,2020-06-10 00:30:00+00:00,106.5,30.718125,10.394228268750002,10.082401420687502
20200610:0130,122.4,130.15,0.0,27.31,28.64,0.62,0.0,2020-06-10 01:30:00+00:00,252.55,36.5321875,24.0317693396875,23.310816259496875
20200610:0230,228.1,185.55,0.0,40.76,29.55,1.1,0.0,2020-06-10 02:30:00+00:00,413.65,42.4765625,38.3287443671875,37.17888203617187
20200610:0330,191.95,281.55,0.0,54.38,30.78,1.24,0.0,2020-06-10 03:30:00+00:00,473.5,45.576875,43.257876868749996,41.96014056268749
20200610:0430,335.9,237.6,0.0,68.1,31.32,2.0,0.0,2020-06-10 04:30:00+00:00,573.5,49.241875,51.51085956875,49.9655337816875
20200610:0530,268.85,305.75,0.0,81.88,30.38,2.83,0.0,2020-06-10 05:30:00+00:00,574.6,48.33625,51.828216115,50.27336963155
20200610:0630,341.0,292.3,0.0,84.31,30.61,2.48,0.0,2020-06-10 06:30:00+00:00,633.3,50.400625,56.57378935875,54.876575677987496
20200610:0730,156.35,204.7,0.0,70.52,31.68,2.83,0.0,2020-06-10 07:30:00+00:00,361.04999999999995,42.9628125,33.381101149687495,32.37966811519687
20200610:0830,71.5,231.1,0.0,56.78,30.12,4.14,0.0,2020-06-10 08:30:00+00:00,302.6,39.57625,28.407475235000007,27.555250977950006
20200610:0930,98.75,215.45,0.0,43.15,29.0,2.83,0.0,2020-06-10 09:30:00+00:00,314.2,38.81875,29.596422474999997,28.708529800749996
20200610:1030,41.25,177.95,0.0,29.66,29.22,3.1,0.0,2020-06-10 10:30:00+00:00,219.2,36.07,20.900851519999996,20.273825974399998
20200610:1130,13.25,93.35,0.0,16.42,29.14,2.69,0.0,2020-06-10 11:30:00+00:00,106.6,32.47125,10.325497195,10.01573227915
20200610:1230,0.7,14.52,0.0,3.53,28.82,2.62,0.0,2020-06-10 12:30:00+00:00,15.219999999999999,29.295625,1.4945406467500002,1.4497044273475002
20200610:1330,0.0,0.0,0.0,0.0,28.25,2.55,0.0,2020-06-10 13:30:00+00:00,0.0,28.25,0.0,0.0
20200610:1430,0.0,0.0,0.0,0.0,27.91,2.48,0.0,2020-06-10 14:30:00+00:00,0.0,27.91,0.0,0.0
20200610:1530,0.0,0.0,0.0,0.0,27.72,2.21,0.0,2020-06-10 15:30:00+00:00,0.0,27.72,0.0,0.0
20200610:1630,0.0,0.0,0.0,0.0,27.6,2.28,0.0,2020-06-10 16:30:00+00:00,0.0,27.6,0.0,0.0
20200610:1730,0.0,0.0,0.0,0.0,27.44,2.41,0.0,2020-06-10 17:30:00+00:00,0.0,27.44,0.0,0.0
20200610:1830,0.0,0.0,0.0,0.0,27.1,2.41,0.0,2020-06-10 18:30:00+00:00,0.0,27.1,0.0,0.0
20200610:1930,0.0,0.0,0.0,0.0,27.17,1.86,0.0,2020-06-10 19:30:00+00:00,0.0,27.17,0.0,0.0
20200610:2030,0.0,0.0,0.0,0.0,27.1,1.86,0.0,2020-06-10 20:30:00+00:00,0.0,27.1,0.0,0.0
20200610:2130,0.0,0.0,0.0,0.0,27.01,2.0,0.0,2020-06-10 21:30:00+00:00,0.0,27.01,0.0,0.0
20200610:2230,0.0,0.0,0.0,0.0,25.87,2.21,0.0,2020-06-10 22:30:00+00:00,0.0,25.87,0.0,0.0
20200610:2330,0.0,7.05,0.0,1.31,25.71,1.79,0.0,2020-06-10 23:30:00+00:00,7.05,25.9303125,0.7022453446875,0.6811779843468749
20200611:0030,29.25,53.5,0.0,14.1,25.8,2.07,0.0,2020-06-11 00:30:00+00:00,82.75,28.3859375,8.1573217421875,7.912602089921875
20200611:0130,79.45,119.95,0.0,27.29,26.48,3.17,0.0,2020-06-11 01:30:00+00:00,199.4,32.71125,19.294198235,18.71537228795
20200611:0230,179.65,210.05,0.0,40.73,27.42,2.97,0.0,2020-06-11 02:30:00+00:00,389.70000000000005,39.598125,36.580666488750005,35.4832464940875
20200611:0330,435.7,177.9,0.0,54.34,28.62,2.76,0.0,2020-06-11 03:30:00+00:00,613.6,47.795,55.485454960000006,53.8208913112
20200611:0430,336.95,260.75,0.0,68.06,29.98,3.1,0.0,2020-06-11 04:30:00+00:00,597.7,48.658125,53.83100624875,52.2160760612875
20200611:0530,324.2,306.25,0.0,81.84,30.8,3.31,0.0,2020-06-11 05:30:00+00:00,630.45,50.501562500000006,56.292466767187506,54.60369276417188
20200611:0630,113.25,290.85,0.0,84.36,31.63,3.86,0.0,2020-06-11 06:30:00+00:00,404.1,44.258125,37.141472508750006,36.02722833348751
20200611:0730,25.4,250.55,0.0,70.57,29.67,3.59,0.0,2020-06-11 07:30:00+00:00,275.95,38.2934375,26.054303887187498,25.27267477057187
20200611:0830,58.95,206.6,0.0,56.84,28.78,4.34,0.0,2020-06-11 08:30:00+00:00,265.55,37.0784375,25.207879787187498,24.45164339357187
20200611:0930,7.6,92.95,0.0,43.2,28.25,3.86,0.0,2020-06-11 09:30:00+00:00,100.55,31.3921875,9.7850515296875,9.491499983796874
20200611:1030,6.0,81.05,0.0,29.73,27.73,2.83,0.0,2020-06-11 10:30:00+00:00,87.05,30.4503125,8.5057311246875,8.250559190946875
20200611:1130,2.75,61.45,0.0,16.48,27.66,3.45,0.0,2020-06-11 11:30:00+00:00,64.2,29.66625,6.2941792350000005,6.10535385795
20200611:1230,0.0,7.2,0.0,3.6,27.47,3.1,0.0,2020-06-11 12:30:00+00:00,7.2,27.695,0.71185032,0.6904948104
20200611:1330,0.0,0.0,0.0,0.0,27.16,2.48,0.0,2020-06-11 13:30:00+00:00,0.0,27.16,0.0,0.0
20200611:1430,0.0,0.0,0.0,0.0,26.94,2.9,0.0,2020-06-11 14:30:00+00:00,0.0,26.94,0.0,0.0
20200611:1530,0.0,0.0,0.0,0.0,26.79,2.83,0.0,2020-06-11 15:30:00+00:00,0.0,26.79,0.0,0.0
20200611:1630,0.0,0.0,0.0,0.0,26.67,2.55,0.0,2020-06-11 16:30:00+00:00,0.0,26.67,0.0,0.0
20200611:1730,0.0,0.0,0.0,0.0,26.62,2.76,0.0,2020-06-11 17:30:00+00:00,0.0,26.62,0.0,0.0
20200611:1830,0.0,0.0,0.0,0.0,26.49,2.9,0.0,2020-06-11 18:30:00+00:00,0.0,26.49,0.0,0.0
20200611:1930,0.0,0.0,0.0,0.0,26.59,2.62,0.0,2020-06-11 19:30:00+00:00,0.0,26.59,0.0,0.0
20200611:2030,0.0,0.0,0.0,0.0,26.5,2.76,0.0,2020-06-11 20:30:00+00:00,0.0,26.5,0.0,0.0
20200611:2130,0.0,0.0,0.0,0.0,26.24,3.03,0.0,2020-06-11 21:30:00+00:00,0.0,26.24,0.0,0.0
20200611:2230,0.0,0.0,0.0,0.0,25.87,2.76,0.0,2020-06-11 22:30:00+00:00,0.0,25.87,0.0,0.0
20200611:2330,0.0,7.8,0.0,1.3,25.93,2.34,0.0,2020-06-11 23:30:00+00:00,7.8,26.17375,0.776154795,0.7528701511499999
20200612:0030,18.75,54.05,0.0,14.08,25.99,2.21,0.0,2020-06-12 00:30:00+00:00,72.8,28.264999999999997,7.180169360000001,6.964764279200001
20200612:0130,88.05,104.45,0.0,27.26,26.49,2.76,0.0,2020-06-12 01:30:00+00:00,192.5,32.505624999999995,18.64317021875,18.0838751121875
20200612:0230,188.35,198.35,0.0,40.7,27.27,2.9,0.0,2020-06-12 02:30:00+00:00,386.7,39.354375,36.33864853875,35.2484890825875
20200612:0330,231.15,293.7,0.0,54.3,28.44,2.83,0.0,2020-06-12 03:30:00+00:00,524.85,44.8415625,48.111185487187505,46.66784992257188
20200612:0430,43.6,223.3,0.0,68.02,30.02,3.38,0.0,2020-06-12 04:30:00+00:00,266.90000000000003,38.360625,25.192300658750003,24.436531638987503
20200612:0530,80.75,258.35,0.0,81.79,28.73,3.52,0.0,2020-06-12 05:30:00+00:00,339.1,39.326875,31.869537808750003,30.9134516744875
20200612:0630,49.55,314.1,0.0,84.4,28.63,3.52,0.0,2020-06-12 06:30:00+00:00,363.65000000000003,39.9940625,34.074911852187505,33.05266449662188
20200612:0730,77.3,304.65,0.0,70.62,28.85,4.34,0.0,2020-06-12 07:30:00+00:00,381.95,40.7859375,35.6626356921875,34.59275662142188
20200612:0830,106.4,284.55,0.0,56.89,29.37,3.72,0.0,2020-06-12 08:30:00+00:00,390.95000000000005,41.5871875,36.3714003996875,35.280258387696875
20200612:0930,37.25,233.45,0.0,43.26,29.77,3.79,0.0,2020-06-12 09:30:00+00:00,270.7,38.229375,25.56589943875,24.7989224555875
20200612:1030,10.15,152.0,0.0,29.79,29.52,4.07,0.0,2020-06-12 10:30:00+00:00,162.15,34.5871875,15.562083769687503,15.095221256596878
20200612:1130,6.1,68.9,0.0,16.55,29.1,3.59,0.0,2020-06-12 11:30:00+00:00,75.0,31.44375,7.2970218749999995,7.078111218749999
20200612:1230,0.0,13.7,0.0,3.67,28.67,3.1,0.0,2020-06-12 12:30:00+00:00,13.7,29.098125000000003,1.3464193887499998,1.3060268070874999
20200612:1330,0.0,0.0,0.0,0.0,28.24,3.03,0.0,2020-06-12 13:30:00+00:00,0.0,28.24,0.0,0.0
20200612:1430,0.0,0.0,0.0,0.0,27.9,2.83,0.0,2020-06-12 14:30:00+00:00,0.0,27.9,0.0,0.0
20200612:1530,0.0,0.0,0.0,0.0,27.66,2.83,0.0,2020-06-12 15:30:00+00:00,0.0,27.66,0.0,0.0
20200612:1630,0.0,0.0,0.0,0.0,27.46,2.76,0.0,2020-06-12 16:30:00+00:00,0.0,27.46,0.0,0.0
20200612:1730,0.0,0.0,0.0,0.0,27.38,2.9,0.0,2020-06-12 17:30:00+00:00,0.0,27.38,0.0,0.0
20200612:1830,0.0,0.0,0.0,0.0,27.19,3.17,0.0,2020-06-12 18:30:00+00:00,0.0,27.19,0.0,0.0
20200612:1930,0.0,0.0,0.0,0.0,27.08,3.1,0.0,2020-06-12 19:30:00+00:00,0.0,27.08,0.0,0.0
20200612:2030,0.0,0.0,0.0,0.0,26.96,3.38,0.0,2020-06-12 20:30:00+00:00,0.0,26.96,0.0,0.0
20200612:2130,0.0,0.0,0.0,0.0,26.39,2.76,0.0,2020-06-12 21:30:00+00:00,0.0,26.39,0.0,0.0
20200612:2230,0.0,0.0,0.0,0.0,26.11,2.28,0.0,2020-06-12 22:30:00+00:00,0.0,26.11,0.0,0.0
20200612:2330,0.0,7.75,0.0,1.28,25.97,2.21,0.0,2020-06-12 23:30:00+00:00,7.75,26.2121875,0.7710543296875,0.747922699796875
20200613:0030,17.85,58.35,0.0,14.06,26.05,2.55,0.0,2020-06-13 00:30:00+00:00,76.2,28.431250000000002,7.510186275000001,7.28488068675
20200613:0130,47.45,124.8,0.0,27.23,26.62,2.55,0.0,2020-06-13 01:30:00+00:00,172.25,32.002812500000005,16.7183815296875,16.21683008379687
20200613:0230,103.3,199.25,0.0,40.66,27.45,3.72,0.0,2020-06-13 02:30:00+00:00,302.55,36.9046875,28.7422594546875,27.879991671046874
20200613:0330,372.65,232.05,0.0,54.27,28.35,4.07,0.0,2020-06-13 03:30:00+00:00,604.7,47.246875,54.81987216875,53.1752760036875
20200613:0430,445.25,248.75,0.0,67.98,29.9,4.62,0.0,2020-06-13 04:30:00+00:00,694.0,51.5875,61.65027549999999,59.80076723499999
20200613:0530,521.1,287.0,0.0,81.75,30.76,4.83,0.0,2020-06-13 05:30:00+00:00,808.1,56.013125,70.28408334875,68.1755608482875
20200613:0630,317.3,306.15,0.0,84.45,31.6,4.69,0.0,2020-06-13 06:30:00+00:00,623.45,51.0828125,55.5152416296875,53.849784380796876
20200613:0730,72.7,256.95,0.0,70.67,30.92,3.79,0.0,2020-06-13 07:30:00+00:00,329.65,41.221562500000005,30.719076007187503,29.79750372697188
20200613:0830,66.9,154.6,0.0,56.95,29.68,3.31,0.0,2020-06-13 08:30:00+00:00,221.5,36.601875,21.07067756875,20.438557241687498
20200613:0930,17.4,116.2,0.0,43.32,28.69,2.48,0.0,2020-06-13 09:30:00+00:00,133.6,32.865,12.91867912,12.5311187464
20200613:1030,15.45,118.3,0.0,29.85,28.42,2.21,0.0,2020-06-13 10:30:00+00:00,133.75,32.5996875,12.948087554687499,12.559644928046874
20200613:1130,3.1,64.2,0.0,16.61,28.37,2.97,0.0,2020-06-13 11:30:00+00:00,67.3,30.473125,6.575296648749999,6.3780377492875
20200613:1230,1.2,14.54,0.0,3.73,28.05,2.83,0.0,2020-06-13 12:30:00+00:00,15.739999999999998,28.541875,1.5505853727499996,1.5040678115674997
20200613:1330,0.0,0.0,0.0,0.0,27.71,3.1,0.0,2020-06-13 13:30:00+00:00,0.0,27.71,0.0,0.0
20200613:1430,0.0,0.0,0.0,0.0,27.45,3.17,0.0,2020-06-13 14:30:00+00:00,0.0,27.45,0.0,0.0
20200613:1530,0.0,0.0,0.0,0.0,27.29,2.83,0.0,2020-06-13 15:30:00+00:00,0.0,27.29,0.0,0.0
20200613:1630,0.0,0.0,0.0,0.0,27.16,2.76,0.0,2020-06-13 16:30:00+00:00,0.0,27.16,0.0,0.0
20200613:1730,0.0,0.0,0.0,0.0,27.15,2.83,0.0,2020-06-13 17:30:00+00:00,0.0,27.15,0.0,0.0
20200613:1830,0.0,0.0,0.0,0.0,27.15,2.83,0.0,2020-06-13 18:30:00+00:00,0.0,27.15,0.0,0.0
20200613:1930,0.0,0.0,0.0,0.0,27.2,3.03,0.0,2020-06-13 19:30:00+00:00,0.0,27.2,0.0,0.0
20200613:2030,0.0,0.0,0.0,0.0,27.09,2.83,0.0,2020-06-13 20:30:00+00:00,0.0,27.09,0.0,0.0
20200613:2130,0.0,0.0,0.0,0.0,26.92,2.76,0.0,2020-06-13 21:30:00+00:00,0.0,26.92,0.0,0.0
20200613:2230,0.0,0.0,0.0,0.0,26.64,2.9,0.0,2020-06-13 22:30:00+00:00,0.0,26.64,0.0,0.0
20200613:2330,0.0,6.95,0.0,1.27,26.36,2.97,0.0,2020-06-13 23:30:00+00:00,6.95,26.5771875,0.6903961896875,0.6696843039968751
20200614:0030,12.9,53.5,0.0,14.03,26.43,2.76,0.0,2020-06-14 00:30:00+00:00,66.4,28.505,6.54225256,6.345984983199999
20200614:0130,102.7,139.05,0.0,27.2,26.83,3.03,0.0,2020-06-14 01:30:00+00:00,241.75,34.3846875,23.2221257546875,22.525461982046874
20200614:0230,116.4,149.1,0.0,40.63,27.93,4.28,0.0,2020-06-14 02:30:00+00:00,265.5,36.226875,25.298091168750002,24.5391484336875
20200614:0330,307.7,257.8,0.0,54.23,28.35,4.07,0.0,2020-06-14 03:30:00+00:00,565.5,46.021875,51.557094468749995,50.01038163468749
20200614:0430,186.65,306.5,0.0,67.94,29.7,3.66,0.0,2020-06-14 04:30:00+00:00,493.15,45.1109375,45.1495622921875,43.79507542342187
20200614:0530,187.35,294.35,0.0,81.7,30.29,3.86,0.0,2020-06-14 05:30:00+00:00,481.70000000000005,45.343125,44.05430100875001,42.73267197848751
20200614:0630,137.0,276.85,0.0,84.49,30.41,3.72,0.0,2020-06-14 06:30:00+00:00,413.85,43.3428125,38.196707359687494,37.05080613889687
20200614:0730,121.3,269.85,0.0,70.72,29.53,4.41,0.0,2020-06-14 07:30:00+00:00,391.15000000000003,41.753437500000004,36.3626950271875,35.271814176371876
20200614:0830,127.15,222.55,0.0,57.0,29.98,4.97,0.0,2020-06-14 08:30:00+00:00,349.70000000000005,40.908125,32.633510048750004,31.654504747287504
20200614:0930,160.2,225.7,0.0,43.37,30.3,5.17,0.0,2020-06-14 09:30:00+00:00,385.9,42.359375,35.776427218749994,34.703134402187494
20200614:1030,74.85,160.65,0.0,29.9,30.19,4.62,0.0,2020-06-14 10:30:00+00:00,235.5,37.549375,22.30874131875,21.6394790791875
20200614:1130,34.35,91.5,0.0,16.67,30.01,4.55,0.0,2020-06-14 11:30:00+00:00,125.85,33.9428125,12.1123097596875,11.748940466896874
20200614:1230,2.65,16.68,0.0,3.8,29.61,3.72,0.0,2020-06-14 12:30:00+00:00,19.33,30.2140625,1.8906691121875001,1.833949038821875
20200614:1330,0.0,0.0,0.0,0.0,28.93,3.31,0.0,2020-06-14 13:30:00+00:00,0.0,28.93,0.0,0.0
20200614:1430,0.0,0.0,0.0,0.0,28.3,2.9,0.0,2020-06-14 14:30:00+00:00,0.0,28.3,0.0,0.0
20200614:1530,0.0,0.0,0.0,0.0,27.92,2.83,0.0,2020-06-14 15:30:00+00:00,0.0,27.92,0.0,0.0
20200614:1630,0.0,0.0,0.0,0.0,27.53,2.62,0.0,2020-06-14 16:30:00+00:00,0.0,27.53,0.0,0.0
20200614:1730,0.0,0.0,0.0,0.0,27.21,2.48,0.0,2020-06-14 17:30:00+00:00,0.0,27.21,0.0,0.0
20200614:1830,0.0,0.0,0.0,0.0,27.13,2.48,0.0,2020-06-14 18:30:00+00:00,0.0,27.13,0.0,0.0
20200614:1930,0.0,0.0,0.0,0.0,27.05,2.07,0.0,2020-06-14 19:30:00+00:00,0.0,27.05,0.0,0.0
20200614:2030,0.0,0.0,0.0,0.0,26.78,2.0,0.0,2020-06-14 20:30:00+00:00,0.0,26.78,0.0,0.0
20200614:2130,0.0,0.0,0.0,0.0,26.35,2.0,0.0,2020-06-14 21:30:00+00:00,0.0,26.35,0.0,0.0
20200614:2230,0.0,0.0,0.0,0.0,25.98,2.0,0.0,2020-06-14 22:30:00+00:00,0.0,25.98,0.0,0.0
20200614:2330,0.0,7.05,0.0,1.25,25.64,2.07,0.0,2020-06-14 23:30:00+00:00,7.05,25.8603125,0.7024526146875,0.681379036246875
20200615:0030,14.9,61.9,0.0,14.0,25.58,1.86,0.0,2020-06-15 00:30:00+00:00,76.8,27.979999999999997,7.58387712,7.356360806400001
20200615:0130,44.85,98.8,0.0,27.17,26.0,2.55,0.0,2020-06-15 01:30:00+00:00,143.65,30.4890625,14.0338283921875,13.612813540421875
20200615:0230,118.65,198.45,0.0,40.59,26.52,2.97,0.0,2020-06-15 02:30:00+00:00,317.1,36.429375,30.187812978750006,29.282178589387506
20200615:0330,231.6,280.6,0.0,54.19,27.9,3.1,0.0,2020-06-15 03:30:00+00:00,512.2,43.90625,47.15281187500001,45.73822751875001
20200615:0430,280.45,263.55,0.0,67.89,29.33,3.24,0.0,2020-06-15 04:30:00+00:00,544.0,46.33,49.52652160000001,48.04072595200001
20200615:0530,378.05,282.1,0.0,81.66,30.16,3.31,0.0,2020-06-15 05:30:00+00:00,660.1500000000001,50.7896875,58.86447387468751,57.09853965844688
20200615:0630,266.85,338.15,0.0,84.54,31.46,3.03,0.0,2020-06-15 06:30:00+00:00,605.0,50.36625,54.054435874999996,52.43280279875
20200615:0730,60.45,186.85,0.0,70.77,31.04,2.28,0.0,2020-06-15 07:30:00+00:00,247.3,38.768125,23.299959928750003,22.6009611308875
20200615:0830,99.95,198.9,0.0,57.05,29.84,1.66,0.0,2020-06-15 08:30:00+00:00,298.85,39.1790625,28.105286612187502,27.262128013821876
20200615:0930,4.85,107.85,0.0,43.43,29.22,2.97,0.0,2020-06-15 09:30:00+00:00,112.69999999999999,32.741875,10.90354608875,10.5764397060875
20200615:1030,7.2,79.95,0.0,29.96,27.83,2.69,0.0,2020-06-15 10:30:00+00:00,87.15,30.553437499999998,8.5117275271875,8.256375701371875
20200615:1130,9.95,64.65,0.0,16.73,27.53,1.72,0.0,2020-06-15 11:30:00+00:00,74.60000000000001,29.861250000000002,7.307687315000002,7.0884566955500015
20200615:1230,0.4,17.62,0.0,3.86,27.36,2.07,0.0,2020-06-15 12:30:00+00:00,18.02,27.923125,1.77987662075,1.7264803221275
20200615:1330,0.0,0.0,0.0,0.0,27.19,2.0,0.0,2020-06-15 13:30:00+00:00,0.0,27.19,0.0,0.0
20200615:1430,0.0,0.0,0.0,0.0,27.04,2.07,0.0,2020-06-15 14:30:00+00:00,0.0,27.04,0.0,0.0
20200615:1530,0.0,0.0,0.0,0.0,27.04,2.34,0.0,2020-06-15 15:30:00+00:00,0.0,27.04,0.0,0.0
20200615:1630,0.0,0.0,0.0,0.0,26.9,2.34,0.0,2020-06-15 16:30:00+00:00,0.0,26.9,0.0,0.0
20200615:1730,0.0,0.0,0.0,0.0,26.78,2.21,0.0,2020-06-15 17:30:00+00:00,0.0,26.78,0.0,0.0
20200615:1830,0.0,0.0,0.0,0.0,26.61,2.28,0.0,2020-06-15 18:30:00+00:00,0.0,26.61,0.0,0.0
20200615:1930,0.0,0.0,0.0,0.0,26.71,2.41,0.0,2020-06-15 19:30:00+00:00,0.0,26.71,0.0,0.0
20200615:2030,0.0,0.0,0.0,0.0,26.32,2.55,0.0,2020-06-15 20:30:00+00:00,0.0,26.32,0.0,0.0
20200615:2130,0.0,0.0,0.0,0.0,25.5,2.14,0.0,2020-06-15 21:30:00+00:00,0.0,25.5,0.0,0.0
20200615:2230,0.0,0.0,0.0,0.0,25.57,1.86,0.0,2020-06-15 22:30:00+00:00,0.0,25.57,0.0,0.0
20200615:2330,0.0,2.7,0.0,1.22,25.68,1.93,0.0,2020-06-15 23:30:00+00:00,2.7,25.764375,0.26913319875,0.2610592027875
20200616:0030,0.95,24.55,0.0,13.97,25.86,2.14,0.0,2020-06-16 00:30:00+00:00,25.5,26.656875,2.53225486875,2.4562872226874997
20200616:0130,8.4,85.75,0.0,27.13,26.06,2.14,0.0,2020-06-16 01:30:00+00:00,94.15,29.002187499999998,9.2567414996875,8.979039254696875
20200616:0230,22.8,127.9,0.0,40.55,26.69,2.62,0.0,2020-06-16 02:30:00+00:00,150.70000000000002,31.399375000000003,14.664957958750001,14.2250092199875
20200616:0330,90.35,223.05,0.0,54.14,27.23,2.83,0.0,2020-06-16 03:30:00+00:00,313.4,37.02375,29.757337834999998,28.864617699949996
20200616:0430,203.7,238.0,0.0,67.85,28.27,2.48,0.0,2020-06-16 04:30:00+00:00,441.7,42.073125,41.00269628875,39.7726154000875
20200616:0530,126.9,307.15,0.0,81.61,29.68,2.62,0.0,2020-06-16 05:30:00+00:00,434.04999999999995,43.2440625,40.07908916218749,38.876716487321865
20200616:0630,274.5,331.45,0.0,84.59,30.32,3.1,0.0,2020-06-16 06:30:00+00:00,605.95,49.2559375,54.421888162187514,52.78923151732189
20200616:0730,204.75,249.6,0.0,70.82,31.08,2.76,0.0,2020-06-16 07:30:00+00:00,454.35,45.278437499999995,41.56532660718751,40.31836680897188
20200616:0830,47.45,175.2,0.0,57.1,30.83,3.17,0.0,2020-06-16 08:30:00+00:00,222.64999999999998,37.7878125,21.069173289687498,20.437098090996873
20200616:0930,12.45,133.9,0.0,43.48,28.47,2.62,0.0,2020-06-16 09:30:00+00:00,146.35,33.043437499999996,14.140594027187502,13.716376206371876
20200616:1030,42.25,113.55,0.0,30.02,28.22,2.83,0.0,2020-06-16 10:30:00+00:00,155.8,33.08875,15.050704555000001,14.59918341835
20200616:1130,11.85,30.05,0.0,16.79,28.14,2.62,0.0,2020-06-16 11:30:00+00:00,41.9,29.449375,4.11169989875,3.9883489017875005
20200616:1230,0.65,9.53,0.0,3.92,27.67,1.66,0.0,2020-06-16 12:30:00+00:00,10.18,27.988125,1.00522397275,0.9750672535675
20200616:1330,0.0,0.0,0.0,0.0,27.41,1.52,0.0,2020-06-16 13:30:00+00:00,0.0,27.41,0.0,0.0
20200616:1430,0.0,0.0,0.0,0.0,27.24,1.45,0.0,2020-06-16 14:30:00+00:00,0.0,27.24,0.0,0.0
20200616:1530,0.0,0.0,0.0,0.0,27.09,1.45,0.0,2020-06-16 15:30:00+00:00,0.0,27.09,0.0,0.0
20200616:1630,0.0,0.0,0.0,0.0,26.7,1.86,0.0,2020-06-16 16:30:00+00:00,0.0,26.7,0.0,0.0
20200616:1730,0.0,0.0,0.0,0.0,26.4,1.45,0.0,2020-06-16 17:30:00+00:00,0.0,26.4,0.0,0.0
20200616:1830,0.0,0.0,0.0,0.0,26.51,1.45,0.0,2020-06-16 18:30:00+00:00,0.0,26.51,0.0,0.0
20200616:1930,0.0,0.0,0.0,0.0,26.67,1.52,0.0,2020-06-16 19:30:00+00:00,0.0,26.67,0.0,0.0
20200616:2030,0.0,0.0,0.0,0.0,26.67,1.59,0.0,2020-06-16 20:30:00+00:00,0.0,26.67,0.0,0.0
20200616:2130,0.0,0.0,0.0,0.0,26.64,1.79,0.0,2020-06-16 21:30:00+00:00,0.0,26.64,0.0,0.0
20200616:2230,0.0,0.0,0.0,0.0,26.17,1.86,0.0,2020-06-16 22:30:00+00:00,0.0,26.17,0.0,0.0
20200616:2330,0.0,2.3,0.0,1.19,26.01,1.93,0.0,2020-06-16 23:30:00+00:00,2.3,26.081875,0.22895490875,0.2220862614875
20200617:0030,0.2,10.15,0.0,13.93,26.12,1.93,0.0,2020-06-17 00:30:00+00:00,10.35,26.4434375,1.0287253771875,0.997863615871875
20200617:0130,0.4,73.45,0.0,27.09,26.29,2.14,0.0,2020-06-17 01:30:00+00:00,73.85000000000001,28.5978125,7.273406649687502,7.055204450196876
20200617:0230,25.65,80.4,0.0,40.51,26.84,2.76,0.0,2020-06-17 02:30:00+00:00,106.05000000000001,30.154062500000002,10.3754329021875,10.064169915121875
20200617:0330,9.05,119.65,0.0,54.1,27.23,3.38,0.0,2020-06-17 03:30:00+00:00,128.70000000000002,31.251875000000002,12.532061148750001,12.1560993142875
20200617:0430,7.75,100.75,0.0,67.8,27.58,4.0,0.0,2020-06-17 04:30:00+00:00,108.5,30.970625,10.57791861875,10.2605810601875
20200617:0530,8.8,121.7,0.0,81.56,27.48,3.52,0.0,2020-06-17 05:30:00+00:00,130.5,31.558125,12.69054916875,12.309832693687499
20200617:0630,0.3,115.35,0.0,84.63,27.56,3.93,0.0,2020-06-17 06:30:00+00:00,115.64999999999999,31.174062499999998,11.265107262187499,10.927154044321874
20200617:0730,0.45,131.35,0.0,70.87,27.59,3.38,0.0,2020-06-17 07:30:00+00:00,131.79999999999998,31.70875,12.808630434999998,12.424371521949997
20200617:0830,1.6,113.75,0.0,57.15,27.91,3.93,0.0,2020-06-17 08:30:00+00:00,115.35,31.5146875,11.2193829346875,10.882801446646875
20200617:0930,0.2,76.0,0.0,43.53,28.35,3.93,0.0,2020-06-17 09:30:00+00:00,76.2,30.731250000000003,7.436577075,7.21347976275
20200617:1030,1.2,56.3,0.0,30.07,27.43,5.03,0.0,2020-06-17 10:30:00+00:00,57.5,29.226875,5.64792096875,5.4784833396875
20200617:1130,0.45,49.3,0.0,16.84,27.03,4.0,0.0,2020-06-17 11:30:00+00:00,49.75,28.5846875,4.9000979546875,4.753095016046875
20200617:1230,0.0,11.4,0.0,3.97,26.94,3.93,0.0,2020-06-17 12:30:00+00:00,11.4,27.29625,1.129005555,1.09513538835
20200617:1330,0.0,0.0,0.0,0.0,26.85,3.59,0.0,2020-06-17 13:30:00+00:00,0.0,26.85,0.0,0.0
20200617:1430,0.0,0.0,0.0,0.0,26.83,3.79,0.0,2020-06-17 14:30:00+00:00,0.0,26.83,0.0,0.0
20200617:1530,0.0,0.0,0.0,0.0,26.78,3.72,0.0,2020-06-17 15:30:00+00:00,0.0,26.78,0.0,0.0
20200617:1630,0.0,0.0,0.0,0.0,26.73,3.72,0.0,2020-06-17 16:30:00+00:00,0.0,26.73,0.0,0.0
20200617:1730,0.0,0.0,0.0,0.0,26.69,3.66,0.0,2020-06-17 17:30:00+00:00,0.0,26.69,0.0,0.0
20200617:1830,0.0,0.0,0.0,0.0,26.62,3.59,0.0,2020-06-17 18:30:00+00:00,0.0,26.62,0.0,0.0
20200617:1930,0.0,0.0,0.0,0.0,26.85,3.66,0.0,2020-06-17 19:30:00+00:00,0.0,26.85,0.0,0.0
20200617:2030,0.0,0.0,0.0,0.0,26.54,3.45,0.0,2020-06-17 20:30:00+00:00,0.0,26.54,0.0,0.0
20200617:2130,0.0,0.0,0.0,0.0,26.56,3.31,0.0,2020-06-17 21:30:00+00:00,0.0,26.56,0.0,0.0
20200617:2230,0.0,0.0,0.0,0.0,26.38,3.17,0.0,2020-06-17 22:30:00+00:00,0.0,26.38,0.0,0.0
20200617:2330,0.0,4.8,0.0,1.16,26.25,3.1,0.0,2020-06-17 23:30:00+00:00,4.8,26.4,0.4771776,0.46286227199999996
20200618:0030,8.7,36.35,0.0,13.9,26.18,3.03,0.0,2020-06-18 00:30:00+00:00,45.05,27.5878125,4.4560359996875,4.322354919696875
20200618:0130,42.9,138.25,0.0,27.05,26.56,3.45,0.0,2020-06-18 01:30:00+00:00,181.15,32.2209375,17.565609412187502,17.038641129821876
20200618:0230,96.0,218.2,0.0,40.47,27.57,4.28,0.0,2020-06-18 02:30:00+00:00,314.2,37.38875,29.785130995,28.89157706515
20200618:0330,271.5,258.95,0.0,54.06,28.82,3.79,0.0,2020-06-18 03:30:00+00:00,530.45,45.3965625,48.500870237187506,47.04584413007188
20200618:0430,425.55,236.9,0.0,67.75,30.05,3.31,0.0,2020-06-18 04:30:00+00:00,662.45,50.751562500000006,59.0801685171875,57.307763461671875
20200618:0530,403.15,227.4,0.0,81.51,31.57,3.1,0.0,2020-06-18 05:30:00+00:00,630.55,51.2746875,56.09664823468749,54.41374878764687
20200618:0630,0.0,90.8,0.0,84.68,32.1,2.9,0.0,2020-06-18 06:30:00+00:00,90.8,34.9375,8.701023499999998,8.439992794999998
20200618:0730,0.5,109.7,0.0,70.92,28.41,3.03,0.0,2020-06-18 07:30:00+00:00,110.2,31.85375,10.702781035000001,10.38169760395
20200618:0830,1.0,168.2,0.0,57.2,28.39,2.97,0.0,2020-06-18 08:30:00+00:00,169.2,33.6775,16.303342139999998,15.814241875799997
20200618:0930,1.2,97.85,0.0,43.59,28.65,3.31,0.0,2020-06-18 09:30:00+00:00,99.05,31.745312499999997,9.6243882546875,9.335656607046873
20200618:1030,0.6,70.4,0.0,30.12,28.47,3.1,0.0,2020-06-18 10:30:00+00:00,71.0,30.68875,6.930361475,6.722450630749999
20200618:1130,1.3,43.25,0.0,16.9,28.05,2.9,0.0,2020-06-18 11:30:00+00:00,44.55,29.4421875,4.3718822296875,4.240725762796875
20200618:1230,0.0,7.9,0.0,4.03,27.87,2.69,0.0,2020-06-18 12:30:00+00:00,7.9,28.116875,0.77965820875,0.7562684624875
20200618:1330,0.0,0.0,0.0,0.0,27.63,2.55,0.0,2020-06-18 13:30:00+00:00,0.0,27.63,0.0,0.0
20200618:1430,0.0,0.0,0.0,0.0,27.39,2.41,0.0,2020-06-18 14:30:00+00:00,0.0,27.39,0.0,0.0
20200618:1530,0.0,0.0,0.0,0.0,27.2,2.48,0.0,2020-06-18 15:30:00+00:00,0.0,27.2,0.0,0.0
20200618:1630,0.0,0.0,0.0,0.0,27.06,2.34,0.0,2020-06-18 16:30:00+00:00,0.0,27.06,0.0,0.0
20200618:1730,0.0,0.0,0.0,0.0,27.0,2.41,0.0,2020-06-18 17:30:00+00:00,0.0,27.0,0.0,0.0
20200618:1830,0.0,0.0,0.0,0.0,26.88,2.34,0.0,2020-06-18 18:30:00+00:00,0.0,26.88,0.0,0.0
20200618:1930,0.0,0.0,0.0,0.0,26.91,2.07,0.0,2020-06-18 19:30:00+00:00,0.0,26.91,0.0,0.0
20200618:2030,0.0,0.0,0.0,0.0,26.9,2.0,0.0,2020-06-18 20:30:00+00:00,0.0,26.9,0.0,0.0
20200618:2130,0.0,0.0,0.0,0.0,26.85,1.86,0.0,2020-06-18 21:30:00+00:00,0.0,26.85,0.0,0.0
20200618:2230,0.0,0.0,0.0,0.0,26.84,1.66,0.0,2020-06-18 22:30:00+00:00,0.0,26.84,0.0,0.0
20200618:2330,0.0,9.4,0.0,1.13,26.75,1.66,0.0,2020-06-18 23:30:00+00:00,9.4,27.04375,0.9319312750000001,0.90397333675
20200619:0030,51.75,67.7,0.0,13.86,26.76,1.52,0.0,2020-06-19 00:30:00+00:00,119.45,30.492812500000003,11.6694310896875,11.319348156996874
20200619:0130,157.55,123.65,0.0,27.01,27.74,1.86,0.0,2020-06-19 01:30:00+00:00,281.20000000000005,36.5275,26.758556140000003,25.9557994558
20200619:0230,180.85,177.4,0.0,40.42,28.87,2.0,0.0,2020-06-19 02:30:00+00:00,358.25,40.065312500000005,33.5581977546875,32.55145182204687
20200619:0330,394.2,214.65,0.0,54.01,29.66,1.79,0.0,2020-06-19 03:30:00+00:00,608.85,48.6865625,54.827943297187495,53.18310499827187
20200619:0430,321.2,236.45,0.0,67.71,31.43,1.86,0.0,2020-06-19 04:30:00+00:00,557.65,48.856562499999995,50.1774829271875,48.67215843937187
20200619:0530,468.45,238.4,0.0,81.46,31.99,1.79,0.0,2020-06-19 05:30:00+00:00,706.85,54.0790625,62.052095162187506,60.19053230732188
20200619:0630,385.15,248.4,0.0,84.73,32.91,1.72,0.0,2020-06-19 06:30:00+00:00,633.55,52.708437499999995,55.9820341571875,54.30257313247187
20200619:0730,169.75,244.3,0.0,70.97,32.34,2.9,0.0,2020-06-19 07:30:00+00:00,414.05,45.2790625,37.878450752187504,36.742097229621876
20200619:0830,57.7,207.6,0.0,57.26,30.22,3.72,0.0,2020-06-19 08:30:00+00:00,265.3,38.510625,25.024565098750006,24.273828145787505
20200619:0930,26.1,130.35,0.0,43.64,29.49,2.55,0.0,2020-06-19 09:30:00+00:00,156.45,34.379062499999996,15.028711182187498,14.577849846721874
20200619:1030,23.6,133.5,0.0,30.18,29.39,1.93,0.0,2020-06-19 10:30:00+00:00,157.1,34.299375,15.09640863875,14.643516379587501
20200619:1130,35.85,94.1,0.0,16.95,29.82,2.34,0.0,2020-06-19 11:30:00+00:00,129.95,33.8809375,12.510287312187497,12.134978692821871
20200619:1230,2.6,19.5,0.0,4.08,29.63,2.76,0.0,2020-06-19 12:30:00+00:00,22.1,30.320625,2.16061395875,2.0957955399875
20200619:1330,0.0,0.0,0.0,0.0,28.95,2.62,0.0,2020-06-19 13:30:00+00:00,0.0,28.95,0.0,0.0
20200619:1430,0.0,0.0,0.0,0.0,28.57,2.62,0.0,2020-06-19 14:30:00+00:00,0.0,28.57,0.0,0.0
20200619:1530,0.0,0.0,0.0,0.0,28.19,2.83,0.0,2020-06-19 15:30:00+00:00,0.0,28.19,0.0,0.0
20200619:1630,0.0,0.0,0.0,0.0,27.9,2.76,0.0,2020-06-19 16:30:00+00:00,0.0,27.9,0.0,0.0
20200619:1730,0.0,0.0,0.0,0.0,27.63,2.55,0.0,2020-06-19 17:30:00+00:00,0.0,27.63,0.0,0.0
20200619:1830,0.0,0.0,0.0,0.0,27.33,2.34,0.0,2020-06-19 18:30:00+00:00,0.0,27.33,0.0,0.0
20200619:1930,0.0,0.0,0.0,0.0,27.12,2.69,0.0,2020-06-19 19:30:00+00:00,0.0,27.12,0.0,0.0
20200619:2030,0.0,0.0,0.0,0.0,27.02,2.41,0.0,2020-06-19 20:30:00+00:00,0.0,27.02,0.0,0.0
20200619:2130,0.0,0.0,0.0,0.0,26.83,2.41,0.0,2020-06-19 21:30:00+00:00,0.0,26.83,0.0,0.0
20200619:2230,0.0,0.0,0.0,0.0,26.68,2.41,0.0,2020-06-19 22:30:00+00:00,0.0,26.68,0.0,0.0
20200619:2330,0.0,11.35,0.0,1.09,26.55,2.41,0.0,2020-06-19 23:30:00+00:00,11.35,26.9046875,1.1259203546874998,1.0921427440468747
20200620:0030,51.2,63.8,0.0,13.81,26.57,2.28,0.0,2020-06-20 00:30:00+00:00,115.0,30.16375,11.250590875,10.91307314875
20200620:0130,152.75,123.35,0.0,26.97,27.31,3.66,0.0,2020-06-20 01:30:00+00:00,276.1,35.938125,26.34159314875,25.5513453542875
20200620:0230,236.75,171.1,0.0,40.38,28.42,3.52,0.0,2020-06-20 02:30:00+00:00,407.85,41.1653125,38.0159304646875,36.87545255074687
20200620:0330,377.25,190.85,0.0,53.96,29.45,2.97,0.0,2020-06-20 03:30:00+00:00,568.1,47.203125,51.512289968750004,49.966921269687504
20200620:0430,308.8,297.4,0.0,67.66,30.46,2.69,0.0,2020-06-20 04:30:00+00:00,606.2,49.40375,54.406707635000004,52.77450640595
20200620:0530,264.6,391.6,0.0,81.41,31.46,2.76,0.0,2020-06-20 05:30:00+00:00,656.2,51.96625,58.187993635000005,56.44235382595
20200620:0630,455.3,257.3,0.0,84.78,32.01,2.76,0.0,2020-06-20 06:30:00+00:00,712.6,54.27875,62.497104355000005,60.622191224350004
20200620:0730,430.95,210.2,0.0,71.02,31.77,3.24,0.0,2020-06-20 07:30:00+00:00,641.15,51.8059375,56.896616732187496,55.18971823022187
20200620:0830,20.9,108.65,0.0,57.3,29.95,4.83,0.0,2020-06-20 08:30:00+00:00,129.55,33.9984375,12.4653860171875,12.091424436671875
20200620:0930,155.2,177.75,0.0,43.69,28.57,3.31,0.0,2020-06-20 09:30:00+00:00,332.95,38.9746875,31.340793674687493,30.40056986444687
20200620:1030,43.35,104.7,0.0,30.23,29.38,4.41,0.0,2020-06-20 10:30:00+00:00,148.05,34.0065625,14.244962937187502,13.817614049071876
20200620:1130,27.25,48.4,0.0,17.0,28.97,3.72,0.0,2020-06-20 11:30:00+00:00,75.65,31.334062499999998,7.363747832187501,7.142835397221876
20200620:1230,1.8,9.42,0.0,4.13,28.62,2.97,0.0,2020-06-20 12:30:00+00:00,11.22,28.970625000000002,1.10328882675,1.0701901619475
20200620:1330,0.0,0.0,0.0,0.0,28.1,2.69,0.0,2020-06-20 13:30:00+00:00,0.0,28.1,0.0,0.0
20200620:1430,0.0,0.0,0.0,0.0,27.7,2.76,0.0,2020-06-20 14:30:00+00:00,0.0,27.7,0.0,0.0
20200620:1530,0.0,0.0,0.0,0.0,27.38,2.62,0.0,2020-06-20 15:30:00+00:00,0.0,27.38,0.0,0.0
20200620:1630,0.0,0.0,0.0,0.0,27.2,2.41,0.0,2020-06-20 16:30:00+00:00,0.0,27.2,0.0,0.0
20200620:1730,0.0,0.0,0.0,0.0,27.05,2.41,0.0,2020-06-20 17:30:00+00:00,0.0,27.05,0.0,0.0
20200620:1830,0.0,0.0,0.0,0.0,26.58,2.41,0.0,2020-06-20 18:30:00+00:00,0.0,26.58,0.0,0.0
20200620:1930,0.0,0.0,0.0,0.0,26.79,2.48,0.0,2020-06-20 19:30:00+00:00,0.0,26.79,0.0,0.0
20200620:2030,0.0,0.0,0.0,0.0,26.6,2.21,0.0,2020-06-20 20:30:00+00:00,0.0,26.6,0.0,0.0
20200620:2130,0.0,0.0,0.0,0.0,26.25,2.28,0.0,2020-06-20 21:30:00+00:00,0.0,26.25,0.0,0.0
20200620:2230,0.0,0.0,0.0,0.0,26.12,2.28,0.0,2020-06-20 22:30:00+00:00,0.0,26.12,0.0,0.0
20200620:2330,0.0,6.05,0.0,1.06,25.92,2.28,0.0,2020-06-20 23:30:00+00:00,6.05,26.1090625,0.6021818721875,0.5841164160218749
20200621:0030,40.55,53.1,0.0,13.77,25.79,2.14,0.0,2020-06-21 00:30:00+00:00,93.65,28.7165625,9.218816447187502,8.942251953771876
20200621:0130,124.95,106.6,0.0,26.92,26.34,2.41,0.0,2020-06-21 01:30:00+00:00,231.55,33.5759375,22.320981502187504,21.65135205712188
20200621:0230,225.55,160.7,0.0,40.33,27.45,2.83,0.0,2020-06-21 02:30:00+00:00,386.25,39.5203125,36.269442304687495,35.18135903554687
20200621:0330,174.85,229.2,0.0,53.92,28.76,2.9,0.0,2020-06-21 03:30:00+00:00,404.04999999999995,41.3865625,37.6241839571875,36.49545843847187
20200621:0430,334.8,229.7,0.0,67.61,29.44,3.38,0.0,2020-06-21 04:30:00+00:00,564.5,47.080625,51.214904618750005,49.678457480187504
20200621:0530,269.6,190.5,0.0,81.36,29.67,4.14,0.0,2020-06-21 05:30:00+00:00,460.1,44.048125,42.329102228749996,41.059229161887494
20200621:0630,250.65,311.8,0.0,84.82,28.73,4.07,0.0,2020-06-21 06:30:00+00:00,562.45,46.3065625,51.211772047187495,49.67541888577187
20200621:0730,131.15,189.65,0.0,71.07,29.56,4.41,0.0,2020-06-21 07:30:00+00:00,320.8,39.585,30.114875440000006,29.211429176800007
20200621:0830,63.65,186.3,0.0,57.35,28.54,4.55,0.0,2020-06-21 08:30:00+00:00,249.95000000000002,36.3509375,23.8033899321875,23.089288234221875
20200621:0930,143.9,224.35,0.0,43.74,28.53,3.52,0.0,2020-06-21 09:30:00+00:00,368.25,40.0378125,34.499176729687505,33.46420142779688
20200621:1030,104.25,122.25,0.0,30.27,29.13,3.52,0.0,2020-06-21 10:30:00+00:00,226.5,36.208124999999995,21.583771068750004,20.936257936687504
20200621:1130,66.0,69.9,0.0,17.05,29.15,3.31,0.0,2020-06-21 11:30:00+00:00,135.9,33.396875,13.110723168749999,12.717401473687499
20200621:1230,6.6,13.97,0.0,4.18,27.97,2.9,0.0,2020-06-21 12:30:00+00:00,20.57,28.6128125,2.0257874676874996,1.9650138436568745
20200621:1330,0.0,0.0,0.0,0.0,27.4,2.69,0.0,2020-06-21 13:30:00+00:00,0.0,27.4,0.0,0.0
20200621:1430,0.0,0.0,0.0,0.0,27.21,2.9,0.0,2020-06-21 14:30:00+00:00,0.0,27.21,0.0,0.0
20200621:1530,0.0,0.0,0.0,0.0,27.06,3.03,0.0,2020-06-21 15:30:00+00:00,0.0,27.06,0.0,0.0
20200621:1630,0.0,0.0,0.0,0.0,27.0,2.97,0.0,2020-06-21 16:30:00+00:00,0.0,27.0,0.0,0.0
20200621:1730,0.0,0.0,0.0,0.0,26.88,2.83,0.0,2020-06-21 17:30:00+00:00,0.0,26.88,0.0,0.0
20200621:1830,0.0,0.0,0.0,0.0,26.55,2.97,0.0,2020-06-21 18:30:00+00:00,0.0,26.55,0.0,0.0
20200621:1930,0.0,0.0,0.0,0.0,26.78,2.9,0.0,2020-06-21 19:30:00+00:00,0.0,26.78,0.0,0.0
20200621:2030,0.0,0.0,0.0,0.0,26.78,2.83,0.0,2020-06-21 20:30:00+00:00,0.0,26.78,0.0,0.0
20200621:2130,0.0,0.0,0.0,0.0,26.33,2.55,0.0,2020-06-21 21:30:00+00:00,0.0,26.33,0.0,0.0
20200621:2230,0.0,0.0,0.0,0.0,26.24,2.48,0.0,2020-06-21 22:30:00+00:00,0.0,26.24,0.0,0.0
20200621:2330,0.0,8.6,0.0,1.01,26.06,2.28,0.0,2020-06-21 23:30:00+00:00,8.6,26.32875,0.8552005549999999,0.8295445383499999
20200622:0030,22.4,51.65,0.0,13.72,25.87,2.34,0.0,2020-06-22 00:30:00+00:00,74.05,28.1840625,7.3059724721874995,7.086793298021874
20200622:0130,94.85,117.4,0.0,26.87,26.63,2.48,0.0,2020-06-22 01:30:00+00:00,212.25,33.262812499999995,20.488411579687497,19.873759232296873
20200622:0230,141.75,169.05,0.0,40.28,27.85,4.34,0.0,2020-06-22 02:30:00+00:00,310.8,37.5625,29.4401415,28.556937254999998
20200622:0330,299.4,194.4,0.0,53.87,28.72,4.48,0.0,2020-06-22 03:30:00+00:00,493.79999999999995,44.15125,45.408107355,44.04586413435
20200622:0430,504.45,202.5,0.0,67.56,29.88,4.55,0.0,2020-06-22 04:30:00+00:00,706.95,51.972187500000004,62.68644505968751,60.80585170789688
20200622:0530,493.1,237.4,0.0,81.32,31.23,4.41,0.0,2020-06-22 05:30:00+00:00,730.5,54.058125000000004,64.13467666875,62.2106363686875
20200622:0630,574.15,224.5,0.0,84.87,31.0,4.83,0.0,2020-06-22 06:30:00+00:00,798.65,55.9578125,69.4807280796875,67.39630623729687
20200622:0730,538.85,171.4,0.0,71.12,32.04,4.9,0.0,2020-06-22 07:30:00+00:00,710.25,54.2353125,62.303960104687505,60.434841301546875
20200622:0830,348.7,199.9,0.0,57.4,31.8,5.17,0.0,2020-06-22 08:30:00+00:00,548.6,48.94375,49.343072675,47.86278049475
20200622:0930,267.75,140.3,0.0,43.78,30.86,4.76,0.0,2020-06-22 09:30:00+00:00,408.05,43.6115625,37.6153318071875,36.48687185297187
20200622:1030,178.55,104.75,0.0,30.32,30.94,5.52,0.0,2020-06-22 10:30:00+00:00,283.3,39.793125,26.56982522875,25.7727304718875
20200622:1130,67.55,66.5,0.0,17.09,30.35,4.48,0.0,2020-06-22 11:30:00+00:00,134.05,34.5390625,12.867941242187502,12.481903004921877
20200622:1230,7.7,16.07,0.0,4.22,29.75,4.07,0.0,2020-06-22 12:30:00+00:00,23.77,30.4928125,2.3221630556874997,2.252498164016875
20200622:1330,0.0,0.0,0.0,0.0,29.09,3.86,0.0,2020-06-22 13:30:00+00:00,0.0,29.09,0.0,0.0
20200622:1430,0.0,0.0,0.0,0.0,28.35,3.72,0.0,2020-06-22 14:30:00+00:00,0.0,28.35,0.0,0.0
20200622:1530,0.0,0.0,0.0,0.0,27.95,3.24,0.0,2020-06-22 15:30:00+00:00,0.0,27.95,0.0,0.0
20200622:1630,0.0,0.0,0.0,0.0,27.69,2.97,0.0,2020-06-22 16:30:00+00:00,0.0,27.69,0.0,0.0
20200622:1730,0.0,0.0,0.0,0.0,27.46,2.83,0.0,2020-06-22 17:30:00+00:00,0.0,27.46,0.0,0.0
20200622:1830,0.0,0.0,0.0,0.0,27.26,2.83,0.0,2020-06-22 18:30:00+00:00,0.0,27.26,0.0,0.0
20200622:1930,0.0,0.0,0.0,0.0,27.39,3.31,0.0,2020-06-22 19:30:00+00:00,0.0,27.39,0.0,0.0
20200622:2030,0.0,0.0,0.0,0.0,27.16,3.59,0.0,2020-06-22 20:30:00+00:00,0.0,27.16,0.0,0.0
20200622:2130,0.0,0.0,0.0,0.0,26.81,3.17,0.0,2020-06-22 21:30:00+00:00,0.0,26.81,0.0,0.0
20200622:2230,0.0,0.0,0.0,0.0,26.64,2.62,0.0,2020-06-22 22:30:00+00:00,0.0,26.64,0.0,0.0
20200622:2330,0.0,8.0,0.0,0.97,26.73,3.03,0.0,2020-06-22 23:30:00+00:00,8.0,26.98,0.7933472,0.769546784
20200623:0030,10.75,39.9,0.0,13.68,26.55,3.72,0.0,2020-06-23 00:30:00+00:00,50.65,28.1328125,4.9983556796875,4.848405009296875
20200623:0130,95.4,126.55,0.0,26.82,26.78,2.97,0.0,2020-06-23 01:30:00+00:00,221.95,33.7159375,21.3825090221875,20.741033751521872
20200623:0230,188.0,162.75,0.0,40.23,27.86,4.07,0.0,2020-06-23 02:30:00+00:00,350.75,38.8209375,33.0389685921875,32.04779953442188
20200623:0330,321.2,227.3,0.0,53.82,28.9,3.86,0.0,2020-06-23 03:30:00+00:00,548.5,46.040625,50.00287121875,48.5027850821875
20200623:0430,443.6,291.15,0.0,67.51,30.04,3.72,0.0,2020-06-23 04:30:00+00:00,734.75,53.0009375,64.8340506921875,62.889029171421875
20200623:0530,351.85,354.5,0.0,81.27,31.21,3.72,0.0,2020-06-23 05:30:00+00:00,706.35,53.283437500000005,62.24423744718751,60.37691032377188
20200623:0630,383.5,278.2,0.0,84.92,31.73,3.72,0.0,2020-06-23 06:30:00+00:00,661.7,52.408125,58.552898348750006,56.79631139828751
20200623:0730,312.95,228.35,0.0,71.16,31.36,4.0,0.0,2020-06-23 07:30:00+00:00,541.3,48.275625,48.83837975875,47.3732283659875
20200623:0830,285.05,188.6,0.0,57.45,31.42,3.86,0.0,2020-06-23 08:30:00+00:00,473.65,46.221562500000005,43.14333090718749,41.849030979971864
20200623:0930,183.35,181.35,0.0,43.83,31.4,4.28,0.0,2020-06-23 09:30:00+00:00,364.7,42.796875,33.74398146875,32.7316620246875
20200623:1030,149.3,135.45,0.0,30.37,31.17,4.07,0.0,2020-06-23 10:30:00+00:00,284.75,40.0684375,26.6728902171875,25.872703510671876
20200623:1130,67.8,70.55,0.0,17.14,30.86,3.59,0.0,2020-06-23 11:30:00+00:00,138.35,35.1834375,13.243270997187501,12.845972867271875
20200623:1230,8.2,19.57,0.0,4.26,30.23,3.17,0.0,2020-06-23 12:30:00+00:00,27.77,31.0978125,2.7058787736875,2.624702410476875
20200623:1330,0.0,0.0,0.0,0.0,29.48,2.9,0.0,2020-06-23 13:30:00+00:00,0.0,29.48,0.0,0.0
20200623:1430,0.0,0.0,0.0,0.0,28.88,2.97,0.0,2020-06-23 14:30:00+00:00,0.0,28.88,0.0,0.0
20200623:1530,0.0,0.0,0.0,0.0,28.63,2.97,0.0,2020-06-23 15:30:00+00:00,0.0,28.63,0.0,0.0
20200623:1630,0.0,0.0,0.0,0.0,28.29,2.83,0.0,2020-06-23 16:30:00+00:00,0.0,28.29,0.0,0.0
20200623:1730,0.0,0.0,0.0,0.0,28.0,2.69,0.0,2020-06-23 17:30:00+00:00,0.0,28.0,0.0,0.0
20200623:1830,0.0,0.0,0.0,0.0,27.63,2.62,0.0,2020-06-23 18:30:00+00:00,0.0,27.63,0.0,0.0
20200623:1930,0.0,0.0,0.0,0.0,27.55,2.76,0.0,2020-06-23 19:30:00+00:00,0.0,27.55,0.0,0.0
20200623:2030,0.0,0.0,0.0,0.0,27.48,2.69,0.0,2020-06-23 20:30:00+00:00,0.0,27.48,0.0,0.0
20200623:2130,0.0,0.0,0.0,0.0,27.36,2.48,0.0,2020-06-23 21:30:00+00:00,0.0,27.36,0.0,0.0
20200623:2230,0.0,0.0,0.0,0.0,27.28,2.34,0.0,2020-06-23 22:30:00+00:00,0.0,27.28,0.0,0.0
20200623:2330,0.0,9.4,0.0,0.92,27.09,2.34,0.0,2020-06-23 23:30:00+00:00,9.4,27.38375,0.930588955,0.90267128635
20200624:0030,27.65,68.75,0.0,13.62,27.1,2.14,0.0,2020-06-24 00:30:00+00:00,96.4,30.1125,9.4330051,9.150014947
20200624:0130,153.4,116.25,0.0,26.77,27.84,2.83,0.0,2020-06-24 01:30:00+00:00,269.65,36.2665625,25.689027997187498,24.918357157271874
20200624:0230,301.75,148.25,0.0,40.18,29.02,3.31,0.0,2020-06-24 02:30:00+00:00,450.0,43.082499999999996,41.5824075,40.334935275
20200624:0330,347.0,207.95,0.0,53.77,30.19,3.31,0.0,2020-06-24 03:30:00+00:00,554.95,47.532187500000006,50.243220269687505,48.73592366159688
20200624:0430,553.95,179.9,0.0,67.46,31.06,3.45,0.0,2020-06-24 04:30:00+00:00,733.85,53.9928125,64.4489223096875,62.515454640396875
20200624:0530,658.95,187.9,0.0,81.22,31.9,3.45,0.0,2020-06-24 05:30:00+00:00,846.85,58.3640625,72.8181703421875,70.63362523192187
20200624:0630,657.0,180.7,0.0,84.97,32.58,3.45,0.0,2020-06-24 06:30:00+00:00,837.7,58.758125,71.89274384874999,69.73596153328748
20200624:0730,641.95,158.25,0.0,71.21,33.18,4.07,0.0,2020-06-24 07:30:00+00:00,800.2,58.18625,68.86663235500001,66.80063338435001
20200624:0830,526.2,165.1,0.0,57.49,33.29,4.34,0.0,2020-06-24 08:30:00+00:00,691.3000000000001,54.893125,60.45065072875,58.637131206887496
20200624:0930,371.3,123.95,0.0,43.87,33.02,4.69,0.0,2020-06-24 09:30:00+00:00,495.25,48.4965625,44.6375975171875,43.298469591671875
20200624:1030,147.0,111.35,0.0,30.41,32.31,4.55,0.0,2020-06-24 10:30:00+00:00,258.35,40.3834375,24.165789347187502,23.440815666771876
20200624:1130,72.6,70.15,0.0,17.18,31.36,4.0,0.0,2020-06-24 11:30:00+00:00,142.75,35.8209375,13.626230692187498,13.217443771421873
20200624:1230,11.4,17.7,0.0,4.3,30.69,3.79,0.0,2020-06-24 12:30:00+00:00,29.1,31.599375000000002,2.82934243875,2.7444621655874997
20200624:1330,0.0,0.0,0.0,0.0,29.85,3.38,0.0,2020-06-24 13:30:00+00:00,0.0,29.85,0.0,0.0
20200624:1430,0.0,0.0,0.0,0.0,29.22,3.31,0.0,2020-06-24 14:30:00+00:00,0.0,29.22,0.0,0.0
20200624:1530,0.0,0.0,0.0,0.0,28.7,3.31,0.0,2020-06-24 15:30:00+00:00,0.0,28.7,0.0,0.0
20200624:1630,0.0,0.0,0.0,0.0,28.34,3.24,0.0,2020-06-24 16:30:00+00:00,0.0,28.34,0.0,0.0
20200624:1730,0.0,0.0,0.0,0.0,28.15,3.1,0.0,2020-06-24 17:30:00+00:00,0.0,28.15,0.0,0.0
20200624:1830,0.0,0.0,0.0,0.0,27.92,3.17,0.0,2020-06-24 18:30:00+00:00,0.0,27.92,0.0,0.0
20200624:1930,0.0,0.0,0.0,0.0,27.86,2.9,0.0,2020-06-24 19:30:00+00:00,0.0,27.86,0.0,0.0
20200624:2030,0.0,0.0,0.0,0.0,27.75,3.38,0.0,2020-06-24 20:30:00+00:00,0.0,27.75,0.0,0.0
20200624:2130,0.0,0.0,0.0,0.0,27.76,3.72,0.0,2020-06-24 21:30:00+00:00,0.0,27.76,0.0,0.0
20200624:2230,0.0,0.0,0.0,0.0,27.74,3.45,0.0,2020-06-24 22:30:00+00:00,0.0,27.74,0.0,0.0
20200624:2330,0.0,12.15,0.0,0.87,27.65,3.1,0.0,2020-06-24 23:30:00+00:00,12.15,28.029687499999998,1.1995395046875001,1.163553319546875
20200625:0030,34.5,81.55,0.0,13.57,27.66,3.17,0.0,2020-06-25 00:30:00+00:00,116.05,31.2865625,11.298586657187501,10.959629057471876
20200625:0130,131.1,153.05,0.0,26.72,28.27,3.31,0.0,2020-06-25 01:30:00+00:00,284.15,37.1496875,26.965019844687497,26.15606924934687
20200625:0230,235.05,211.75,0.0,40.13,29.22,4.48,0.0,2020-06-25 02:30:00+00:00,446.8,43.1825,41.26794478,40.0299064366
20200625:0330,429.15,207.0,0.0,53.72,30.22,4.41,0.0,2020-06-25 03:30:00+00:00,636.15,50.0996875,56.9087901946875,55.20152648884687
20200625:0430,526.3,255.15,0.0,67.41,31.31,4.55,0.0,2020-06-25 04:30:00+00:00,781.4499999999999,55.7303125,68.0590348646875,66.01726381874688
20200625:0530,626.4,198.75,0.0,81.17,32.25,4.62,0.0,2020-06-25 05:30:00+00:00,825.15,58.0359375,71.0659663921875,68.93398740042188
20200625:0630,500.85,215.55,0.0,85.02,32.93,4.55,0.0,2020-06-25 06:30:00+00:00,716.4000000000001,55.3175,62.51782806,60.642293218199995
20200625:0730,510.55,234.6,0.0,71.26,32.9,4.62,0.0,2020-06-25 07:30:00+00:00,745.15,56.185937499999994,64.75495544218751,62.81230677892188
20200625:0830,460.3,171.75,0.0,57.54,33.07,4.62,0.0,2020-06-25 08:30:00+00:00,632.05,52.8215625,55.819460197187496,54.14487639127187
20200625:0930,312.3,148.45,0.0,43.92,32.89,4.69,0.0,2020-06-25 09:30:00+00:00,460.75,47.2884375,41.761853017187505,40.508997426671876
20200625:1030,193.9,152.55,0.0,30.45,32.35,4.83,0.0,2020-06-25 10:30:00+00:00,346.45000000000005,43.1765625,32.0001465671875,31.040142170171872
20200625:1130,65.7,94.05,0.0,17.22,31.84,4.34,0.0,2020-06-25 11:30:00+00:00,159.75,36.8321875,15.1811193796875,14.725685798296874
20200625:1230,3.35,23.58,0.0,4.33,30.89,4.14,0.0,2020-06-25 12:30:00+00:00,26.93,31.7315625,2.6168619891875,2.538356129511875
20200625:1330,0.0,0.0,0.0,0.0,29.99,4.21,0.0,2020-06-25 13:30:00+00:00,0.0,29.99,0.0,0.0
20200625:1430,0.0,0.0,0.0,0.0,29.3,4.28,0.0,2020-06-25 14:30:00+00:00,0.0,29.3,0.0,0.0
20200625:1530,0.0,0.0,0.0,0.0,28.79,4.0,0.0,2020-06-25 15:30:00+00:00,0.0,28.79,0.0,0.0
20200625:1630,0.0,0.0,0.0,0.0,28.52,3.72,0.0,2020-06-25 16:30:00+00:00,0.0,28.52,0.0,0.0
20200625:1730,0.0,0.0,0.0,0.0,28.32,3.86,0.0,2020-06-25 17:30:00+00:00,0.0,28.32,0.0,0.0
20200625:1830,0.0,0.0,0.0,0.0,28.18,3.93,0.0,2020-06-25 18:30:00+00:00,0.0,28.18,0.0,0.0
20200625:1930,0.0,0.0,0.0,0.0,27.96,3.72,0.0,2020-06-25 19:30:00+00:00,0.0,27.96,0.0,0.0
20200625:2030,0.0,0.0,0.0,0.0,27.88,3.72,0.0,2020-06-25 20:30:00+00:00,0.0,27.88,0.0,0.0
20200625:2130,0.0,0.0,0.0,0.0,27.87,3.66,0.0,2020-06-25 21:30:00+00:00,0.0,27.87,0.0,0.0
20200625:2230,0.0,0.0,0.0,0.0,27.72,3.66,0.0,2020-06-25 22:30:00+00:00,0.0,27.72,0.0,0.0
20200625:2330,0.0,9.7,0.0,0.82,27.64,3.59,0.0,2020-06-25 23:30:00+00:00,9.7,27.943125000000002,0.9580097087499999,0.9292694174874999
20200626:0030,16.55,78.15,0.0,13.52,27.68,3.45,0.0,2020-06-26 00:30:00+00:00,94.7,30.639375,9.245699498750001,8.968328513787501
20200626:0130,75.4,163.2,0.0,26.67,28.13,3.03,0.0,2020-06-26 01:30:00+00:00,238.6,35.58625,22.799130714999997,22.115156793549996
20200626:0230,263.45,196.8,0.0,40.08,28.99,4.97,0.0,2020-06-26 02:30:00+00:00,460.25,43.372812499999995,42.4734434796875,41.19924017529687
20200626:0330,358.35,203.85,0.0,53.67,30.07,5.24,0.0,2020-06-26 03:30:00+00:00,562.2,47.63875,50.87444779500001,49.348214361150006
20200626:0430,556.05,209.05,0.0,67.37,31.01,4.97,0.0,2020-06-26 04:30:00+00:00,765.0999999999999,54.919375,66.89564819875,64.88877875278749
20200626:0530,569.05,210.4,0.0,81.12,32.08,5.17,0.0,2020-06-26 05:30:00+00:00,779.4499999999999,56.43781249999999,67.65323475968749,65.62363771689687
20200626:0630,621.15,178.5,0.0,85.07,32.77,5.31,0.0,2020-06-26 06:30:00+00:00,799.65,57.7590625,68.9627705821875,66.89388746472187
20200626:0730,362.4,201.85,0.0,71.3,32.91,5.31,0.0,2020-06-26 07:30:00+00:00,564.25,50.5428125,50.37173657968751,48.86058448229688
20200626:0830,414.5,156.8,0.0,57.58,32.69,5.1,0.0,2020-06-26 08:30:00+00:00,571.3,50.543124999999996,51.00102932875,49.4709984488875
20200626:0930,288.3,163.45,0.0,43.96,32.65,5.03,0.0,2020-06-26 09:30:00+00:00,451.75,46.7671875,41.0450026796875,39.81365259929687
20200626:1030,87.1,120.85,0.0,30.49,31.54,4.14,0.0,2020-06-26 10:30:00+00:00,207.95,38.0384375,19.6562359071875,19.066548829971875
20200626:1130,42.3,76.55,0.0,17.25,30.91,3.72,0.0,2020-06-26 11:30:00+00:00,118.85,34.6240625,11.404595672187499,11.062457802021873
20200626:1230,3.2,15.59,0.0,4.37,30.42,3.52,0.0,2020-06-26 12:30:00+00:00,18.79,31.0071875,1.8315924776874997,1.7766447033568746
20200626:1330,0.0,0.0,0.0,0.0,29.89,3.38,0.0,2020-06-26 13:30:00+00:00,0.0,29.89,0.0,0.0
20200626:1430,0.0,0.0,0.0,0.0,29.5,3.59,0.0,2020-06-26 14:30:00+00:00,0.0,29.5,0.0,0.0
20200626:1530,0.0,0.0,0.0,0.0,29.25,4.0,0.0,2020-06-26 15:30:00+00:00,0.0,29.25,0.0,0.0
20200626:1630,0.0,0.0,0.0,0.0,29.02,4.07,0.0,2020-06-26 16:30:00+00:00,0.0,29.02,0.0,0.0
20200626:1730,0.0,0.0,0.0,0.0,28.85,4.14,0.0,2020-06-26 17:30:00+00:00,0.0,28.85,0.0,0.0
20200626:1830,0.0,0.0,0.0,0.0,28.7,4.28,0.0,2020-06-26 18:30:00+00:00,0.0,28.7,0.0,0.0
20200626:1930,0.0,0.0,0.0,0.0,28.57,4.07,0.0,2020-06-26 19:30:00+00:00,0.0,28.57,0.0,0.0
20200626:2030,0.0,0.0,0.0,0.0,28.26,3.93,0.0,2020-06-26 20:30:00+00:00,0.0,28.26,0.0,0.0
20200626:2130,0.0,0.0,0.0,0.0,27.96,3.86,0.0,2020-06-26 21:30:00+00:00,0.0,27.96,0.0,0.0
20200626:2230,0.0,0.0,0.0,0.0,27.67,3.79,0.0,2020-06-26 22:30:00+00:00,0.0,27.67,0.0,0.0
20200626:2330,0.0,9.0,0.0,0.76,27.26,3.79,0.0,2020-06-26 23:30:00+00:00,9.0,27.54125,0.8903940749999999,0.8636822527499999
20200627:0030,4.5,60.25,0.0,13.46,27.17,3.72,0.0,2020-06-27 00:30:00+00:00,64.75,29.1934375,6.3609594671875005,6.170130683171875
20200627:0130,30.75,128.0,0.0,26.61,27.35,3.72,0.0,2020-06-27 01:30:00+00:00,158.75,32.3109375,15.3875432421875,14.925916944921873
20200627:0230,57.7,205.4,0.0,40.03,28.1,3.31,0.0,2020-06-27 02:30:00+00:00,263.1,36.321875000000006,25.05891016875,24.3071428636875
20200627:0330,58.35,197.55,0.0,53.62,28.95,3.72,0.0,2020-06-27 03:30:00+00:00,255.9,36.946875,24.305973768750004,23.576794555687503
20200627:0430,27.25,156.25,0.0,67.32,29.27,3.38,0.0,2020-06-27 04:30:00+00:00,183.5,35.004374999999996,17.578962818750004,17.051593934187505
20200627:0530,45.15,194.55,0.0,81.08,29.01,2.97,0.0,2020-06-27 05:30:00+00:00,239.70000000000002,36.500625,22.812186078750003,22.127820496387503
20200627:0630,63.8,288.3,0.0,85.12,29.16,3.24,0.0,2020-06-27 06:30:00+00:00,352.1,40.163125,32.96764674875,31.9786173462875
20200627:0730,19.25,241.25,0.0,71.35,30.95,3.79,0.0,2020-06-27 07:30:00+00:00,260.5,39.090625,24.508344718750003,23.7730943771875
20200627:0830,1.4,156.3,0.0,57.63,31.19,3.86,0.0,2020-06-27 08:30:00+00:00,157.70000000000002,36.118125,15.033602108750001,14.5825940454875
20200627:0930,9.65,181.55,0.0,44.0,30.58,3.45,0.0,2020-06-27 09:30:00+00:00,191.20000000000002,36.555,18.192087280000003,17.6463246616
20200627:1030,1.9,145.95,0.0,30.53,30.34,3.79,0.0,2020-06-27 10:30:00+00:00,147.85,34.9603125,14.166494474687498,13.741499640446873
20200627:1130,7.0,99.35,0.0,17.29,29.94,3.59,0.0,2020-06-27 11:30:00+00:00,106.35,33.2634375,10.2658970371875,9.957920126071874
20200627:1230,2.25,20.92,0.0,4.4,29.62,4.0,0.0,2020-06-27 12:30:00+00:00,23.17,30.3440625,2.2649947901875,2.197044946481875
20200627:1330,0.0,0.0,0.0,0.0,29.2,3.86,0.0,2020-06-27 13:30:00+00:00,0.0,29.2,0.0,0.0
20200627:1430,0.0,0.0,0.0,0.0,28.86,3.66,0.0,2020-06-27 14:30:00+00:00,0.0,28.86,0.0,0.0
20200627:1530,0.0,0.0,0.0,0.0,28.69,3.52,0.0,2020-06-27 15:30:00+00:00,0.0,28.69,0.0,0.0
20200627:1630,0.0,0.0,0.0,0.0,28.58,3.31,0.0,2020-06-27 16:30:00+00:00,0.0,28.58,0.0,0.0
20200627:1730,0.0,0.0,0.0,0.0,28.44,3.17,0.0,2020-06-27 17:30:00+00:00,0.0,28.44,0.0,0.0
20200627:1830,0.0,0.0,0.0,0.0,28.18,2.97,0.0,2020-06-27 18:30:00+00:00,0.0,28.18,0.0,0.0
20200627:1930,0.0,0.0,0.0,0.0,27.56,3.1,0.0,2020-06-27 19:30:00+00:00,0.0,27.56,0.0,0.0
20200627:2030,0.0,0.0,0.0,0.0,27.55,3.45,0.0,2020-06-27 20:30:00+00:00,0.0,27.55,0.0,0.0
20200627:2130,0.0,0.0,0.0,0.0,27.52,3.72,0.0,2020-06-27 21:30:00+00:00,0.0,27.52,0.0,0.0
20200627:2230,0.0,0.0,0.0,0.0,27.47,3.72,0.0,2020-06-27 22:30:00+00:00,0.0,27.47,0.0,0.0
20200627:2330,0.0,8.55,0.0,0.7,27.4,3.59,0.0,2020-06-27 23:30:00+00:00,8.55,27.667187499999997,0.8454221296875,0.8200594657968749
20200628:0030,16.6,76.1,0.0,13.4,27.39,2.97,0.0,2020-06-28 00:30:00+00:00,92.69999999999999,30.286875000000002,9.06416080875,8.7922359844875
20200628:0130,43.35,100.2,0.0,26.56,27.65,1.86,0.0,2020-06-28 01:30:00+00:00,143.55,32.1359375,13.9247671921875,13.507024176421876
20200628:0230,54.25,154.55,0.0,39.97,28.08,1.66,0.0,2020-06-28 02:30:00+00:00,208.8,34.605,20.037679920000002,19.4365495224
20200628:0330,43.75,183.85,0.0,53.56,28.57,2.0,0.0,2020-06-28 03:30:00+00:00,227.6,35.6825,21.738838459999997,21.086673306199994
20200628:0430,103.65,328.35,0.0,67.27,29.02,1.79,0.0,2020-06-28 04:30:00+00:00,432.0,42.519999999999996,40.021171200000005,38.820536064
20200628:0530,184.4,364.65,0.0,81.03,30.01,1.79,0.0,2020-06-28 05:30:00+00:00,549.05,47.1678125,49.79308026968749,48.299287861596866
20200628:0630,270.9,349.8,0.0,85.17,31.01,1.86,0.0,2020-06-28 06:30:00+00:00,620.7,50.406875,55.44658012875,53.783182724887496
20200628:0730,134.9,313.7,0.0,71.39,31.68,2.0,0.0,2020-06-28 07:30:00+00:00,448.6,45.698750000000004,40.960107115,39.73130390155
20200628:0830,59.4,245.85,0.0,57.67,31.61,1.93,0.0,2020-06-28 08:30:00+00:00,305.25,41.1490625,28.4546094421875,27.600971158921876
20200628:0930,14.35,185.5,0.0,44.04,29.73,3.1,0.0,2020-06-28 09:30:00+00:00,199.85,35.9753125,19.063765194687498,18.491852238846874
20200628:1030,7.05,118.75,0.0,30.56,28.62,2.62,0.0,2020-06-28 10:30:00+00:00,125.8,32.55125,12.181022155,11.81559149035
20200628:1130,7.55,76.0,0.0,17.32,28.63,2.41,0.0,2020-06-28 11:30:00+00:00,83.55,31.240937499999998,8.1359992621875,7.891919284321875
20200628:1230,1.0,17.53,0.0,4.42,28.52,2.28,0.0,2020-06-28 12:30:00+00:00,18.53,29.0990625,1.8210986361875003,1.7664656771018752
20200628:1330,0.0,0.0,0.0,0.0,28.24,2.14,0.0,2020-06-28 13:30:00+00:00,0.0,28.24,0.0,0.0
20200628:1430,0.0,0.0,0.0,0.0,28.05,2.34,0.0,2020-06-28 14:30:00+00:00,0.0,28.05,0.0,0.0
20200628:1530,0.0,0.0,0.0,0.0,27.21,2.48,0.0,2020-06-28 15:30:00+00:00,0.0,27.21,0.0,0.0
20200628:1630,0.0,0.0,0.0,0.0,26.78,1.93,0.0,2020-06-28 16:30:00+00:00,0.0,26.78,0.0,0.0
20200628:1730,0.0,0.0,0.0,0.0,26.31,1.93,0.0,2020-06-28 17:30:00+00:00,0.0,26.31,0.0,0.0
20200628:1830,0.0,0.0,0.0,0.0,26.14,2.07,0.0,2020-06-28 18:30:00+00:00,0.0,26.14,0.0,0.0
20200628:1930,0.0,0.0,0.0,0.0,25.59,2.07,0.0,2020-06-28 19:30:00+00:00,0.0,25.59,0.0,0.0
20200628:2030,0.0,0.0,0.0,0.0,25.57,2.21,0.0,2020-06-28 20:30:00+00:00,0.0,25.57,0.0,0.0
20200628:2130,0.0,0.0,0.0,0.0,25.67,1.79,0.0,2020-06-28 21:30:00+00:00,0.0,25.67,0.0,0.0
20200628:2230,0.0,0.0,0.0,0.0,25.75,1.66,0.0,2020-06-28 22:30:00+00:00,0.0,25.75,0.0,0.0
20200628:2330,0.0,4.8,0.0,0.64,25.84,1.86,0.0,2020-06-28 23:30:00+00:00,4.8,25.99,0.47800416,0.4636640352
20200629:0030,1.35,30.05,0.0,13.34,26.01,1.72,0.0,2020-06-29 00:30:00+00:00,31.400000000000002,26.99125,3.1137393950000005,3.0203272131500003
20200629:0130,2.7,61.65,0.0,26.5,26.51,2.07,0.0,2020-06-29 01:30:00+00:00,64.35,28.520937500000002,6.339839622187499,6.149644433521874
20200629:0230,51.6,137.35,0.0,39.92,26.8,1.72,0.0,2020-06-29 02:30:00+00:00,188.95,32.7046875,18.283563704687502,17.735056793546878
20200629:0330,40.85,172.4,0.0,53.51,27.55,1.93,0.0,2020-06-29 03:30:00+00:00,213.25,34.2140625,20.4997424921875,19.884750217421875
20200629:0430,134.55,246.3,0.0,67.22,28.07,1.52,0.0,2020-06-29 04:30:00+00:00,380.85,39.971562500000005,35.6901937771875,34.619487963871876
20200629:0530,137.9,232.6,0.0,80.98,29.01,1.52,0.0,2020-06-29 05:30:00+00:00,370.5,40.588125000000005,34.62433186875,33.585601912687494
20200629:0630,160.35,248.75,0.0,85.21,29.56,1.52,0.0,2020-06-29 06:30:00+00:00,409.1,42.344375,37.92985479875,36.7919591547875
20200629:0730,16.55,94.2,0.0,71.44,30.8,2.69,0.0,2020-06-29 07:30:00+00:00,110.75,34.2609375,10.6442274921875,10.324900667421876
20200629:0830,13.45,139.35,0.0,57.71,28.24,2.83,0.0,2020-06-29 08:30:00+00:00,152.79999999999998,33.015,14.76562936,14.3226604792
20200629:0930,37.15,197.55,0.0,44.07,27.88,2.48,0.0,2020-06-29 09:30:00+00:00,234.70000000000002,35.214375,22.463128198750002,21.789234352787503
20200629:1030,5.15,117.9,0.0,30.59,28.21,2.28,0.0,2020-06-29 10:30:00+00:00,123.05000000000001,32.0553125,11.940374394687503,11.582163162846877
20200629:1130,11.85,82.15,0.0,17.35,28.24,1.86,0.0,2020-06-29 11:30:00+00:00,94.0,31.1775,9.1561123,8.881428931
20200629:1230,2.6,19.69,0.0,4.44,28.47,2.0,0.0,2020-06-29 12:30:00+00:00,22.290000000000003,29.166562499999998,2.1899934751875008,2.1242936709318756
20200629:1330,0.0,0.0,0.0,0.0,27.91,2.0,0.0,2020-06-29 13:30:00+00:00,0.0,27.91,0.0,0.0
20200629:1430,0.0,0.0,0.0,0.0,27.55,1.86,0.0,2020-06-29 14:30:00+00:00,0.0,27.55,0.0,0.0
20200629:1530,0.0,0.0,0.0,0.0,27.37,1.86,0.0,2020-06-29 15:30:00+00:00,0.0,27.37,0.0,0.0
20200629:1630,0.0,0.0,0.0,0.0,27.2,1.79,0.0,2020-06-29 16:30:00+00:00,0.0,27.2,0.0,0.0
20200629:1730,0.0,0.0,0.0,0.0,26.94,1.86,0.0,2020-06-29 17:30:00+00:00,0.0,26.94,0.0,0.0
20200629:1830,0.0,0.0,0.0,0.0,26.71,1.79,0.0,2020-06-29 18:30:00+00:00,0.0,26.71,0.0,0.0
20200629:1930,0.0,0.0,0.0,0.0,26.37,1.72,0.0,2020-06-29 19:30:00+00:00,0.0,26.37,0.0,0.0
20200629:2030,0.0,0.0,0.0,0.0,26.34,1.86,0.0,2020-06-29 20:30:00+00:00,0.0,26.34,0.0,0.0
20200629:2130,0.0,0.0,0.0,0.0,26.3,1.72,0.0,2020-06-29 21:30:00+00:00,0.0,26.3,0.0,0.0
20200629:2230,0.0,0.0,0.0,0.0,26.27,1.66,0.0,2020-06-29 22:30:00+00:00,0.0,26.27,0.0,0.0
20200629:2330,0.0,9.3,0.0,0.58,26.12,1.59,0.0,2020-06-29 23:30:00+00:00,9.3,26.410625,0.92449009875,0.8967553957875
20200630:0030,38.4,55.25,0.0,13.28,26.18,1.52,0.0,2020-06-30 00:30:00+00:00,93.65,29.1065625,9.203476577187502,8.927372279871877
20200630:0130,139.75,102.8,0.0,26.44,26.99,1.45,0.0,2020-06-30 01:30:00+00:00,242.55,34.5696875,23.2801263646875,22.581722573746877
20200630:0230,279.4,145.6,0.0,39.86,28.15,1.86,0.0,2020-06-30 02:30:00+00:00,425.0,41.43125,39.567021875,38.38001121875
20200630:0330,475.65,158.85,0.0,53.46,29.55,2.0,0.0,2020-06-30 03:30:00+00:00,634.5,49.378125,56.95347346875,55.244869264687495
20200630:0430,555.6,193.45,0.0,67.17,30.79,2.14,0.0,2020-06-30 04:30:00+00:00,749.05,54.1978125,65.7193389896875,63.747758819996875
20200630:0530,591.95,233.25,0.0,80.94,31.75,2.14,0.0,2020-06-30 05:30:00+00:00,825.2,57.5375,71.24302310000002,69.10573240700002
20200630:0630,600.15,220.35,0.0,85.26,32.62,2.28,0.0,2020-06-30 06:30:00+00:00,820.5,58.260625,70.58805601875,68.4704143381875
20200630:0730,402.6,212.65,0.0,71.48,32.77,2.55,0.0,2020-06-30 07:30:00+00:00,615.25,51.9965625,54.5489532671875,52.912484669171874
20200630:0830,343.65,170.9,0.0,57.75,32.83,2.21,0.0,2020-06-30 08:30:00+00:00,514.55,48.9096875,46.2878535246875,44.899217918946874
20200630:0930,240.95,124.85,0.0,44.11,32.34,2.41,0.0,2020-06-30 09:30:00+00:00,365.79999999999995,43.77125,33.696060235,32.68517842795
20200630:1030,39.25,98.5,0.0,30.62,30.51,2.76,0.0,2020-06-30 10:30:00+00:00,137.75,34.814687500000005,13.2071712546875,12.810956117046874
20200630:1130,48.75,57.9,0.0,17.37,29.86,2.41,0.0,2020-06-30 11:30:00+00:00,106.65,33.1928125,10.298019349687502,9.989078769196876
20200630:1230,9.25,15.43,0.0,4.46,29.59,2.07,0.0,2020-06-30 12:30:00+00:00,24.68,30.36125,2.412427427,2.3400546041899997
20200630:1330,0.0,0.0,0.0,0.0,29.14,1.86,0.0,2020-06-30 13:30:00+00:00,0.0,29.14,0.0,0.0
20200630:1430,0.0,0.0,0.0,0.0,28.71,2.14,0.0,2020-06-30 14:30:00+00:00,0.0,28.71,0.0,0.0
20200630:1530,0.0,0.0,0.0,0.0,28.46,2.62,0.0,2020-06-30 15:30:00+00:00,0.0,28.46,0.0,0.0
20200630:1630,0.0,0.0,0.0,0.0,28.21,2.97,0.0,2020-06-30 16:30:00+00:00,0.0,28.21,0.0,0.0
20200630:1730,0.0,0.0,0.0,0.0,27.96,2.9,0.0,2020-06-30 17:30:00+00:00,0.0,27.96,0.0,0.0
20200630:1830,0.0,0.0,0.0,0.0,27.75,2.69,0.0,2020-06-30 18:30:00+00:00,0.0,27.75,0.0,0.0
20200630:1930,0.0,0.0,0.0,0.0,27.75,2.76,0.0,2020-06-30 19:30:00+00:00,0.0,27.75,0.0,0.0
20200630:2030,0.0,0.0,0.0,0.0,27.69,2.76,0.0,2020-06-30 20:30:00+00:00,0.0,27.69,0.0,0.0
20200630:2130,0.0,0.0,0.0,0.0,27.41,2.48,0.0,2020-06-30 21:30:00+00:00,0.0,27.41,0.0,0.0
20200630:2230,0.0,0.0,0.0,0.0,27.18,2.34,0.0,2020-06-30 22:30:00+00:00,0.0,27.18,0.0,0.0
20200630:2330,0.0,8.4,0.0,0.52,26.96,2.34,0.0,2020-06-30 23:30:00+00:00,8.4,27.2225,0.8321590200000001,0.8071942494000001
20200701:0030,44.7,63.0,0.0,13.22,26.92,2.21,0.0,2020-07-01 00:30:00+00:00,107.7,30.285625000000003,10.53091003875,10.2149827375875
20200701:0130,137.0,132.4,0.0,26.38,27.73,3.17,0.0,2020-07-01 01:30:00+00:00,269.4,36.14875,25.678541234999997,24.908184997949995
20200701:0230,227.45,179.05,0.0,39.81,28.8,3.31,0.0,2020-07-01 02:30:00+00:00,406.5,41.503125,37.83242146875,36.6974488246875
20200701:0330,458.8,181.3,0.0,53.41,29.78,2.76,0.0,2020-07-01 03:30:00+00:00,640.1,49.783125,57.347255108750005,55.626837455487504
20200701:0430,579.7,203.35,0.0,67.12,30.93,2.69,0.0,2020-07-01 04:30:00+00:00,783.0500000000001,55.4003125,68.30691482468751,66.25770737994688
20200701:0530,675.05,204.05,0.0,80.89,31.95,2.83,0.0,2020-07-01 05:30:00+00:00,879.0999999999999,59.421875,75.20068646874998,72.94466587468747
20200701:0630,600.65,213.6,0.0,85.3,32.83,3.1,0.0,2020-07-01 06:30:00+00:00,814.25,58.2753125,70.0453422546875,67.94398198704687
20200701:0730,527.85,153.4,0.0,71.52,33.36,3.24,0.0,2020-07-01 07:30:00+00:00,681.25,54.6490625,59.6416619921875,57.852412132421875
20200701:0830,499.45,157.35,0.0,57.78,33.4,3.31,0.0,2020-07-01 08:30:00+00:00,656.8,53.925,57.700865199999996,55.96983924399999
20200701:0930,339.3,138.25,0.0,44.14,32.9,3.24,0.0,2020-07-01 09:30:00+00:00,477.55,47.8234375,43.1772803171875,41.88196190767188
20200701:1030,115.55,113.25,0.0,30.65,31.21,3.24,0.0,2020-07-01 10:30:00+00:00,228.8,38.36,21.59615744,20.9482727168
20200701:1130,67.25,67.0,0.0,17.39,30.74,2.69,0.0,2020-07-01 11:30:00+00:00,134.25,34.935312499999995,12.8647974046875,12.478853482546874
20200701:1230,4.8,16.92,0.0,4.48,30.27,2.62,0.0,2020-07-01 12:30:00+00:00,21.720000000000002,30.94875,2.1177331230000003,2.0542011293100004
20200701:1330,0.0,0.0,0.0,0.0,29.6,3.03,0.0,2020-07-01 13:30:00+00:00,0.0,29.6,0.0,0.0
20200701:1430,0.0,0.0,0.0,0.0,29.19,3.24,0.0,2020-07-01 14:30:00+00:00,0.0,29.19,0.0,0.0
20200701:1530,0.0,0.0,0.0,0.0,28.82,2.97,0.0,2020-07-01 15:30:00+00:00,0.0,28.82,0.0,0.0
20200701:1630,0.0,0.0,0.0,0.0,28.47,2.9,0.0,2020-07-01 16:30:00+00:00,0.0,28.47,0.0,0.0
20200701:1730,0.0,0.0,0.0,0.0,28.24,2.76,0.0,2020-07-01 17:30:00+00:00,0.0,28.24,0.0,0.0
20200701:1830,0.0,0.0,0.0,0.0,27.96,2.69,0.0,2020-07-01 18:30:00+00:00,0.0,27.96,0.0,0.0
20200701:1930,0.0,0.0,0.0,0.0,28.18,2.97,0.0,2020-07-01 19:30:00+00:00,0.0,28.18,0.0,0.0
20200701:2030,0.0,0.0,0.0,0.0,28.02,3.03,0.0,2020-07-01 20:30:00+00:00,0.0,28.02,0.0,0.0
20200701:2130,0.0,0.0,0.0,0.0,27.9,3.17,0.0,2020-07-01 21:30:00+00:00,0.0,27.9,0.0,0.0
20200701:2230,0.0,0.0,0.0,0.0,27.73,3.03,0.0,2020-07-01 22:30:00+00:00,0.0,27.73,0.0,0.0
20200701:2330,0.0,8.55,0.0,0.45,27.59,2.69,0.0,2020-07-01 23:30:00+00:00,8.55,27.8571875,0.8447398396875,0.819397644496875
20200702:0030,37.85,72.75,0.0,13.15,27.59,2.55,0.0,2020-07-02 00:30:00+00:00,110.6,31.04625,10.779139594999998,10.455765407149999
20200702:0130,163.1,123.7,0.0,26.32,28.24,3.1,0.0,2020-07-02 01:30:00+00:00,286.8,37.2025,27.21013566,26.393831590199998
20200702:0230,254.7,171.05,0.0,39.75,29.41,3.86,0.0,2020-07-02 02:30:00+00:00,425.75,42.7146875,39.407348154687504,38.22512771004688
20200702:0330,427.7,191.8,0.0,53.35,30.41,3.1,0.0,2020-07-02 03:30:00+00:00,619.5,49.769375,55.50525631875001,53.84009862918751
20200702:0430,574.35,185.5,0.0,67.07,31.48,2.55,0.0,2020-07-02 04:30:00+00:00,759.85,55.2253125,66.3389844446875,64.34881491134686
20200702:0530,631.25,204.8,0.0,80.85,32.36,2.14,0.0,2020-07-02 05:30:00+00:00,836.05,58.4865625,71.84649495718749,69.69110010847186
20200702:0630,600.7,188.25,0.0,85.35,33.16,2.14,0.0,2020-07-02 06:30:00+00:00,788.95,57.8146875,68.0215579646875,65.98091122574688
20200702:0730,551.65,191.15,0.0,71.56,33.69,2.9,0.0,2020-07-02 07:30:00+00:00,742.8,56.902499999999996,64.32718565999998,62.397370090199985
20200702:0830,462.0,176.3,0.0,57.82,33.77,2.97,0.0,2020-07-02 08:30:00+00:00,638.3,53.716875,56.13140784875,54.4474656132875
20200702:0930,359.75,120.4,0.0,44.17,33.49,3.17,0.0,2020-07-02 09:30:00+00:00,480.15,48.4946875,43.276990834687496,41.97868110964687
20200702:1030,148.5,112.7,0.0,30.68,32.24,3.45,0.0,2020-07-02 10:30:00+00:00,261.2,40.4025,24.430284139999998,23.6973756158
20200702:1130,71.0,87.7,0.0,17.41,31.47,3.45,0.0,2020-07-02 11:30:00+00:00,158.7,36.429375,15.108186438749998,14.654940845587499
20200702:1230,3.15,20.17,0.0,4.49,30.93,3.1,0.0,2020-07-02 12:30:00+00:00,23.32,31.65875,2.2667815389999997,2.1987780928299996
20200702:1330,0.0,0.0,0.0,0.0,30.21,2.9,0.0,2020-07-02 13:30:00+00:00,0.0,30.21,0.0,0.0
20200702:1430,0.0,0.0,0.0,0.0,29.82,3.1,0.0,2020-07-02 14:30:00+00:00,0.0,29.82,0.0,0.0
20200702:1530,0.0,0.0,0.0,0.0,29.42,3.24,0.0,2020-07-02 15:30:00+00:00,0.0,29.42,0.0,0.0
20200702:1630,0.0,0.0,0.0,0.0,29.07,3.1,0.0,2020-07-02 16:30:00+00:00,0.0,29.07,0.0,0.0
20200702:1730,0.0,0.0,0.0,0.0,28.74,3.1,0.0,2020-07-02 17:30:00+00:00,0.0,28.74,0.0,0.0
20200702:1830,0.0,0.0,0.0,0.0,28.47,3.03,0.0,2020-07-02 18:30:00+00:00,0.0,28.47,0.0,0.0
20200702:1930,0.0,0.0,0.0,0.0,28.41,2.83,0.0,2020-07-02 19:30:00+00:00,0.0,28.41,0.0,0.0
20200702:2030,0.0,0.0,0.0,0.0,28.21,2.34,0.0,2020-07-02 20:30:00+00:00,0.0,28.21,0.0,0.0
20200702:2130,0.0,0.0,0.0,0.0,27.97,2.14,0.0,2020-07-02 21:30:00+00:00,0.0,27.97,0.0,0.0
20200702:2230,0.0,0.0,0.0,0.0,27.64,2.14,0.0,2020-07-02 22:30:00+00:00,0.0,27.64,0.0,0.0
20200702:2330,0.0,9.35,0.0,0.38,27.47,2.14,0.0,2020-07-02 23:30:00+00:00,9.35,27.7621875,0.9241528896875,0.8964283029968749
20200703:0030,37.55,69.0,0.0,13.09,27.41,1.86,0.0,2020-07-03 00:30:00+00:00,106.55,30.7396875,10.3981432446875,10.086198947346874
20200703:0130,128.2,130.65,0.0,26.26,28.22,2.21,0.0,2020-07-03 01:30:00+00:00,258.85,36.309062499999996,24.6555126521875,23.915847272621875
20200703:0230,234.7,176.35,0.0,39.69,29.29,2.34,0.0,2020-07-03 02:30:00+00:00,411.04999999999995,42.1353125,38.146742514687496,37.00234023924687
20200703:0330,335.05,242.25,0.0,53.3,30.38,2.34,0.0,2020-07-03 03:30:00+00:00,577.3,48.420625,52.05129473874999,50.48975589658749
20200703:0430,435.0,257.9,0.0,67.02,31.42,2.69,0.0,2020-07-03 04:30:00+00:00,692.9,53.073125000000005,61.12021530874999,59.28660884948749
20200703:0530,562.4,196.65,0.0,80.8,32.18,2.69,0.0,2020-07-03 05:30:00+00:00,759.05,55.9003125,66.0539494746875,64.07233099044687
20200703:0630,328.55,317.1,0.0,85.39,32.51,2.83,0.0,2020-07-03 06:30:00+00:00,645.6500000000001,52.6865625,57.05715178718751,55.34543723357188
20200703:0730,416.3,216.15,0.0,71.59,32.71,3.1,0.0,2020-07-03 07:30:00+00:00,632.45,52.4740625,55.9470922521875,54.26867948462188
20200703:0830,254.35,206.35,0.0,57.85,32.43,3.24,0.0,2020-07-03 08:30:00+00:00,460.7,46.826875,41.84663064875,40.5912317292875
20200703:0930,285.7,154.1,0.0,44.2,31.39,3.03,0.0,2020-07-03 09:30:00+00:00,439.79999999999995,45.13375,40.260974235,39.05314500795
20200703:1030,165.8,120.65,0.0,30.7,31.22,3.24,0.0,2020-07-03 10:30:00+00:00,286.45000000000005,40.1715625,26.819724487187504,26.015132752571876
20200703:1130,72.55,74.6,0.0,17.43,30.92,3.1,0.0,2020-07-03 11:30:00+00:00,147.14999999999998,35.518437500000005,14.064929007187498,13.642981136971873
20200703:1230,4.65,23.11,0.0,4.5,30.45,2.34,0.0,2020-07-03 12:30:00+00:00,27.759999999999998,31.3175,2.702343004,2.62127271388
20200703:1330,0.0,0.0,0.0,0.0,29.77,2.21,0.0,2020-07-03 13:30:00+00:00,0.0,29.77,0.0,0.0
20200703:1430,0.0,0.0,0.0,0.0,29.27,2.55,0.0,2020-07-03 14:30:00+00:00,0.0,29.27,0.0,0.0
20200703:1530,0.0,0.0,0.0,0.0,28.96,2.69,0.0,2020-07-03 15:30:00+00:00,0.0,28.96,0.0,0.0
20200703:1630,0.0,0.0,0.0,0.0,28.57,2.62,0.0,2020-07-03 16:30:00+00:00,0.0,28.57,0.0,0.0
20200703:1730,0.0,0.0,0.0,0.0,28.22,2.55,0.0,2020-07-03 17:30:00+00:00,0.0,28.22,0.0,0.0
20200703:1830,0.0,0.0,0.0,0.0,27.93,2.41,0.0,2020-07-03 18:30:00+00:00,0.0,27.93,0.0,0.0
20200703:1930,0.0,0.0,0.0,0.0,27.92,1.66,0.0,2020-07-03 19:30:00+00:00,0.0,27.92,0.0,0.0
20200703:2030,0.0,0.0,0.0,0.0,27.55,1.1,0.0,2020-07-03 20:30:00+00:00,0.0,27.55,0.0,0.0
20200703:2130,0.0,0.0,0.0,0.0,27.25,1.24,0.0,2020-07-03 21:30:00+00:00,0.0,27.25,0.0,0.0
20200703:2230,0.0,0.0,0.0,0.0,26.91,1.52,0.0,2020-07-03 22:30:00+00:00,0.0,26.91,0.0,0.0
20200703:2330,0.0,7.2,0.0,0.31,26.82,1.79,0.0,2020-07-03 23:30:00+00:00,7.2,27.045,0.71381592,0.6924014424
20200704:0030,30.8,51.95,0.0,13.02,26.89,1.93,0.0,2020-07-04 00:30:00+00:00,82.75,29.4759375,8.1194387921875,7.875855628421875
20200704:0130,153.65,104.8,0.0,26.2,27.59,2.48,0.0,2020-07-04 01:30:00+00:00,258.45,35.6665625,24.687155307187503,23.946540647971876
20200704:0230,253.8,166.15,0.0,39.64,28.72,3.31,0.0,2020-07-04 02:30:00+00:00,419.95000000000005,41.8434375,39.024171337187504,37.853446197071875
20200704:0330,299.95,205.0,0.0,53.25,29.62,3.17,0.0,2020-07-04 03:30:00+00:00,504.95,45.3996875,46.16865467468751,44.78359503444688
20200704:0430,395.35,251.8,0.0,66.97,30.38,2.69,0.0,2020-07-04 04:30:00+00:00,647.1500000000001,50.6034375,57.755908877187515,56.02323161087189
20200704:0530,374.1,246.95,0.0,80.76,31.28,2.62,0.0,2020-07-04 05:30:00+00:00,621.05,50.6878125,55.404565299687505,53.742428340696875
20200704:0630,135.4,286.85,0.0,85.43,31.68,2.76,0.0,2020-07-04 06:30:00+00:00,422.25,44.8753125,38.7002127046875,37.53920632354688
20200704:0730,100.85,223.45,0.0,71.63,29.26,3.79,0.0,2020-07-04 07:30:00+00:00,324.29999999999995,39.394375,30.46939975875,29.5553177659875
20200704:0830,44.25,191.95,0.0,57.88,28.97,2.9,0.0,2020-07-04 08:30:00+00:00,236.2,36.35125,22.493910595000003,21.819093277150003
20200704:0930,55.55,271.6,0.0,44.23,28.79,2.76,0.0,2020-07-04 09:30:00+00:00,327.15000000000003,39.0134375,30.789511647187503,29.86582629777188
20200704:1030,39.5,150.65,0.0,30.72,29.5,2.34,0.0,2020-07-04 10:30:00+00:00,190.15,35.4421875,18.181055579687502,17.635623912296875
20200704:1130,16.1,84.8,0.0,17.44,29.61,2.76,0.0,2020-07-04 11:30:00+00:00,100.9,32.763125,9.76101428875,9.4681838600875
20200704:1230,0.8,11.86,0.0,4.51,28.38,2.69,0.0,2020-07-04 12:30:00+00:00,12.66,28.775624999999998,1.24592424675,1.2085465193475
20200704:1330,0.0,0.0,0.0,0.0,27.63,2.28,0.0,2020-07-04 13:30:00+00:00,0.0,27.63,0.0,0.0
20200704:1430,0.0,0.0,0.0,0.0,27.26,2.34,0.0,2020-07-04 14:30:00+00:00,0.0,27.26,0.0,0.0
20200704:1530,0.0,0.0,0.0,0.0,27.06,2.21,0.0,2020-07-04 15:30:00+00:00,0.0,27.06,0.0,0.0
20200704:1630,0.0,0.0,0.0,0.0,26.93,2.07,0.0,2020-07-04 16:30:00+00:00,0.0,26.93,0.0,0.0
20200704:1730,0.0,0.0,0.0,0.0,26.84,2.21,0.0,2020-07-04 17:30:00+00:00,0.0,26.84,0.0,0.0
20200704:1830,0.0,0.0,0.0,0.0,26.78,2.62,0.0,2020-07-04 18:30:00+00:00,0.0,26.78,0.0,0.0
20200704:1930,0.0,0.0,0.0,0.0,26.82,2.34,0.0,2020-07-04 19:30:00+00:00,0.0,26.82,0.0,0.0
20200704:2030,0.0,0.0,0.0,0.0,26.27,2.07,0.0,2020-07-04 20:30:00+00:00,0.0,26.27,0.0,0.0
20200704:2130,0.0,0.0,0.0,0.0,26.34,2.07,0.0,2020-07-04 21:30:00+00:00,0.0,26.34,0.0,0.0
20200704:2230,0.0,0.0,0.0,0.0,26.37,1.93,0.0,2020-07-04 22:30:00+00:00,0.0,26.37,0.0,0.0
20200704:2330,0.0,2.55,0.0,0.24,26.24,1.93,0.0,2020-07-04 23:30:00+00:00,2.55,26.319687499999997,0.25358661468749993,0.24597901624687493
20200705:0030,4.0,42.45,0.0,12.95,26.28,2.0,0.0,2020-07-05 00:30:00+00:00,46.45,27.731562500000003,4.5917099471875,4.4539586487718745
20200705:0130,23.3,98.5,0.0,26.14,26.65,2.41,0.0,2020-07-05 01:30:00+00:00,121.8,30.456249999999997,11.900880075,11.54385367275
20200705:0230,47.35,171.4,0.0,39.58,27.33,2.28,0.0,2020-07-05 02:30:00+00:00,218.75,34.1659375,21.0328794921875,20.401893107421877
20200705:0330,270.8,230.6,0.0,53.2,28.14,2.28,0.0,2020-07-05 03:30:00+00:00,501.4,43.80875,46.179102955,44.79372986635
20200705:0430,274.95,280.15,0.0,66.92,29.52,2.41,0.0,2020-07-05 04:30:00+00:00,555.0999999999999,46.86687499999999,50.41191302874999,48.899555637887495
20200705:0530,127.1,324.35,0.0,80.71,30.36,2.83,0.0,2020-07-05 05:30:00+00:00,451.45000000000005,44.4678125,41.453727539687506,40.21011571349688
20200705:0630,33.7,265.9,0.0,85.46,30.83,3.17,0.0,2020-07-05 06:30:00+00:00,299.59999999999997,40.192499999999995,28.048297339999998,27.206848419799996
20200705:0730,332.65,263.85,0.0,71.66,29.0,3.79,0.0,2020-07-05 07:30:00+00:00,596.5,47.640625,53.97784421875001,52.35850889218751
20200705:0830,254.55,222.0,0.0,57.91,29.96,3.66,0.0,2020-07-05 08:30:00+00:00,476.55,44.8521875,43.6815648196875,42.37111787509688
20200705:0930,158.4,187.75,0.0,44.25,30.01,3.86,0.0,2020-07-05 09:30:00+00:00,346.15,40.8271875,32.31399599968749,31.344576119696868
20200705:1030,6.75,90.5,0.0,30.74,28.48,4.21,0.0,2020-07-05 10:30:00+00:00,97.25,31.5190625,9.4587288921875,9.174967025421875
20200705:1130,2.05,76.6,0.0,17.45,27.94,3.1,0.0,2020-07-05 11:30:00+00:00,78.64999999999999,30.3978125,7.6866940596875,7.456093237896876
20200705:1230,4.15,21.31,0.0,4.51,27.83,3.38,0.0,2020-07-05 12:30:00+00:00,25.46,28.625625,2.50723046675,2.4320135527474998
20200705:1330,0.0,0.0,0.0,0.0,27.63,2.97,0.0,2020-07-05 13:30:00+00:00,0.0,27.63,0.0,0.0
20200705:1430,0.0,0.0,0.0,0.0,27.31,3.03,0.0,2020-07-05 14:30:00+00:00,0.0,27.31,0.0,0.0
20200705:1530,0.0,0.0,0.0,0.0,27.25,3.1,0.0,2020-07-05 15:30:00+00:00,0.0,27.25,0.0,0.0
20200705:1630,0.0,0.0,0.0,0.0,27.16,3.03,0.0,2020-07-05 16:30:00+00:00,0.0,27.16,0.0,0.0
20200705:1730,0.0,0.0,0.0,0.0,26.71,3.66,0.0,2020-07-05 17:30:00+00:00,0.0,26.71,0.0,0.0
20200705:1830,0.0,0.0,0.0,0.0,26.01,3.24,0.0,2020-07-05 18:30:00+00:00,0.0,26.01,0.0,0.0
20200705:1930,0.0,0.0,0.0,0.0,26.57,3.24,0.0,2020-07-05 19:30:00+00:00,0.0,26.57,0.0,0.0
20200705:2030,0.0,0.0,0.0,0.0,26.62,2.97,0.0,2020-07-05 20:30:00+00:00,0.0,26.62,0.0,0.0
20200705:2130,0.0,0.0,0.0,0.0,26.63,3.03,0.0,2020-07-05 21:30:00+00:00,0.0,26.63,0.0,0.0
20200705:2230,0.0,0.0,0.0,0.0,26.52,3.1,0.0,2020-07-05 22:30:00+00:00,0.0,26.52,0.0,0.0
20200705:2330,0.0,4.05,0.0,0.16,26.41,3.03,0.0,2020-07-05 23:30:00+00:00,4.05,26.5365625,0.4023863071875,0.390314717971875
20200706:0030,14.0,40.5,0.0,12.88,26.44,3.03,0.0,2020-07-06 00:30:00+00:00,54.5,28.143125,5.37805386875,5.2167122526875005
20200706:0130,61.95,98.35,0.0,26.07,26.77,2.9,0.0,2020-07-06 01:30:00+00:00,160.3,31.779375,15.57357179875,15.1063646447875
20200706:0230,124.95,149.45,0.0,39.52,27.5,4.21,0.0,2020-07-06 02:30:00+00:00,274.4,36.075,26.1636284,25.378719548
20200706:0330,212.5,235.15,0.0,53.14,28.3,4.69,0.0,2020-07-06 03:30:00+00:00,447.65,42.2890625,41.5144314921875,40.26899854742187
20200706:0430,356.7,224.25,0.0,66.87,29.39,4.83,0.0,2020-07-06 04:30:00+00:00,580.95,47.5446875,52.5941187946875,51.01629523084688
20200706:0530,385.2,282.3,0.0,80.67,30.35,4.41,0.0,2020-07-06 05:30:00+00:00,667.5,51.209375,59.40220171875,57.6201356671875
20200706:0630,191.55,315.3,0.0,85.5,31.32,4.69,0.0,2020-07-06 06:30:00+00:00,506.85,47.159062500000005,45.9678452521875,44.588809894621875
20200706:0730,76.2,237.35,0.0,71.7,30.03,4.55,0.0,2020-07-06 07:30:00+00:00,313.55,39.8284375,29.4022282371875,28.520161390071873
20200706:0830,10.15,273.5,0.0,57.94,29.71,4.14,0.0,2020-07-06 08:30:00+00:00,283.65,38.5740625,26.747881212187494,25.94544477582187
20200706:0930,41.7,183.6,0.0,44.27,29.54,4.21,0.0,2020-07-06 09:30:00+00:00,225.3,36.580625,21.434171778750002,20.7911466253875
20200706:1030,83.1,141.3,0.0,30.75,28.57,4.41,0.0,2020-07-06 10:30:00+00:00,224.4,35.5825,21.44262054,20.7993419238
20200706:1130,47.7,76.9,0.0,17.46,28.61,4.48,0.0,2020-07-06 11:30:00+00:00,124.60000000000001,32.50375,12.067313755,11.705294342350001
20200706:1230,5.05,16.55,0.0,4.51,28.58,3.45,0.0,2020-07-06 12:30:00+00:00,21.6,29.255,2.1213986400000002,2.0577566808000003
20200706:1330,0.0,0.0,0.0,0.0,28.27,3.17,0.0,2020-07-06 13:30:00+00:00,0.0,28.27,0.0,0.0
20200706:1430,0.0,0.0,0.0,0.0,27.77,2.9,0.0,2020-07-06 14:30:00+00:00,0.0,27.77,0.0,0.0
20200706:1530,0.0,0.0,0.0,0.0,27.36,2.34,0.0,2020-07-06 15:30:00+00:00,0.0,27.36,0.0,0.0
20200706:1630,0.0,0.0,0.0,0.0,27.17,2.07,0.0,2020-07-06 16:30:00+00:00,0.0,27.17,0.0,0.0
20200706:1730,0.0,0.0,0.0,0.0,27.03,2.48,0.0,2020-07-06 17:30:00+00:00,0.0,27.03,0.0,0.0
20200706:1830,0.0,0.0,0.0,0.0,26.84,2.62,0.0,2020-07-06 18:30:00+00:00,0.0,26.84,0.0,0.0
20200706:1930,0.0,0.0,0.0,0.0,26.79,2.34,0.0,2020-07-06 19:30:00+00:00,0.0,26.79,0.0,0.0
20200706:2030,0.0,0.0,0.0,0.0,26.48,2.28,0.0,2020-07-06 20:30:00+00:00,0.0,26.48,0.0,0.0
20200706:2130,0.0,0.0,0.0,0.0,26.49,2.34,0.0,2020-07-06 21:30:00+00:00,0.0,26.49,0.0,0.0
20200706:2230,0.0,0.0,0.0,0.0,26.6,2.48,0.0,2020-07-06 22:30:00+00:00,0.0,26.6,0.0,0.0
20200706:2330,0.0,7.55,0.0,0.09,26.59,2.41,0.0,2020-07-06 23:30:00+00:00,7.55,26.8259375,0.7492099521874999,0.7267336536218748
20200707:0030,33.7,69.3,0.0,12.81,26.66,2.48,0.0,2020-07-07 00:30:00+00:00,103.0,29.87875,10.088945274999999,9.786276916749998
20200707:0130,126.1,121.75,0.0,26.01,27.33,2.9,0.0,2020-07-07 01:30:00+00:00,247.85,35.075312499999995,23.7361901946875,23.024104488846874
20200707:0230,206.9,164.1,0.0,39.46,28.22,3.38,0.0,2020-07-07 02:30:00+00:00,371.0,39.81375,34.791721475,33.74796983075
20200707:0330,322.15,193.35,0.0,53.09,29.11,3.03,0.0,2020-07-07 03:30:00+00:00,515.5,45.219375,47.17230311875,45.7571340251875
20200707:0430,449.95,215.2,0.0,66.83,30.06,3.17,0.0,2020-07-07 04:30:00+00:00,665.15,50.8459375,59.29460136218751,57.51576332132188
20200707:0530,406.9,346.45,0.0,80.62,30.98,3.24,0.0,2020-07-07 05:30:00+00:00,753.3499999999999,54.5221875,65.99397321968749,64.01415402309686
20200707:0630,212.55,261.15,0.0,85.52,32.1,3.52,0.0,2020-07-07 06:30:00+00:00,473.7,46.903125,43.01228566875,41.7219170986875
20200707:0730,164.4,222.85,0.0,71.72,30.74,3.38,0.0,2020-07-07 07:30:00+00:00,387.25,42.841562499999995,35.823159067187504,34.74846429517188
20200707:0830,253.25,237.35,0.0,57.96,30.71,2.97,0.0,2020-07-07 08:30:00+00:00,490.6,46.041250000000005,44.724408355,43.38267610435
20200707:0930,181.55,148.05,0.0,44.29,30.49,3.52,0.0,2020-07-07 09:30:00+00:00,329.6,40.79,30.774158720000003,29.850933958400002
20200707:1030,55.6,113.45,0.0,30.76,29.4,2.76,0.0,2020-07-07 10:30:00+00:00,169.05,34.6828125,16.217510629687503,15.730985310796877
20200707:1130,48.15,82.25,0.0,17.46,29.29,2.34,0.0,2020-07-07 11:30:00+00:00,130.4,33.365,12.581865680000002,12.204409709600002
20200707:1230,3.25,17.58,0.0,4.5,29.39,2.55,0.0,2020-07-07 12:30:00+00:00,20.83,30.040937500000002,2.0388988541874995,1.9777318885618744
20200707:1330,0.0,0.0,0.0,0.0,28.39,2.48,0.0,2020-07-07 13:30:00+00:00,0.0,28.39,0.0,0.0
20200707:1430,0.0,0.0,0.0,0.0,28.03,2.14,0.0,2020-07-07 14:30:00+00:00,0.0,28.03,0.0,0.0
20200707:1530,0.0,0.0,0.0,0.0,27.78,2.21,0.0,2020-07-07 15:30:00+00:00,0.0,27.78,0.0,0.0
20200707:1630,0.0,0.0,0.0,0.0,27.56,2.28,0.0,2020-07-07 16:30:00+00:00,0.0,27.56,0.0,0.0
20200707:1730,0.0,0.0,0.0,0.0,27.38,2.28,0.0,2020-07-07 17:30:00+00:00,0.0,27.38,0.0,0.0
20200707:1830,0.0,0.0,0.0,0.0,27.31,2.14,0.0,2020-07-07 18:30:00+00:00,0.0,27.31,0.0,0.0
20200707:1930,0.0,0.0,0.0,0.0,27.38,2.0,0.0,2020-07-07 19:30:00+00:00,0.0,27.38,0.0,0.0
20200707:2030,0.0,0.0,0.0,0.0,27.31,1.86,0.0,2020-07-07 20:30:00+00:00,0.0,27.31,0.0,0.0
20200707:2130,0.0,0.0,0.0,0.0,27.12,1.93,0.0,2020-07-07 21:30:00+00:00,0.0,27.12,0.0,0.0
20200707:2230,0.0,0.0,0.0,0.0,27.05,1.93,0.0,2020-07-07 22:30:00+00:00,0.0,27.05,0.0,0.0
20200707:2330,0.0,5.4,0.0,0.01,26.98,2.07,0.0,2020-07-07 23:30:00+00:00,5.4,27.14875,0.535126635,0.51907283595
20200708:0030,13.15,52.3,0.0,12.74,27.0,1.79,0.0,2020-07-08 00:30:00+00:00,65.45,29.0453125,6.433798404687501,6.240784452546875
20200708:0130,35.85,120.75,0.0,25.94,27.57,1.45,0.0,2020-07-08 01:30:00+00:00,156.6,32.46375,15.169094234999998,14.714021407949998
20200708:0230,171.95,212.15,0.0,39.4,28.22,1.79,0.0,2020-07-08 02:30:00+00:00,384.1,40.223124999999996,35.954175028749994,34.87554977788749
20200708:0330,417.0,214.85,0.0,53.04,29.55,2.14,0.0,2020-07-08 03:30:00+00:00,631.85,49.2953125,56.7375828546875,55.03545536904688
20200708:0430,72.65,240.85,0.0,66.78,31.27,2.55,0.0,2020-07-08 04:30:00+00:00,313.5,41.066874999999996,29.234474568750002,28.357440331687503
20200708:0530,47.85,197.05,0.0,80.58,31.18,2.41,0.0,2020-07-08 05:30:00+00:00,244.9,38.833125,23.067152428750003,22.375137855887502
20200708:0630,56.35,253.4,0.0,85.55,30.36,2.34,0.0,2020-07-08 06:30:00+00:00,309.75,40.0396875,29.018411854687503,28.147859499046877
20200708:0730,75.25,274.5,0.0,71.75,29.9,2.83,0.0,2020-07-08 07:30:00+00:00,349.75,40.8296875,32.6496980546875,31.67020711304687
20200708:0830,167.4,259.6,0.0,57.98,30.25,2.55,0.0,2020-07-08 08:30:00+00:00,427.0,43.59375,39.365396874999995,38.18443496875
20200708:0930,226.95,201.35,0.0,44.3,30.9,2.69,0.0,2020-07-08 09:30:00+00:00,428.29999999999995,44.284375,39.36101091875,38.180180591187494
20200708:1030,139.9,161.65,0.0,30.77,31.31,3.31,0.0,2020-07-08 10:30:00+00:00,301.55,40.7334375,28.162344407187497,27.317474074971873
20200708:1130,32.55,75.6,0.0,17.47,31.21,3.38,0.0,2020-07-08 11:30:00+00:00,108.14999999999999,34.589687500000004,10.379407624687499,10.068025395946874
20200708:1230,1.6,18.16,0.0,4.49,29.59,3.03,0.0,2020-07-08 12:30:00+00:00,19.76,30.2075,1.9327819160000004,1.8747984585200004
20200708:1330,0.0,0.0,0.0,0.0,28.96,3.17,0.0,2020-07-08 13:30:00+00:00,0.0,28.96,0.0,0.0
20200708:1430,0.0,0.0,0.0,0.0,28.61,3.1,0.0,2020-07-08 14:30:00+00:00,0.0,28.61,0.0,0.0
20200708:1530,0.0,0.0,0.0,0.0,28.57,3.24,0.0,2020-07-08 15:30:00+00:00,0.0,28.57,0.0,0.0
20200708:1630,0.0,0.0,0.0,0.0,28.49,3.03,0.0,2020-07-08 16:30:00+00:00,0.0,28.49,0.0,0.0
20200708:1730,0.0,0.0,0.0,0.0,28.41,3.17,0.0,2020-07-08 17:30:00+00:00,0.0,28.41,0.0,0.0
20200708:1830,0.0,0.0,0.0,0.0,28.27,3.24,0.0,2020-07-08 18:30:00+00:00,0.0,28.27,0.0,0.0
20200708:1930,0.0,0.0,0.0,0.0,27.93,2.55,0.0,2020-07-08 19:30:00+00:00,0.0,27.93,0.0,0.0
20200708:2030,0.0,0.0,0.0,0.0,27.89,2.83,0.0,2020-07-08 20:30:00+00:00,0.0,27.89,0.0,0.0
20200708:2130,0.0,0.0,0.0,0.0,27.61,2.97,0.0,2020-07-08 21:30:00+00:00,0.0,27.61,0.0,0.0
20200708:2230,0.0,0.0,0.0,0.0,27.51,3.03,0.0,2020-07-08 22:30:00+00:00,0.0,27.51,0.0,0.0
20200708:2330,0.0,0.0,0.0,-0.07,27.45,2.97,0.0,2020-07-08 23:30:00+00:00,0.0,27.45,0.0,0.0
20200709:0030,5.65,55.65,0.0,12.67,27.45,2.97,0.0,2020-07-09 00:30:00+00:00,61.3,29.365624999999998,6.01760261875,5.8370745401874995
20200709:0130,66.85,138.05,0.0,25.88,27.9,2.69,0.0,2020-07-09 01:30:00+00:00,204.9,34.303125,19.689391668749998,19.098709918687497
20200709:0230,159.55,205.65,0.0,39.35,28.82,4.14,0.0,2020-07-09 02:30:00+00:00,365.20000000000005,40.2325,34.18357822,33.1580708734
20200709:0330,244.45,242.3,0.0,52.98,29.79,3.72,0.0,2020-07-09 03:30:00+00:00,486.75,45.0009375,44.5861083421875,43.24852509192188
20200709:0430,204.25,321.55,0.0,66.73,30.59,3.66,0.0,2020-07-09 04:30:00+00:00,525.8,47.021249999999995,47.716915234999995,46.28540777794999
20200709:0530,131.8,306.2,0.0,80.53,31.39,3.93,0.0,2020-07-09 05:30:00+00:00,438.0,45.0775,40.106543099999996,38.903346807
20200709:0630,649.55,213.85,0.0,85.57,31.17,4.07,0.0,2020-07-09 06:30:00+00:00,863.4,58.151250000000005,74.318428515,72.08887565955
20200709:0730,477.2,213.1,0.0,71.77,33.32,4.55,0.0,2020-07-09 07:30:00+00:00,690.3,54.891875,60.363568248749985,58.552661201287485
20200709:0830,234.8,162.9,0.0,58.0,31.71,4.34,0.0,2020-07-09 08:30:00+00:00,397.70000000000005,44.138125,36.573282428750005,35.4760839558875
20200709:0930,131.85,185.5,0.0,44.32,30.5,3.59,0.0,2020-07-09 09:30:00+00:00,317.35,40.4171875,29.6800893296875,28.789686649796874
20200709:1030,117.55,135.0,0.0,30.78,29.91,3.17,0.0,2020-07-09 10:30:00+00:00,252.55,37.8021875,23.8970591696875,23.180147394596872
20200709:1130,33.8,81.45,0.0,17.46,30.12,3.1,0.0,2020-07-09 11:30:00+00:00,115.25,33.721562500000005,11.102832767187499,10.769747784171873
20200709:1230,3.1,19.01,0.0,4.48,29.32,3.45,0.0,2020-07-09 12:30:00+00:00,22.110000000000003,30.0109375,2.1644674321875,2.099533409221875
20200709:1330,0.0,0.0,0.0,0.0,28.52,3.31,0.0,2020-07-09 13:30:00+00:00,0.0,28.52,0.0,0.0
20200709:1430,0.0,0.0,0.0,0.0,28.24,2.97,0.0,2020-07-09 14:30:00+00:00,0.0,28.24,0.0,0.0
20200709:1530,0.0,0.0,0.0,0.0,28.09,3.1,0.0,2020-07-09 15:30:00+00:00,0.0,28.09,0.0,0.0
20200709:1630,0.0,0.0,0.0,0.0,27.97,3.52,0.0,2020-07-09 16:30:00+00:00,0.0,27.97,0.0,0.0
20200709:1730,0.0,0.0,0.0,0.0,27.94,3.66,0.0,2020-07-09 17:30:00+00:00,0.0,27.94,0.0,0.0
20200709:1830,0.0,0.0,0.0,0.0,27.8,3.72,0.0,2020-07-09 18:30:00+00:00,0.0,27.8,0.0,0.0
20200709:1930,0.0,0.0,0.0,0.0,28.09,3.38,0.0,2020-07-09 19:30:00+00:00,0.0,28.09,0.0,0.0
20200709:2030,0.0,0.0,0.0,0.0,27.69,3.45,0.0,2020-07-09 20:30:00+00:00,0.0,27.69,0.0,0.0
20200709:2130,0.0,0.0,0.0,0.0,27.27,3.45,0.0,2020-07-09 21:30:00+00:00,0.0,27.27,0.0,0.0
20200709:2230,0.0,0.0,0.0,0.0,27.24,4.07,0.0,2020-07-09 22:30:00+00:00,0.0,27.24,0.0,0.0
20200709:2330,0.0,0.0,0.0,-0.15,27.03,3.86,0.0,2020-07-09 23:30:00+00:00,0.0,27.03,0.0,0.0
20200710:0030,12.4,63.55,0.0,12.6,27.05,3.93,0.0,2020-07-10 00:30:00+00:00,75.95,29.423437500000002,7.4538967671875005,7.230279864171875
20200710:0130,37.8,154.1,0.0,25.81,27.46,3.45,0.0,2020-07-10 01:30:00+00:00,191.89999999999998,33.456875,18.508392788749997,17.953141005087495
20200710:0230,94.1,221.15,0.0,39.29,28.29,5.17,0.0,2020-07-10 02:30:00+00:00,315.25,38.1415625,29.7849914171875,28.891441674671874
20200710:0330,131.75,258.45,0.0,52.93,29.33,5.31,0.0,2020-07-10 03:30:00+00:00,390.2,41.52375,36.312021754999996,35.222661102349996
20200710:0430,185.5,326.1,0.0,66.68,30.33,4.83,0.0,2020-07-10 04:30:00+00:00,511.6,46.317499999999995,46.57946614000001,45.1820821558
20200710:0530,240.35,371.95,0.0,80.48,31.01,4.97,0.0,2020-07-10 05:30:00+00:00,612.3,50.144375,54.76372165874999,53.12081000898749
20200710:0630,365.5,328.8,0.0,85.58,31.86,4.55,0.0,2020-07-10 06:30:00+00:00,694.3,53.556875,61.10264390875,59.269564591487494
20200710:0730,357.95,282.35,0.0,71.8,32.38,4.41,0.0,2020-07-10 07:30:00+00:00,640.3,52.389375,56.66428493875001,54.964356390587504
20200710:0830,420.4,199.1,0.0,58.02,32.58,4.41,0.0,2020-07-10 08:30:00+00:00,619.5,51.939375,54.94064401875,53.292424698187496
20200710:0930,223.75,167.7,0.0,44.33,32.81,4.55,0.0,2020-07-10 09:30:00+00:00,391.45,45.042812500000004,35.849781239687495,34.77428780249687
20200710:1030,174.7,124.2,0.0,30.78,31.82,4.97,0.0,2020-07-10 10:30:00+00:00,298.9,41.160624999999996,27.86122745875,27.0253906349875
20200710:1130,25.2,82.45,0.0,17.46,30.64,4.21,0.0,2020-07-10 11:30:00+00:00,107.65,34.0040625,10.3578993221875,10.047162342521874
20200710:1230,2.15,16.5,0.0,4.46,30.1,4.07,0.0,2020-07-10 12:30:00+00:00,18.65,30.6828125,1.8204865296875,1.765871933796875
20200710:1330,0.0,0.0,0.0,0.0,29.47,3.79,0.0,2020-07-10 13:30:00+00:00,0.0,29.47,0.0,0.0
20200710:1430,0.0,0.0,0.0,0.0,29.07,3.45,0.0,2020-07-10 14:30:00+00:00,0.0,29.07,0.0,0.0
20200710:1530,0.0,0.0,0.0,0.0,28.81,3.59,0.0,2020-07-10 15:30:00+00:00,0.0,28.81,0.0,0.0
20200710:1630,0.0,0.0,0.0,0.0,28.27,3.72,0.0,2020-07-10 16:30:00+00:00,0.0,28.27,0.0,0.0
20200710:1730,0.0,0.0,0.0,0.0,28.26,3.66,0.0,2020-07-10 17:30:00+00:00,0.0,28.26,0.0,0.0
20200710:1830,0.0,0.0,0.0,0.0,28.2,3.86,0.0,2020-07-10 18:30:00+00:00,0.0,28.2,0.0,0.0
20200710:1930,0.0,0.0,0.0,0.0,28.37,3.66,0.0,2020-07-10 19:30:00+00:00,0.0,28.37,0.0,0.0
20200710:2030,0.0,0.0,0.0,0.0,28.2,3.45,0.0,2020-07-10 20:30:00+00:00,0.0,28.2,0.0,0.0
20200710:2130,0.0,0.0,0.0,0.0,28.04,3.38,0.0,2020-07-10 21:30:00+00:00,0.0,28.04,0.0,0.0
20200710:2230,0.0,0.0,0.0,0.0,27.86,3.31,0.0,2020-07-10 22:30:00+00:00,0.0,27.86,0.0,0.0
20200710:2330,0.0,0.0,0.0,-0.23,27.7,3.38,0.0,2020-07-10 23:30:00+00:00,0.0,27.7,0.0,0.0
20200711:0030,0.15,39.4,0.0,12.52,27.53,3.72,0.0,2020-07-11 00:30:00+00:00,39.55,28.7659375,3.8924440121874997,3.7756706918218748
20200711:0130,3.4,101.95,0.0,25.75,27.54,3.66,0.0,2020-07-11 01:30:00+00:00,105.35000000000001,30.8321875,10.276943199687501,9.968634903696875
20200711:0230,17.05,188.35,0.0,39.23,27.52,4.0,0.0,2020-07-11 02:30:00+00:00,205.4,33.93875,19.768871915,19.17580575755
20200711:0330,125.1,295.35,0.0,52.88,27.9,3.72,0.0,2020-07-11 03:30:00+00:00,420.45000000000005,41.0390625,39.2126779921875,38.03629765242187
20200711:0430,280.95,339.45,0.0,66.64,29.31,4.28,0.0,2020-07-11 04:30:00+00:00,620.4,48.6975,55.86518982,54.1892341254
20200711:0530,157.8,329.7,0.0,80.44,30.71,4.28,0.0,2020-07-11 05:30:00+00:00,487.5,45.944375,44.46163921875,43.1277900421875
20200711:0630,77.55,252.9,0.0,85.59,29.92,4.07,0.0,2020-07-11 06:30:00+00:00,330.45,40.2465625,30.928944837187494,30.001076492071867
20200711:0730,24.6,189.75,0.0,71.81,30.29,3.38,0.0,2020-07-11 07:30:00+00:00,214.35,36.988437499999996,20.3557169371875,19.745045429071872
20200711:0830,19.8,224.3,0.0,58.03,28.76,3.31,0.0,2020-07-11 08:30:00+00:00,244.10000000000002,36.388125,23.24246664875,22.5451926492875
20200711:0930,19.45,143.55,0.0,44.33,28.95,2.41,0.0,2020-07-11 09:30:00+00:00,163.0,34.04375,15.680864875000001,15.210438928750001
20200711:1030,12.25,80.5,0.0,30.78,28.5,2.21,0.0,2020-07-11 10:30:00+00:00,92.75,31.3984375,9.0257488671875,8.754976401171875
20200711:1130,1.1,53.8,0.0,17.45,28.15,2.21,0.0,2020-07-11 11:30:00+00:00,54.9,29.865624999999998,5.37780841875,5.2164741661875
20200711:1230,0.7,15.05,0.0,4.44,27.92,2.07,0.0,2020-07-11 12:30:00+00:00,15.75,28.4121875,1.5524283796875,1.505855528296875
20200711:1330,0.0,0.0,0.0,0.0,27.52,2.41,0.0,2020-07-11 13:30:00+00:00,0.0,27.52,0.0,0.0
20200711:1430,0.0,0.0,0.0,0.0,27.29,2.14,0.0,2020-07-11 14:30:00+00:00,0.0,27.29,0.0,0.0
20200711:1530,0.0,0.0,0.0,0.0,27.21,2.34,0.0,2020-07-11 15:30:00+00:00,0.0,27.21,0.0,0.0
20200711:1630,0.0,0.0,0.0,0.0,27.21,2.48,0.0,2020-07-11 16:30:00+00:00,0.0,27.21,0.0,0.0
20200711:1730,0.0,0.0,0.0,0.0,27.21,2.55,0.0,2020-07-11 17:30:00+00:00,0.0,27.21,0.0,0.0
20200711:1830,0.0,0.0,0.0,0.0,27.22,2.83,0.0,2020-07-11 18:30:00+00:00,0.0,27.22,0.0,0.0
20200711:1930,0.0,0.0,0.0,0.0,27.04,2.62,0.0,2020-07-11 19:30:00+00:00,0.0,27.04,0.0,0.0
20200711:2030,0.0,0.0,0.0,0.0,26.99,2.34,0.0,2020-07-11 20:30:00+00:00,0.0,26.99,0.0,0.0
20200711:2130,0.0,0.0,0.0,0.0,26.91,2.48,0.0,2020-07-11 21:30:00+00:00,0.0,26.91,0.0,0.0
20200711:2230,0.0,0.0,0.0,0.0,26.88,2.21,0.0,2020-07-11 22:30:00+00:00,0.0,26.88,0.0,0.0
20200711:2330,0.0,0.0,0.0,-0.32,26.82,1.93,0.0,2020-07-11 23:30:00+00:00,0.0,26.82,0.0,0.0
20200712:0030,0.0,14.25,0.0,12.45,26.75,1.66,0.0,2020-07-12 00:30:00+00:00,14.25,27.1953125,1.4118610546875001,1.3695052230468752
20200712:0130,12.8,48.7,0.0,25.68,26.75,1.31,0.0,2020-07-12 01:30:00+00:00,61.5,28.671875,6.05515546875,5.8735008046875
20200712:0230,24.7,117.0,0.0,39.17,27.28,1.59,0.0,2020-07-12 02:30:00+00:00,141.7,31.708125000000003,13.770772648749999,13.357649469287498
20200712:0330,44.5,198.45,0.0,52.83,27.92,1.93,0.0,2020-07-12 03:30:00+00:00,242.95,35.5121875,23.2223468996875,22.525676492696874
20200712:0430,111.15,268.65,0.0,66.59,28.51,1.93,0.0,2020-07-12 04:30:00+00:00,379.79999999999995,40.37875,35.526843314999994,34.461038015549995
20200712:0530,66.0,265.6,0.0,80.39,29.47,1.93,0.0,2020-07-12 05:30:00+00:00,331.6,39.832499999999996,31.094248060000005,30.161420618200005
20200712:0630,68.05,315.25,0.0,85.58,30.35,1.79,0.0,2020-07-12 06:30:00+00:00,383.3,42.328125,35.54041446875,34.4742020346875
20200712:0730,88.7,235.35,0.0,71.83,30.29,2.55,0.0,2020-07-12 07:30:00+00:00,324.05,40.4165625,30.3067904271875,29.397586714371876
20200712:0830,28.9,191.75,0.0,58.04,28.94,2.0,0.0,2020-07-12 08:30:00+00:00,220.65,35.8353125,21.0608590846875,20.429033312146874
20200712:0930,34.1,186.8,0.0,44.34,28.85,1.72,0.0,2020-07-12 09:30:00+00:00,220.9,35.753125000000004,21.09234656875,20.459576171687498
20200712:1030,0.0,65.8,0.0,30.78,29.18,2.0,0.0,2020-07-12 10:30:00+00:00,65.8,31.23625,6.407654995,6.21542534515
20200712:1130,2.45,63.6,0.0,17.43,28.59,1.45,0.0,2020-07-12 11:30:00+00:00,66.05,30.6540625,6.4481506521875,6.254706132621874
20200712:1230,0.1,14.29,0.0,4.42,28.72,1.31,0.0,2020-07-12 12:30:00+00:00,14.389999999999999,29.1696875,1.4137992426875,1.3713852654068748
20200712:1330,0.0,0.0,0.0,0.0,28.42,1.52,0.0,2020-07-12 13:30:00+00:00,0.0,28.42,0.0,0.0
20200712:1430,0.0,0.0,0.0,0.0,28.13,1.79,0.0,2020-07-12 14:30:00+00:00,0.0,28.13,0.0,0.0
20200712:1530,0.0,0.0,0.0,0.0,27.96,1.79,0.0,2020-07-12 15:30:00+00:00,0.0,27.96,0.0,0.0
20200712:1630,0.0,0.0,0.0,0.0,27.8,1.86,0.0,2020-07-12 16:30:00+00:00,0.0,27.8,0.0,0.0
20200712:1730,0.0,0.0,0.0,0.0,27.61,1.52,0.0,2020-07-12 17:30:00+00:00,0.0,27.61,0.0,0.0
20200712:1830,0.0,0.0,0.0,0.0,27.4,1.1,0.0,2020-07-12 18:30:00+00:00,0.0,27.4,0.0,0.0
20200712:1930,0.0,0.0,0.0,0.0,27.21,2.07,0.0,2020-07-12 19:30:00+00:00,0.0,27.21,0.0,0.0
20200712:2030,0.0,0.0,0.0,0.0,27.18,2.21,0.0,2020-07-12 20:30:00+00:00,0.0,27.18,0.0,0.0
20200712:2130,0.0,0.0,0.0,0.0,27.16,2.14,0.0,2020-07-12 21:30:00+00:00,0.0,27.16,0.0,0.0
20200712:2230,0.0,0.0,0.0,0.0,27.04,2.0,0.0,2020-07-12 22:30:00+00:00,0.0,27.04,0.0,0.0
20200712:2330,0.0,0.0,0.0,-0.4,26.97,1.86,0.0,2020-07-12 23:30:00+00:00,0.0,26.97,0.0,0.0
20200713:0030,7.95,56.75,0.0,12.37,26.97,1.79,0.0,2020-07-13 00:30:00+00:00,64.7,28.991875,6.361524788750001,6.170679045087501
20200713:0130,39.05,138.65,0.0,25.61,27.6,1.93,0.0,2020-07-13 01:30:00+00:00,177.7,33.153125,17.16149966875,16.6466546786875
20200713:0230,101.25,203.5,0.0,39.11,28.51,2.34,0.0,2020-07-13 02:30:00+00:00,304.75,38.033437500000005,28.806785167187503,27.942581612171878
20200713:0330,201.4,203.2,0.0,52.77,29.42,2.14,0.0,2020-07-13 03:30:00+00:00,404.6,42.06375,37.560322835,36.43351314995
20200713:0430,282.9,280.1,0.0,66.54,30.24,1.66,0.0,2020-07-13 04:30:00+00:00,563.0,47.833749999999995,50.90073147499999,49.37370953074999
20200713:0530,154.1,382.5,0.0,80.34,31.08,1.38,0.0,2020-07-13 05:30:00+00:00,536.6,47.848749999999995,48.51053151500001,47.05521556955001
20200713:0630,31.5,260.1,0.0,85.58,31.54,1.52,0.0,2020-07-13 06:30:00+00:00,291.6,40.6525,27.243007020000004,26.425716809400004
20200713:0730,97.25,257.35,0.0,71.84,30.01,2.21,0.0,2020-07-13 07:30:00+00:00,354.6,41.09125,33.063497955,32.07159301635
20200713:0830,76.55,177.9,0.0,58.05,29.91,2.48,0.0,2020-07-13 08:30:00+00:00,254.45,37.8615625,24.0704976771875,23.348382746871874
20200713:0930,110.5,182.65,0.0,44.34,29.6,2.07,0.0,2020-07-13 09:30:00+00:00,293.15,38.7609375,27.620712092187496,26.79209072942187
20200713:1030,38.2,141.6,0.0,30.77,29.77,2.48,0.0,2020-07-13 10:30:00+00:00,179.8,35.38875,17.195483155,16.679618660350002
20200713:1130,21.25,60.6,0.0,17.42,28.69,2.76,0.0,2020-07-13 11:30:00+00:00,81.85,31.247812500000002,7.9702189496874984,7.731112381196874
20200713:1230,0.5,11.39,0.0,4.39,28.22,2.07,0.0,2020-07-13 12:30:00+00:00,11.89,28.5915625,1.1710644551875,1.135932521531875
20200713:1330,0.0,0.0,0.0,0.0,27.74,2.14,0.0,2020-07-13 13:30:00+00:00,0.0,27.74,0.0,0.0
20200713:1430,0.0,0.0,0.0,0.0,27.5,2.0,0.0,2020-07-13 14:30:00+00:00,0.0,27.5,0.0,0.0
20200713:1530,0.0,0.0,0.0,0.0,27.37,1.72,0.0,2020-07-13 15:30:00+00:00,0.0,27.37,0.0,0.0
20200713:1630,0.0,0.0,0.0,0.0,27.19,1.66,0.0,2020-07-13 16:30:00+00:00,0.0,27.19,0.0,0.0
20200713:1730,0.0,0.0,0.0,0.0,27.04,1.93,0.0,2020-07-13 17:30:00+00:00,0.0,27.04,0.0,0.0
20200713:1830,0.0,0.0,0.0,0.0,26.88,1.79,0.0,2020-07-13 18:30:00+00:00,0.0,26.88,0.0,0.0
20200713:1930,0.0,0.0,0.0,0.0,26.36,2.14,0.0,2020-07-13 19:30:00+00:00,0.0,26.36,0.0,0.0
20200713:2030,0.0,0.0,0.0,0.0,25.84,1.93,0.0,2020-07-13 20:30:00+00:00,0.0,25.84,0.0,0.0
20200713:2130,0.0,0.0,0.0,0.0,25.71,1.38,0.0,2020-07-13 21:30:00+00:00,0.0,25.71,0.0,0.0
20200713:2230,0.0,0.0,0.0,0.0,25.55,1.45,0.0,2020-07-13 22:30:00+00:00,0.0,25.55,0.0,0.0
20200713:2330,0.0,0.0,0.0,-0.49,25.61,1.52,0.0,2020-07-13 23:30:00+00:00,0.0,25.61,0.0,0.0
20200714:0030,8.7,44.4,0.0,12.29,25.66,1.59,0.0,2020-07-14 00:30:00+00:00,53.099999999999994,27.319375,5.258273298749999,5.1005250997874985
20200714:0130,43.65,94.15,0.0,25.55,26.2,2.07,0.0,2020-07-14 01:30:00+00:00,137.8,30.50625,13.461320275,13.05748066675
20200714:0230,36.95,112.8,0.0,39.05,27.01,2.28,0.0,2020-07-14 02:30:00+00:00,149.75,31.6896875,14.5542521046875,14.117624541546874
20200714:0330,200.9,199.1,0.0,52.72,27.42,2.07,0.0,2020-07-14 03:30:00+00:00,400.0,39.92,37.49344,36.3686368
20200714:0430,383.5,217.15,0.0,66.49,28.79,2.34,0.0,2020-07-14 04:30:00+00:00,600.65,47.560312499999995,54.373642284687506,52.742433016146876
20200714:0530,329.5,242.75,0.0,80.29,29.98,2.28,0.0,2020-07-14 05:30:00+00:00,572.25,47.862812500000004,51.7300373296875,50.17813620979687
20200714:0630,211.45,310.45,0.0,85.56,30.74,1.86,0.0,2020-07-14 06:30:00+00:00,521.9,47.049375,47.35682109875001,45.93611646578751
20200714:0730,236.95,303.65,0.0,71.85,31.28,2.28,0.0,2020-07-14 07:30:00+00:00,540.5999999999999,48.17375,48.79835371499999,47.33440310354999
20200714:0830,77.95,216.3,0.0,58.05,30.1,3.31,0.0,2020-07-14 08:30:00+00:00,294.25,39.2953125,27.658313804687502,26.828564390546877
20200714:0930,52.6,173.1,0.0,44.34,28.95,3.24,0.0,2020-07-14 09:30:00+00:00,225.7,36.003125,21.526969768749996,20.881160675687497
20200714:1030,93.25,139.6,0.0,30.76,28.91,2.83,0.0,2020-07-14 10:30:00+00:00,232.85,36.1865625,22.1909877471875,21.525258114771873
20200714:1130,15.55,67.7,0.0,17.4,29.11,3.17,0.0,2020-07-14 11:30:00+00:00,83.25,31.7115625,8.090330217187502,7.847620310671877
20200714:1230,1.4,16.91,0.0,4.36,28.63,2.97,0.0,2020-07-14 12:30:00+00:00,18.31,29.202187499999997,1.7986843376875,1.744723807556875
20200714:1330,0.0,0.0,0.0,0.0,28.04,2.69,0.0,2020-07-14 13:30:00+00:00,0.0,28.04,0.0,0.0
20200714:1430,0.0,0.0,0.0,0.0,27.55,2.34,0.0,2020-07-14 14:30:00+00:00,0.0,27.55,0.0,0.0
20200714:1530,0.0,0.0,0.0,0.0,27.23,2.48,0.0,2020-07-14 15:30:00+00:00,0.0,27.23,0.0,0.0
20200714:1630,0.0,0.0,0.0,0.0,27.03,2.48,0.0,2020-07-14 16:30:00+00:00,0.0,27.03,0.0,0.0
20200714:1730,0.0,0.0,0.0,0.0,26.69,1.86,0.0,2020-07-14 17:30:00+00:00,0.0,26.69,0.0,0.0
20200714:1830,0.0,0.0,0.0,0.0,26.67,1.52,0.0,2020-07-14 18:30:00+00:00,0.0,26.67,0.0,0.0
20200714:1930,0.0,0.0,0.0,0.0,26.66,1.66,0.0,2020-07-14 19:30:00+00:00,0.0,26.66,0.0,0.0
20200714:2030,0.0,0.0,0.0,0.0,26.67,1.72,0.0,2020-07-14 20:30:00+00:00,0.0,26.67,0.0,0.0
20200714:2130,0.0,0.0,0.0,0.0,26.53,2.07,0.0,2020-07-14 21:30:00+00:00,0.0,26.53,0.0,0.0
20200714:2230,0.0,0.0,0.0,0.0,26.27,2.21,0.0,2020-07-14 22:30:00+00:00,0.0,26.27,0.0,0.0
20200714:2330,0.0,0.0,0.0,-0.58,26.12,1.93,0.0,2020-07-14 23:30:00+00:00,0.0,26.12,0.0,0.0
20200715:0030,12.3,66.05,0.0,12.22,26.15,1.86,0.0,2020-07-15 00:30:00+00:00,78.35,28.5984375,7.716586217187499,7.485088630671873
20200715:0130,90.35,136.5,0.0,25.48,26.66,2.41,0.0,2020-07-15 01:30:00+00:00,226.85,33.7490625,21.8514155721875,21.195873105021874
20200715:0230,279.85,168.3,0.0,38.99,27.54,2.76,0.0,2020-07-15 02:30:00+00:00,448.15000000000003,41.5446875,41.700909284687505,40.44988200614688
20200715:0330,378.75,208.9,0.0,52.67,28.89,2.76,0.0,2020-07-15 03:30:00+00:00,587.65,47.2540625,53.272408072187496,51.67423583002187
20200715:0430,327.4,279.8,0.0,66.45,29.99,2.97,0.0,2020-07-15 04:30:00+00:00,607.2,48.965,54.60834984,52.9700993448
20200715:0530,191.85,353.2,0.0,80.24,31.06,3.31,0.0,2020-07-15 05:30:00+00:00,545.05,48.092812499999994,49.2185702696875,47.74201316159687
20200715:0630,241.3,260.9,0.0,85.53,31.04,3.59,0.0,2020-07-15 06:30:00+00:00,502.2,46.73375,45.635830514999995,44.266755599549995
20200715:0730,309.05,219.3,0.0,71.85,31.35,3.1,0.0,2020-07-15 07:30:00+00:00,528.35,47.860937500000006,47.7619979421875,46.32913800392187
20200715:0830,346.15,200.95,0.0,58.06,30.15,4.0,0.0,2020-07-15 08:30:00+00:00,547.0999999999999,47.246874999999996,49.598068568749994,48.11012651168749
20200715:0930,120.75,172.45,0.0,44.33,29.83,3.93,0.0,2020-07-15 09:30:00+00:00,293.2,38.9925,27.59690758,26.7690003526
20200715:1030,65.7,101.9,0.0,30.75,29.9,3.24,0.0,2020-07-15 10:30:00+00:00,167.60000000000002,35.1375,16.0464011,15.565009067
20200715:1130,40.55,48.65,0.0,17.37,29.11,3.24,0.0,2020-07-15 11:30:00+00:00,89.19999999999999,31.8975,8.661592059999998,8.401744298199999
20200715:1230,7.75,13.14,0.0,4.32,28.52,3.45,0.0,2020-07-15 12:30:00+00:00,20.89,29.1728125,2.0523885776875,1.990816920356875
20200715:1330,0.0,0.0,0.0,0.0,28.03,3.31,0.0,2020-07-15 13:30:00+00:00,0.0,28.03,0.0,0.0
20200715:1430,0.0,0.0,0.0,0.0,27.71,3.31,0.0,2020-07-15 14:30:00+00:00,0.0,27.71,0.0,0.0
20200715:1530,0.0,0.0,0.0,0.0,27.46,2.97,0.0,2020-07-15 15:30:00+00:00,0.0,27.46,0.0,0.0
20200715:1630,0.0,0.0,0.0,0.0,27.26,2.62,0.0,2020-07-15 16:30:00+00:00,0.0,27.26,0.0,0.0
20200715:1730,0.0,0.0,0.0,0.0,27.16,2.55,0.0,2020-07-15 17:30:00+00:00,0.0,27.16,0.0,0.0
20200715:1830,0.0,0.0,0.0,0.0,26.96,2.48,0.0,2020-07-15 18:30:00+00:00,0.0,26.96,0.0,0.0
20200715:1930,0.0,0.0,0.0,0.0,26.8,2.21,0.0,2020-07-15 19:30:00+00:00,0.0,26.8,0.0,0.0
20200715:2030,0.0,0.0,0.0,0.0,26.67,2.14,0.0,2020-07-15 20:30:00+00:00,0.0,26.67,0.0,0.0
20200715:2130,0.0,0.0,0.0,0.0,26.53,2.14,0.0,2020-07-15 21:30:00+00:00,0.0,26.53,0.0,0.0
20200715:2230,0.0,0.0,0.0,0.0,26.56,2.21,0.0,2020-07-15 22:30:00+00:00,0.0,26.56,0.0,0.0
20200715:2330,0.0,0.0,0.0,-0.66,26.53,2.41,0.0,2020-07-15 23:30:00+00:00,0.0,26.53,0.0,0.0
20200716:0030,45.2,50.85,0.0,12.14,26.5,2.62,0.0,2020-07-16 00:30:00+00:00,96.05000000000001,29.5015625,9.4234024671875,9.140700393171874
20200716:0130,158.3,106.35,0.0,25.41,27.19,2.9,0.0,2020-07-16 01:30:00+00:00,264.65,35.4603125,25.3023048846875,24.543235738146876
20200716:0230,206.65,149.95,0.0,38.93,28.04,3.45,0.0,2020-07-16 02:30:00+00:00,356.6,39.18375,33.535671395,32.52960125315
20200716:0330,406.75,173.35,0.0,52.62,28.85,3.31,0.0,2020-07-16 03:30:00+00:00,580.1,46.978125000000006,52.65520566875001,51.07554949868751
20200716:0430,385.3,250.7,0.0,66.4,30.0,3.38,0.0,2020-07-16 04:30:00+00:00,636.0,49.875,56.95539,55.2467283
20200716:0530,565.85,206.5,0.0,80.18,31.03,3.38,0.0,2020-07-16 05:30:00+00:00,772.35,55.1659375,67.4495620321875,65.42607517122187
20200716:0630,372.85,212.85,0.0,85.5,31.68,3.79,0.0,2020-07-16 06:30:00+00:00,585.7,49.983125,52.424301148750004,50.8515721142875
20200716:0730,242.95,240.3,0.0,71.85,30.5,3.79,0.0,2020-07-16 07:30:00+00:00,483.25,45.6015625,44.1436038671875,42.81929575117187
20200716:0830,479.15,173.25,0.0,58.05,30.76,3.45,0.0,2020-07-16 08:30:00+00:00,652.4,51.1475,58.07537582,56.333114545399994
20200716:0930,293.1,167.7,0.0,44.32,31.4,3.93,0.0,2020-07-16 09:30:00+00:00,460.8,45.8,42.054451199999995,40.792817664
20200716:1030,132.55,103.05,0.0,30.73,31.3,3.93,0.0,2020-07-16 10:30:00+00:00,235.60000000000002,38.6625,22.2080683,21.541826251
20200716:1130,56.25,57.85,0.0,17.34,30.63,3.38,0.0,2020-07-16 11:30:00+00:00,114.1,34.195625,10.96932725875,10.640247440987501
20200716:1230,3.6,21.49,0.0,4.28,29.76,3.52,0.0,2020-07-16 12:30:00+00:00,25.09,30.544062500000003,2.4505777781875,2.377060444841875
20200716:1330,0.0,0.0,0.0,0.0,28.9,3.45,0.0,2020-07-16 13:30:00+00:00,0.0,28.9,0.0,0.0
20200716:1430,0.0,0.0,0.0,0.0,28.25,3.38,0.0,2020-07-16 14:30:00+00:00,0.0,28.25,0.0,0.0
20200716:1530,0.0,0.0,0.0,0.0,27.96,3.1,0.0,2020-07-16 15:30:00+00:00,0.0,27.96,0.0,0.0
20200716:1630,0.0,0.0,0.0,0.0,27.72,2.83,0.0,2020-07-16 16:30:00+00:00,0.0,27.72,0.0,0.0
20200716:1730,0.0,0.0,0.0,0.0,27.57,2.76,0.0,2020-07-16 17:30:00+00:00,0.0,27.57,0.0,0.0
20200716:1830,0.0,0.0,0.0,0.0,27.39,2.76,0.0,2020-07-16 18:30:00+00:00,0.0,27.39,0.0,0.0
20200716:1930,0.0,0.0,0.0,0.0,27.55,2.69,0.0,2020-07-16 19:30:00+00:00,0.0,27.55,0.0,0.0
20200716:2030,0.0,0.0,0.0,0.0,27.39,2.48,0.0,2020-07-16 20:30:00+00:00,0.0,27.39,0.0,0.0
20200716:2130,0.0,0.0,0.0,0.0,27.13,2.62,0.0,2020-07-16 21:30:00+00:00,0.0,27.13,0.0,0.0
20200716:2230,0.0,0.0,0.0,0.0,26.92,2.34,0.0,2020-07-16 22:30:00+00:00,0.0,26.92,0.0,0.0
20200716:2330,0.0,0.0,0.0,-0.75,26.88,2.28,0.0,2020-07-16 23:30:00+00:00,0.0,26.88,0.0,0.0
20200717:0030,23.3,45.25,0.0,12.06,26.87,2.28,0.0,2020-07-17 00:30:00+00:00,68.55,29.0121875,6.7394851096875,6.537300556396875
20200717:0130,107.95,121.75,0.0,25.35,27.26,2.34,0.0,2020-07-17 01:30:00+00:00,229.7,34.438125,22.05946632875,21.3976823388875
20200717:0230,270.85,146.1,0.0,38.88,28.1,2.97,0.0,2020-07-17 02:30:00+00:00,416.95000000000005,41.1296875,38.870385254687505,37.70427369704688
20200717:0330,286.7,201.85,0.0,52.57,29.18,3.17,0.0,2020-07-17 03:30:00+00:00,488.54999999999995,44.4471875,44.86461214968749,43.51867378519686
20200717:0430,140.1,265.35,0.0,66.35,30.47,3.72,0.0,2020-07-17 04:30:00+00:00,405.45000000000005,43.1403125,37.4559043246875,36.332227194946874
20200717:0530,422.25,250.85,0.0,80.13,30.36,3.72,0.0,2020-07-17 05:30:00+00:00,673.1,51.394375,59.84825739875,58.0528096767875
20200717:0630,525.25,219.25,0.0,85.46,31.3,3.72,0.0,2020-07-17 06:30:00+00:00,744.5,54.565625,65.20512471875,63.2489709771875
20200717:0730,559.5,190.4,0.0,71.85,31.78,3.24,0.0,2020-07-17 07:30:00+00:00,749.9,55.214375000000004,65.47374087875,63.509528652387495
20200717:0830,399.65,202.55,0.0,58.05,32.21,3.59,0.0,2020-07-17 08:30:00+00:00,602.2,51.02875,53.636704435000006,52.02760330195
20200717:0930,348.55,141.6,0.0,44.31,31.73,3.86,0.0,2020-07-17 09:30:00+00:00,490.15,47.0471875,44.4762998396875,43.14201084449687
20200717:1030,188.35,108.1,0.0,30.71,30.85,3.93,0.0,2020-07-17 10:30:00+00:00,296.45,40.1140625,27.7631631921875,26.930268296421872
20200717:1130,49.55,68.2,0.0,17.31,30.63,3.79,0.0,2020-07-17 11:30:00+00:00,117.75,34.309687499999995,11.3145894046875,10.975151722546874
20200717:1230,7.05,16.01,0.0,4.24,30.02,3.45,0.0,2020-07-17 12:30:00+00:00,23.060000000000002,30.740625,2.2504008987499997,2.1828888717874997
20200717:1330,0.0,0.0,0.0,0.0,29.35,3.31,0.0,2020-07-17 13:30:00+00:00,0.0,29.35,0.0,0.0
20200717:1430,0.0,0.0,0.0,0.0,28.87,3.24,0.0,2020-07-17 14:30:00+00:00,0.0,28.87,0.0,0.0
20200717:1530,0.0,0.0,0.0,0.0,28.5,2.9,0.0,2020-07-17 15:30:00+00:00,0.0,28.5,0.0,0.0
20200717:1630,0.0,0.0,0.0,0.0,28.07,2.62,0.0,2020-07-17 16:30:00+00:00,0.0,28.07,0.0,0.0
20200717:1730,0.0,0.0,0.0,0.0,27.8,2.76,0.0,2020-07-17 17:30:00+00:00,0.0,27.8,0.0,0.0
20200717:1830,0.0,0.0,0.0,0.0,27.68,3.03,0.0,2020-07-17 18:30:00+00:00,0.0,27.68,0.0,0.0
20200717:1930,0.0,0.0,0.0,0.0,27.72,3.1,0.0,2020-07-17 19:30:00+00:00,0.0,27.72,0.0,0.0
20200717:2030,0.0,0.0,0.0,0.0,27.64,3.03,0.0,2020-07-17 20:30:00+00:00,0.0,27.64,0.0,0.0
20200717:2130,0.0,0.0,0.0,0.0,27.53,3.03,0.0,2020-07-17 21:30:00+00:00,0.0,27.53,0.0,0.0
20200717:2230,0.0,0.0,0.0,0.0,27.37,3.03,0.0,2020-07-17 22:30:00+00:00,0.0,27.37,0.0,0.0
20200717:2330,0.0,0.0,0.0,-0.84,27.23,2.69,0.0,2020-07-17 23:30:00+00:00,0.0,27.23,0.0,0.0
20200718:0030,36.4,61.25,0.0,11.98,27.13,2.48,0.0,2020-07-18 00:30:00+00:00,97.65,30.1815625,9.552488577187502,9.265913919871876
20200718:0130,145.55,116.95,0.0,25.28,27.75,2.62,0.0,2020-07-18 01:30:00+00:00,262.5,35.953125,25.042417968749998,24.291145429687496
20200718:0230,258.7,172.95,0.0,38.82,28.9,3.93,0.0,2020-07-18 02:30:00+00:00,431.65,42.389062499999994,40.0124846921875,38.81211015142188
20200718:0330,327.45,152.5,0.0,52.52,29.94,3.66,0.0,2020-07-18 03:30:00+00:00,479.95,44.9384375,43.9758297071875,42.65655481597187
20200718:0430,419.15,210.05,0.0,66.3,30.55,3.38,0.0,2020-07-18 04:30:00+00:00,629.2,50.212500000000006,56.257243900000006,54.569526583000005
20200718:0530,254.85,271.55,0.0,80.07,31.63,3.38,0.0,2020-07-18 05:30:00+00:00,526.4,48.08,47.53728896,46.1111702912
20200718:0630,468.0,260.95,0.0,85.4,31.25,3.38,0.0,2020-07-18 06:30:00+00:00,728.95,54.0296875,64.00729990468751,62.087080907546884
20200718:0730,319.55,278.9,0.0,71.84,32.43,3.93,0.0,2020-07-18 07:30:00+00:00,598.45,51.1315625,53.276857897187504,51.67855216027188
20200718:0830,294.05,209.45,0.0,58.04,31.5,3.79,0.0,2020-07-18 08:30:00+00:00,503.5,47.234375,45.64809671875,44.2786538171875
20200718:0930,222.45,160.3,0.0,44.29,31.32,4.41,0.0,2020-07-18 09:30:00+00:00,382.75,43.2809375,35.3362478921875,34.27616045542187
20200718:1030,163.15,112.25,0.0,30.68,31.31,4.41,0.0,2020-07-18 10:30:00+00:00,275.4,39.91625,25.814667195000002,25.04022717915
20200718:1130,83.6,74.6,0.0,17.28,31.0,4.07,0.0,2020-07-18 11:30:00+00:00,158.2,35.94375,15.092853474999998,14.640067870749998
20200718:1230,5.75,17.21,0.0,4.19,30.57,3.66,0.0,2020-07-18 12:30:00+00:00,22.96,31.2875,2.23536838,2.1683073286
20200718:1330,0.0,0.0,0.0,0.0,29.84,3.66,0.0,2020-07-18 13:30:00+00:00,0.0,29.84,0.0,0.0
20200718:1430,0.0,0.0,0.0,0.0,29.17,3.59,0.0,2020-07-18 14:30:00+00:00,0.0,29.17,0.0,0.0
20200718:1530,0.0,0.0,0.0,0.0,28.78,3.24,0.0,2020-07-18 15:30:00+00:00,0.0,28.78,0.0,0.0
20200718:1630,0.0,0.0,0.0,0.0,28.41,2.97,0.0,2020-07-18 16:30:00+00:00,0.0,28.41,0.0,0.0
20200718:1730,0.0,0.0,0.0,0.0,28.19,3.1,0.0,2020-07-18 17:30:00+00:00,0.0,28.19,0.0,0.0
20200718:1830,0.0,0.0,0.0,0.0,28.11,3.31,0.0,2020-07-18 18:30:00+00:00,0.0,28.11,0.0,0.0
20200718:1930,0.0,0.0,0.0,0.0,28.08,3.31,0.0,2020-07-18 19:30:00+00:00,0.0,28.08,0.0,0.0
20200718:2030,0.0,0.0,0.0,0.0,27.98,3.38,0.0,2020-07-18 20:30:00+00:00,0.0,27.98,0.0,0.0
20200718:2130,0.0,0.0,0.0,0.0,27.9,3.52,0.0,2020-07-18 21:30:00+00:00,0.0,27.9,0.0,0.0
20200718:2230,0.0,0.0,0.0,0.0,27.72,3.45,0.0,2020-07-18 22:30:00+00:00,0.0,27.72,0.0,0.0
20200718:2330,0.0,0.0,0.0,-0.93,27.65,3.45,0.0,2020-07-18 23:30:00+00:00,0.0,27.65,0.0,0.0
20200719:0030,26.25,58.45,0.0,11.91,27.53,3.38,0.0,2020-07-19 00:30:00+00:00,84.7,30.176875000000003,8.285837848749999,8.037262713287499
20200719:0130,111.9,132.9,0.0,25.21,27.91,3.24,0.0,2020-07-19 01:30:00+00:00,244.8,35.56,23.39426304,22.692435148799998
20200719:0230,179.6,203.9,0.0,38.76,28.95,4.76,0.0,2020-07-19 02:30:00+00:00,383.5,40.934375,35.78345021875,34.709946712187495
20200719:0330,345.6,235.8,0.0,52.47,29.9,4.0,0.0,2020-07-19 03:30:00+00:00,581.4000000000001,48.06875,52.50688807500001,50.93168143275001
20200719:0430,511.05,230.65,0.0,66.26,30.94,3.86,0.0,2020-07-19 04:30:00+00:00,741.7,54.118125000000006,65.09929640875,63.14631751648751
20200719:0530,467.75,209.05,0.0,80.01,31.91,3.86,0.0,2020-07-19 05:30:00+00:00,676.8,53.06,59.703776639999994,57.912663340799995
20200719:0630,536.7,246.1,0.0,85.34,32.31,3.79,0.0,2020-07-19 06:30:00+00:00,782.8000000000001,56.77250000000001,67.83396454,65.7989456038
20200719:0730,386.25,248.2,0.0,71.82,33.24,4.55,0.0,2020-07-19 07:30:00+00:00,634.45,53.0665625,55.966131157187505,54.28714722247188
20200719:0830,217.55,187.95,0.0,58.02,32.23,4.55,0.0,2020-07-19 08:30:00+00:00,405.5,44.901875,37.160511668750004,36.045696318687504
20200719:0930,41.75,152.5,0.0,44.27,30.81,3.79,0.0,2020-07-19 09:30:00+00:00,194.25,36.8803125,18.4557447046875,17.902072363546875
20200719:1030,27.9,175.95,0.0,30.65,30.25,3.1,0.0,2020-07-19 10:30:00+00:00,203.85,36.6203125,19.3901037046875,18.808400593546875
20200719:1130,20.55,87.75,0.0,17.24,30.32,3.38,0.0,2020-07-19 11:30:00+00:00,108.3,33.704375,10.43407279875,10.1210506147875
20200719:1230,0.65,19.81,0.0,4.14,30.04,3.66,0.0,2020-07-19 12:30:00+00:00,20.459999999999997,30.679375,1.99719599475,1.9372801149074999
20200719:1330,0.0,0.0,0.0,0.0,29.55,3.66,0.0,2020-07-19 13:30:00+00:00,0.0,29.55,0.0,0.0
20200719:1430,0.0,0.0,0.0,0.0,29.19,3.66,0.0,2020-07-19 14:30:00+00:00,0.0,29.19,0.0,0.0
20200719:1530,0.0,0.0,0.0,0.0,28.9,3.52,0.0,2020-07-19 15:30:00+00:00,0.0,28.9,0.0,0.0
20200719:1630,0.0,0.0,0.0,0.0,28.76,3.52,0.0,2020-07-19 16:30:00+00:00,0.0,28.76,0.0,0.0
20200719:1730,0.0,0.0,0.0,0.0,28.57,3.45,0.0,2020-07-19 17:30:00+00:00,0.0,28.57,0.0,0.0
20200719:1830,0.0,0.0,0.0,0.0,28.46,3.52,0.0,2020-07-19 18:30:00+00:00,0.0,28.46,0.0,0.0
20200719:1930,0.0,0.0,0.0,0.0,28.29,3.38,0.0,2020-07-19 19:30:00+00:00,0.0,28.29,0.0,0.0
20200719:2030,0.0,0.0,0.0,0.0,28.19,3.52,0.0,2020-07-19 20:30:00+00:00,0.0,28.19,0.0,0.0
20200719:2130,0.0,0.0,0.0,0.0,28.02,3.59,0.0,2020-07-19 21:30:00+00:00,0.0,28.02,0.0,0.0
20200719:2230,0.0,0.0,0.0,0.0,27.88,3.45,0.0,2020-07-19 22:30:00+00:00,0.0,27.88,0.0,0.0
20200719:2330,0.0,0.0,0.0,-1.03,27.79,3.38,0.0,2020-07-19 23:30:00+00:00,0.0,27.79,0.0,0.0
20200720:0030,5.15,64.35,0.0,11.83,27.67,3.38,0.0,2020-07-20 00:30:00+00:00,69.5,29.841875,6.808665668750001,6.604405698687501
20200720:0130,32.2,146.9,0.0,25.14,28.06,3.1,0.0,2020-07-20 01:30:00+00:00,179.10000000000002,33.656875,17.25881254875,16.7410481722875
20200720:0230,100.05,211.25,0.0,38.7,28.78,4.41,0.0,2020-07-20 02:30:00+00:00,311.3,38.508125,29.363866688750004,28.482950688087502
20200720:0330,151.3,293.3,0.0,52.41,29.57,4.41,0.0,2020-07-20 03:30:00+00:00,444.6,43.463750000000005,41.012227035,39.78186022395
20200720:0430,248.75,365.6,0.0,66.21,30.31,4.07,0.0,2020-07-20 04:30:00+00:00,614.35,49.5084375,55.11116139718751,53.45782655527188
20200720:0530,291.9,346.05,0.0,79.95,31.24,4.0,0.0,2020-07-20 05:30:00+00:00,637.95,51.1759375,56.7814454821875,55.07800211772187
20200720:0630,119.45,304.9,0.0,85.26,32.15,4.07,0.0,2020-07-20 06:30:00+00:00,424.34999999999997,45.410937499999996,38.797219842187495,37.63330324692187
20200720:0730,99.3,226.2,0.0,71.81,31.79,4.0,0.0,2020-07-20 07:30:00+00:00,325.5,41.961875,30.231142068750007,29.324207806687507
20200720:0830,62.9,194.45,0.0,58.01,30.25,3.59,0.0,2020-07-20 08:30:00+00:00,257.34999999999997,38.2921875,24.298287329687493,23.569338709796867
20200720:0930,1.55,148.5,0.0,44.25,30.25,3.66,0.0,2020-07-20 09:30:00+00:00,150.05,34.9390625,14.378630342187503,13.947271431921877
20200720:1030,11.75,154.95,0.0,30.62,29.49,3.59,0.0,2020-07-20 10:30:00+00:00,166.7,34.699374999999996,15.990907958749998,15.511180719987498
20200720:1130,4.3,78.8,0.0,17.19,29.53,2.97,0.0,2020-07-20 11:30:00+00:00,83.1,32.126875,8.06125780875,7.8194200744875
20200720:1230,0.15,13.08,0.0,4.08,29.42,3.52,0.0,2020-07-20 12:30:00+00:00,13.23,29.833437500000002,1.2961425211875,1.2572582455518748
20200720:1330,0.0,0.0,0.0,0.0,29.22,3.79,0.0,2020-07-20 13:30:00+00:00,0.0,29.22,0.0,0.0
20200720:1430,0.0,0.0,0.0,0.0,28.92,3.59,0.0,2020-07-20 14:30:00+00:00,0.0,28.92,0.0,0.0
20200720:1530,0.0,0.0,0.0,0.0,28.68,3.72,0.0,2020-07-20 15:30:00+00:00,0.0,28.68,0.0,0.0
20200720:1630,0.0,0.0,0.0,0.0,28.49,3.72,0.0,2020-07-20 16:30:00+00:00,0.0,28.49,0.0,0.0
20200720:1730,0.0,0.0,0.0,0.0,28.31,3.59,0.0,2020-07-20 17:30:00+00:00,0.0,28.31,0.0,0.0
20200720:1830,0.0,0.0,0.0,0.0,28.2,3.66,0.0,2020-07-20 18:30:00+00:00,0.0,28.2,0.0,0.0
20200720:1930,0.0,0.0,0.0,0.0,28.08,3.59,0.0,2020-07-20 19:30:00+00:00,0.0,28.08,0.0,0.0
20200720:2030,0.0,0.0,0.0,0.0,27.91,3.66,0.0,2020-07-20 20:30:00+00:00,0.0,27.91,0.0,0.0
20200720:2130,0.0,0.0,0.0,0.0,27.76,3.59,0.0,2020-07-20 21:30:00+00:00,0.0,27.76,0.0,0.0
20200720:2230,0.0,0.0,0.0,0.0,27.64,3.59,0.0,2020-07-20 22:30:00+00:00,0.0,27.64,0.0,0.0
20200720:2330,0.0,0.0,0.0,-1.12,27.51,3.45,0.0,2020-07-20 23:30:00+00:00,0.0,27.51,0.0,0.0
20200721:0030,3.85,39.1,0.0,11.75,27.38,3.38,0.0,2020-07-21 00:30:00+00:00,42.95,28.7221875,4.2278554596875,4.1010197958968755
20200721:0130,21.0,111.9,0.0,25.08,27.43,3.17,0.0,2020-07-21 01:30:00+00:00,132.9,31.583125,12.922543128750004,12.534866834887504
20200721:0230,58.35,201.95,0.0,38.64,27.85,2.97,0.0,2020-07-21 02:30:00+00:00,260.3,35.984375,24.829122218750005,24.084248552187503
20200721:0330,91.1,266.25,0.0,52.36,28.62,4.21,0.0,2020-07-21 03:30:00+00:00,357.35,39.7871875,33.5156353896875,32.51016632799688
20200721:0430,101.0,252.35,0.0,66.16,29.19,3.24,0.0,2020-07-21 04:30:00+00:00,353.35,40.2321875,33.0744367496875,32.08220364719688
20200721:0530,152.0,322.5,0.0,79.88,29.67,3.1,0.0,2020-07-21 05:30:00+00:00,474.5,44.498125,43.564218668749994,42.257292108687494
20200721:0630,21.55,290.9,0.0,85.18,30.88,3.1,0.0,2020-07-21 06:30:00+00:00,312.45,40.6440625,29.192045322187504,28.31628396252188
20200721:0730,40.55,235.3,0.0,71.78,30.03,3.1,0.0,2020-07-21 07:30:00+00:00,275.85,38.6503125,26.003515744687505,25.22341027234688
20200721:0830,4.6,96.1,0.0,57.98,29.17,3.79,0.0,2020-07-21 08:30:00+00:00,100.69999999999999,32.316875,9.760540088749998,9.467723886087498
20200721:0930,0.05,76.15,0.0,44.22,28.1,3.45,0.0,2020-07-21 09:30:00+00:00,76.2,30.481250000000003,7.444578075,7.22124073275
20200721:1030,4.9,107.65,0.0,30.58,27.78,3.1,0.0,2020-07-21 10:30:00+00:00,112.55000000000001,31.2971875,10.957325649687501,10.628605880196876
20200721:1130,0.1,57.95,0.0,17.15,27.93,3.1,0.0,2020-07-21 11:30:00+00:00,58.050000000000004,29.7440625,5.689335012187501,5.518654961821875
20200721:1230,0.0,11.65,0.0,4.02,27.72,2.76,0.0,2020-07-21 12:30:00+00:00,11.65,28.084062499999998,1.1499096821875001,1.115412391721875
20200721:1330,0.0,0.0,0.0,0.0,27.4,2.62,0.0,2020-07-21 13:30:00+00:00,0.0,27.4,0.0,0.0
20200721:1430,0.0,0.0,0.0,0.0,27.32,2.9,0.0,2020-07-21 14:30:00+00:00,0.0,27.32,0.0,0.0
20200721:1530,0.0,0.0,0.0,0.0,27.31,2.9,0.0,2020-07-21 15:30:00+00:00,0.0,27.31,0.0,0.0
20200721:1630,0.0,0.0,0.0,0.0,27.3,2.48,0.0,2020-07-21 16:30:00+00:00,0.0,27.3,0.0,0.0
20200721:1730,0.0,0.0,0.0,0.0,27.28,2.48,0.0,2020-07-21 17:30:00+00:00,0.0,27.28,0.0,0.0
20200721:1830,0.0,0.0,0.0,0.0,27.22,2.83,0.0,2020-07-21 18:30:00+00:00,0.0,27.22,0.0,0.0
20200721:1930,0.0,0.0,0.0,0.0,26.76,2.55,0.0,2020-07-21 19:30:00+00:00,0.0,26.76,0.0,0.0
20200721:2030,0.0,0.0,0.0,0.0,26.62,2.62,0.0,2020-07-21 20:30:00+00:00,0.0,26.62,0.0,0.0
20200721:2130,0.0,0.0,0.0,0.0,26.45,2.76,0.0,2020-07-21 21:30:00+00:00,0.0,26.45,0.0,0.0
20200721:2230,0.0,0.0,0.0,0.0,26.31,2.76,0.0,2020-07-21 22:30:00+00:00,0.0,26.31,0.0,0.0
20200721:2330,0.0,0.0,0.0,-1.21,26.2,2.48,0.0,2020-07-21 23:30:00+00:00,0.0,26.2,0.0,0.0
20200722:0030,0.0,6.3,0.0,11.67,26.15,2.07,0.0,2020-07-22 00:30:00+00:00,6.3,26.346874999999997,0.62643616875,0.6076430836875
20200722:0130,6.5,30.3,0.0,25.01,26.15,1.93,0.0,2020-07-22 01:30:00+00:00,36.8,27.299999999999997,3.6444512,3.5351176639999995
20200722:0230,0.35,59.9,0.0,38.59,26.35,1.86,0.0,2020-07-22 02:30:00+00:00,60.25,28.2328125,5.943193679687499,5.764897869296874
20200722:0330,0.0,69.25,0.0,52.31,26.73,2.28,0.0,2020-07-22 03:30:00+00:00,69.25,28.8940625,6.811741192187501,6.607388956421876
20200722:0430,0.0,100.25,0.0,66.11,26.86,2.48,0.0,2020-07-22 04:30:00+00:00,100.25,29.9928125,9.814777629687502,9.520334300796875
20200722:0530,2.0,141.2,0.0,79.82,27.09,2.62,0.0,2020-07-22 05:30:00+00:00,143.2,31.564999999999998,13.92515464,13.5074000008
20200722:0630,3.85,137.1,0.0,85.08,27.32,3.1,0.0,2020-07-22 06:30:00+00:00,140.95,31.7246875,13.696905224687498,13.285998067946872
20200722:0730,4.1,145.4,0.0,71.76,27.26,3.1,0.0,2020-07-22 07:30:00+00:00,149.5,31.931875,14.51474756875,14.079305141687499
20200722:0830,1.75,118.95,0.0,57.96,27.19,3.03,0.0,2020-07-22 08:30:00+00:00,120.7,30.961875000000003,11.76776870875,11.414735647487499
20200722:0930,0.0,82.75,0.0,44.19,27.18,2.34,0.0,2020-07-22 09:30:00+00:00,82.75,29.7659375,8.1093598421875,7.866079046921874
20200722:1030,0.15,97.0,0.0,30.54,27.21,2.21,0.0,2020-07-22 10:30:00+00:00,97.15,30.2459375,9.5009500121875,9.215921511821875
20200722:1130,3.75,62.85,0.0,17.1,27.36,2.14,0.0,2020-07-22 11:30:00+00:00,66.6,29.44125,6.535769354999999,6.33969627435
20200722:1230,0.95,13.61,0.0,3.95,27.36,1.24,0.0,2020-07-22 12:30:00+00:00,14.559999999999999,27.814999999999998,1.4387857119999996,1.3956221406399996
20200722:1330,0.0,0.0,0.0,0.0,27.09,1.24,0.0,2020-07-22 13:30:00+00:00,0.0,27.09,0.0,0.0
20200722:1430,0.0,0.0,0.0,0.0,26.9,1.52,0.0,2020-07-22 14:30:00+00:00,0.0,26.9,0.0,0.0
20200722:1530,0.0,0.0,0.0,0.0,26.82,1.52,0.0,2020-07-22 15:30:00+00:00,0.0,26.82,0.0,0.0
20200722:1630,0.0,0.0,0.0,0.0,26.62,1.38,0.0,2020-07-22 16:30:00+00:00,0.0,26.62,0.0,0.0
20200722:1730,0.0,0.0,0.0,0.0,26.57,1.31,0.0,2020-07-22 17:30:00+00:00,0.0,26.57,0.0,0.0
20200722:1830,0.0,0.0,0.0,0.0,26.42,0.97,0.0,2020-07-22 18:30:00+00:00,0.0,26.42,0.0,0.0
20200722:1930,0.0,0.0,0.0,0.0,26.64,1.17,0.0,2020-07-22 19:30:00+00:00,0.0,26.64,0.0,0.0
20200722:2030,0.0,0.0,0.0,0.0,26.51,0.97,0.0,2020-07-22 20:30:00+00:00,0.0,26.51,0.0,0.0
20200722:2130,0.0,0.0,0.0,0.0,26.4,0.97,0.0,2020-07-22 21:30:00+00:00,0.0,26.4,0.0,0.0
20200722:2230,0.0,0.0,0.0,0.0,26.09,0.62,0.0,2020-07-22 22:30:00+00:00,0.0,26.09,0.0,0.0
20200722:2330,0.0,0.0,0.0,-1.3,26.0,0.9,0.0,2020-07-22 23:30:00+00:00,0.0,26.0,0.0,0.0
20200723:0030,0.0,15.2,0.0,11.59,25.8,0.9,0.0,2020-07-23 00:30:00+00:00,15.2,26.275000000000002,1.5118604,1.466504588
20200723:0130,0.2,30.0,0.0,24.94,25.79,0.55,0.0,2020-07-23 01:30:00+00:00,30.2,26.73375,2.9980091149999994,2.9080688415499996
20200723:0230,2.5,42.4,0.0,38.53,25.68,0.21,0.0,2020-07-23 02:30:00+00:00,44.9,27.083125,4.450716428749999,4.317194935887499
20200723:0330,13.75,80.65,0.0,52.26,26.0,0.41,0.0,2020-07-23 03:30:00+00:00,94.4,28.95,9.283390400000002,9.004888688000001
20200723:0430,10.3,143.6,0.0,66.06,26.33,1.03,0.0,2020-07-23 04:30:00+00:00,153.9,31.139374999999998,14.993163078750001,14.5433681863875
20200723:0530,13.95,155.65,0.0,79.75,26.9,1.38,0.0,2020-07-23 05:30:00+00:00,169.6,32.199999999999996,16.4471296,15.953715712
20200723:0630,350.75,233.95,0.0,84.97,27.34,1.17,0.0,2020-07-23 06:30:00+00:00,584.7,45.611875,53.40825940875,51.806011626487496
20200723:0730,158.6,240.2,0.0,71.72,30.66,2.41,0.0,2020-07-23 07:30:00+00:00,398.79999999999995,43.1225,36.844553739999995,35.739217127799996
20200723:0830,73.85,222.85,0.0,57.93,30.78,2.48,0.0,2020-07-23 08:30:00+00:00,296.7,40.051875,27.794325648749997,26.960495879287496
20200723:0930,87.4,192.65,0.0,44.16,30.3,2.76,0.0,2020-07-23 09:30:00+00:00,280.05,39.0515625,26.352241167187504,25.561673932171878
20200723:1030,19.2,130.4,0.0,30.5,29.49,3.45,0.0,2020-07-23 10:30:00+00:00,149.6,34.165,14.384144719999998,13.952620378399997
20200723:1130,11.15,51.9,0.0,17.04,28.1,2.69,0.0,2020-07-23 11:30:00+00:00,63.05,30.0703125,6.170733054687499,5.985611063046874
20200723:1230,2.3,12.13,0.0,3.88,27.6,1.45,0.0,2020-07-23 12:30:00+00:00,14.43,28.0509375,1.4245094881875,1.381774203541875
20200723:1330,0.0,0.0,0.0,0.0,27.32,1.03,0.0,2020-07-23 13:30:00+00:00,0.0,27.32,0.0,0.0
20200723:1430,0.0,0.0,0.0,0.0,26.98,1.52,0.0,2020-07-23 14:30:00+00:00,0.0,26.98,0.0,0.0
20200723:1530,0.0,0.0,0.0,0.0,26.8,1.72,0.0,2020-07-23 15:30:00+00:00,0.0,26.8,0.0,0.0
20200723:1630,0.0,0.0,0.0,0.0,26.44,1.52,0.0,2020-07-23 16:30:00+00:00,0.0,26.44,0.0,0.0
20200723:1730,0.0,0.0,0.0,0.0,26.03,1.66,0.0,2020-07-23 17:30:00+00:00,0.0,26.03,0.0,0.0
20200723:1830,0.0,0.0,0.0,0.0,25.45,1.66,0.0,2020-07-23 18:30:00+00:00,0.0,25.45,0.0,0.0
20200723:1930,0.0,0.0,0.0,0.0,25.96,1.72,0.0,2020-07-23 19:30:00+00:00,0.0,25.96,0.0,0.0
20200723:2030,0.0,0.0,0.0,0.0,25.75,1.72,0.0,2020-07-23 20:30:00+00:00,0.0,25.75,0.0,0.0
20200723:2130,0.0,0.0,0.0,0.0,25.56,1.59,0.0,2020-07-23 21:30:00+00:00,0.0,25.56,0.0,0.0
20200723:2230,0.0,0.0,0.0,0.0,25.42,1.52,0.0,2020-07-23 22:30:00+00:00,0.0,25.42,0.0,0.0
20200723:2330,0.0,0.0,0.0,-1.4,25.35,1.52,0.0,2020-07-23 23:30:00+00:00,0.0,25.35,0.0,0.0
20200724:0030,7.9,49.35,0.0,11.51,25.33,1.72,0.0,2020-07-24 00:30:00+00:00,57.25,27.1190625,5.674047142187501,5.503825727921876
20200724:0130,30.35,119.35,0.0,24.88,25.86,2.07,0.0,2020-07-24 01:30:00+00:00,149.7,30.538125,14.621795928750002,14.1831420508875
20200724:0230,100.15,201.1,0.0,38.47,26.69,2.14,0.0,2020-07-24 02:30:00+00:00,301.25,36.1040625,28.7200584921875,27.858456737421875
20200724:0330,45.75,219.8,0.0,52.21,28.07,2.14,0.0,2020-07-24 03:30:00+00:00,265.55,36.3684375,25.2870667971875,24.528454793271873
20200724:0430,211.15,350.55,0.0,66.01,28.65,1.93,0.0,2020-07-24 04:30:00+00:00,561.7,46.203125,51.167885968750014,49.632849389687514
20200724:0530,232.9,343.05,0.0,79.67,30.0,1.93,0.0,2020-07-24 05:30:00+00:00,575.95,47.9984375,52.031700967187504,50.47074993817188
20200724:0630,137.1,326.0,0.0,84.86,31.03,1.66,0.0,2020-07-24 06:30:00+00:00,463.1,45.501875,42.322344308750004,41.0526739794875
20200724:0730,111.45,206.1,0.0,71.68,29.42,3.45,0.0,2020-07-24 07:30:00+00:00,317.55,39.3434375,29.8420013971875,28.94674135527187
20200724:0830,110.55,232.15,0.0,57.89,28.17,3.31,0.0,2020-07-24 08:30:00+00:00,342.7,38.879375,32.27228603875,31.304117457587502
20200724:0930,137.45,198.9,0.0,44.12,28.22,3.79,0.0,2020-07-24 09:30:00+00:00,336.35,38.730937499999996,31.695271652187508,30.74441350262188
20200724:1030,176.5,123.35,0.0,30.45,28.4,3.79,0.0,2020-07-24 10:30:00+00:00,299.85,37.7703125,28.3767451546875,27.525442800046875
20200724:1130,50.8,78.15,0.0,16.98,28.73,3.1,0.0,2020-07-24 11:30:00+00:00,128.95,32.7596875,12.474743084687498,12.100500792146873
20200724:1230,4.25,12.75,0.0,3.81,28.06,2.34,0.0,2020-07-24 12:30:00+00:00,17.0,28.59125,1.6743584750000002,1.6241277207500002
20200724:1330,0.0,0.0,0.0,0.0,27.36,2.0,0.0,2020-07-24 13:30:00+00:00,0.0,27.36,0.0,0.0
20200724:1430,0.0,0.0,0.0,0.0,26.89,1.72,0.0,2020-07-24 14:30:00+00:00,0.0,26.89,0.0,0.0
20200724:1530,0.0,0.0,0.0,0.0,26.56,1.79,0.0,2020-07-24 15:30:00+00:00,0.0,26.56,0.0,0.0
20200724:1630,0.0,0.0,0.0,0.0,26.38,1.66,0.0,2020-07-24 16:30:00+00:00,0.0,26.38,0.0,0.0
20200724:1730,0.0,0.0,0.0,0.0,26.26,1.38,0.0,2020-07-24 17:30:00+00:00,0.0,26.26,0.0,0.0
20200724:1830,0.0,0.0,0.0,0.0,25.94,1.38,0.0,2020-07-24 18:30:00+00:00,0.0,25.94,0.0,0.0
20200724:1930,0.0,0.0,0.0,0.0,26.07,1.17,0.0,2020-07-24 19:30:00+00:00,0.0,26.07,0.0,0.0
20200724:2030,0.0,0.0,0.0,0.0,25.79,1.38,0.0,2020-07-24 20:30:00+00:00,0.0,25.79,0.0,0.0
20200724:2130,0.0,0.0,0.0,0.0,25.65,1.38,0.0,2020-07-24 21:30:00+00:00,0.0,25.65,0.0,0.0
20200724:2230,0.0,0.0,0.0,0.0,25.4,1.45,0.0,2020-07-24 22:30:00+00:00,0.0,25.4,0.0,0.0
20200724:2330,0.0,0.0,0.0,-1.49,25.29,1.59,0.0,2020-07-24 23:30:00+00:00,0.0,25.29,0.0,0.0
20200725:0030,49.85,56.2,0.0,11.43,25.28,1.45,0.0,2020-07-25 00:30:00+00:00,106.05000000000001,28.5940625,10.4449168621875,10.131569356321874
20200725:0130,196.35,100.45,0.0,24.81,26.21,1.72,0.0,2020-07-25 01:30:00+00:00,296.8,35.485,28.37298184,27.5217923848
20200725:0230,331.5,147.2,0.0,38.42,27.65,2.0,0.0,2020-07-25 02:30:00+00:00,478.7,42.609375,44.32956471875,42.9996777771875
20200725:0330,488.9,163.65,0.0,52.16,28.92,2.0,0.0,2020-07-25 03:30:00+00:00,652.55,49.3121875,58.591734459687494,56.83398242589687
20200725:0430,526.7,183.15,0.0,65.96,30.16,2.21,0.0,2020-07-25 04:30:00+00:00,709.85,52.3428125,62.8330959096875,60.94810303239687
20200725:0530,558.35,226.25,0.0,79.6,31.0,2.55,0.0,2020-07-25 05:30:00+00:00,784.6,55.51875,68.40309527500001,66.35100241675
20200725:0630,499.45,183.2,0.0,84.73,31.68,2.76,0.0,2020-07-25 06:30:00+00:00,682.65,53.012812499999995,60.2333624896875,58.42636161499687
20200725:0730,398.9,229.55,0.0,71.64,31.91,2.14,0.0,2020-07-25 07:30:00+00:00,628.45,51.549062500000005,55.837401502187504,54.162279457121876
20200725:0830,510.0,147.25,0.0,57.85,32.01,2.41,0.0,2020-07-25 08:30:00+00:00,657.25,52.5490625,58.1202190421875,56.37661247092188
20200725:0930,291.8,179.55,0.0,44.07,32.08,2.55,0.0,2020-07-25 09:30:00+00:00,471.35,46.809687499999995,42.81740159468751,41.532879546846885
20200725:1030,223.75,109.35,0.0,30.4,31.84,2.21,0.0,2020-07-25 10:30:00+00:00,333.1,42.249375,30.896777938750002,29.969874600587502
20200725:1130,84.85,68.6,0.0,16.92,31.26,2.21,0.0,2020-07-25 11:30:00+00:00,153.45,36.0553125,14.632496164687497,14.193521279746871
20200725:1230,6.2,16.89,0.0,3.73,30.41,2.07,0.0,2020-07-25 12:30:00+00:00,23.09,31.1315625,2.2495373331875,2.182051213191875
20200725:1330,0.0,0.0,0.0,0.0,29.53,1.79,0.0,2020-07-25 13:30:00+00:00,0.0,29.53,0.0,0.0
20200725:1430,0.0,0.0,0.0,0.0,28.82,1.93,0.0,2020-07-25 14:30:00+00:00,0.0,28.82,0.0,0.0
20200725:1530,0.0,0.0,0.0,0.0,28.31,2.21,0.0,2020-07-25 15:30:00+00:00,0.0,28.31,0.0,0.0
20200725:1630,0.0,0.0,0.0,0.0,27.96,2.34,0.0,2020-07-25 16:30:00+00:00,0.0,27.96,0.0,0.0
20200725:1730,0.0,0.0,0.0,0.0,27.63,2.48,0.0,2020-07-25 17:30:00+00:00,0.0,27.63,0.0,0.0
20200725:1830,0.0,0.0,0.0,0.0,27.38,2.41,0.0,2020-07-25 18:30:00+00:00,0.0,27.38,0.0,0.0
20200725:1930,0.0,0.0,0.0,0.0,27.35,2.21,0.0,2020-07-25 19:30:00+00:00,0.0,27.35,0.0,0.0
20200725:2030,0.0,0.0,0.0,0.0,27.18,2.14,0.0,2020-07-25 20:30:00+00:00,0.0,27.18,0.0,0.0
20200725:2130,0.0,0.0,0.0,0.0,26.99,2.0,0.0,2020-07-25 21:30:00+00:00,0.0,26.99,0.0,0.0
20200725:2230,0.0,0.0,0.0,0.0,26.84,1.86,0.0,2020-07-25 22:30:00+00:00,0.0,26.84,0.0,0.0
20200725:2330,0.0,0.0,0.0,-1.59,26.65,1.72,0.0,2020-07-25 23:30:00+00:00,0.0,26.65,0.0,0.0
20200726:0030,47.95,53.0,0.0,11.36,26.62,1.52,0.0,2020-07-26 00:30:00+00:00,100.95,29.774687500000002,9.892558024687501,9.595781283946875
20200726:0130,192.95,101.8,0.0,24.74,27.77,1.59,0.0,2020-07-26 01:30:00+00:00,294.75,36.980937499999996,27.991819842187503,27.15206524692188
20200726:0230,344.35,149.2,0.0,38.36,29.2,2.48,0.0,2020-07-26 02:30:00+00:00,493.55,44.6234375,45.2872380171875,43.92862087667187
20200726:0330,453.65,198.3,0.0,52.11,30.32,1.93,0.0,2020-07-26 03:30:00+00:00,651.95,50.6934375,58.15964863718751,56.41485917807188
20200726:0430,561.2,198.5,0.0,65.91,31.29,1.45,0.0,2020-07-26 04:30:00+00:00,759.7,55.030625,66.38800835875,64.3963681079875
20200726:0530,625.95,209.85,0.0,79.52,32.08,1.17,0.0,2020-07-26 05:30:00+00:00,835.8000000000001,58.198750000000004,71.92604359500001,69.76826228715001
20200726:0630,497.75,244.3,0.0,84.59,32.7,1.31,0.0,2020-07-26 06:30:00+00:00,742.05,55.8890625,64.57808389218751,62.64074137542188
20200726:0730,312.2,293.6,0.0,71.59,33.72,1.17,0.0,2020-07-26 07:30:00+00:00,605.8,52.65125,53.544526555,51.93819075835
20200726:0830,365.95,203.2,0.0,57.81,33.86,1.1,0.0,2020-07-26 08:30:00+00:00,569.15,51.6459375,50.54547516218749,49.029110907321865
20200726:0930,236.65,183.65,0.0,44.03,33.85,1.45,0.0,2020-07-26 09:30:00+00:00,420.3,46.984375,38.14918621875,37.0047106321875
20200726:1030,84.65,136.4,0.0,30.34,31.32,1.86,0.0,2020-07-26 10:30:00+00:00,221.05,38.2278125,20.876916659687502,20.250609159896875
20200726:1130,34.8,81.85,0.0,16.85,30.43,2.0,0.0,2020-07-26 11:30:00+00:00,116.64999999999999,34.0753125,11.220373214687498,10.883762018246873
20200726:1230,1.45,15.23,0.0,3.65,30.07,1.72,0.0,2020-07-26 12:30:00+00:00,16.68,30.59125,1.6288299390000003,1.5799650408300003
20200726:1330,0.0,0.0,0.0,0.0,29.38,1.72,0.0,2020-07-26 13:30:00+00:00,0.0,29.38,0.0,0.0
20200726:1430,0.0,0.0,0.0,0.0,28.95,1.66,0.0,2020-07-26 14:30:00+00:00,0.0,28.95,0.0,0.0
20200726:1530,0.0,0.0,0.0,0.0,28.64,1.52,0.0,2020-07-26 15:30:00+00:00,0.0,28.64,0.0,0.0
20200726:1630,0.0,0.0,0.0,0.0,28.4,1.79,0.0,2020-07-26 16:30:00+00:00,0.0,28.4,0.0,0.0
20200726:1730,0.0,0.0,0.0,0.0,28.19,2.07,0.0,2020-07-26 17:30:00+00:00,0.0,28.19,0.0,0.0
20200726:1830,0.0,0.0,0.0,0.0,28.08,2.07,0.0,2020-07-26 18:30:00+00:00,0.0,28.08,0.0,0.0
20200726:1930,0.0,0.0,0.0,0.0,28.26,2.14,0.0,2020-07-26 19:30:00+00:00,0.0,28.26,0.0,0.0
20200726:2030,0.0,0.0,0.0,0.0,28.11,1.93,0.0,2020-07-26 20:30:00+00:00,0.0,28.11,0.0,0.0
20200726:2130,0.0,0.0,0.0,0.0,27.94,1.93,0.0,2020-07-26 21:30:00+00:00,0.0,27.94,0.0,0.0
20200726:2230,0.0,0.0,0.0,0.0,27.89,1.93,0.0,2020-07-26 22:30:00+00:00,0.0,27.89,0.0,0.0
20200726:2330,0.0,0.0,0.0,-1.68,27.74,1.79,0.0,2020-07-26 23:30:00+00:00,0.0,27.74,0.0,0.0
20200727:0030,14.45,50.2,0.0,11.28,27.58,1.79,0.0,2020-07-27 00:30:00+00:00,64.65,29.600312499999998,6.3400877146875,6.1498850832468746
20200727:0130,40.0,121.1,0.0,24.68,28.05,1.93,0.0,2020-07-27 01:30:00+00:00,161.1,33.084375,15.56299501875,15.0961051681875
20200727:0230,45.0,197.2,0.0,38.31,28.45,1.59,0.0,2020-07-27 02:30:00+00:00,242.2,36.01875,23.099128675,22.40615481475
20200727:0330,55.9,245.35,0.0,52.06,29.12,1.17,0.0,2020-07-27 03:30:00+00:00,301.25,38.534062500000005,28.4126027421875,27.56022465992187
20200727:0430,233.8,303.65,0.0,65.86,29.86,1.03,0.0,2020-07-27 04:30:00+00:00,537.45,46.6553125,48.856767964687506,47.39106492574688
20200727:0530,316.0,337.7,0.0,79.43,30.92,1.24,0.0,2020-07-27 05:30:00+00:00,653.7,51.348125,58.13601688875001,56.39193638208751
20200727:0630,161.45,349.2,0.0,84.44,31.77,1.17,0.0,2020-07-27 06:30:00+00:00,510.65,47.7278125,46.1904978696875,44.80478293359687
20200727:0730,88.2,285.75,0.0,71.53,32.84,1.31,0.0,2020-07-27 07:30:00+00:00,373.95,44.525937500000005,34.328275782187504,33.29842750872188
20200727:0830,118.05,260.05,0.0,57.76,32.85,0.28,0.0,2020-07-27 08:30:00+00:00,378.1,44.665625000000006,34.68705941875,33.6464476361875
20200727:0930,97.2,251.8,0.0,43.97,32.19,1.24,0.0,2020-07-27 09:30:00+00:00,349.0,43.09625,32.247451675,31.28002812475
20200727:1030,47.8,171.75,0.0,30.28,31.07,2.55,0.0,2020-07-27 10:30:00+00:00,219.55,37.9309375,20.7626253221875,20.139746562521875
20200727:1130,14.7,75.85,0.0,16.78,30.1,2.07,0.0,2020-07-27 11:30:00+00:00,90.55,32.9296875,8.7534260546875,8.490823273046875
20200727:1230,0.0,11.2,0.0,3.56,29.31,0.55,0.0,2020-07-27 12:30:00+00:00,11.2,29.66,1.0980793599999998,1.0651369791999998
20200727:1330,0.0,0.0,0.0,0.0,28.72,0.28,0.0,2020-07-27 13:30:00+00:00,0.0,28.72,0.0,0.0
20200727:1430,0.0,0.0,0.0,0.0,28.05,0.34,0.0,2020-07-27 14:30:00+00:00,0.0,28.05,0.0,0.0
20200727:1530,0.0,0.0,0.0,0.0,27.58,0.62,0.0,2020-07-27 15:30:00+00:00,0.0,27.58,0.0,0.0
20200727:1630,0.0,0.0,0.0,0.0,27.42,1.03,0.0,2020-07-27 16:30:00+00:00,0.0,27.42,0.0,0.0
20200727:1730,0.0,0.0,0.0,0.0,27.36,1.03,0.0,2020-07-27 17:30:00+00:00,0.0,27.36,0.0,0.0
20200727:1830,0.0,0.0,0.0,0.0,27.29,1.1,0.0,2020-07-27 18:30:00+00:00,0.0,27.29,0.0,0.0
20200727:1930,0.0,0.0,0.0,0.0,27.17,0.83,0.0,2020-07-27 19:30:00+00:00,0.0,27.17,0.0,0.0
20200727:2030,0.0,0.0,0.0,0.0,27.18,0.97,0.0,2020-07-27 20:30:00+00:00,0.0,27.18,0.0,0.0
20200727:2130,0.0,0.0,0.0,0.0,27.04,1.03,0.0,2020-07-27 21:30:00+00:00,0.0,27.04,0.0,0.0
20200727:2230,0.0,0.0,0.0,0.0,26.91,0.83,0.0,2020-07-27 22:30:00+00:00,0.0,26.91,0.0,0.0
20200727:2330,0.0,0.0,0.0,-1.78,26.94,0.9,0.0,2020-07-27 23:30:00+00:00,0.0,26.94,0.0,0.0
20200728:0030,6.15,33.45,0.0,11.2,26.87,1.52,0.0,2020-07-28 00:30:00+00:00,39.6,28.1075,3.9083160600000006,3.7910665782000006
20200728:0130,24.65,117.85,0.0,24.61,27.11,1.79,0.0,2020-07-28 01:30:00+00:00,142.5,31.563125,13.85719696875,13.441481059687499
20200728:0230,148.45,196.45,0.0,38.25,27.8,2.0,0.0,2020-07-28 02:30:00+00:00,344.9,38.578125,32.523099968749996,31.547406969687493
20200728:0330,300.6,214.8,0.0,52.01,29.19,2.07,0.0,2020-07-28 03:30:00+00:00,515.4000000000001,45.29625,47.146511355,45.73211601435
20200728:0430,157.45,269.75,0.0,65.81,30.54,2.69,0.0,2020-07-28 04:30:00+00:00,427.2,43.89,39.33068064,38.150760220799995
20200728:0530,123.95,296.15,0.0,79.35,30.1,2.76,0.0,2020-07-28 05:30:00+00:00,420.09999999999997,43.228125,38.79379316875,37.6299793736875
20200728:0630,276.3,268.9,0.0,84.28,30.01,2.9,0.0,2020-07-28 06:30:00+00:00,545.2,47.0475,49.471475260000005,47.9873310022
20200728:0730,197.0,310.15,0.0,71.47,30.89,2.9,0.0,2020-07-28 07:30:00+00:00,507.15,46.7384375,46.0846475971875,44.702108169271874
20200728:0830,33.35,173.4,0.0,57.71,29.6,3.45,0.0,2020-07-28 08:30:00+00:00,206.75,36.0609375,19.714523492187496,19.12308778742187
20200728:0930,58.45,238.2,0.0,43.92,29.2,1.45,0.0,2020-07-28 09:30:00+00:00,296.65,38.4703125,27.986693354687496,27.14709255404687
20200728:1030,19.55,127.0,0.0,30.22,29.91,2.55,0.0,2020-07-28 10:30:00+00:00,146.55,34.4896875,14.0709002446875,13.648773237346875
20200728:1130,9.45,58.1,0.0,16.7,28.62,2.07,0.0,2020-07-28 11:30:00+00:00,67.55,30.7309375,6.5924075721875,6.394635345021874
20200728:1230,1.5,12.07,0.0,3.47,28.37,1.66,0.0,2020-07-28 12:30:00+00:00,13.57,28.794062500000003,1.3353761201875,1.295314836581875
20200728:1330,0.0,0.0,0.0,0.0,27.97,2.0,0.0,2020-07-28 13:30:00+00:00,0.0,27.97,0.0,0.0
20200728:1430,0.0,0.0,0.0,0.0,27.76,2.07,0.0,2020-07-28 14:30:00+00:00,0.0,27.76,0.0,0.0
20200728:1530,0.0,0.0,0.0,0.0,27.68,2.07,0.0,2020-07-28 15:30:00+00:00,0.0,27.68,0.0,0.0
20200728:1630,0.0,0.0,0.0,0.0,27.26,1.93,0.0,2020-07-28 16:30:00+00:00,0.0,27.26,0.0,0.0
20200728:1730,0.0,0.0,0.0,0.0,27.06,2.28,0.0,2020-07-28 17:30:00+00:00,0.0,27.06,0.0,0.0
20200728:1830,0.0,0.0,0.0,0.0,27.06,2.62,0.0,2020-07-28 18:30:00+00:00,0.0,27.06,0.0,0.0
20200728:1930,0.0,0.0,0.0,0.0,26.46,1.17,0.0,2020-07-28 19:30:00+00:00,0.0,26.46,0.0,0.0
20200728:2030,0.0,0.0,0.0,0.0,26.14,1.59,0.0,2020-07-28 20:30:00+00:00,0.0,26.14,0.0,0.0
20200728:2130,0.0,0.0,0.0,0.0,25.96,1.72,0.0,2020-07-28 21:30:00+00:00,0.0,25.96,0.0,0.0
20200728:2230,0.0,0.0,0.0,0.0,25.89,1.59,0.0,2020-07-28 22:30:00+00:00,0.0,25.89,0.0,0.0
20200728:2330,0.0,0.0,0.0,-1.87,25.9,1.86,0.0,2020-07-28 23:30:00+00:00,0.0,25.9,0.0,0.0
20200729:0030,13.35,56.65,0.0,11.12,25.94,1.86,0.0,2020-07-29 00:30:00+00:00,70.0,28.1275,6.908051500000001,6.700809955
20200729:0130,36.05,138.0,0.0,24.55,26.63,2.14,0.0,2020-07-29 01:30:00+00:00,174.05,32.0690625,16.8882444621875,16.381597128321875
20200729:0230,78.85,191.9,0.0,38.19,27.49,3.17,0.0,2020-07-29 02:30:00+00:00,270.75,35.950937499999995,25.8297141421875,25.054822717921873
20200729:0330,146.7,262.15,0.0,51.96,28.47,3.52,0.0,2020-07-29 03:30:00+00:00,408.84999999999997,41.246562499999996,38.0951890271875,36.952333356371874
20200729:0430,299.75,287.05,0.0,65.76,29.31,3.66,0.0,2020-07-29 04:30:00+00:00,586.8,47.647499999999994,53.09838774,51.5054361078
20200729:0530,449.4,239.45,0.0,79.25,30.4,4.0,0.0,2020-07-29 05:30:00+00:00,688.8499999999999,51.926562499999996,61.0946877171875,59.26184708567187
20200729:0630,103.2,338.5,0.0,84.11,31.27,4.0,0.0,2020-07-29 06:30:00+00:00,441.7,45.073125,40.44615428875,39.2327696600875
20200729:0730,111.25,306.45,0.0,71.4,31.07,3.31,0.0,2020-07-29 07:30:00+00:00,417.7,44.123125,38.41515368875,37.2626990780875
20200729:0830,100.7,254.15,0.0,57.65,29.95,2.62,0.0,2020-07-29 08:30:00+00:00,354.85,41.0390625,33.094586242187496,32.10174865492187
20200729:0930,31.85,153.35,0.0,43.86,30.07,2.97,0.0,2020-07-29 09:30:00+00:00,185.2,35.8575,17.675460219999998,17.145196413399997
20200729:1030,57.9,137.55,0.0,30.15,29.69,2.76,0.0,2020-07-29 10:30:00+00:00,195.45000000000002,35.7978125,18.658618369687503,18.09885981859688
20200729:1130,25.65,81.15,0.0,16.62,29.77,2.83,0.0,2020-07-29 11:30:00+00:00,106.80000000000001,33.1075,10.316329979999999,10.006840080599998
20200729:1230,1.2,16.79,0.0,3.37,29.46,2.69,0.0,2020-07-29 12:30:00+00:00,17.99,30.0221875,1.7610533556874999,1.7082217550168748
20200729:1330,0.0,0.0,0.0,0.0,28.93,2.62,0.0,2020-07-29 13:30:00+00:00,0.0,28.93,0.0,0.0
20200729:1430,0.0,0.0,0.0,0.0,28.59,2.9,0.0,2020-07-29 14:30:00+00:00,0.0,28.59,0.0,0.0
20200729:1530,0.0,0.0,0.0,0.0,28.33,2.97,0.0,2020-07-29 15:30:00+00:00,0.0,28.33,0.0,0.0
20200729:1630,0.0,0.0,0.0,0.0,28.02,2.76,0.0,2020-07-29 16:30:00+00:00,0.0,28.02,0.0,0.0
20200729:1730,0.0,0.0,0.0,0.0,27.73,2.62,0.0,2020-07-29 17:30:00+00:00,0.0,27.73,0.0,0.0
20200729:1830,0.0,0.0,0.0,0.0,27.38,2.55,0.0,2020-07-29 18:30:00+00:00,0.0,27.38,0.0,0.0
20200729:1930,0.0,0.0,0.0,0.0,27.36,2.69,0.0,2020-07-29 19:30:00+00:00,0.0,27.36,0.0,0.0
20200729:2030,0.0,0.0,0.0,0.0,27.28,2.48,0.0,2020-07-29 20:30:00+00:00,0.0,27.28,0.0,0.0
20200729:2130,0.0,0.0,0.0,0.0,27.06,2.14,0.0,2020-07-29 21:30:00+00:00,0.0,27.06,0.0,0.0
20200729:2230,0.0,0.0,0.0,0.0,26.84,1.79,0.0,2020-07-29 22:30:00+00:00,0.0,26.84,0.0,0.0
20200729:2330,0.0,0.0,0.0,-1.96,26.6,1.72,0.0,2020-07-29 23:30:00+00:00,0.0,26.6,0.0,0.0
20200730:0030,14.35,59.05,0.0,11.04,26.54,1.86,0.0,2020-07-30 00:30:00+00:00,73.39999999999999,28.83375,7.221813154999999,7.005158760349999
20200730:0130,64.4,144.95,0.0,24.49,27.34,2.07,0.0,2020-07-30 01:30:00+00:00,209.35,33.8821875,20.154015899687497,19.549395422696872
20200730:0230,134.35,210.05,0.0,38.14,28.39,3.1,0.0,2020-07-30 02:30:00+00:00,344.4,39.1525,32.39286918,31.421083104599997
20200730:0330,321.85,238.4,0.0,51.92,29.29,2.55,0.0,2020-07-30 03:30:00+00:00,560.25,46.7978125,50.89586572968751,49.36898975779688
20200730:0430,385.05,275.3,0.0,65.71,30.5,2.55,0.0,2020-07-30 04:30:00+00:00,660.35,51.1359375,58.786276142187496,57.02268785792187
20200730:0530,637.35,208.1,0.0,79.16,31.24,2.76,0.0,2020-07-30 05:30:00+00:00,845.45,57.6603125,72.94768229468751,70.75925182584689
20200730:0630,304.25,333.35,0.0,83.93,32.02,2.9,0.0,2020-07-30 06:30:00+00:00,637.6,51.94500000000001,56.54434456,54.848014223199996
20200730:0730,389.05,243.55,0.0,71.32,31.9,2.55,0.0,2020-07-30 07:30:00+00:00,632.6,51.66875,56.17432647500001,54.48909668075001
20200730:0830,467.7,224.4,0.0,57.59,32.14,1.93,0.0,2020-07-30 08:30:00+00:00,692.1,53.768125,60.84762388875001,59.02219517208751
20200730:0930,325.7,166.9,0.0,43.79,32.53,2.07,0.0,2020-07-30 09:30:00+00:00,492.6,47.92375,44.517259515000006,43.181741729550005
20200730:1030,130.8,139.65,0.0,30.07,32.07,1.86,0.0,2020-07-30 10:30:00+00:00,270.45000000000005,40.5215625,25.2819212371875,24.523463600071874
20200730:1130,35.2,80.5,0.0,16.53,30.21,2.55,0.0,2020-07-30 11:30:00+00:00,115.7,33.825625,11.14112757875,10.8068937513875
20200730:1230,4.05,14.01,0.0,3.27,29.6,1.86,0.0,2020-07-30 12:30:00+00:00,18.06,30.164375,1.76682718275,1.7138223672675
20200730:1330,0.0,0.0,0.0,0.0,28.72,2.0,0.0,2020-07-30 13:30:00+00:00,0.0,28.72,0.0,0.0
20200730:1430,0.0,0.0,0.0,0.0,28.27,2.21,0.0,2020-07-30 14:30:00+00:00,0.0,28.27,0.0,0.0
20200730:1530,0.0,0.0,0.0,0.0,27.97,2.0,0.0,2020-07-30 15:30:00+00:00,0.0,27.97,0.0,0.0
20200730:1630,0.0,0.0,0.0,0.0,27.66,1.52,0.0,2020-07-30 16:30:00+00:00,0.0,27.66,0.0,0.0
20200730:1730,0.0,0.0,0.0,0.0,27.4,1.59,0.0,2020-07-30 17:30:00+00:00,0.0,27.4,0.0,0.0
20200730:1830,0.0,0.0,0.0,0.0,27.26,1.38,0.0,2020-07-30 18:30:00+00:00,0.0,27.26,0.0,0.0
20200730:1930,0.0,0.0,0.0,0.0,27.45,1.93,0.0,2020-07-30 19:30:00+00:00,0.0,27.45,0.0,0.0
20200730:2030,0.0,0.0,0.0,0.0,27.33,2.07,0.0,2020-07-30 20:30:00+00:00,0.0,27.33,0.0,0.0
20200730:2130,0.0,0.0,0.0,0.0,27.15,1.86,0.0,2020-07-30 21:30:00+00:00,0.0,27.15,0.0,0.0
20200730:2230,0.0,0.0,0.0,0.0,27.01,1.66,0.0,2020-07-30 22:30:00+00:00,0.0,27.01,0.0,0.0
20200730:2330,0.0,0.0,0.0,-2.06,26.93,1.52,0.0,2020-07-30 23:30:00+00:00,0.0,26.93,0.0,0.0
20200731:0030,19.2,55.35,0.0,10.97,26.8,1.38,0.0,2020-07-31 00:30:00+00:00,74.55,29.1296875,7.325695354687499,7.105924494046874
20200731:0130,138.9,127.4,0.0,24.42,27.66,1.79,0.0,2020-07-31 01:30:00+00:00,266.3,35.981875,25.40172120875,24.6396695724875
20200731:0230,323.7,138.8,0.0,38.09,28.97,2.76,0.0,2020-07-31 02:30:00+00:00,462.5,43.423125,42.67130796875,41.3911687296875
20200731:0330,415.65,188.35,0.0,51.87,29.99,2.41,0.0,2020-07-31 03:30:00+00:00,604.0,48.864999999999995,54.3459268,52.715548996
20200731:0430,484.45,165.25,0.0,65.65,31.02,1.66,0.0,2020-07-31 04:30:00+00:00,649.7,51.323125000000005,57.78710358875,56.0534904810875
20200731:0530,488.85,191.8,0.0,79.06,31.77,1.45,0.0,2020-07-31 05:30:00+00:00,680.6500000000001,53.0403125,60.04903174468751,58.24756079234688
20200731:0630,596.65,201.75,0.0,83.74,32.4,1.86,0.0,2020-07-31 06:30:00+00:00,798.4,57.349999999999994,68.99213920000001,66.922375024
20200731:0730,614.1,198.85,0.0,71.24,32.85,2.07,0.0,2020-07-31 07:30:00+00:00,812.95,58.2546875,69.9405527546875,67.84233617204687
20200731:0830,359.3,180.6,0.0,57.52,33.5,1.79,0.0,2020-07-31 08:30:00+00:00,539.9,50.371875,48.23672436875,46.78962263768749
20200731:0930,298.7,165.5,0.0,43.72,33.05,1.17,0.0,2020-07-31 09:30:00+00:00,464.2,47.55625,42.022343275000004,40.761672976750006
20200731:1030,165.3,104.45,0.0,30.0,32.08,2.55,0.0,2020-07-31 10:30:00+00:00,269.75,40.5096875,25.2178299546875,24.461295056046872
20200731:1130,38.75,72.7,0.0,16.44,30.34,2.83,0.0,2020-07-31 11:30:00+00:00,111.45,33.8228125,10.732012969687501,10.410052580596876
20200731:1230,3.25,13.38,0.0,3.17,29.69,1.93,0.0,2020-07-31 12:30:00+00:00,16.630000000000003,30.2096875,1.6266124166875002,1.577814044186875
20200731:1330,0.0,0.0,0.0,0.0,29.21,1.38,0.0,2020-07-31 13:30:00+00:00,0.0,29.21,0.0,0.0
20200731:1430,0.0,0.0,0.0,0.0,28.74,1.72,0.0,2020-07-31 14:30:00+00:00,0.0,28.74,0.0,0.0
20200731:1530,0.0,0.0,0.0,0.0,28.44,1.79,0.0,2020-07-31 15:30:00+00:00,0.0,28.44,0.0,0.0
20200731:1630,0.0,0.0,0.0,0.0,28.17,1.72,0.0,2020-07-31 16:30:00+00:00,0.0,28.17,0.0,0.0
20200731:1730,0.0,0.0,0.0,0.0,27.91,1.79,0.0,2020-07-31 17:30:00+00:00,0.0,27.91,0.0,0.0
20200731:1830,0.0,0.0,0.0,0.0,27.64,1.72,0.0,2020-07-31 18:30:00+00:00,0.0,27.64,0.0,0.0
20200731:1930,0.0,0.0,0.0,0.0,27.88,1.52,0.0,2020-07-31 19:30:00+00:00,0.0,27.88,0.0,0.0
20200731:2030,0.0,0.0,0.0,0.0,27.71,1.59,0.0,2020-07-31 20:30:00+00:00,0.0,27.71,0.0,0.0
20200731:2130,0.0,0.0,0.0,0.0,27.49,1.45,0.0,2020-07-31 21:30:00+00:00,0.0,27.49,0.0,0.0
20200731:2230,0.0,0.0,0.0,0.0,27.4,1.24,0.0,2020-07-31 22:30:00+00:00,0.0,27.4,0.0,0.0
20200731:2330,0.0,0.0,0.0,-2.15,27.1,1.24,0.0,2020-07-31 23:30:00+00:00,0.0,27.1,0.0,0.0
20200801:0030,24.05,55.95,0.0,10.89,26.92,1.1,0.0,2020-08-01 00:30:00+00:00,80.0,29.42,7.851488,7.615943359999999
20200801:0130,155.45,103.1,0.0,24.36,27.86,0.97,0.0,2020-08-01 01:30:00+00:00,258.54999999999995,35.9396875,24.667048394687495,23.92703694284687
20200801:0230,304.7,127.45,0.0,38.03,29.02,0.97,0.0,2020-08-01 02:30:00+00:00,432.15,42.5246875,40.0342166446875,38.83319014534687
20200801:0330,396.75,185.45,0.0,51.82,30.2,0.9,0.0,2020-08-01 03:30:00+00:00,582.2,48.39375,52.499666675,50.924676674749996
20200801:0430,468.15,191.25,0.0,65.6,31.26,1.45,0.0,2020-08-01 04:30:00+00:00,659.4,51.86625,58.49944579499999,56.74446242114999
20200801:0530,615.45,182.45,0.0,78.95,31.95,2.0,0.0,2020-08-01 05:30:00+00:00,797.9000000000001,56.884375000000006,69.10497201875,67.0318228581875
20200801:0630,647.25,191.6,0.0,83.54,32.59,2.0,0.0,2020-08-01 06:30:00+00:00,838.85,58.8040625,71.9752541121875,69.81599648882187
20200801:0730,519.05,204.4,0.0,71.15,33.23,1.17,0.0,2020-08-01 07:30:00+00:00,723.4499999999999,55.8378125,62.9749615096875,61.08571266439688
20200801:0830,266.9,197.25,0.0,57.45,33.37,0.97,0.0,2020-08-01 08:30:00+00:00,464.15,47.87468749999999,41.955739794687496,40.69706760084687
20200801:0930,158.75,192.8,0.0,43.64,32.58,0.76,0.0,2020-08-01 09:30:00+00:00,351.55,43.5659375,32.4137207621875,31.441309139321877
20200801:1030,114.1,121.75,0.0,29.91,30.97,0.62,0.0,2020-08-01 10:30:00+00:00,235.85,38.340312499999996,22.2635486646875,21.595642204746877
20200801:1130,51.25,64.5,0.0,16.35,30.51,2.07,0.0,2020-08-01 11:30:00+00:00,115.75,34.127187500000005,11.1312817796875,10.797343326296875
20200801:1230,4.5,12.59,0.0,3.06,29.86,2.0,0.0,2020-08-01 12:30:00+00:00,17.09,30.3940625,1.6702824981875,1.6201740232418749
20200801:1330,0.0,0.0,0.0,0.0,29.24,1.79,0.0,2020-08-01 13:30:00+00:00,0.0,29.24,0.0,0.0
20200801:1430,0.0,0.0,0.0,0.0,28.81,1.79,0.0,2020-08-01 14:30:00+00:00,0.0,28.81,0.0,0.0
20200801:1530,0.0,0.0,0.0,0.0,28.61,1.72,0.0,2020-08-01 15:30:00+00:00,0.0,28.61,0.0,0.0
20200801:1630,0.0,0.0,0.0,0.0,28.45,1.66,0.0,2020-08-01 16:30:00+00:00,0.0,28.45,0.0,0.0
20200801:1730,0.0,0.0,0.0,0.0,28.26,1.66,0.0,2020-08-01 17:30:00+00:00,0.0,28.26,0.0,0.0
20200801:1830,0.0,0.0,0.0,0.0,28.11,1.52,0.0,2020-08-01 18:30:00+00:00,0.0,28.11,0.0,0.0
20200801:1930,0.0,0.0,0.0,0.0,28.22,1.72,0.0,2020-08-01 19:30:00+00:00,0.0,28.22,0.0,0.0
20200801:2030,0.0,0.0,0.0,0.0,27.95,1.66,0.0,2020-08-01 20:30:00+00:00,0.0,27.95,0.0,0.0
20200801:2130,0.0,0.0,0.0,0.0,27.65,1.38,0.0,2020-08-01 21:30:00+00:00,0.0,27.65,0.0,0.0
20200801:2230,0.0,0.0,0.0,0.0,27.37,1.24,0.0,2020-08-01 22:30:00+00:00,0.0,27.37,0.0,0.0
20200801:2330,0.0,0.0,0.0,-2.25,27.02,1.03,0.0,2020-08-01 23:30:00+00:00,0.0,27.02,0.0,0.0
20200802:0030,33.7,58.05,0.0,10.81,27.01,0.69,0.0,2020-08-02 00:30:00+00:00,91.75,29.8771875,8.9870575796875,8.717445852296875
20200802:0130,132.5,108.8,0.0,24.29,28.29,0.48,0.0,2020-08-02 01:30:00+00:00,241.3,35.830625,23.032359478750003,22.3413886943875
20200802:0230,363.7,132.6,0.0,37.98,29.26,0.34,0.0,2020-08-02 02:30:00+00:00,496.29999999999995,44.769375,45.50915285874999,44.14387827298749
20200802:0330,499.05,165.8,0.0,51.77,30.61,0.07,0.0,2020-08-02 03:30:00+00:00,664.85,51.3865625,59.116895447187495,57.34338858377187
20200802:0430,568.4,194.1,0.0,65.54,31.83,0.41,0.0,2020-08-02 04:30:00+00:00,762.5,55.658125,66.43173546875,64.4387834046875
20200802:0530,590.05,224.0,0.0,78.84,32.61,0.55,0.0,2020-08-02 05:30:00+00:00,814.05,58.0490625,70.1054924821875,68.00232770772188
20200802:0630,441.65,326.15,0.0,83.34,33.2,0.21,0.0,2020-08-02 06:30:00+00:00,767.8,57.19375,66.39828827499998,64.40633962674998
20200802:0730,334.5,309.3,0.0,71.06,33.42,0.76,0.0,2020-08-02 07:30:00+00:00,643.8,53.53875,56.66323615499999,54.96333907034999
20200802:0830,246.45,269.8,0.0,57.37,33.47,0.97,0.0,2020-08-02 08:30:00+00:00,516.25,49.6028125,46.2904951796875,44.90178032429687
20200802:0930,109.3,218.2,0.0,43.56,33.39,1.03,0.0,2020-08-02 09:30:00+00:00,327.5,43.624375,30.18821721875,29.2825707021875
20200802:1030,76.55,141.5,0.0,29.83,32.69,0.55,0.0,2020-08-02 10:30:00+00:00,218.05,39.504062499999996,20.476703452187504,19.862402348621877
20200802:1130,9.75,70.9,0.0,16.25,31.35,1.66,0.0,2020-08-02 11:30:00+00:00,80.65,33.870312500000004,7.7645359046874995,7.5315998275468745
20200802:1230,0.2,12.36,0.0,2.95,30.16,1.31,0.0,2020-08-02 12:30:00+00:00,12.559999999999999,30.5525,1.226709452,1.18990816844
20200802:1330,0.0,0.0,0.0,0.0,29.56,1.66,0.0,2020-08-02 13:30:00+00:00,0.0,29.56,0.0,0.0
20200802:1430,0.0,0.0,0.0,0.0,29.06,1.79,0.0,2020-08-02 14:30:00+00:00,0.0,29.06,0.0,0.0
20200802:1530,0.0,0.0,0.0,0.0,28.83,1.72,0.0,2020-08-02 15:30:00+00:00,0.0,28.83,0.0,0.0
20200802:1630,0.0,0.0,0.0,0.0,28.59,1.59,0.0,2020-08-02 16:30:00+00:00,0.0,28.59,0.0,0.0
20200802:1730,0.0,0.0,0.0,0.0,28.41,1.31,0.0,2020-08-02 17:30:00+00:00,0.0,28.41,0.0,0.0
20200802:1830,0.0,0.0,0.0,0.0,28.17,1.38,0.0,2020-08-02 18:30:00+00:00,0.0,28.17,0.0,0.0
20200802:1930,0.0,0.0,0.0,0.0,28.29,1.59,0.0,2020-08-02 19:30:00+00:00,0.0,28.29,0.0,0.0
20200802:2030,0.0,0.0,0.0,0.0,28.23,1.72,0.0,2020-08-02 20:30:00+00:00,0.0,28.23,0.0,0.0
20200802:2130,0.0,0.0,0.0,0.0,28.14,1.38,0.0,2020-08-02 21:30:00+00:00,0.0,28.14,0.0,0.0
20200802:2230,0.0,0.0,0.0,0.0,27.93,1.03,0.0,2020-08-02 22:30:00+00:00,0.0,27.93,0.0,0.0
20200802:2330,0.0,0.0,0.0,-2.34,27.63,0.76,0.0,2020-08-02 23:30:00+00:00,0.0,27.63,0.0,0.0
20200803:0030,4.6,28.9,0.0,10.74,26.99,1.24,0.0,2020-08-03 00:30:00+00:00,33.5,28.036875,3.3072711687500003,3.2080530336875004
20200803:0130,9.45,86.95,0.0,24.23,26.68,0.97,0.0,2020-08-03 01:30:00+00:00,96.4,29.6925,9.45001006,9.1665097582
20200803:0230,87.1,218.55,0.0,37.92,27.18,1.72,0.0,2020-08-03 02:30:00+00:00,305.65,36.731562499999995,29.058984127187497,28.18721460337187
20200803:0330,136.55,284.85,0.0,51.72,28.72,1.45,0.0,2020-08-03 03:30:00+00:00,421.40000000000003,41.88875,39.150893915000005,37.97636709755
20200803:0430,174.7,304.95,0.0,65.48,30.11,0.97,0.0,2020-08-03 04:30:00+00:00,479.65,45.0990625,43.9159835621875,42.598504055321875
20200803:0530,264.95,234.6,0.0,78.73,30.99,0.83,0.0,2020-08-03 05:30:00+00:00,499.54999999999995,46.6009375,45.42288570218749,44.06019913112187
20200803:0630,629.1,180.75,0.0,83.12,31.39,0.69,0.0,2020-08-03 06:30:00+00:00,809.85,56.6978125,70.20340114968752,68.09729911519689
20200803:0730,462.25,256.85,0.0,70.96,33.5,0.97,0.0,2020-08-03 07:30:00+00:00,719.1,55.971875,62.55581236875001,60.67913799768751
20200803:0830,378.7,175.6,0.0,57.28,33.71,1.24,0.0,2020-08-03 08:30:00+00:00,554.3,51.031875,49.36962330874999,47.88853460948749
20200803:0930,336.0,141.3,0.0,43.48,33.45,1.31,0.0,2020-08-03 09:30:00+00:00,477.3,48.365625,43.04598661874999,41.75460702018749
20200803:1030,147.5,126.25,0.0,29.74,33.47,0.83,0.0,2020-08-03 10:30:00+00:00,273.75,42.0246875,25.4175865546875,24.655058958046872
20200803:1130,46.65,79.2,0.0,16.15,33.0,0.69,0.0,2020-08-03 11:30:00+00:00,125.85,36.9328125,11.954267329687498,11.595639309796873
20200803:1230,2.35,15.18,0.0,2.83,31.8,1.93,0.0,2020-08-03 12:30:00+00:00,17.53,32.3478125,1.6989009956875,1.647933965816875
20200803:1330,0.0,0.0,0.0,0.0,30.49,2.55,0.0,2020-08-03 13:30:00+00:00,0.0,30.49,0.0,0.0
20200803:1430,0.0,0.0,0.0,0.0,29.63,2.55,0.0,2020-08-03 14:30:00+00:00,0.0,29.63,0.0,0.0
20200803:1530,0.0,0.0,0.0,0.0,29.18,2.28,0.0,2020-08-03 15:30:00+00:00,0.0,29.18,0.0,0.0
20200803:1630,0.0,0.0,0.0,0.0,28.72,1.93,0.0,2020-08-03 16:30:00+00:00,0.0,28.72,0.0,0.0
20200803:1730,0.0,0.0,0.0,0.0,28.45,1.45,0.0,2020-08-03 17:30:00+00:00,0.0,28.45,0.0,0.0
20200803:1830,0.0,0.0,0.0,0.0,28.03,0.97,0.0,2020-08-03 18:30:00+00:00,0.0,28.03,0.0,0.0
20200803:1930,0.0,0.0,0.0,0.0,27.01,1.24,0.0,2020-08-03 19:30:00+00:00,0.0,27.01,0.0,0.0
20200803:2030,0.0,0.0,0.0,0.0,27.06,0.97,0.0,2020-08-03 20:30:00+00:00,0.0,27.06,0.0,0.0
20200803:2130,0.0,0.0,0.0,0.0,26.98,0.83,0.0,2020-08-03 21:30:00+00:00,0.0,26.98,0.0,0.0
20200803:2230,0.0,0.0,0.0,0.0,26.94,0.76,0.0,2020-08-03 22:30:00+00:00,0.0,26.94,0.0,0.0
20200803:2330,0.0,0.0,0.0,-2.44,26.92,0.83,0.0,2020-08-03 23:30:00+00:00,0.0,26.92,0.0,0.0
20200804:0030,0.2,18.95,0.0,10.66,26.89,0.76,0.0,2020-08-04 00:30:00+00:00,19.15,27.4884375,1.8949854971874995,1.8381359322718744
20200804:0130,0.05,42.0,0.0,24.17,27.13,0.9,0.0,2020-08-04 01:30:00+00:00,42.05,28.444062499999998,4.1441744121875,4.0198491798218745
20200804:0230,0.0,62.6,0.0,37.87,27.41,1.17,0.0,2020-08-04 02:30:00+00:00,62.6,29.36625,6.145202555000001,5.960846478350001
20200804:0330,3.35,168.95,0.0,51.67,27.74,1.24,0.0,2020-08-04 03:30:00+00:00,172.29999999999998,33.124375,16.642071478749997,16.142809334387497
20200804:0430,13.5,243.45,0.0,65.42,28.54,1.38,0.0,2020-08-04 04:30:00+00:00,256.95,36.5696875,24.4464108946875,23.713018567846873
20200804:0530,12.75,247.45,0.0,78.61,29.25,1.79,0.0,2020-08-04 05:30:00+00:00,260.2,37.38125,24.666927475,23.92691965075
20200804:0630,0.0,85.8,0.0,82.9,29.81,1.66,0.0,2020-08-04 06:30:00+00:00,85.8,32.49125,8.310045315,8.06074395555
20200804:0730,0.2,49.0,0.0,70.85,28.73,3.03,0.0,2020-08-04 07:30:00+00:00,49.2,30.267500000000002,4.81115238,4.6668178086
20200804:0830,0.0,25.5,0.0,57.19,28.24,3.52,0.0,2020-08-04 08:30:00+00:00,25.5,29.036875,2.5067650687499996,2.4315621166874997
20200804:0930,3.85,46.5,0.0,43.39,27.9,4.41,0.0,2020-08-04 09:30:00+00:00,50.35,29.4734375,4.9404002171875,4.792188210671875
20200804:1030,1.95,77.15,0.0,29.64,27.63,4.48,0.0,2020-08-04 10:30:00+00:00,79.10000000000001,30.101875,7.74050550875,7.5082903434874995
20200804:1130,0.0,47.7,0.0,16.04,27.66,4.34,0.0,2020-08-04 11:30:00+00:00,47.7,29.150625,4.68684637875,4.5462409873875
20200804:1230,0.15,7.18,0.0,2.71,27.52,4.14,0.0,2020-08-04 12:30:00+00:00,7.33,27.7490625,0.7245367361875,0.702800634101875
20200804:1330,0.0,0.0,0.0,0.0,27.21,3.93,0.0,2020-08-04 13:30:00+00:00,0.0,27.21,0.0,0.0
20200804:1430,0.0,0.0,0.0,0.0,27.12,3.66,0.0,2020-08-04 14:30:00+00:00,0.0,27.12,0.0,0.0
20200804:1530,0.0,0.0,0.0,0.0,27.03,3.52,0.0,2020-08-04 15:30:00+00:00,0.0,27.03,0.0,0.0
20200804:1630,0.0,0.0,0.0,0.0,26.91,3.31,0.0,2020-08-04 16:30:00+00:00,0.0,26.91,0.0,0.0
20200804:1730,0.0,0.0,0.0,0.0,26.81,3.1,0.0,2020-08-04 17:30:00+00:00,0.0,26.81,0.0,0.0
20200804:1830,0.0,0.0,0.0,0.0,26.74,2.9,0.0,2020-08-04 18:30:00+00:00,0.0,26.74,0.0,0.0
20200804:1930,0.0,0.0,0.0,0.0,26.67,2.76,0.0,2020-08-04 19:30:00+00:00,0.0,26.67,0.0,0.0
20200804:2030,0.0,0.0,0.0,0.0,26.62,3.03,0.0,2020-08-04 20:30:00+00:00,0.0,26.62,0.0,0.0
20200804:2130,0.0,0.0,0.0,0.0,26.47,3.86,0.0,2020-08-04 21:30:00+00:00,0.0,26.47,0.0,0.0
20200804:2230,0.0,0.0,0.0,0.0,26.18,2.97,0.0,2020-08-04 22:30:00+00:00,0.0,26.18,0.0,0.0
20200804:2330,0.0,0.0,0.0,-2.53,26.2,2.69,0.0,2020-08-04 23:30:00+00:00,0.0,26.2,0.0,0.0
20200805:0030,20.35,39.3,0.0,10.59,26.37,3.1,0.0,2020-08-05 00:30:00+00:00,59.65,28.2340625,5.8839770321875005,5.707457721221875
20200805:0130,7.1,63.7,0.0,24.11,26.76,3.38,0.0,2020-08-05 01:30:00+00:00,70.8,28.9725,6.96187374,6.753017527799999
20200805:0230,27.05,123.5,0.0,37.82,27.01,3.79,0.0,2020-08-05 02:30:00+00:00,150.55,31.714687500000004,14.630423594687501,14.191510886846876
20200805:0330,56.25,161.0,0.0,51.62,27.46,3.31,0.0,2020-08-05 03:30:00+00:00,217.25,34.2490625,20.8810692921875,20.254637213421876
20200805:0430,35.95,178.05,0.0,65.36,28.08,3.52,0.0,2020-08-05 04:30:00+00:00,214.0,34.7675,20.5220971,19.906434187
20200805:0530,202.8,285.45,0.0,78.49,28.17,3.52,0.0,2020-08-05 05:30:00+00:00,488.25,43.4278125,45.0461006296875,43.69471761079687
20200805:0630,70.7,135.25,0.0,82.67,29.75,3.66,0.0,2020-08-05 06:30:00+00:00,205.95,36.1859375,19.627427592187498,19.038604764421873
20200805:0730,246.7,232.85,0.0,70.73,28.19,4.97,0.0,2020-08-05 07:30:00+00:00,479.54999999999995,43.1759375,44.2941662521875,42.96534126462188
20200805:0830,138.4,179.4,0.0,57.1,29.27,5.1,0.0,2020-08-05 08:30:00+00:00,317.8,39.20125,29.884473955,28.98793973635
20200805:0930,169.15,120.45,0.0,43.3,28.93,5.24,0.0,2020-08-05 09:30:00+00:00,289.6,37.980000000000004,27.38121664,26.5597801408
20200805:1030,81.15,95.9,0.0,29.54,28.87,4.69,0.0,2020-08-05 10:30:00+00:00,177.05,34.4028125,17.005797459687503,16.49562353589688
20200805:1130,35.2,44.5,0.0,15.93,28.73,4.07,0.0,2020-08-05 11:30:00+00:00,79.7,31.220625000000002,7.761770798750001,7.5289176747875
20200805:1230,1.2,6.42,0.0,2.58,28.43,4.34,0.0,2020-08-05 12:30:00+00:00,7.62,28.668125,0.7502605327499999,0.7277527167674999
20200805:1330,0.0,0.0,0.0,0.0,27.87,3.86,0.0,2020-08-05 13:30:00+00:00,0.0,27.87,0.0,0.0
20200805:1430,0.0,0.0,0.0,0.0,27.54,3.86,0.0,2020-08-05 14:30:00+00:00,0.0,27.54,0.0,0.0
20200805:1530,0.0,0.0,0.0,0.0,27.4,4.14,0.0,2020-08-05 15:30:00+00:00,0.0,27.4,0.0,0.0
20200805:1630,0.0,0.0,0.0,0.0,27.36,4.69,0.0,2020-08-05 16:30:00+00:00,0.0,27.36,0.0,0.0
20200805:1730,0.0,0.0,0.0,0.0,27.34,4.76,0.0,2020-08-05 17:30:00+00:00,0.0,27.34,0.0,0.0
20200805:1830,0.0,0.0,0.0,0.0,27.27,5.03,0.0,2020-08-05 18:30:00+00:00,0.0,27.27,0.0,0.0
20200805:1930,0.0,0.0,0.0,0.0,26.26,3.79,0.0,2020-08-05 19:30:00+00:00,0.0,26.26,0.0,0.0
20200805:2030,0.0,0.0,0.0,0.0,26.27,3.45,0.0,2020-08-05 20:30:00+00:00,0.0,26.27,0.0,0.0
20200805:2130,0.0,0.0,0.0,0.0,26.0,2.9,0.0,2020-08-05 21:30:00+00:00,0.0,26.0,0.0,0.0
20200805:2230,0.0,0.0,0.0,0.0,25.89,2.83,0.0,2020-08-05 22:30:00+00:00,0.0,25.89,0.0,0.0
20200805:2330,0.0,0.0,0.0,-2.62,25.83,3.03,0.0,2020-08-05 23:30:00+00:00,0.0,25.83,0.0,0.0
20200806:0030,0.7,29.55,0.0,10.51,25.84,3.24,0.0,2020-08-06 00:30:00+00:00,30.25,26.7853125,3.0023176046874998,2.9122480765468746
20200806:0130,22.7,120.9,0.0,24.05,26.12,3.1,0.0,2020-08-06 01:30:00+00:00,143.6,30.6075,14.02180046,13.6011464462
20200806:0230,25.55,173.5,0.0,37.77,26.85,4.21,0.0,2020-08-06 02:30:00+00:00,199.05,33.0703125,19.2303138046875,18.653404390546875
20200806:0330,119.95,261.85,0.0,51.56,27.56,4.07,0.0,2020-08-06 03:30:00+00:00,381.8,39.49125,35.856241114999996,34.78055388155
20200806:0430,318.5,320.35,0.0,65.3,28.55,4.07,0.0,2020-08-06 04:30:00+00:00,638.85,48.5140625,57.5757772921875,55.84850397342188
20200806:0530,327.1,316.5,0.0,78.36,29.99,4.21,0.0,2020-08-06 05:30:00+00:00,643.6,50.1025,57.57449302,55.8472582294
20200806:0630,143.45,349.0,0.0,82.43,31.04,3.93,0.0,2020-08-06 06:30:00+00:00,492.45,46.4290625,44.8128484321875,43.468462979221876
20200806:0730,66.8,311.45,0.0,70.61,30.45,2.97,0.0,2020-08-06 07:30:00+00:00,378.25,42.2703125,35.08135180468749,34.02891125054687
20200806:0830,45.25,214.7,0.0,57.0,29.7,3.59,0.0,2020-08-06 08:30:00+00:00,259.95,37.8234375,24.594949917187503,23.857101419671878
20200806:0930,9.5,98.05,0.0,43.2,28.7,3.72,0.0,2020-08-06 09:30:00+00:00,107.55,32.0609375,10.4360503921875,10.122968880421874
20200806:1030,29.05,127.9,0.0,29.44,28.34,2.9,0.0,2020-08-06 10:30:00+00:00,156.95000000000002,33.2446875,15.1515184446875,14.696972891346874
20200806:1130,6.35,36.95,0.0,15.82,27.9,2.55,0.0,2020-08-06 11:30:00+00:00,43.300000000000004,29.253124999999997,4.252652668750001,4.1250730886875004
20200806:1230,0.75,8.29,0.0,2.45,27.64,1.72,0.0,2020-08-06 12:30:00+00:00,9.04,27.9225,0.892903852,0.86611673644
20200806:1330,0.0,0.0,0.0,0.0,27.25,1.31,0.0,2020-08-06 13:30:00+00:00,0.0,27.25,0.0,0.0
20200806:1430,0.0,0.0,0.0,0.0,27.04,1.38,0.0,2020-08-06 14:30:00+00:00,0.0,27.04,0.0,0.0
20200806:1530,0.0,0.0,0.0,0.0,26.88,1.66,0.0,2020-08-06 15:30:00+00:00,0.0,26.88,0.0,0.0
20200806:1630,0.0,0.0,0.0,0.0,26.83,1.72,0.0,2020-08-06 16:30:00+00:00,0.0,26.83,0.0,0.0
20200806:1730,0.0,0.0,0.0,0.0,26.8,1.59,0.0,2020-08-06 17:30:00+00:00,0.0,26.8,0.0,0.0
20200806:1830,0.0,0.0,0.0,0.0,26.73,1.45,0.0,2020-08-06 18:30:00+00:00,0.0,26.73,0.0,0.0
20200806:1930,0.0,0.0,0.0,0.0,26.67,2.07,0.0,2020-08-06 19:30:00+00:00,0.0,26.67,0.0,0.0
20200806:2030,0.0,0.0,0.0,0.0,26.73,2.0,0.0,2020-08-06 20:30:00+00:00,0.0,26.73,0.0,0.0
20200806:2130,0.0,0.0,0.0,0.0,26.71,1.79,0.0,2020-08-06 21:30:00+00:00,0.0,26.71,0.0,0.0
20200806:2230,0.0,0.0,0.0,0.0,26.52,1.79,0.0,2020-08-06 22:30:00+00:00,0.0,26.52,0.0,0.0
20200806:2330,0.0,0.0,0.0,-2.71,26.46,2.0,0.0,2020-08-06 23:30:00+00:00,0.0,26.46,0.0,0.0
20200807:0030,7.55,46.1,0.0,10.44,26.51,2.28,0.0,2020-08-07 00:30:00+00:00,53.65,28.1865625,5.293197187187499,5.134401271571874
20200807:0130,71.9,108.85,0.0,23.99,27.05,1.93,0.0,2020-08-07 01:30:00+00:00,180.75,32.6984375,17.490573117187502,16.965855923671878
20200807:0230,216.6,153.65,0.0,37.71,27.98,2.62,0.0,2020-08-07 02:30:00+00:00,370.25,39.550312500000004,34.7623536546875,33.71948304504688
20200807:0330,246.8,209.8,0.0,51.51,29.15,2.76,0.0,2020-08-07 03:30:00+00:00,456.6,43.41875,42.127799475,40.863965490750005
20200807:0430,365.2,264.25,0.0,65.23,30.06,2.83,0.0,2020-08-07 04:30:00+00:00,629.45,49.7303125,56.40707201468751,54.71485985424688
20200807:0530,261.7,312.75,0.0,78.22,31.26,2.76,0.0,2020-08-07 05:30:00+00:00,574.45,49.2115625,51.6035005271875,50.05539551137187
20200807:0630,94.55,220.15,0.0,82.18,31.87,2.97,0.0,2020-08-07 06:30:00+00:00,314.7,41.704375,29.26211593875,28.3842524605875
20200807:0730,134.55,241.35,0.0,70.48,30.13,2.97,0.0,2020-08-07 07:30:00+00:00,375.9,41.876875,34.92551272874999,33.877747346887496
20200807:0830,93.85,296.85,0.0,56.89,30.28,3.59,0.0,2020-08-07 08:30:00+00:00,390.70000000000005,42.489375,36.20009849875001,35.114095543787506
20200807:0930,31.7,174.4,0.0,43.1,29.56,3.93,0.0,2020-08-07 09:30:00+00:00,206.1,36.000625,19.657763898749998,19.068030981787498
20200807:1030,53.8,151.3,0.0,29.33,28.97,2.83,0.0,2020-08-07 10:30:00+00:00,205.10000000000002,35.379374999999996,19.615899878750003,19.0274228823875
20200807:1130,22.7,81.75,0.0,15.7,29.26,2.76,0.0,2020-08-07 11:30:00+00:00,104.45,32.5240625,10.1149269021875,9.811479095121875
20200807:1230,1.6,11.45,0.0,2.32,29.13,2.76,0.0,2020-08-07 12:30:00+00:00,13.049999999999999,29.537812499999998,1.2801282496875,1.241724402196875
20200807:1330,0.0,0.0,0.0,0.0,28.78,2.55,0.0,2020-08-07 13:30:00+00:00,0.0,28.78,0.0,0.0
20200807:1430,0.0,0.0,0.0,0.0,28.48,2.48,0.0,2020-08-07 14:30:00+00:00,0.0,28.48,0.0,0.0
20200807:1530,0.0,0.0,0.0,0.0,28.39,2.41,0.0,2020-08-07 15:30:00+00:00,0.0,28.39,0.0,0.0
20200807:1630,0.0,0.0,0.0,0.0,28.09,2.21,0.0,2020-08-07 16:30:00+00:00,0.0,28.09,0.0,0.0
20200807:1730,0.0,0.0,0.0,0.0,27.69,1.72,0.0,2020-08-07 17:30:00+00:00,0.0,27.69,0.0,0.0
20200807:1830,0.0,0.0,0.0,0.0,27.49,1.72,0.0,2020-08-07 18:30:00+00:00,0.0,27.49,0.0,0.0
20200807:1930,0.0,0.0,0.0,0.0,27.36,1.66,0.0,2020-08-07 19:30:00+00:00,0.0,27.36,0.0,0.0
20200807:2030,0.0,0.0,0.0,0.0,27.1,1.72,0.0,2020-08-07 20:30:00+00:00,0.0,27.1,0.0,0.0
20200807:2130,0.0,0.0,0.0,0.0,26.93,1.72,0.0,2020-08-07 21:30:00+00:00,0.0,26.93,0.0,0.0
20200807:2230,0.0,0.0,0.0,0.0,26.77,1.66,0.0,2020-08-07 22:30:00+00:00,0.0,26.77,0.0,0.0
20200807:2330,0.0,0.0,0.0,-2.81,26.64,1.59,0.0,2020-08-07 23:30:00+00:00,0.0,26.64,0.0,0.0
20200808:0030,24.8,58.95,0.0,10.37,26.67,1.66,0.0,2020-08-08 00:30:00+00:00,83.75,29.2871875,8.2241981796875,7.977472234296875
20200808:0130,142.9,114.9,0.0,23.93,27.47,2.55,0.0,2020-08-08 01:30:00+00:00,257.8,35.52625,24.640259755000002,23.901051962350003
20200808:0230,258.3,153.1,0.0,37.66,28.68,2.83,0.0,2020-08-08 02:30:00+00:00,411.4,41.536249999999995,38.282734435,37.13425240195
20200808:0330,358.45,194.0,0.0,51.46,29.74,2.9,0.0,2020-08-08 03:30:00+00:00,552.45,47.0040625,50.1394193821875,48.63523680072187
20200808:0430,440.05,208.45,0.0,65.17,30.53,2.62,0.0,2020-08-08 04:30:00+00:00,648.5,50.795625,57.82404561874999,56.08932425018749
20200808:0530,344.15,266.9,0.0,78.08,31.35,2.41,0.0,2020-08-08 05:30:00+00:00,611.05,50.4453125,54.574689554687495,52.93744886804687
20200808:0630,316.3,295.5,0.0,81.93,32.25,2.0,0.0,2020-08-08 06:30:00+00:00,611.8,51.36875,54.404391475,52.772259730749994
20200808:0730,306.25,284.45,0.0,70.34,32.33,2.62,0.0,2020-08-08 07:30:00+00:00,590.7,50.789375,52.67181079875,51.0916564747875
20200808:0830,192.9,256.3,0.0,56.78,31.27,2.83,0.0,2020-08-08 08:30:00+00:00,449.20000000000005,45.307500000000005,41.08870582,39.8560446454
20200808:0930,66.75,177.3,0.0,42.99,31.12,3.59,0.0,2020-08-08 09:30:00+00:00,244.05,38.7465625,22.9959635971875,22.306084689271874
20200808:1030,60.95,155.15,0.0,29.21,30.25,3.38,0.0,2020-08-08 10:30:00+00:00,216.10000000000002,37.003125,20.520572368750003,19.904955197687503
20200808:1130,22.0,82.15,0.0,15.57,29.85,3.59,0.0,2020-08-08 11:30:00+00:00,104.15,33.104687500000004,10.060476654687502,9.758662355046877
20200808:1230,0.0,13.75,0.0,2.18,29.37,2.69,0.0,2020-08-08 12:30:00+00:00,13.75,29.7996875,1.3472818046875,1.306863350546875
20200808:1330,0.0,0.0,0.0,0.0,28.77,2.28,0.0,2020-08-08 13:30:00+00:00,0.0,28.77,0.0,0.0
20200808:1430,0.0,0.0,0.0,0.0,28.39,2.28,0.0,2020-08-08 14:30:00+00:00,0.0,28.39,0.0,0.0
20200808:1530,0.0,0.0,0.0,0.0,28.14,2.41,0.0,2020-08-08 15:30:00+00:00,0.0,28.14,0.0,0.0
20200808:1630,0.0,0.0,0.0,0.0,27.89,2.21,0.0,2020-08-08 16:30:00+00:00,0.0,27.89,0.0,0.0
20200808:1730,0.0,0.0,0.0,0.0,27.7,2.28,0.0,2020-08-08 17:30:00+00:00,0.0,27.7,0.0,0.0
20200808:1830,0.0,0.0,0.0,0.0,27.53,2.28,0.0,2020-08-08 18:30:00+00:00,0.0,27.53,0.0,0.0
20200808:1930,0.0,0.0,0.0,0.0,27.38,2.62,0.0,2020-08-08 19:30:00+00:00,0.0,27.38,0.0,0.0
20200808:2030,0.0,0.0,0.0,0.0,27.28,2.76,0.0,2020-08-08 20:30:00+00:00,0.0,27.28,0.0,0.0
20200808:2130,0.0,0.0,0.0,0.0,27.12,2.28,0.0,2020-08-08 21:30:00+00:00,0.0,27.12,0.0,0.0
20200808:2230,0.0,0.0,0.0,0.0,26.94,1.86,0.0,2020-08-08 22:30:00+00:00,0.0,26.94,0.0,0.0
20200808:2330,0.0,0.0,0.0,-2.9,26.64,1.79,0.0,2020-08-08 23:30:00+00:00,0.0,26.64,0.0,0.0
20200809:0030,13.3,44.85,0.0,10.29,26.56,1.86,0.0,2020-08-09 00:30:00+00:00,58.150000000000006,28.377187499999998,5.732518949687501,5.560543381196876
20200809:0130,79.0,114.15,0.0,23.87,27.12,2.41,0.0,2020-08-09 01:30:00+00:00,193.15,33.1559375,18.6533658821875,18.093764905721876
20200809:0230,251.8,163.5,0.0,37.61,27.81,3.52,0.0,2020-08-09 02:30:00+00:00,415.3,40.788125,38.776140508750004,37.6128562934875
20200809:0330,268.6,203.25,0.0,51.41,28.93,3.17,0.0,2020-08-09 03:30:00+00:00,471.85,43.675312500000004,43.4839825946875,42.17946311684687
20200809:0430,396.5,261.1,0.0,65.1,30.02,2.83,0.0,2020-08-09 04:30:00+00:00,657.6,50.57,58.69777056,56.9368374432
20200809:0530,562.55,174.05,0.0,77.94,31.08,3.03,0.0,2020-08-09 05:30:00+00:00,736.5999999999999,54.098749999999995,64.657661515,62.71793166955
20200809:0630,237.1,303.85,0.0,81.67,31.85,3.59,0.0,2020-08-09 06:30:00+00:00,540.95,48.7546875,48.697958754687505,47.23701999204688
20200809:0730,324.3,268.2,0.0,70.2,30.82,3.72,0.0,2020-08-09 07:30:00+00:00,592.5,49.335625,53.194079718750004,51.598257327187504
20200809:0830,262.9,283.95,0.0,56.66,31.38,3.66,0.0,2020-08-09 08:30:00+00:00,546.8499999999999,48.46906249999999,49.2946961321875,47.81585524822187
20200809:0930,325.4,155.4,0.0,42.88,31.9,3.45,0.0,2020-08-09 09:30:00+00:00,480.79999999999995,46.925,43.6525532,42.342976604
20200809:1030,52.75,123.8,0.0,29.1,29.73,4.07,0.0,2020-08-09 10:30:00+00:00,176.55,35.2471875,16.895160799687503,16.388305975696877
20200809:1130,30.75,54.75,0.0,15.45,29.16,3.03,0.0,2020-08-09 11:30:00+00:00,85.5,31.831875,8.304667368750001,8.055527347687502
20200809:1230,0.0,14.0,0.0,2.04,28.96,2.9,0.0,2020-08-09 12:30:00+00:00,14.0,29.3975,1.3741427000000002,1.332918419
20200809:1330,0.0,0.0,0.0,0.0,28.58,3.03,0.0,2020-08-09 13:30:00+00:00,0.0,28.58,0.0,0.0
20200809:1430,0.0,0.0,0.0,0.0,28.34,3.1,0.0,2020-08-09 14:30:00+00:00,0.0,28.34,0.0,0.0
20200809:1530,0.0,0.0,0.0,0.0,28.12,2.97,0.0,2020-08-09 15:30:00+00:00,0.0,28.12,0.0,0.0
20200809:1630,0.0,0.0,0.0,0.0,27.84,2.69,0.0,2020-08-09 16:30:00+00:00,0.0,27.84,0.0,0.0
20200809:1730,0.0,0.0,0.0,0.0,27.61,2.69,0.0,2020-08-09 17:30:00+00:00,0.0,27.61,0.0,0.0
20200809:1830,0.0,0.0,0.0,0.0,27.43,2.83,0.0,2020-08-09 18:30:00+00:00,0.0,27.43,0.0,0.0
20200809:1930,0.0,0.0,0.0,0.0,27.46,2.69,0.0,2020-08-09 19:30:00+00:00,0.0,27.46,0.0,0.0
20200809:2030,0.0,0.0,0.0,0.0,27.38,2.48,0.0,2020-08-09 20:30:00+00:00,0.0,27.38,0.0,0.0
20200809:2130,0.0,0.0,0.0,0.0,27.18,2.14,0.0,2020-08-09 21:30:00+00:00,0.0,27.18,0.0,0.0
20200809:2230,0.0,0.0,0.0,0.0,26.96,2.07,0.0,2020-08-09 22:30:00+00:00,0.0,26.96,0.0,0.0
20200809:2330,0.0,0.0,0.0,-2.99,26.8,1.93,0.0,2020-08-09 23:30:00+00:00,0.0,26.8,0.0,0.0
20200810:0030,9.9,44.3,0.0,10.22,26.6,2.21,0.0,2020-08-10 00:30:00+00:00,54.199999999999996,28.293750000000003,5.345021075,5.18467044275
20200810:0130,69.3,106.55,0.0,23.81,26.94,2.14,0.0,2020-08-10 01:30:00+00:00,175.85,32.4353125,17.0358501246875,16.524774620946875
20200810:0230,184.6,149.05,0.0,37.56,27.74,2.69,0.0,2020-08-10 02:30:00+00:00,333.65,38.1665625,31.5199300971875,30.574332194271875
20200810:0330,287.9,198.75,0.0,51.36,28.73,2.55,0.0,2020-08-10 03:30:00+00:00,486.65,43.9378125,44.7942436896875,43.45041637899687
20200810:0430,336.35,240.3,0.0,65.03,29.81,2.62,0.0,2020-08-10 04:30:00+00:00,576.6500000000001,47.830312500000005,52.13565812468751,50.571588380946885
20200810:0530,69.65,269.9,0.0,77.78,31.19,3.1,0.0,2020-08-10 05:30:00+00:00,339.54999999999995,41.8009375,31.5590015021875,30.612231457121872
20200810:0630,254.3,297.7,0.0,81.4,30.48,3.1,0.0,2020-08-10 06:30:00+00:00,552.0,47.730000000000004,49.9302768,48.432368496
20200810:0730,231.6,272.85,0.0,70.05,31.77,3.31,0.0,2020-08-10 07:30:00+00:00,504.45000000000005,47.534062500000005,45.670730712187506,44.30060879082188
20200810:0830,236.3,241.2,0.0,56.54,31.1,3.72,0.0,2020-08-10 08:30:00+00:00,477.5,46.021875,43.53406296875,42.2280410796875
20200810:0930,134.05,158.4,0.0,42.76,30.01,3.1,0.0,2020-08-10 09:30:00+00:00,292.45000000000005,39.1490625,27.507084802187503,26.681872258121878
20200810:1030,128.15,125.25,0.0,28.98,30.15,3.03,0.0,2020-08-10 10:30:00+00:00,253.4,38.06875,23.949119075,23.230645502749997
20200810:1130,53.1,66.1,0.0,15.31,30.25,2.9,0.0,2020-08-10 11:30:00+00:00,119.19999999999999,33.975,11.470675599999998,11.126555331999997
20200810:1230,0.0,9.9,0.0,1.89,29.56,2.62,0.0,2020-08-10 12:30:00+00:00,9.9,29.869374999999998,0.9697531387500001,0.9406605445875001
20200810:1330,0.0,0.0,0.0,0.0,28.78,2.55,0.0,2020-08-10 13:30:00+00:00,0.0,28.78,0.0,0.0
20200810:1430,0.0,0.0,0.0,0.0,28.26,2.55,0.0,2020-08-10 14:30:00+00:00,0.0,28.26,0.0,0.0
20200810:1530,0.0,0.0,0.0,0.0,27.9,2.34,0.0,2020-08-10 15:30:00+00:00,0.0,27.9,0.0,0.0
20200810:1630,0.0,0.0,0.0,0.0,27.6,2.14,0.0,2020-08-10 16:30:00+00:00,0.0,27.6,0.0,0.0
20200810:1730,0.0,0.0,0.0,0.0,27.48,1.93,0.0,2020-08-10 17:30:00+00:00,0.0,27.48,0.0,0.0
20200810:1830,0.0,0.0,0.0,0.0,27.28,1.66,0.0,2020-08-10 18:30:00+00:00,0.0,27.28,0.0,0.0
20200810:1930,0.0,0.0,0.0,0.0,27.6,1.72,0.0,2020-08-10 19:30:00+00:00,0.0,27.6,0.0,0.0
20200810:2030,0.0,0.0,0.0,0.0,27.45,1.59,0.0,2020-08-10 20:30:00+00:00,0.0,27.45,0.0,0.0
20200810:2130,0.0,0.0,0.0,0.0,27.34,1.52,0.0,2020-08-10 21:30:00+00:00,0.0,27.34,0.0,0.0
20200810:2230,0.0,0.0,0.0,0.0,27.2,1.52,0.0,2020-08-10 22:30:00+00:00,0.0,27.2,0.0,0.0
20200810:2330,0.0,0.0,0.0,-3.08,27.01,1.59,0.0,2020-08-10 23:30:00+00:00,0.0,27.01,0.0,0.0
20200811:0030,29.9,44.6,0.0,10.15,26.69,1.86,0.0,2020-08-11 00:30:00+00:00,74.5,29.018125,7.324272868749999,7.104544682687498
20200811:0130,67.45,108.1,0.0,23.75,27.34,1.93,0.0,2020-08-11 01:30:00+00:00,175.55,32.8259375,16.9779858021875,16.468646228121877
20200811:0230,210.85,139.3,0.0,37.51,28.05,2.14,0.0,2020-08-11 02:30:00+00:00,350.15,38.9921875,32.95726692968749,31.968548921796867
20200811:0330,365.95,208.9,0.0,51.3,29.04,1.72,0.0,2020-08-11 03:30:00+00:00,574.85,47.0040625,52.172405162187495,50.60723300732187
20200811:0430,205.05,277.7,0.0,64.96,30.68,1.66,0.0,2020-08-11 04:30:00+00:00,482.75,45.7659375,44.0646023421875,42.742664271921875
20200811:0530,334.55,286.2,0.0,77.63,31.25,1.52,0.0,2020-08-11 05:30:00+00:00,620.75,50.6484375,55.3880676171875,53.72642558867187
20200811:0630,114.35,313.9,0.0,81.13,32.28,1.38,0.0,2020-08-11 06:30:00+00:00,428.25,45.6628125,39.1084832296875,37.93522873279687
20200811:0730,109.25,285.7,0.0,69.89,30.4,3.1,0.0,2020-08-11 07:30:00+00:00,394.95,42.7421875,36.5519436796875,35.45538536929687
20200811:0830,188.85,276.35,0.0,56.41,30.35,2.69,0.0,2020-08-11 08:30:00+00:00,465.20000000000005,44.8875,42.634300700000004,41.355271679000005
20200811:0930,159.35,202.05,0.0,42.64,30.84,2.83,0.0,2020-08-11 09:30:00+00:00,361.4,42.13375,33.539302355,32.53312328435
20200811:1030,113.95,141.65,0.0,28.85,31.13,2.97,0.0,2020-08-11 10:30:00+00:00,255.60000000000002,39.1175,24.044458140000007,23.323124395800004
20200811:1130,54.35,74.55,0.0,15.18,31.06,2.69,0.0,2020-08-11 11:30:00+00:00,128.9,35.088125,12.34384908875,11.973533616087499
20200811:1230,0.0,12.0,0.0,1.74,30.52,2.07,0.0,2020-08-11 12:30:00+00:00,12.0,30.895,1.1702892,1.135180524
20200811:1330,0.0,0.0,0.0,0.0,29.75,2.21,0.0,2020-08-11 13:30:00+00:00,0.0,29.75,0.0,0.0
20200811:1430,0.0,0.0,0.0,0.0,29.1,2.28,0.0,2020-08-11 14:30:00+00:00,0.0,29.1,0.0,0.0
20200811:1530,0.0,0.0,0.0,0.0,28.8,2.41,0.0,2020-08-11 15:30:00+00:00,0.0,28.8,0.0,0.0
20200811:1630,0.0,0.0,0.0,0.0,28.51,2.41,0.0,2020-08-11 16:30:00+00:00,0.0,28.51,0.0,0.0
20200811:1730,0.0,0.0,0.0,0.0,28.26,2.34,0.0,2020-08-11 17:30:00+00:00,0.0,28.26,0.0,0.0
20200811:1830,0.0,0.0,0.0,0.0,27.94,2.21,0.0,2020-08-11 18:30:00+00:00,0.0,27.94,0.0,0.0
20200811:1930,0.0,0.0,0.0,0.0,27.96,2.28,0.0,2020-08-11 19:30:00+00:00,0.0,27.96,0.0,0.0
20200811:2030,0.0,0.0,0.0,0.0,27.87,2.21,0.0,2020-08-11 20:30:00+00:00,0.0,27.87,0.0,0.0
20200811:2130,0.0,0.0,0.0,0.0,27.9,1.79,0.0,2020-08-11 21:30:00+00:00,0.0,27.9,0.0,0.0
20200811:2230,0.0,0.0,0.0,0.0,27.66,1.72,0.0,2020-08-11 22:30:00+00:00,0.0,27.66,0.0,0.0
20200811:2330,0.0,0.0,0.0,-3.17,27.45,1.66,0.0,2020-08-11 23:30:00+00:00,0.0,27.45,0.0,0.0
20200812:0030,27.9,52.3,0.0,10.08,27.36,1.66,0.0,2020-08-12 00:30:00+00:00,80.19999999999999,29.86625,7.856085234999999,7.620402677949999
20200812:0130,151.65,100.6,0.0,23.69,28.07,1.79,0.0,2020-08-12 01:30:00+00:00,252.25,35.9528125,24.064604279687497,23.34266615129687
20200812:0230,295.35,138.3,0.0,37.45,29.19,2.48,0.0,2020-08-12 02:30:00+00:00,433.65000000000003,42.7415625,40.1336759971875,38.929665717271874
20200812:0330,444.55,172.7,0.0,51.25,30.27,2.62,0.0,2020-08-12 03:30:00+00:00,617.25,49.559062499999996,55.358185842187495,53.697440266921866
20200812:0430,566.45,194.65,0.0,64.88,31.39,2.55,0.0,2020-08-12 04:30:00+00:00,761.1,55.174375,66.46439893875,64.4704669705875
20200812:0530,552.65,234.9,0.0,77.47,32.38,2.62,0.0,2020-08-12 05:30:00+00:00,787.55,56.9909375,68.1733256121875,66.12812584382188
20200812:0630,407.85,202.35,0.0,80.85,33.25,2.62,0.0,2020-08-12 06:30:00+00:00,610.2,52.31875,54.01864147500001,52.398082230750006
20200812:0730,459.25,217.4,0.0,69.72,32.27,2.69,0.0,2020-08-12 07:30:00+00:00,676.65,53.4153125,59.589567094687496,57.80188008184687
20200812:0830,299.45,229.8,0.0,56.28,32.67,3.24,0.0,2020-08-12 08:30:00+00:00,529.25,49.2090625,47.543688542187496,46.11737788592187
20200812:0930,192.7,171.0,0.0,42.51,31.69,2.97,0.0,2020-08-12 09:30:00+00:00,363.7,43.055625,33.611931058749995,32.60357312698749
20200812:1030,108.5,127.2,0.0,28.72,30.76,2.34,0.0,2020-08-12 10:30:00+00:00,235.7,38.125625,22.27064187875,21.602522622387497
20200812:1130,27.1,51.2,0.0,15.04,29.43,2.14,0.0,2020-08-12 11:30:00+00:00,78.30000000000001,31.876875,7.603847088750001,7.375731676087501
20200812:1230,0.0,9.5,0.0,1.58,28.65,2.41,0.0,2020-08-12 12:30:00+00:00,9.5,28.946875,0.9342519687499999,0.9062244096875
20200812:1330,0.0,0.0,0.0,0.0,28.0,1.79,0.0,2020-08-12 13:30:00+00:00,0.0,28.0,0.0,0.0
20200812:1430,0.0,0.0,0.0,0.0,27.74,1.66,0.0,2020-08-12 14:30:00+00:00,0.0,27.74,0.0,0.0
20200812:1530,0.0,0.0,0.0,0.0,27.6,1.86,0.0,2020-08-12 15:30:00+00:00,0.0,27.6,0.0,0.0
20200812:1630,0.0,0.0,0.0,0.0,27.44,2.0,0.0,2020-08-12 16:30:00+00:00,0.0,27.44,0.0,0.0
20200812:1730,0.0,0.0,0.0,0.0,27.34,2.0,0.0,2020-08-12 17:30:00+00:00,0.0,27.34,0.0,0.0
20200812:1830,0.0,0.0,0.0,0.0,27.13,2.28,0.0,2020-08-12 18:30:00+00:00,0.0,27.13,0.0,0.0
20200812:1930,0.0,0.0,0.0,0.0,27.53,2.41,0.0,2020-08-12 19:30:00+00:00,0.0,27.53,0.0,0.0
20200812:2030,0.0,0.0,0.0,0.0,27.36,2.55,0.0,2020-08-12 20:30:00+00:00,0.0,27.36,0.0,0.0
20200812:2130,0.0,0.0,0.0,0.0,27.14,2.41,0.0,2020-08-12 21:30:00+00:00,0.0,27.14,0.0,0.0
20200812:2230,0.0,0.0,0.0,0.0,26.93,2.28,0.0,2020-08-12 22:30:00+00:00,0.0,26.93,0.0,0.0
20200812:2330,0.0,0.0,0.0,-3.26,26.65,2.21,0.0,2020-08-12 23:30:00+00:00,0.0,26.65,0.0,0.0
20200813:0030,23.7,41.55,0.0,10.01,26.56,2.34,0.0,2020-08-13 00:30:00+00:00,65.25,28.5990625,6.4263676921875,6.233576661421875
20200813:0130,140.3,106.1,0.0,23.63,26.91,3.03,0.0,2020-08-13 01:30:00+00:00,246.4,34.61,23.64548032,22.9361159104
20200813:0230,218.0,151.75,0.0,37.4,28.03,3.66,0.0,2020-08-13 02:30:00+00:00,369.75,39.5846875,34.7100709546875,33.66876882604688
20200813:0330,347.55,145.85,0.0,51.2,29.03,3.72,0.0,2020-08-13 03:30:00+00:00,493.4,44.448750000000004,45.309674435,43.950384201949994
20200813:0430,478.0,185.8,0.0,64.8,30.07,3.66,0.0,2020-08-13 04:30:00+00:00,663.8,50.81375,59.183229755,57.407732862349995
20200813:0530,481.4,211.7,0.0,77.3,31.0,3.59,0.0,2020-08-13 05:30:00+00:00,693.0999999999999,52.659375,61.258300618749985,59.42055160018749
20200813:0630,647.15,200.8,0.0,80.57,31.76,3.79,0.0,2020-08-13 06:30:00+00:00,847.95,58.2584375,72.95037332718752,70.7618621273719
20200813:0730,500.8,202.8,0.0,69.55,32.4,3.79,0.0,2020-08-13 07:30:00+00:00,703.6,54.3875,61.6756411,59.825371867
20200813:0830,500.45,158.75,0.0,56.14,32.36,3.66,0.0,2020-08-13 08:30:00+00:00,659.2,52.96,58.178882560000005,56.433516083200004
20200813:0930,260.7,183.15,0.0,42.38,32.26,3.72,0.0,2020-08-13 09:30:00+00:00,443.85,46.1303125,40.445950534687505,39.23257201864688
20200813:1030,168.85,107.95,0.0,28.58,31.35,3.93,0.0,2020-08-13 10:30:00+00:00,276.8,40.0,25.93616,25.1580752
20200813:1130,75.25,61.5,0.0,14.89,31.07,3.72,0.0,2020-08-13 11:30:00+00:00,136.75,35.3434375,13.080924667187501,12.688496927171876
20200813:1230,0.0,9.75,0.0,1.43,30.51,3.45,0.0,2020-08-13 12:30:00+00:00,9.75,30.8146875,0.9511888546875,0.922653189046875
20200813:1330,0.0,0.0,0.0,0.0,29.82,3.24,0.0,2020-08-13 13:30:00+00:00,0.0,29.82,0.0,0.0
20200813:1430,0.0,0.0,0.0,0.0,29.38,3.1,0.0,2020-08-13 14:30:00+00:00,0.0,29.38,0.0,0.0
20200813:1530,0.0,0.0,0.0,0.0,28.8,2.69,0.0,2020-08-13 15:30:00+00:00,0.0,28.8,0.0,0.0
20200813:1630,0.0,0.0,0.0,0.0,28.3,2.48,0.0,2020-08-13 16:30:00+00:00,0.0,28.3,0.0,0.0
20200813:1730,0.0,0.0,0.0,0.0,27.9,2.41,0.0,2020-08-13 17:30:00+00:00,0.0,27.9,0.0,0.0
20200813:1830,0.0,0.0,0.0,0.0,27.57,2.34,0.0,2020-08-13 18:30:00+00:00,0.0,27.57,0.0,0.0
20200813:1930,0.0,0.0,0.0,0.0,27.48,1.79,0.0,2020-08-13 19:30:00+00:00,0.0,27.48,0.0,0.0
20200813:2030,0.0,0.0,0.0,0.0,27.26,2.07,0.0,2020-08-13 20:30:00+00:00,0.0,27.26,0.0,0.0
20200813:2130,0.0,0.0,0.0,0.0,27.08,2.34,0.0,2020-08-13 21:30:00+00:00,0.0,27.08,0.0,0.0
20200813:2230,0.0,0.0,0.0,0.0,27.02,2.69,0.0,2020-08-13 22:30:00+00:00,0.0,27.02,0.0,0.0
20200813:2330,0.0,0.0,0.0,-3.34,26.97,2.76,0.0,2020-08-13 23:30:00+00:00,0.0,26.97,0.0,0.0
20200814:0030,31.1,46.0,0.0,9.94,26.97,2.69,0.0,2020-08-14 00:30:00+00:00,77.1,29.379375,7.5681870787499985,7.341141466387499
20200814:0130,145.85,100.65,0.0,23.58,27.57,3.38,0.0,2020-08-14 01:30:00+00:00,246.5,35.273125,23.58642336875,22.8788306676875
20200814:0230,126.5,203.1,0.0,37.35,28.8,4.69,0.0,2020-08-14 02:30:00+00:00,329.6,39.1,31.0081088,30.077865535999997
20200814:0330,335.3,177.55,0.0,51.14,29.64,5.03,0.0,2020-08-14 03:30:00+00:00,512.85,45.6665625,46.8334844371875,45.42847990407187
20200814:0430,495.65,178.2,0.0,64.72,30.48,5.17,0.0,2020-08-14 04:30:00+00:00,673.8499999999999,51.5378125,59.874347919687494,58.078117482096864
20200814:0530,596.2,198.55,0.0,77.12,31.47,4.48,0.0,2020-08-14 05:30:00+00:00,794.75,56.3059375,69.02523459218749,66.95447755442186
20200814:0630,402.55,193.2,0.0,80.28,32.02,4.14,0.0,2020-08-14 06:30:00+00:00,595.75,50.6371875,53.160191129687504,51.56538539579688
20200814:0730,467.55,220.25,0.0,69.37,31.56,3.66,0.0,2020-08-14 07:30:00+00:00,687.8,53.053749999999994,60.675944915,58.85566656755
20200814:0830,309.1,268.75,0.0,55.99,32.07,4.0,0.0,2020-08-14 08:30:00+00:00,577.85,50.127812500000005,51.6865552896875,50.13595863099687
20200814:0930,147.75,183.5,0.0,42.24,32.01,4.14,0.0,2020-08-14 09:30:00+00:00,331.25,42.3615625,30.7095726171875,29.788285438671874
20200814:1030,88.8,118.7,0.0,28.44,30.71,3.66,0.0,2020-08-14 10:30:00+00:00,207.5,37.194375,19.68726021875,19.0966424121875
20200814:1130,34.15,58.85,0.0,14.74,29.64,3.38,0.0,2020-08-14 11:30:00+00:00,93.0,32.54625,9.005243475,8.73508617075
20200814:1230,0.0,7.2,0.0,1.26,29.21,3.17,0.0,2020-08-14 12:30:00+00:00,7.2,29.435000000000002,0.7065885599999999,0.6853909032
20200814:1330,0.0,0.0,0.0,0.0,28.81,3.24,0.0,2020-08-14 13:30:00+00:00,0.0,28.81,0.0,0.0
20200814:1430,0.0,0.0,0.0,0.0,28.47,3.52,0.0,2020-08-14 14:30:00+00:00,0.0,28.47,0.0,0.0
20200814:1530,0.0,0.0,0.0,0.0,28.14,3.66,0.0,2020-08-14 15:30:00+00:00,0.0,28.14,0.0,0.0
20200814:1630,0.0,0.0,0.0,0.0,27.87,3.66,0.0,2020-08-14 16:30:00+00:00,0.0,27.87,0.0,0.0
20200814:1730,0.0,0.0,0.0,0.0,27.6,3.59,0.0,2020-08-14 17:30:00+00:00,0.0,27.6,0.0,0.0
20200814:1830,0.0,0.0,0.0,0.0,27.39,3.66,0.0,2020-08-14 18:30:00+00:00,0.0,27.39,0.0,0.0
20200814:1930,0.0,0.0,0.0,0.0,27.69,3.45,0.0,2020-08-14 19:30:00+00:00,0.0,27.69,0.0,0.0
20200814:2030,0.0,0.0,0.0,0.0,27.53,3.45,0.0,2020-08-14 20:30:00+00:00,0.0,27.53,0.0,0.0
20200814:2130,0.0,0.0,0.0,0.0,27.29,3.59,0.0,2020-08-14 21:30:00+00:00,0.0,27.29,0.0,0.0
20200814:2230,0.0,0.0,0.0,0.0,27.12,3.93,0.0,2020-08-14 22:30:00+00:00,0.0,27.12,0.0,0.0
20200814:2330,0.0,0.0,0.0,-3.43,27.09,4.14,0.0,2020-08-14 23:30:00+00:00,0.0,27.09,0.0,0.0
20200815:0030,1.55,37.25,0.0,9.87,27.18,4.28,0.0,2020-08-15 00:30:00+00:00,38.8,28.3925,3.8247158199999993,3.709974345399999
20200815:0130,42.0,105.85,0.0,23.52,27.44,3.93,0.0,2020-08-15 01:30:00+00:00,147.85,32.0603125,14.346575774687498,13.916178501446872
20200815:0230,138.5,148.3,0.0,37.3,27.84,5.17,0.0,2020-08-15 02:30:00+00:00,286.8,36.8025,27.25831806,26.4405685182
20200815:0330,177.8,190.7,0.0,51.08,28.71,5.31,0.0,2020-08-15 03:30:00+00:00,368.5,40.225625,34.49353001875,33.4587241181875
20200815:0430,293.8,270.9,0.0,64.64,29.39,4.41,0.0,2020-08-15 04:30:00+00:00,564.7,47.036875,51.24342620875,49.7061234224875
20200815:0530,233.95,268.8,0.0,76.94,30.21,4.21,0.0,2020-08-15 05:30:00+00:00,502.75,45.9209375,45.857439442187506,44.48171625892188
20200815:0630,105.65,261.4,0.0,79.98,30.89,4.14,0.0,2020-08-15 06:30:00+00:00,367.04999999999995,42.3603125,34.02871686468749,33.007855358746866
20200815:0730,184.5,227.0,0.0,69.18,30.22,4.28,0.0,2020-08-15 07:30:00+00:00,411.5,43.079375,38.02534161875,36.8845813701875
20200815:0830,221.1,231.0,0.0,55.84,30.4,4.28,0.0,2020-08-15 08:30:00+00:00,452.1,44.528125,41.50196056875,40.2569017516875
20200815:0930,234.95,150.15,0.0,42.1,30.52,4.83,0.0,2020-08-15 09:30:00+00:00,385.1,42.554375,35.67072027875,34.6005986703875
20200815:1030,107.2,115.0,0.0,28.3,30.37,4.55,0.0,2020-08-15 10:30:00+00:00,222.2,37.31375,21.070831594999998,20.438706647149996
20200815:1130,14.85,51.1,0.0,14.59,29.61,3.66,0.0,2020-08-15 11:30:00+00:00,65.95,31.6709375,6.4102217021875,6.217915051121875
20200815:1230,0.0,7.25,0.0,1.1,29.03,3.24,0.0,2020-08-15 12:30:00+00:00,7.25,29.2565625,0.7120387671875,0.690677604171875
20200815:1330,0.0,0.0,0.0,0.0,28.4,3.38,0.0,2020-08-15 13:30:00+00:00,0.0,28.4,0.0,0.0
20200815:1430,0.0,0.0,0.0,0.0,27.72,3.31,0.0,2020-08-15 14:30:00+00:00,0.0,27.72,0.0,0.0
20200815:1530,0.0,0.0,0.0,0.0,27.21,3.24,0.0,2020-08-15 15:30:00+00:00,0.0,27.21,0.0,0.0
20200815:1630,0.0,0.0,0.0,0.0,27.15,3.31,0.0,2020-08-15 16:30:00+00:00,0.0,27.15,0.0,0.0
20200815:1730,0.0,0.0,0.0,0.0,27.08,3.31,0.0,2020-08-15 17:30:00+00:00,0.0,27.08,0.0,0.0
20200815:1830,0.0,0.0,0.0,0.0,27.06,3.17,0.0,2020-08-15 18:30:00+00:00,0.0,27.06,0.0,0.0
20200815:1930,0.0,0.0,0.0,0.0,27.04,3.1,0.0,2020-08-15 19:30:00+00:00,0.0,27.04,0.0,0.0
20200815:2030,0.0,0.0,0.0,0.0,26.97,3.03,0.0,2020-08-15 20:30:00+00:00,0.0,26.97,0.0,0.0
20200815:2130,0.0,0.0,0.0,0.0,26.79,3.1,0.0,2020-08-15 21:30:00+00:00,0.0,26.79,0.0,0.0
20200815:2230,0.0,0.0,0.0,0.0,26.68,3.1,0.0,2020-08-15 22:30:00+00:00,0.0,26.68,0.0,0.0
20200815:2330,0.0,0.0,0.0,-3.52,26.6,3.38,0.0,2020-08-15 23:30:00+00:00,0.0,26.6,0.0,0.0
20200816:0030,18.2,41.05,0.0,9.8,26.63,3.45,0.0,2020-08-16 00:30:00+00:00,59.25,28.4815625,5.838361317187499,5.663210477671874
20200816:0130,93.1,105.4,0.0,23.46,27.01,3.45,0.0,2020-08-16 01:30:00+00:00,198.5,33.213125000000005,19.16527176875,18.5903136156875
20200816:0230,229.6,139.35,0.0,37.25,27.97,3.86,0.0,2020-08-16 02:30:00+00:00,368.95,39.4996875,34.6481429246875,33.60869863694687
20200816:0330,289.0,216.7,0.0,51.03,28.95,3.93,0.0,2020-08-16 03:30:00+00:00,505.7,44.753125,46.37455476875,44.983318125687504
20200816:0430,144.05,337.15,0.0,64.56,29.92,3.79,0.0,2020-08-16 04:30:00+00:00,481.2,44.9575,44.08650942,42.7639141374
20200816:0530,157.4,386.3,0.0,76.76,30.46,3.59,0.0,2020-08-16 05:30:00+00:00,543.7,47.450625,49.243309978750005,47.766010679387506
20200816:0630,344.95,231.7,0.0,79.68,31.17,3.72,0.0,2020-08-16 06:30:00+00:00,576.65,49.190312500000005,51.8062756446875,50.252087375346875
20200816:0730,201.95,177.0,0.0,68.99,29.86,3.52,0.0,2020-08-16 07:30:00+00:00,378.95,41.7021875,35.2366965396875,34.179595643496874
20200816:0830,59.6,220.6,0.0,55.69,30.37,3.45,0.0,2020-08-16 08:30:00+00:00,280.2,39.12625,26.357566395,25.56683940315
20200816:0930,129.0,199.25,0.0,41.95,30.42,3.52,0.0,2020-08-16 09:30:00+00:00,328.25,40.6778125,30.663578379687497,29.74367102829687
20200816:1030,124.65,110.45,0.0,28.15,29.93,3.79,0.0,2020-08-16 10:30:00+00:00,235.10000000000002,37.276875000000004,22.29775680875,21.6288241044875
20200816:1130,48.05,48.85,0.0,14.44,29.54,3.31,0.0,2020-08-16 11:30:00+00:00,96.9,32.568125,9.38199244875,9.100532675287498
20200816:1230,0.0,5.1,0.0,0.93,29.02,3.38,0.0,2020-08-16 12:30:00+00:00,5.1,29.179375,0.50104777875,0.48601634538749994
20200816:1330,0.0,0.0,0.0,0.0,28.36,3.17,0.0,2020-08-16 13:30:00+00:00,0.0,28.36,0.0,0.0
20200816:1430,0.0,0.0,0.0,0.0,27.94,2.9,0.0,2020-08-16 14:30:00+00:00,0.0,27.94,0.0,0.0
20200816:1530,0.0,0.0,0.0,0.0,27.66,2.69,0.0,2020-08-16 15:30:00+00:00,0.0,27.66,0.0,0.0
20200816:1630,0.0,0.0,0.0,0.0,27.43,2.69,0.0,2020-08-16 16:30:00+00:00,0.0,27.43,0.0,0.0
20200816:1730,0.0,0.0,0.0,0.0,27.29,2.48,0.0,2020-08-16 17:30:00+00:00,0.0,27.29,0.0,0.0
20200816:1830,0.0,0.0,0.0,0.0,27.07,2.21,0.0,2020-08-16 18:30:00+00:00,0.0,27.07,0.0,0.0
20200816:1930,0.0,0.0,0.0,0.0,27.1,2.76,0.0,2020-08-16 19:30:00+00:00,0.0,27.1,0.0,0.0
20200816:2030,0.0,0.0,0.0,0.0,26.92,2.62,0.0,2020-08-16 20:30:00+00:00,0.0,26.92,0.0,0.0
20200816:2130,0.0,0.0,0.0,0.0,26.68,2.21,0.0,2020-08-16 21:30:00+00:00,0.0,26.68,0.0,0.0
20200816:2230,0.0,0.0,0.0,0.0,26.58,2.14,0.0,2020-08-16 22:30:00+00:00,0.0,26.58,0.0,0.0
20200816:2330,0.0,0.0,0.0,-3.6,26.52,2.07,0.0,2020-08-16 23:30:00+00:00,0.0,26.52,0.0,0.0
20200817:0030,15.35,34.85,0.0,9.74,26.45,2.14,0.0,2020-08-17 00:30:00+00:00,50.2,28.01875,4.956352675000001,4.80766209475
20200817:0130,38.9,102.8,0.0,23.41,26.94,2.69,0.0,2020-08-17 01:30:00+00:00,141.7,31.368125,13.791007408750001,13.3772771864875
20200817:0230,172.3,155.2,0.0,37.19,27.77,3.66,0.0,2020-08-17 02:30:00+00:00,327.5,38.004374999999996,30.96124821875,30.0324107721875
20200817:0330,333.05,202.25,0.0,50.97,28.86,3.45,0.0,2020-08-17 03:30:00+00:00,535.3,45.588125,48.901254208750004,47.4342165824875
20200817:0430,429.65,228.0,0.0,64.47,30.05,3.31,0.0,2020-08-17 04:30:00+00:00,657.65,50.6015625,58.6935156171875,56.93271014867187
20200817:0530,445.2,289.8,0.0,76.57,30.79,3.31,0.0,2020-08-17 05:30:00+00:00,735.0,53.75875,64.622173875,62.68350865875
20200817:0630,72.75,214.8,0.0,79.37,31.23,3.66,0.0,2020-08-17 06:30:00+00:00,287.55,40.2159375,26.917356012187504,26.109835331821877
20200817:0730,123.1,188.0,0.0,68.79,29.03,3.66,0.0,2020-08-17 07:30:00+00:00,311.1,38.751875,29.313152508750004,28.433757933487502
20200817:0830,107.75,169.1,0.0,55.53,29.13,3.79,0.0,2020-08-17 08:30:00+00:00,276.85,37.7815625,26.1987982571875,25.412834309471876
20200817:0930,82.0,112.65,0.0,41.8,28.93,4.21,0.0,2020-08-17 09:30:00+00:00,194.65,35.0128125,18.646422539687503,18.087029863496877
20200817:1030,10.4,70.9,0.0,28.0,28.63,3.86,0.0,2020-08-17 10:30:00+00:00,81.30000000000001,31.170625,7.91929783875,7.6817189035875
20200817:1130,2.7,42.0,0.0,14.28,27.86,3.1,0.0,2020-08-17 11:30:00+00:00,44.7,29.256875,4.390081428750001,4.258378985887501
20200817:1230,0.0,5.15,0.0,0.75,27.48,2.83,0.0,2020-08-17 12:30:00+00:00,5.15,27.6409375,0.5092876521874999,0.4940090226218749
20200817:1330,0.0,0.0,0.0,0.0,27.18,2.48,0.0,2020-08-17 13:30:00+00:00,0.0,27.18,0.0,0.0
20200817:1430,0.0,0.0,0.0,0.0,26.99,2.34,0.0,2020-08-17 14:30:00+00:00,0.0,26.99,0.0,0.0
20200817:1530,0.0,0.0,0.0,0.0,26.86,2.34,0.0,2020-08-17 15:30:00+00:00,0.0,26.86,0.0,0.0
20200817:1630,0.0,0.0,0.0,0.0,26.7,2.28,0.0,2020-08-17 16:30:00+00:00,0.0,26.7,0.0,0.0
20200817:1730,0.0,0.0,0.0,0.0,26.61,2.34,0.0,2020-08-17 17:30:00+00:00,0.0,26.61,0.0,0.0
20200817:1830,0.0,0.0,0.0,0.0,26.54,2.48,0.0,2020-08-17 18:30:00+00:00,0.0,26.54,0.0,0.0
20200817:1930,0.0,0.0,0.0,0.0,26.63,1.86,0.0,2020-08-17 19:30:00+00:00,0.0,26.63,0.0,0.0
20200817:2030,0.0,0.0,0.0,0.0,26.56,1.79,0.0,2020-08-17 20:30:00+00:00,0.0,26.56,0.0,0.0
20200817:2130,0.0,0.0,0.0,0.0,26.56,1.72,0.0,2020-08-17 21:30:00+00:00,0.0,26.56,0.0,0.0
20200817:2230,0.0,0.0,0.0,0.0,26.49,1.93,0.0,2020-08-17 22:30:00+00:00,0.0,26.49,0.0,0.0
20200817:2330,0.0,0.0,0.0,-3.69,26.25,1.79,0.0,2020-08-17 23:30:00+00:00,0.0,26.25,0.0,0.0
20200818:0030,7.05,42.05,0.0,9.67,26.11,1.59,0.0,2020-08-18 00:30:00+00:00,49.099999999999994,27.644375,4.855467698749999,4.709803667787499
20200818:0130,34.4,118.95,0.0,23.35,26.21,1.38,0.0,2020-08-18 01:30:00+00:00,153.35,31.0021875,14.9484171096875,14.499964596396874
20200818:0230,177.15,162.1,0.0,37.14,26.95,2.0,0.0,2020-08-18 02:30:00+00:00,339.25,37.5515625,32.136590617187494,31.17249289867187
20200818:0330,194.75,204.4,0.0,50.91,28.21,1.79,0.0,2020-08-18 03:30:00+00:00,399.15,40.6834375,37.2857814871875,36.16720804257187
20200818:0430,123.7,277.1,0.0,64.38,28.98,1.38,0.0,2020-08-18 04:30:00+00:00,400.8,41.505,37.30161432,36.1825658904
20200818:0530,107.35,264.4,0.0,76.37,29.35,1.31,0.0,2020-08-18 05:30:00+00:00,371.75,40.9671875,34.6819631796875,33.64150428429687
20200818:0630,32.3,211.9,0.0,79.06,30.09,1.38,0.0,2020-08-18 06:30:00+00:00,244.2,37.72125,23.115257715000002,22.421799983550002
20200818:0730,74.4,180.85,0.0,68.59,29.26,1.72,0.0,2020-08-18 07:30:00+00:00,255.25,37.236562500000005,24.213179317187496,23.48678393767187
20200818:0830,16.5,161.15,0.0,55.36,28.71,2.28,0.0,2020-08-18 08:30:00+00:00,177.65,34.261562500000004,17.0739670371875,16.561748026071875
20200818:0930,54.9,195.2,0.0,41.64,28.08,2.07,0.0,2020-08-18 09:30:00+00:00,250.1,35.895624999999995,23.865501758749996,23.149536705987497
20200818:1030,14.15,96.25,0.0,27.84,28.53,2.76,0.0,2020-08-18 10:30:00+00:00,110.4,31.98,10.71635136,10.3948608192
20200818:1130,11.75,52.5,0.0,14.11,28.26,2.76,0.0,2020-08-18 11:30:00+00:00,64.25,30.2678125,6.2828480796875,6.094362637296874
20200818:1230,0.0,4.55,0.0,0.57,27.9,2.28,0.0,2020-08-18 12:30:00+00:00,4.55,28.042187499999997,0.4491863796875,0.43571078829687504
20200818:1330,0.0,0.0,0.0,0.0,27.5,1.86,0.0,2020-08-18 13:30:00+00:00,0.0,27.5,0.0,0.0
20200818:1430,0.0,0.0,0.0,0.0,27.33,2.0,0.0,2020-08-18 14:30:00+00:00,0.0,27.33,0.0,0.0
20200818:1530,0.0,0.0,0.0,0.0,27.11,1.72,0.0,2020-08-18 15:30:00+00:00,0.0,27.11,0.0,0.0
20200818:1630,0.0,0.0,0.0,0.0,26.83,1.93,0.0,2020-08-18 16:30:00+00:00,0.0,26.83,0.0,0.0
20200818:1730,0.0,0.0,0.0,0.0,26.62,2.28,0.0,2020-08-18 17:30:00+00:00,0.0,26.62,0.0,0.0
20200818:1830,0.0,0.0,0.0,0.0,26.46,2.0,0.0,2020-08-18 18:30:00+00:00,0.0,26.46,0.0,0.0
20200818:1930,0.0,0.0,0.0,0.0,26.21,1.45,0.0,2020-08-18 19:30:00+00:00,0.0,26.21,0.0,0.0
20200818:2030,0.0,0.0,0.0,0.0,25.76,1.45,0.0,2020-08-18 20:30:00+00:00,0.0,25.76,0.0,0.0
20200818:2130,0.0,0.0,0.0,0.0,25.67,1.59,0.0,2020-08-18 21:30:00+00:00,0.0,25.67,0.0,0.0
20200818:2230,0.0,0.0,0.0,0.0,25.53,1.45,0.0,2020-08-18 22:30:00+00:00,0.0,25.53,0.0,0.0
20200818:2330,0.0,0.0,0.0,-3.77,25.47,1.52,0.0,2020-08-18 23:30:00+00:00,0.0,25.47,0.0,0.0
20200819:0030,18.7,42.25,0.0,9.6,25.47,1.79,0.0,2020-08-19 00:30:00+00:00,60.95,27.3746875,6.0342103746875,5.853184063446875
20200819:0130,66.85,94.3,0.0,23.29,25.9,2.55,0.0,2020-08-19 01:30:00+00:00,161.14999999999998,30.935937499999998,15.713237942187499,15.241840803921873
20200819:0230,78.2,145.7,0.0,37.09,26.8,2.41,0.0,2020-08-19 02:30:00+00:00,223.89999999999998,33.796875,21.56275946875,20.915876684687497
20200819:0330,22.65,177.35,0.0,50.85,27.5,2.55,0.0,2020-08-19 03:30:00+00:00,200.0,33.75,19.265,18.68705
20200819:0430,23.4,157.9,0.0,64.29,28.1,2.62,0.0,2020-08-19 04:30:00+00:00,181.3,33.765625,17.46253271875,16.9386567371875
20200819:0530,29.7,162.55,0.0,76.17,28.46,2.76,0.0,2020-08-19 05:30:00+00:00,192.25,34.4678125,18.4605214796875,17.906705835296876
20200819:0630,407.4,182.6,0.0,78.74,28.67,2.76,0.0,2020-08-19 06:30:00+00:00,590.0,47.1075,53.521761500000004,51.916108655
20200819:0730,400.75,188.9,0.0,68.37,30.5,4.34,0.0,2020-08-19 07:30:00+00:00,589.65,48.9265625,53.039515017187504,51.44832956667188
20200819:0830,110.1,157.1,0.0,55.19,29.98,5.03,0.0,2020-08-19 08:30:00+00:00,267.2,38.33,25.22405408,24.467332457599998
20200819:0930,47.95,116.15,0.0,41.48,27.93,3.79,0.0,2020-08-19 09:30:00+00:00,164.10000000000002,33.058125000000004,15.854617908750004,15.378979371487503
20200819:1030,54.7,112.05,0.0,27.68,27.5,3.52,0.0,2020-08-19 10:30:00+00:00,166.75,32.7109375,16.1349644921875,15.650915557421873
20200819:1130,7.25,32.45,0.0,13.94,27.48,3.45,0.0,2020-08-19 11:30:00+00:00,39.7,28.720625000000002,3.9079622987500007,3.7907234297875005
20200819:1230,0.0,2.0,0.0,0.39,26.92,4.14,0.0,2020-08-19 12:30:00+00:00,2.0,26.9825,0.1983347,0.19238465899999999
20200819:1330,0.0,0.0,0.0,0.0,26.55,3.17,0.0,2020-08-19 13:30:00+00:00,0.0,26.55,0.0,0.0
20200819:1430,0.0,0.0,0.0,0.0,26.48,3.17,0.0,2020-08-19 14:30:00+00:00,0.0,26.48,0.0,0.0
20200819:1530,0.0,0.0,0.0,0.0,26.37,3.66,0.0,2020-08-19 15:30:00+00:00,0.0,26.37,0.0,0.0
20200819:1630,0.0,0.0,0.0,0.0,26.17,4.07,0.0,2020-08-19 16:30:00+00:00,0.0,26.17,0.0,0.0
20200819:1730,0.0,0.0,0.0,0.0,25.9,4.34,0.0,2020-08-19 17:30:00+00:00,0.0,25.9,0.0,0.0
20200819:1830,0.0,0.0,0.0,0.0,25.57,4.34,0.0,2020-08-19 18:30:00+00:00,0.0,25.57,0.0,0.0
20200819:1930,0.0,0.0,0.0,0.0,25.81,5.45,0.0,2020-08-19 19:30:00+00:00,0.0,25.81,0.0,0.0
20200819:2030,0.0,0.0,0.0,0.0,25.54,4.9,0.0,2020-08-19 20:30:00+00:00,0.0,25.54,0.0,0.0
20200819:2130,0.0,0.0,0.0,0.0,25.42,5.24,0.0,2020-08-19 21:30:00+00:00,0.0,25.42,0.0,0.0
20200819:2230,0.0,0.0,0.0,0.0,25.58,6.41,0.0,2020-08-19 22:30:00+00:00,0.0,25.58,0.0,0.0
20200819:2330,0.0,0.0,0.0,-3.86,25.72,7.1,0.0,2020-08-19 23:30:00+00:00,0.0,25.72,0.0,0.0
20200820:0030,0.0,4.9,0.0,9.54,25.74,7.17,0.0,2020-08-20 00:30:00+00:00,4.9,25.893124999999998,0.4881619487500001,0.47351709028750005
20200820:0130,0.0,19.85,0.0,23.24,25.77,6.76,0.0,2020-08-20 01:30:00+00:00,19.85,26.3903125,1.9734089646875002,1.914206695746875
20200820:0230,0.0,29.9,0.0,37.04,25.91,6.14,0.0,2020-08-20 02:30:00+00:00,29.9,26.844375,2.9668383387499997,2.8778331885874997
20200820:0330,6.05,65.15,0.0,50.79,26.21,6.07,0.0,2020-08-20 03:30:00+00:00,71.2,28.435000000000002,7.01727976,6.8067613672
20200820:0430,6.9,65.25,0.0,64.19,26.42,6.34,0.0,2020-08-20 04:30:00+00:00,72.15,28.6746875,7.103645944687501,6.890536566346876
20200820:0530,29.75,134.2,0.0,75.96,26.41,6.14,0.0,2020-08-20 05:30:00+00:00,163.95,31.533437499999998,15.945114027187499,15.466760606371873
20200820:0630,40.0,263.4,0.0,78.42,26.73,5.52,0.0,2020-08-20 06:30:00+00:00,303.4,36.21125,28.911372834999998,28.044031649949996
20200820:0730,13.15,252.0,0.0,68.15,27.12,5.31,0.0,2020-08-20 07:30:00+00:00,265.15,35.4059375,25.3561635821875,24.595478674721875
20200820:0830,71.35,243.6,0.0,55.01,27.72,4.69,0.0,2020-08-20 08:30:00+00:00,314.95,37.5621875,29.8332863996875,28.938287807696874
20200820:0930,38.4,156.25,0.0,41.32,27.97,4.9,0.0,2020-08-20 09:30:00+00:00,194.65,34.0528125,18.724905419687502,18.163158257096878
20200820:1030,12.7,102.75,0.0,27.52,27.06,4.83,0.0,2020-08-20 10:30:00+00:00,115.45,30.6678125,11.2701734396875,10.932068236496875
20200820:1130,1.6,42.7,0.0,13.77,27.0,4.76,0.0,2020-08-20 11:30:00+00:00,44.300000000000004,28.384375,4.36703031875,4.2360194091875005
20200820:1230,0.0,6.75,0.0,0.21,26.81,4.76,0.0,2020-08-20 12:30:00+00:00,6.75,27.0209375,0.6692706421875001,0.6491925229218751
20200820:1330,0.0,0.0,0.0,0.0,26.6,4.9,0.0,2020-08-20 13:30:00+00:00,0.0,26.6,0.0,0.0
20200820:1430,0.0,0.0,0.0,0.0,26.49,4.9,0.0,2020-08-20 14:30:00+00:00,0.0,26.49,0.0,0.0
20200820:1530,0.0,0.0,0.0,0.0,26.57,4.83,0.0,2020-08-20 15:30:00+00:00,0.0,26.57,0.0,0.0
20200820:1630,0.0,0.0,0.0,0.0,26.65,4.83,0.0,2020-08-20 16:30:00+00:00,0.0,26.65,0.0,0.0
20200820:1730,0.0,0.0,0.0,0.0,26.44,5.24,0.0,2020-08-20 17:30:00+00:00,0.0,26.44,0.0,0.0
20200820:1830,0.0,0.0,0.0,0.0,26.27,4.76,0.0,2020-08-20 18:30:00+00:00,0.0,26.27,0.0,0.0
20200820:1930,0.0,0.0,0.0,0.0,26.03,4.41,0.0,2020-08-20 19:30:00+00:00,0.0,26.03,0.0,0.0
20200820:2030,0.0,0.0,0.0,0.0,26.0,4.55,0.0,2020-08-20 20:30:00+00:00,0.0,26.0,0.0,0.0
20200820:2130,0.0,0.0,0.0,0.0,26.05,4.28,0.0,2020-08-20 21:30:00+00:00,0.0,26.05,0.0,0.0
20200820:2230,0.0,0.0,0.0,0.0,25.97,4.14,0.0,2020-08-20 22:30:00+00:00,0.0,25.97,0.0,0.0
20200820:2330,0.0,0.0,0.0,-3.94,25.94,4.07,0.0,2020-08-20 23:30:00+00:00,0.0,25.94,0.0,0.0
20200821:0030,2.3,35.9,0.0,9.47,25.81,3.79,0.0,2020-08-21 00:30:00+00:00,38.199999999999996,27.00375,3.787851835,3.67421627995
20200821:0130,10.35,79.0,0.0,23.18,25.9,3.86,0.0,2020-08-21 01:30:00+00:00,89.35,28.6921875,8.7964432796875,8.532549981296874
20200821:0230,56.5,137.85,0.0,36.98,26.12,4.07,0.0,2020-08-21 02:30:00+00:00,194.35,32.1934375,18.8478212771875,18.282386638871873
20200821:0330,69.7,176.25,0.0,50.72,26.74,4.0,0.0,2020-08-21 03:30:00+00:00,245.95,34.425937499999996,23.6213100821875,22.912670779721875
20200821:0430,182.65,254.95,0.0,64.09,27.53,4.41,0.0,2020-08-21 04:30:00+00:00,437.6,41.205,40.78165064000001,39.55820112080001
20200821:0530,123.95,193.5,0.0,75.74,28.13,5.17,0.0,2020-08-21 05:30:00+00:00,317.45,38.0503125,30.0050148846875,29.104864438146876
20200821:0630,216.2,254.15,0.0,78.09,28.52,5.72,0.0,2020-08-21 06:30:00+00:00,470.35,43.2184375,43.4360023271875,42.132922257371874
20200821:0730,67.35,269.55,0.0,67.93,28.33,5.17,0.0,2020-08-21 07:30:00+00:00,336.9,38.858125,31.729103028749996,30.777229937887494
20200821:0830,75.3,218.9,0.0,54.82,28.64,4.76,0.0,2020-08-21 08:30:00+00:00,294.2,37.83375,27.834210514999995,26.999184199549994
20200821:0930,28.7,147.6,0.0,41.15,27.5,5.31,0.0,2020-08-21 09:30:00+00:00,176.29999999999998,33.009375,17.036937818749998,16.525829684187496
20200821:1030,25.0,89.45,0.0,27.35,27.12,4.21,0.0,2020-08-21 10:30:00+00:00,114.45,30.696562500000002,11.1711719371875,10.836036779071875
20200821:1130,9.35,54.05,0.0,13.6,27.22,4.21,0.0,2020-08-21 11:30:00+00:00,63.4,29.201249999999998,6.228129115,6.04128524155
20200821:1230,0.0,6.7,0.0,0.02,27.08,4.14,0.0,2020-08-21 12:30:00+00:00,6.7,27.289375,0.66355769875,0.6436509677875
20200821:1330,0.0,0.0,0.0,0.0,26.78,3.72,0.0,2020-08-21 13:30:00+00:00,0.0,26.78,0.0,0.0
20200821:1430,0.0,0.0,0.0,0.0,26.67,3.45,0.0,2020-08-21 14:30:00+00:00,0.0,26.67,0.0,0.0
20200821:1530,0.0,0.0,0.0,0.0,26.64,3.31,0.0,2020-08-21 15:30:00+00:00,0.0,26.64,0.0,0.0
20200821:1630,0.0,0.0,0.0,0.0,26.62,2.9,0.0,2020-08-21 16:30:00+00:00,0.0,26.62,0.0,0.0
20200821:1730,0.0,0.0,0.0,0.0,26.07,2.55,0.0,2020-08-21 17:30:00+00:00,0.0,26.07,0.0,0.0
20200821:1830,0.0,0.0,0.0,0.0,25.8,2.48,0.0,2020-08-21 18:30:00+00:00,0.0,25.8,0.0,0.0
20200821:1930,0.0,0.0,0.0,0.0,26.65,2.9,0.0,2020-08-21 19:30:00+00:00,0.0,26.65,0.0,0.0
20200821:2030,0.0,0.0,0.0,0.0,26.47,2.76,0.0,2020-08-21 20:30:00+00:00,0.0,26.47,0.0,0.0
20200821:2130,0.0,0.0,0.0,0.0,26.31,2.62,0.0,2020-08-21 21:30:00+00:00,0.0,26.31,0.0,0.0
20200821:2230,0.0,0.0,0.0,0.0,26.04,2.41,0.0,2020-08-21 22:30:00+00:00,0.0,26.04,0.0,0.0
20200821:2330,0.0,0.0,0.0,-4.02,25.84,2.41,0.0,2020-08-21 23:30:00+00:00,0.0,25.84,0.0,0.0
20200822:0030,6.1,33.45,0.0,9.41,25.74,2.55,0.0,2020-08-22 00:30:00+00:00,39.550000000000004,26.975937499999997,3.9221777021875,3.804512371121875
20200822:0130,46.65,109.8,0.0,23.13,26.06,2.34,0.0,2020-08-22 01:30:00+00:00,156.45,30.949062499999997,15.254093052187498,14.796470260621872
20200822:0230,54.8,170.3,0.0,36.93,26.89,2.97,0.0,2020-08-22 02:30:00+00:00,225.10000000000002,33.924375,21.66627173875,21.0162835865875
20200822:0330,91.5,255.7,0.0,50.66,27.83,3.45,0.0,2020-08-22 03:30:00+00:00,347.2,38.68,32.72512768,31.743373849599998
20200822:0430,30.25,273.2,0.0,63.99,28.72,3.24,0.0,2020-08-22 04:30:00+00:00,303.45,38.2028125,28.6623147496875,27.802445307196873
20200822:0530,48.35,326.9,0.0,75.52,29.16,2.76,0.0,2020-08-22 05:30:00+00:00,375.25,40.8865625,35.0211983171875,33.970562367671874
20200822:0630,10.05,273.15,0.0,77.76,29.73,2.34,0.0,2020-08-22 06:30:00+00:00,283.2,38.58,26.70474048,25.9035982656
20200822:0730,28.35,195.7,0.0,67.69,29.42,1.66,0.0,2020-08-22 07:30:00+00:00,224.04999999999998,36.4215625,21.330219547187497,20.69031296077187
20200822:0830,0.35,122.5,0.0,54.64,28.71,2.21,0.0,2020-08-22 08:30:00+00:00,122.85,32.5490625,11.895491022187501,11.538626291521876
20200822:0930,0.0,65.55,0.0,40.97,27.15,2.34,0.0,2020-08-22 09:30:00+00:00,65.55,29.198437499999997,6.4394128171875,6.246230432671875
20200822:1030,0.1,62.3,0.0,27.17,26.82,2.07,0.0,2020-08-22 10:30:00+00:00,62.4,28.77,6.141195839999999,5.956959964799999
20200822:1130,0.0,24.5,0.0,13.42,26.78,2.21,0.0,2020-08-22 11:30:00+00:00,24.5,27.545625,2.42380551875,2.3510913531875
20200822:1230,0.0,0.0,0.0,-0.17,26.47,2.0,0.0,2020-08-22 12:30:00+00:00,0.0,26.47,0.0,0.0
20200822:1330,0.0,0.0,0.0,0.0,26.32,1.66,0.0,2020-08-22 13:30:00+00:00,0.0,26.32,0.0,0.0
20200822:1430,0.0,0.0,0.0,0.0,26.27,1.79,0.0,2020-08-22 14:30:00+00:00,0.0,26.27,0.0,0.0
20200822:1530,0.0,0.0,0.0,0.0,26.26,1.86,0.0,2020-08-22 15:30:00+00:00,0.0,26.26,0.0,0.0
20200822:1630,0.0,0.0,0.0,0.0,26.19,1.72,0.0,2020-08-22 16:30:00+00:00,0.0,26.19,0.0,0.0
20200822:1730,0.0,0.0,0.0,0.0,26.1,1.52,0.0,2020-08-22 17:30:00+00:00,0.0,26.1,0.0,0.0
20200822:1830,0.0,0.0,0.0,0.0,26.0,1.52,0.0,2020-08-22 18:30:00+00:00,0.0,26.0,0.0,0.0
20200822:1930,0.0,0.0,0.0,0.0,26.15,1.38,0.0,2020-08-22 19:30:00+00:00,0.0,26.15,0.0,0.0
20200822:2030,0.0,0.0,0.0,0.0,25.88,0.83,0.0,2020-08-22 20:30:00+00:00,0.0,25.88,0.0,0.0
20200822:2130,0.0,0.0,0.0,0.0,25.69,0.69,0.0,2020-08-22 21:30:00+00:00,0.0,25.69,0.0,0.0
20200822:2230,0.0,0.0,0.0,0.0,25.44,0.9,0.0,2020-08-22 22:30:00+00:00,0.0,25.44,0.0,0.0
20200822:2330,0.0,0.0,0.0,-4.1,25.29,0.9,0.0,2020-08-22 23:30:00+00:00,0.0,25.29,0.0,0.0
20200823:0030,6.95,27.1,0.0,9.35,25.48,0.48,0.0,2020-08-23 00:30:00+00:00,34.050000000000004,26.5440625,3.3829183621875,3.281430811321875
20200823:0130,11.4,66.35,0.0,23.08,26.02,0.48,0.0,2020-08-23 01:30:00+00:00,77.75,28.4496875,7.6623504546875,7.432479941046875
20200823:0230,9.85,125.0,0.0,36.88,26.41,0.41,0.0,2020-08-23 02:30:00+00:00,134.85,30.6240625,13.1664699721875,12.771475873021874
20200823:0330,41.15,248.05,0.0,50.59,26.82,0.55,0.0,2020-08-23 03:30:00+00:00,289.2,35.8575,27.601204620000004,26.773168481400003
20200823:0430,35.05,225.0,0.0,63.88,27.68,0.9,0.0,2020-08-23 04:30:00+00:00,260.05,35.8065625,24.824696437187498,24.079955544071872
20200823:0530,31.7,240.6,0.0,75.3,28.02,0.97,0.0,2020-08-23 05:30:00+00:00,272.3,36.529375,25.911431498749995,25.134088553787493
20200823:0630,115.6,362.95,0.0,77.43,28.27,0.76,0.0,2020-08-23 06:30:00+00:00,478.54999999999995,43.2246875,44.1920018346875,42.86624177964688
20200823:0730,201.6,327.75,0.0,67.46,29.42,0.41,0.0,2020-08-23 07:30:00+00:00,529.35,45.9621875,48.274539739687505,46.82630354749688
20200823:0830,136.45,251.0,0.0,54.44,30.02,0.48,0.0,2020-08-23 08:30:00+00:00,387.45,42.1278125,35.9578081996875,34.879073953696874
20200823:0930,93.2,207.75,0.0,40.79,30.22,0.28,0.0,2020-08-23 09:30:00+00:00,300.95,39.6246875,28.246454124687496,27.39906050094687
20200823:1030,50.7,132.25,0.0,27.0,30.15,0.28,0.0,2020-08-23 10:30:00+00:00,182.95,35.8671875,17.4599761796875,16.936176894296874
20200823:1130,10.0,49.45,0.0,13.23,29.66,0.83,0.0,2020-08-23 11:30:00+00:00,59.45,31.5178125,5.782256739687501,5.608789037496876
20200823:1230,0.0,0.0,0.0,-0.37,27.63,1.17,0.0,2020-08-23 12:30:00+00:00,0.0,27.63,0.0,0.0
20200823:1330,0.0,0.0,0.0,0.0,26.75,1.31,0.0,2020-08-23 13:30:00+00:00,0.0,26.75,0.0,0.0
20200823:1430,0.0,0.0,0.0,0.0,26.23,1.31,0.0,2020-08-23 14:30:00+00:00,0.0,26.23,0.0,0.0
20200823:1530,0.0,0.0,0.0,0.0,25.99,1.45,0.0,2020-08-23 15:30:00+00:00,0.0,25.99,0.0,0.0
20200823:1630,0.0,0.0,0.0,0.0,25.94,1.24,0.0,2020-08-23 16:30:00+00:00,0.0,25.94,0.0,0.0
20200823:1730,0.0,0.0,0.0,0.0,25.82,1.24,0.0,2020-08-23 17:30:00+00:00,0.0,25.82,0.0,0.0
20200823:1830,0.0,0.0,0.0,0.0,25.74,0.97,0.0,2020-08-23 18:30:00+00:00,0.0,25.74,0.0,0.0
20200823:1930,0.0,0.0,0.0,0.0,25.82,0.48,0.0,2020-08-23 19:30:00+00:00,0.0,25.82,0.0,0.0
20200823:2030,0.0,0.0,0.0,0.0,25.58,0.41,0.0,2020-08-23 20:30:00+00:00,0.0,25.58,0.0,0.0
20200823:2130,0.0,0.0,0.0,0.0,25.44,0.07,0.0,2020-08-23 21:30:00+00:00,0.0,25.44,0.0,0.0
20200823:2230,0.0,0.0,0.0,0.0,25.38,0.28,0.0,2020-08-23 22:30:00+00:00,0.0,25.38,0.0,0.0
20200823:2330,0.0,0.0,0.0,-4.18,25.36,0.14,0.0,2020-08-23 23:30:00+00:00,0.0,25.36,0.0,0.0
20200824:0030,7.55,29.5,0.0,9.28,25.31,0.07,0.0,2020-08-24 00:30:00+00:00,37.05,26.467812499999997,3.6821593696875,3.571694588596875
20200824:0130,14.25,76.55,0.0,23.02,25.64,0.41,0.0,2020-08-24 01:30:00+00:00,90.8,28.4775,8.947382059999997,8.678960598199996
20200824:0230,72.05,133.6,0.0,36.82,26.09,0.69,0.0,2020-08-24 02:30:00+00:00,205.64999999999998,32.5165625,19.915771947187498,19.318298788771873
20200824:0330,37.2,122.4,0.0,50.53,26.75,1.1,0.0,2020-08-24 03:30:00+00:00,159.60000000000002,31.7375,15.508371900000004,15.043120743000003
20200824:0430,56.55,147.45,0.0,63.77,27.06,1.45,0.0,2020-08-24 04:30:00+00:00,204.0,33.435,19.6772892,19.086970524
20200824:0530,81.45,233.0,0.0,75.07,27.64,1.38,0.0,2020-08-24 05:30:00+00:00,314.45,37.4665625,29.798553557187503,28.904596950471877
20200824:0630,331.95,232.35,0.0,77.09,28.59,1.31,0.0,2020-08-24 06:30:00+00:00,564.3,46.224374999999995,51.399695778749994,49.85770490538749
20200824:0730,362.05,237.1,0.0,67.21,31.38,0.14,0.0,2020-08-24 07:30:00+00:00,599.15,50.1034375,53.597895677187495,51.98995880687187
20200824:0830,270.55,220.65,0.0,54.24,31.97,0.28,0.0,2020-08-24 08:30:00+00:00,491.20000000000005,47.32,44.51529472,43.1798358784
20200824:0930,254.2,178.8,0.0,40.61,32.05,0.34,0.0,2020-08-24 09:30:00+00:00,433.0,45.58125,39.557093875,38.37038105875
20200824:1030,51.45,110.85,0.0,26.82,31.04,1.66,0.0,2020-08-24 10:30:00+00:00,162.3,36.111875,15.47254792875,15.0083714908875
20200824:1130,16.6,44.65,0.0,13.05,29.71,1.45,0.0,2020-08-24 11:30:00+00:00,61.25,31.6240625,5.9545959921875,5.775958112421875
20200824:1230,0.0,0.0,0.0,-0.56,28.39,1.52,0.0,2020-08-24 12:30:00+00:00,0.0,28.39,0.0,0.0
20200824:1330,0.0,0.0,0.0,0.0,27.47,1.1,0.0,2020-08-24 13:30:00+00:00,0.0,27.47,0.0,0.0
20200824:1430,0.0,0.0,0.0,0.0,27.07,1.17,0.0,2020-08-24 14:30:00+00:00,0.0,27.07,0.0,0.0
20200824:1530,0.0,0.0,0.0,0.0,26.79,1.31,0.0,2020-08-24 15:30:00+00:00,0.0,26.79,0.0,0.0
20200824:1630,0.0,0.0,0.0,0.0,26.32,1.38,0.0,2020-08-24 16:30:00+00:00,0.0,26.32,0.0,0.0
20200824:1730,0.0,0.0,0.0,0.0,26.14,1.59,0.0,2020-08-24 17:30:00+00:00,0.0,26.14,0.0,0.0
20200824:1830,0.0,0.0,0.0,0.0,26.08,1.45,0.0,2020-08-24 18:30:00+00:00,0.0,26.08,0.0,0.0
20200824:1930,0.0,0.0,0.0,0.0,26.28,1.52,0.0,2020-08-24 19:30:00+00:00,0.0,26.28,0.0,0.0
20200824:2030,0.0,0.0,0.0,0.0,26.03,1.93,0.0,2020-08-24 20:30:00+00:00,0.0,26.03,0.0,0.0
20200824:2130,0.0,0.0,0.0,0.0,25.88,1.72,0.0,2020-08-24 21:30:00+00:00,0.0,25.88,0.0,0.0
20200824:2230,0.0,0.0,0.0,0.0,25.68,1.45,0.0,2020-08-24 22:30:00+00:00,0.0,25.68,0.0,0.0
20200824:2330,0.0,0.0,0.0,-4.26,25.58,1.38,0.0,2020-08-24 23:30:00+00:00,0.0,25.58,0.0,0.0
20200825:0030,6.45,29.7,0.0,9.22,25.53,1.31,0.0,2020-08-25 00:30:00+00:00,36.15,26.6596875,3.5898009646875004,3.4821069357468755
20200825:0130,66.85,97.85,0.0,22.97,25.98,1.03,0.0,2020-08-25 01:30:00+00:00,164.7,31.126875,16.04617954875,15.5647941622875
20200825:0230,27.45,105.15,0.0,36.77,27.03,1.86,0.0,2020-08-25 02:30:00+00:00,132.6,31.173750000000002,12.916171515,12.52868636955
20200825:0330,162.7,144.0,0.0,50.46,27.32,1.93,0.0,2020-08-25 03:30:00+00:00,306.7,36.904375,29.136549838749996,28.262453343587495
20200825:0430,172.1,203.8,0.0,63.66,28.55,2.9,0.0,2020-08-25 04:30:00+00:00,375.9,40.296875,35.174959968749995,34.11971116968749
20200825:0530,317.3,227.75,0.0,74.83,29.2,3.03,0.0,2020-08-25 05:30:00+00:00,545.05,46.232812499999994,49.64436332968749,48.15503242979687
20200825:0630,394.15,188.2,0.0,76.75,30.35,3.31,0.0,2020-08-25 06:30:00+00:00,582.3499999999999,48.5484375,52.47535831718749,50.90109756767187
20200825:0730,455.5,222.7,0.0,66.96,31.91,4.07,0.0,2020-08-25 07:30:00+00:00,678.2,53.103750000000005,59.81481543500001,58.02037097195001
20200825:0830,155.75,251.3,0.0,54.04,32.25,4.07,0.0,2020-08-25 08:30:00+00:00,407.05,44.9703125,37.290855404687505,36.17212974254688
20200825:0930,159.9,155.15,0.0,40.42,31.23,3.31,0.0,2020-08-25 09:30:00+00:00,315.05,41.0753125,29.3778985746875,28.496561617446872
20200825:1030,68.3,128.6,0.0,26.63,30.71,3.1,0.0,2020-08-25 10:30:00+00:00,196.89999999999998,36.863125,18.708943288749996,18.147674990087495
20200825:1130,0.55,42.35,0.0,12.86,29.99,2.97,0.0,2020-08-25 11:30:00+00:00,42.9,31.330624999999998,4.17593479875,4.0506567547875
20200825:1230,0.0,0.0,0.0,-0.76,28.71,3.31,0.0,2020-08-25 12:30:00+00:00,0.0,28.71,0.0,0.0
20200825:1330,0.0,0.0,0.0,0.0,27.78,3.38,0.0,2020-08-25 13:30:00+00:00,0.0,27.78,0.0,0.0
20200825:1430,0.0,0.0,0.0,0.0,27.42,3.66,0.0,2020-08-25 14:30:00+00:00,0.0,27.42,0.0,0.0
20200825:1530,0.0,0.0,0.0,0.0,27.2,3.72,0.0,2020-08-25 15:30:00+00:00,0.0,27.2,0.0,0.0
20200825:1630,0.0,0.0,0.0,0.0,26.96,3.79,0.0,2020-08-25 16:30:00+00:00,0.0,26.96,0.0,0.0
20200825:1730,0.0,0.0,0.0,0.0,26.71,3.79,0.0,2020-08-25 17:30:00+00:00,0.0,26.71,0.0,0.0
20200825:1830,0.0,0.0,0.0,0.0,26.53,3.79,0.0,2020-08-25 18:30:00+00:00,0.0,26.53,0.0,0.0
20200825:1930,0.0,0.0,0.0,0.0,26.79,4.14,0.0,2020-08-25 19:30:00+00:00,0.0,26.79,0.0,0.0
20200825:2030,0.0,0.0,0.0,0.0,26.66,4.41,0.0,2020-08-25 20:30:00+00:00,0.0,26.66,0.0,0.0
20200825:2130,0.0,0.0,0.0,0.0,26.71,4.83,0.0,2020-08-25 21:30:00+00:00,0.0,26.71,0.0,0.0
20200825:2230,0.0,0.0,0.0,0.0,26.7,5.17,0.0,2020-08-25 22:30:00+00:00,0.0,26.7,0.0,0.0
20200825:2330,0.0,0.0,0.0,-4.34,26.67,5.52,0.0,2020-08-25 23:30:00+00:00,0.0,26.67,0.0,0.0
20200826:0030,0.65,14.05,0.0,9.16,26.55,6.0,0.0,2020-08-26 00:30:00+00:00,14.700000000000001,27.009375000000002,1.4575941187500001,1.4138662951875
20200826:0130,4.1,52.0,0.0,22.91,26.24,6.14,0.0,2020-08-26 01:30:00+00:00,56.1,27.993125,5.5394759887500005,5.3732917090875
20200826:0230,23.85,90.1,0.0,36.71,26.27,6.41,0.0,2020-08-26 02:30:00+00:00,113.94999999999999,29.830937499999997,11.163796162187499,10.828882277321874
20200826:0330,84.75,213.5,0.0,50.39,26.52,6.48,0.0,2020-08-26 03:30:00+00:00,298.25,35.840312499999996,28.467088254687503,27.613075607046877
20200826:0430,293.4,223.4,0.0,63.55,27.72,5.31,0.0,2020-08-26 04:30:00+00:00,516.8,43.87,47.584153279999995,46.1566286816
20200826:0530,134.4,316.0,0.0,74.59,29.73,5.66,0.0,2020-08-26 05:30:00+00:00,450.4,43.805,41.48269576,40.238214887199995
20200826:0630,87.55,282.85,0.0,76.4,29.7,5.66,0.0,2020-08-26 06:30:00+00:00,370.40000000000003,41.275,34.5081308,33.472886876000004
20200826:0730,208.9,242.55,0.0,66.71,29.17,5.17,0.0,2020-08-26 07:30:00+00:00,451.45000000000005,43.2778125,41.6793622496875,40.42898138219687
20200826:0830,205.85,225.4,0.0,53.83,29.4,4.97,0.0,2020-08-26 08:30:00+00:00,431.25,42.8765625,39.8871076171875,38.69049438867188
20200826:0930,250.2,154.65,0.0,40.23,29.58,4.21,0.0,2020-08-26 09:30:00+00:00,404.85,42.231562499999995,37.55499680718751,36.42834690297188
20200826:1030,69.45,101.6,0.0,26.44,29.11,4.55,0.0,2020-08-26 10:30:00+00:00,171.05,34.4553125,16.4257208946875,15.932949267846876
20200826:1130,23.7,55.0,0.0,12.67,28.21,4.55,0.0,2020-08-26 11:30:00+00:00,78.7,30.669375000000002,7.682604478750001,7.4521263443875005
20200826:1230,0.0,0.0,0.0,-0.97,27.96,3.72,0.0,2020-08-26 12:30:00+00:00,0.0,27.96,0.0,0.0
20200826:1330,0.0,0.0,0.0,0.0,27.67,3.66,0.0,2020-08-26 13:30:00+00:00,0.0,27.67,0.0,0.0
20200826:1430,0.0,0.0,0.0,0.0,27.42,3.93,0.0,2020-08-26 14:30:00+00:00,0.0,27.42,0.0,0.0
20200826:1530,0.0,0.0,0.0,0.0,27.27,3.93,0.0,2020-08-26 15:30:00+00:00,0.0,27.27,0.0,0.0
20200826:1630,0.0,0.0,0.0,0.0,27.16,3.79,0.0,2020-08-26 16:30:00+00:00,0.0,27.16,0.0,0.0
20200826:1730,0.0,0.0,0.0,0.0,27.0,3.93,0.0,2020-08-26 17:30:00+00:00,0.0,27.0,0.0,0.0
20200826:1830,0.0,0.0,0.0,0.0,27.0,4.21,0.0,2020-08-26 18:30:00+00:00,0.0,27.0,0.0,0.0
20200826:1930,0.0,0.0,0.0,0.0,26.2,4.34,0.0,2020-08-26 19:30:00+00:00,0.0,26.2,0.0,0.0
20200826:2030,0.0,0.0,0.0,0.0,26.11,4.28,0.0,2020-08-26 20:30:00+00:00,0.0,26.11,0.0,0.0
20200826:2130,0.0,0.0,0.0,0.0,25.89,4.07,0.0,2020-08-26 21:30:00+00:00,0.0,25.89,0.0,0.0
20200826:2230,0.0,0.0,0.0,0.0,25.85,4.14,0.0,2020-08-26 22:30:00+00:00,0.0,25.85,0.0,0.0
20200826:2330,0.0,0.0,0.0,-4.42,25.74,4.14,0.0,2020-08-26 23:30:00+00:00,0.0,25.74,0.0,0.0
20200827:0030,18.5,33.35,0.0,9.1,25.64,4.14,0.0,2020-08-27 00:30:00+00:00,51.85,27.2603125,5.1357771746875,4.981703859446875
20200827:0130,49.95,85.45,0.0,22.86,25.93,5.03,0.0,2020-08-27 01:30:00+00:00,135.4,30.16125,13.246490034999999,12.849095333949998
20200827:0230,160.65,140.55,0.0,36.65,26.47,5.59,0.0,2020-08-27 02:30:00+00:00,301.20000000000005,35.8825,28.74332022,27.8810206134
20200827:0330,272.2,171.65,0.0,50.31,27.68,5.03,0.0,2020-08-27 03:30:00+00:00,443.85,41.550312500000004,41.299740394687504,40.06074818284688
20200827:0430,204.15,229.3,0.0,63.43,28.24,5.59,0.0,2020-08-27 04:30:00+00:00,433.45000000000005,41.7853125,40.289250644687506,39.08057312534688
20200827:0530,186.8,207.45,0.0,74.34,28.37,5.1,0.0,2020-08-27 05:30:00+00:00,394.25,40.690312500000005,36.8269196046875,35.72211201654687
20200827:0630,412.75,272.45,0.0,76.05,27.9,4.41,0.0,2020-08-27 06:30:00+00:00,685.2,49.3125,61.52325150000001,59.67755395500001
20200827:0730,134.3,236.75,0.0,66.44,30.11,4.34,0.0,2020-08-27 07:30:00+00:00,371.05,41.7053125,34.501627394687496,33.46657857284687
20200827:0830,166.2,158.8,0.0,53.61,28.54,4.07,0.0,2020-08-27 08:30:00+00:00,325.0,38.69625,30.630461875,29.71154801875
20200827:0930,29.7,135.55,0.0,40.03,28.41,3.66,0.0,2020-08-27 09:30:00+00:00,165.25,33.5740625,15.929917192187503,15.452019676421877
20200827:1030,14.05,102.3,0.0,26.25,28.0,3.52,0.0,2020-08-27 10:30:00+00:00,116.35,31.6359375,11.310721642187499,10.971399992921873
20200827:1130,8.7,47.2,0.0,12.47,27.67,3.38,0.0,2020-08-27 11:30:00+00:00,55.900000000000006,29.416875,5.486300608750001,5.3217115904875
20200827:1230,0.0,0.0,0.0,-1.18,27.53,3.66,0.0,2020-08-27 12:30:00+00:00,0.0,27.53,0.0,0.0
20200827:1330,0.0,0.0,0.0,0.0,27.23,3.66,0.0,2020-08-27 13:30:00+00:00,0.0,27.23,0.0,0.0
20200827:1430,0.0,0.0,0.0,0.0,26.98,3.52,0.0,2020-08-27 14:30:00+00:00,0.0,26.98,0.0,0.0
20200827:1530,0.0,0.0,0.0,0.0,26.93,3.31,0.0,2020-08-27 15:30:00+00:00,0.0,26.93,0.0,0.0
20200827:1630,0.0,0.0,0.0,0.0,26.72,3.17,0.0,2020-08-27 16:30:00+00:00,0.0,26.72,0.0,0.0
20200827:1730,0.0,0.0,0.0,0.0,26.39,3.1,0.0,2020-08-27 17:30:00+00:00,0.0,26.39,0.0,0.0
20200827:1830,0.0,0.0,0.0,0.0,26.24,3.03,0.0,2020-08-27 18:30:00+00:00,0.0,26.24,0.0,0.0
20200827:1930,0.0,0.0,0.0,0.0,26.24,2.9,0.0,2020-08-27 19:30:00+00:00,0.0,26.24,0.0,0.0
20200827:2030,0.0,0.0,0.0,0.0,26.05,2.69,0.0,2020-08-27 20:30:00+00:00,0.0,26.05,0.0,0.0
20200827:2130,0.0,0.0,0.0,0.0,25.88,2.48,0.0,2020-08-27 21:30:00+00:00,0.0,25.88,0.0,0.0
20200827:2230,0.0,0.0,0.0,0.0,25.8,2.48,0.0,2020-08-27 22:30:00+00:00,0.0,25.8,0.0,0.0
20200827:2330,0.0,0.0,0.0,-4.49,25.79,2.55,0.0,2020-08-27 23:30:00+00:00,0.0,25.79,0.0,0.0
20200828:0030,6.55,41.05,0.0,9.04,25.76,2.55,0.0,2020-08-28 00:30:00+00:00,47.599999999999994,27.247500000000002,4.71506798,4.5736159406
20200828:0130,68.1,125.1,0.0,22.8,26.24,2.55,0.0,2020-08-28 01:30:00+00:00,193.2,32.277499999999996,18.729474539999995,18.167590303799994
20200828:0230,145.95,138.5,0.0,36.6,27.32,4.0,0.0,2020-08-28 02:30:00+00:00,284.45,36.2090625,27.105864512187498,26.292688576821874
20200828:0330,291.85,239.95,0.0,50.24,28.15,3.93,0.0,2020-08-28 03:30:00+00:00,531.8,44.76875,48.764531074999994,47.301595142749996
20200828:0430,317.15,251.0,0.0,63.3,29.46,4.0,0.0,2020-08-28 04:30:00+00:00,568.15,47.2146875,51.51406462468749,49.96864268594687
20200828:0530,417.55,286.3,0.0,74.09,30.08,4.07,0.0,2020-08-28 05:30:00+00:00,703.85,52.075312499999995,62.38107734468749,60.50964502434687
20200828:0630,238.3,319.2,0.0,75.7,30.91,4.21,0.0,2020-08-28 06:30:00+00:00,557.5,48.331875,50.28684146875,48.7782362246875
20200828:0730,158.35,305.7,0.0,66.18,30.65,3.31,0.0,2020-08-28 07:30:00+00:00,464.04999999999995,45.1515625,42.477440317187494,41.203117107671865
20200828:0830,224.25,223.0,0.0,53.4,30.72,3.24,0.0,2020-08-28 08:30:00+00:00,447.25,44.6965625,41.0250992171875,39.79434624067188
20200828:0930,244.2,173.8,0.0,39.84,30.93,3.38,0.0,2020-08-28 09:30:00+00:00,418.0,43.9925,38.465676699999996,37.311706398999995
20200828:1030,172.5,89.45,0.0,26.06,30.98,3.72,0.0,2020-08-28 10:30:00+00:00,261.95,39.1659375,24.6364777221875,23.897383390521874
20200828:1130,50.2,56.7,0.0,12.27,30.52,3.45,0.0,2020-08-28 11:30:00+00:00,106.9,33.860625,10.292175658750002,9.983410388987503
20200828:1230,0.0,0.0,0.0,-1.38,29.7,3.24,0.0,2020-08-28 12:30:00+00:00,0.0,29.7,0.0,0.0
20200828:1330,0.0,0.0,0.0,0.0,28.9,3.1,0.0,2020-08-28 13:30:00+00:00,0.0,28.9,0.0,0.0
20200828:1430,0.0,0.0,0.0,0.0,28.19,3.1,0.0,2020-08-28 14:30:00+00:00,0.0,28.19,0.0,0.0
20200828:1530,0.0,0.0,0.0,0.0,27.67,3.24,0.0,2020-08-28 15:30:00+00:00,0.0,27.67,0.0,0.0
20200828:1630,0.0,0.0,0.0,0.0,27.29,3.1,0.0,2020-08-28 16:30:00+00:00,0.0,27.29,0.0,0.0
20200828:1730,0.0,0.0,0.0,0.0,27.07,2.97,0.0,2020-08-28 17:30:00+00:00,0.0,27.07,0.0,0.0
20200828:1830,0.0,0.0,0.0,0.0,26.86,2.76,0.0,2020-08-28 18:30:00+00:00,0.0,26.86,0.0,0.0
20200828:1930,0.0,0.0,0.0,0.0,26.97,2.48,0.0,2020-08-28 19:30:00+00:00,0.0,26.97,0.0,0.0
20200828:2030,0.0,0.0,0.0,0.0,26.76,2.21,0.0,2020-08-28 20:30:00+00:00,0.0,26.76,0.0,0.0
20200828:2130,0.0,0.0,0.0,0.0,26.57,2.14,0.0,2020-08-28 21:30:00+00:00,0.0,26.57,0.0,0.0
20200828:2230,0.0,0.0,0.0,0.0,26.42,2.21,0.0,2020-08-28 22:30:00+00:00,0.0,26.42,0.0,0.0
20200828:2330,0.0,0.0,0.0,-4.57,26.38,2.28,0.0,2020-08-28 23:30:00+00:00,0.0,26.38,0.0,0.0
20200829:0030,31.25,45.15,0.0,8.97,26.4,2.34,0.0,2020-08-29 00:30:00+00:00,76.4,28.787499999999998,7.518466700000001,7.292912699000001
20200829:0130,143.45,111.1,0.0,22.75,27.14,2.28,0.0,2020-08-29 01:30:00+00:00,254.54999999999998,35.0946875,24.3757668646875,23.644493858746873
20200829:0230,173.75,172.7,0.0,36.54,28.54,4.0,0.0,2020-08-29 02:30:00+00:00,346.45,39.3665625,32.554535857187496,31.57789978147187
20200829:0330,333.35,203.95,0.0,50.16,29.45,3.45,0.0,2020-08-29 03:30:00+00:00,537.3,46.240624999999994,48.93671311875,47.4686117251875
20200829:0430,536.35,198.25,0.0,63.17,30.52,2.69,0.0,2020-08-29 04:30:00+00:00,734.6,53.47625,64.67416563500001,62.73394066595001
20200829:0530,562.15,238.45,0.0,73.83,31.48,2.41,0.0,2020-08-29 05:30:00+00:00,800.5999999999999,56.49875,69.46848231499999,67.38442784555
20200829:0630,315.5,273.1,0.0,75.34,32.09,2.21,0.0,2020-08-29 06:30:00+00:00,588.6,50.48375,52.560111195,50.983307859149996
20200829:0730,587.5,179.45,0.0,65.9,32.15,2.62,0.0,2020-08-29 07:30:00+00:00,766.95,56.1171875,66.67156267968751,64.67141579929688
20200829:0830,476.15,168.5,0.0,53.17,32.7,2.69,0.0,2020-08-29 08:30:00+00:00,644.65,52.845312500000006,56.925798104687495,55.21802416154687
20200829:0930,354.0,148.3,0.0,39.63,32.85,2.62,0.0,2020-08-29 09:30:00+00:00,502.3,48.546875,45.26240996875,43.9045376696875
20200829:1030,175.95,90.15,0.0,25.86,32.66,2.55,0.0,2020-08-29 10:30:00+00:00,266.1,40.975624999999994,24.824532198750003,24.0797962327875
20200829:1130,37.65,43.65,0.0,12.07,31.64,2.41,0.0,2020-08-29 11:30:00+00:00,81.3,34.180625,7.81651837875,7.582022827387499
20200829:1230,0.0,0.0,0.0,-1.6,30.51,2.69,0.0,2020-08-29 12:30:00+00:00,0.0,30.51,0.0,0.0
20200829:1330,0.0,0.0,0.0,0.0,29.43,2.76,0.0,2020-08-29 13:30:00+00:00,0.0,29.43,0.0,0.0
20200829:1430,0.0,0.0,0.0,0.0,28.79,2.9,0.0,2020-08-29 14:30:00+00:00,0.0,28.79,0.0,0.0
20200829:1530,0.0,0.0,0.0,0.0,28.19,2.9,0.0,2020-08-29 15:30:00+00:00,0.0,28.19,0.0,0.0
20200829:1630,0.0,0.0,0.0,0.0,27.77,2.76,0.0,2020-08-29 16:30:00+00:00,0.0,27.77,0.0,0.0
20200829:1730,0.0,0.0,0.0,0.0,27.41,2.41,0.0,2020-08-29 17:30:00+00:00,0.0,27.41,0.0,0.0
20200829:1830,0.0,0.0,0.0,0.0,27.16,2.21,0.0,2020-08-29 18:30:00+00:00,0.0,27.16,0.0,0.0
20200829:1930,0.0,0.0,0.0,0.0,27.48,2.48,0.0,2020-08-29 19:30:00+00:00,0.0,27.48,0.0,0.0
20200829:2030,0.0,0.0,0.0,0.0,27.36,2.41,0.0,2020-08-29 20:30:00+00:00,0.0,27.36,0.0,0.0
20200829:2130,0.0,0.0,0.0,0.0,27.19,2.34,0.0,2020-08-29 21:30:00+00:00,0.0,27.19,0.0,0.0
20200829:2230,0.0,0.0,0.0,0.0,27.03,2.28,0.0,2020-08-29 22:30:00+00:00,0.0,27.03,0.0,0.0
20200829:2330,0.0,0.0,0.0,-4.64,26.88,2.34,0.0,2020-08-29 23:30:00+00:00,0.0,26.88,0.0,0.0
20200830:0030,36.25,44.95,0.0,8.91,26.77,2.28,0.0,2020-08-30 00:30:00+00:00,81.2,29.3075,7.973097020000001,7.733904109400001
20200830:0130,166.25,100.3,0.0,22.69,27.54,2.41,0.0,2020-08-30 01:30:00+00:00,266.55,35.8696875,25.438127614687502,24.674983786246877
20200830:0230,307.25,146.6,0.0,36.48,28.88,2.83,0.0,2020-08-30 02:30:00+00:00,453.85,43.0628125,41.94192086968751,40.68366324359688
20200830:0330,452.35,181.2,0.0,50.08,30.19,2.48,0.0,2020-08-30 03:30:00+00:00,633.55,49.9884375,56.705801677187495,55.004627626871866
20200830:0430,595.9,160.4,0.0,63.04,31.34,2.14,0.0,2020-08-30 04:30:00+00:00,756.3,54.974374999999995,66.10875967875,64.1254968883875
20200830:0530,681.2,186.5,0.0,73.57,32.18,1.93,0.0,2020-08-30 05:30:00+00:00,867.7,59.295625,74.27150819874998,72.04336295278749
20200830:0630,355.7,263.85,0.0,74.98,33.19,1.79,0.0,2020-08-30 06:30:00+00:00,619.55,52.550937499999996,54.78594300218749,53.14236471212186
20200830:0730,537.15,222.5,0.0,65.63,32.91,1.66,0.0,2020-08-30 07:30:00+00:00,759.65,56.6490625,65.86727166218749,63.89125351232187
20200830:0830,392.3,224.4,0.0,52.94,33.54,1.59,0.0,2020-08-30 08:30:00+00:00,616.7,52.811875,54.46633500875001,52.832344958487504
20200830:0930,266.7,170.6,0.0,39.42,33.73,1.45,0.0,2020-08-30 09:30:00+00:00,437.29999999999995,47.395624999999995,39.61668513875,38.4281845845875
20200830:1030,81.95,119.1,0.0,25.66,32.88,2.14,0.0,2020-08-30 10:30:00+00:00,201.05,39.1628125,18.9090779496875,18.341805611196875
20200830:1130,15.7,57.5,0.0,11.86,31.37,2.34,0.0,2020-08-30 11:30:00+00:00,73.2,33.6575,7.05383382,6.8422188054
20200830:1230,0.0,0.0,0.0,-1.81,30.43,2.28,0.0,2020-08-30 12:30:00+00:00,0.0,30.43,0.0,0.0
20200830:1330,0.0,0.0,0.0,0.0,29.61,2.07,0.0,2020-08-30 13:30:00+00:00,0.0,29.61,0.0,0.0
20200830:1430,0.0,0.0,0.0,0.0,29.14,2.14,0.0,2020-08-30 14:30:00+00:00,0.0,29.14,0.0,0.0
20200830:1530,0.0,0.0,0.0,0.0,28.87,2.14,0.0,2020-08-30 15:30:00+00:00,0.0,28.87,0.0,0.0
20200830:1630,0.0,0.0,0.0,0.0,28.62,2.07,0.0,2020-08-30 16:30:00+00:00,0.0,28.62,0.0,0.0
20200830:1730,0.0,0.0,0.0,0.0,28.37,2.07,0.0,2020-08-30 17:30:00+00:00,0.0,28.37,0.0,0.0
20200830:1830,0.0,0.0,0.0,0.0,28.05,2.14,0.0,2020-08-30 18:30:00+00:00,0.0,28.05,0.0,0.0
20200830:1930,0.0,0.0,0.0,0.0,28.15,2.0,0.0,2020-08-30 19:30:00+00:00,0.0,28.15,0.0,0.0
20200830:2030,0.0,0.0,0.0,0.0,27.87,1.86,0.0,2020-08-30 20:30:00+00:00,0.0,27.87,0.0,0.0
20200830:2130,0.0,0.0,0.0,0.0,27.62,1.86,0.0,2020-08-30 21:30:00+00:00,0.0,27.62,0.0,0.0
20200830:2230,0.0,0.0,0.0,0.0,27.45,1.93,0.0,2020-08-30 22:30:00+00:00,0.0,27.45,0.0,0.0
20200830:2330,0.0,0.0,0.0,-4.72,27.29,1.86,0.0,2020-08-30 23:30:00+00:00,0.0,27.29,0.0,0.0
20200831:0030,22.2,49.7,0.0,8.85,27.26,1.79,0.0,2020-08-31 00:30:00+00:00,71.9,29.506875,7.053901388750001,6.8422843470875
20200831:0130,107.75,103.9,0.0,22.64,28.05,1.72,0.0,2020-08-31 01:30:00+00:00,211.65,34.6640625,20.305932492187498,19.696754517421873
20200831:0230,247.15,143.25,0.0,36.42,29.33,1.93,0.0,2020-08-31 02:30:00+00:00,390.4,41.53,36.32960896,35.2397206912
20200831:0330,284.0,230.75,0.0,50.0,30.62,1.79,0.0,2020-08-31 03:30:00+00:00,514.75,46.705937500000005,46.7822848421875,45.378816296921876
20200831:0430,215.4,327.85,0.0,62.91,31.58,1.17,0.0,2020-08-31 04:30:00+00:00,543.25,48.5565625,48.950216917187504,47.48171040967188
20200831:0530,284.3,366.55,0.0,73.3,32.02,0.97,0.0,2020-08-31 05:30:00+00:00,650.85,52.35906250000001,57.606208752187506,55.87802248962188
20200831:0630,269.9,298.15,0.0,74.62,32.87,1.1,0.0,2020-08-31 06:30:00+00:00,568.05,50.621562499999996,50.69218199718749,49.17141653727187
20200831:0730,116.6,322.15,0.0,65.35,33.09,1.1,0.0,2020-08-31 07:30:00+00:00,438.75,46.8009375,39.8576322421875,38.661903274921876
20200831:0830,91.25,294.0,0.0,52.71,32.7,0.34,0.0,2020-08-31 08:30:00+00:00,385.25,44.7390625,35.3311209921875,34.27118736242188
20200831:0930,72.05,223.15,0.0,39.21,32.41,0.55,0.0,2020-08-31 09:30:00+00:00,295.2,41.635,27.457526159999997,26.633800375199996
20200831:1030,5.2,117.4,0.0,25.45,32.07,1.1,0.0,2020-08-31 10:30:00+00:00,122.60000000000001,35.90125,11.698672835000002,11.347712649950001
20200831:1130,0.8,47.95,0.0,11.66,31.18,0.9,0.0,2020-08-31 11:30:00+00:00,48.75,32.7034375,4.7172721171875,4.5757539536718745
20200831:1230,0.0,0.0,0.0,-2.03,30.58,1.03,0.0,2020-08-31 12:30:00+00:00,0.0,30.58,0.0,0.0
20200831:1330,0.0,0.0,0.0,0.0,29.86,1.17,0.0,2020-08-31 13:30:00+00:00,0.0,29.86,0.0,0.0
20200831:1430,0.0,0.0,0.0,0.0,29.34,1.1,0.0,2020-08-31 14:30:00+00:00,0.0,29.34,0.0,0.0
20200831:1530,0.0,0.0,0.0,0.0,28.88,1.1,0.0,2020-08-31 15:30:00+00:00,0.0,28.88,0.0,0.0
20200831:1630,0.0,0.0,0.0,0.0,28.58,1.1,0.0,2020-08-31 16:30:00+00:00,0.0,28.58,0.0,0.0
20200831:1730,0.0,0.0,0.0,0.0,28.37,1.17,0.0,2020-08-31 17:30:00+00:00,0.0,28.37,0.0,0.0
20200831:1830,0.0,0.0,0.0,0.0,28.17,1.03,0.0,2020-08-31 18:30:00+00:00,0.0,28.17,0.0,0.0
20200831:1930,0.0,0.0,0.0,0.0,27.96,0.41,0.0,2020-08-31 19:30:00+00:00,0.0,27.96,0.0,0.0
20200831:2030,0.0,0.0,0.0,0.0,27.45,0.83,0.0,2020-08-31 20:30:00+00:00,0.0,27.45,0.0,0.0
20200831:2130,0.0,0.0,0.0,0.0,26.78,1.31,0.0,2020-08-31 21:30:00+00:00,0.0,26.78,0.0,0.0
20200831:2230,0.0,0.0,0.0,0.0,26.19,1.24,0.0,2020-08-31 22:30:00+00:00,0.0,26.19,0.0,0.0
20200831:2330,0.0,0.0,0.0,-4.79,25.72,0.83,0.0,2020-08-31 23:30:00+00:00,0.0,25.72,0.0,0.0
20200901:0030,1.25,12.5,0.0,8.79,25.58,0.48,0.0,2020-09-01 00:30:00+00:00,13.75,26.0096875,1.3691690546875002,1.3280939830468752
20200901:0130,3.85,60.3,0.0,22.58,25.91,0.69,0.0,2020-09-01 01:30:00+00:00,64.14999999999999,27.9146875,6.336469574687499,6.146375487446874
20200901:0230,7.35,109.9,0.0,36.36,26.37,0.48,0.0,2020-09-01 02:30:00+00:00,117.25,30.0340625,11.4770975921875,11.132784664421875
20200901:0330,20.25,198.1,0.0,49.92,27.06,0.48,0.0,2020-09-01 03:30:00+00:00,218.35,33.8834375,21.0203265971875,20.389716799271874
20200901:0430,56.4,322.4,0.0,62.77,27.8,0.55,0.0,2020-09-01 04:30:00+00:00,378.79999999999995,39.6375,35.551232299999995,34.484695331
20200901:0530,36.6,334.0,0.0,73.03,28.77,0.9,0.0,2020-09-01 05:30:00+00:00,370.6,40.35125,34.670547235,33.63043081795
20200901:0630,14.0,172.75,0.0,74.25,29.08,1.31,0.0,2020-09-01 06:30:00+00:00,186.75,34.9159375,17.8972434421875,17.360326138921874
20200901:0730,9.4,161.25,0.0,65.06,27.76,0.9,0.0,2020-09-01 07:30:00+00:00,170.65,33.0928125,16.484963849687503,15.990414934196878
20200901:0830,1.35,117.9,0.0,52.48,27.4,1.45,0.0,2020-09-01 08:30:00+00:00,119.25,31.1265625,11.6181511171875,11.269606583671875
20200901:0930,0.95,81.4,0.0,39.0,27.09,1.03,0.0,2020-09-01 09:30:00+00:00,82.35000000000001,29.6634375,8.073705687187502,7.831494516571877
20200901:1030,0.6,56.45,0.0,25.24,27.0,0.9,0.0,2020-09-01 10:30:00+00:00,57.050000000000004,28.7828125,5.6143600296875,5.445929228796875
20200901:1130,0.9,44.15,0.0,11.44,27.02,0.48,0.0,2020-09-01 11:30:00+00:00,45.05,28.427812499999998,4.4401423596875,4.306938088896875
20200901:1230,0.0,0.0,0.0,-2.25,27.1,0.34,0.0,2020-09-01 12:30:00+00:00,0.0,27.1,0.0,0.0
20200901:1330,0.0,0.0,0.0,0.0,26.77,1.1,0.0,2020-09-01 13:30:00+00:00,0.0,26.77,0.0,0.0
20200901:1430,0.0,0.0,0.0,0.0,26.44,1.52,0.0,2020-09-01 14:30:00+00:00,0.0,26.44,0.0,0.0
20200901:1530,0.0,0.0,0.0,0.0,26.32,1.93,0.0,2020-09-01 15:30:00+00:00,0.0,26.32,0.0,0.0
20200901:1630,0.0,0.0,0.0,0.0,26.22,2.0,0.0,2020-09-01 16:30:00+00:00,0.0,26.22,0.0,0.0
20200901:1730,0.0,0.0,0.0,0.0,26.12,1.79,0.0,2020-09-01 17:30:00+00:00,0.0,26.12,0.0,0.0
20200901:1830,0.0,0.0,0.0,0.0,26.03,1.93,0.0,2020-09-01 18:30:00+00:00,0.0,26.03,0.0,0.0
20200901:1930,0.0,0.0,0.0,0.0,25.69,1.79,0.0,2020-09-01 19:30:00+00:00,0.0,25.69,0.0,0.0
20200901:2030,0.0,0.0,0.0,0.0,25.55,1.72,0.0,2020-09-01 20:30:00+00:00,0.0,25.55,0.0,0.0
20200901:2130,0.0,0.0,0.0,0.0,25.46,1.66,0.0,2020-09-01 21:30:00+00:00,0.0,25.46,0.0,0.0
20200901:2230,0.0,0.0,0.0,0.0,25.32,1.52,0.0,2020-09-01 22:30:00+00:00,0.0,25.32,0.0,0.0
20200901:2330,0.0,0.0,0.0,-4.86,25.28,1.52,0.0,2020-09-01 23:30:00+00:00,0.0,25.28,0.0,0.0
20200902:0030,21.5,40.05,0.0,8.73,25.22,1.59,0.0,2020-09-02 00:30:00+00:00,61.55,27.143437499999997,6.0995899971875005,5.916602297271876
20200902:0130,116.45,98.45,0.0,22.53,25.92,1.79,0.0,2020-09-02 01:30:00+00:00,214.9,32.635625000000005,20.800823758750003,20.1767990459875
20200902:0230,291.6,144.45,0.0,36.3,26.99,1.93,0.0,2020-09-02 02:30:00+00:00,436.05,40.6165625,40.74496712718749,39.52261811337187
20200902:0330,398.95,184.9,0.0,49.83,28.24,1.93,0.0,2020-09-02 03:30:00+00:00,583.85,46.4853125,53.116436124687496,51.52294304094687
20200902:0430,416.15,268.0,0.0,62.62,29.26,2.21,0.0,2020-09-02 04:30:00+00:00,684.15,50.6396875,61.047615274687494,59.21618681644687
20200902:0530,302.95,289.9,0.0,72.75,30.22,2.0,0.0,2020-09-02 05:30:00+00:00,592.8499999999999,48.746562499999996,53.372177177187496,51.77101186187187
20200902:0630,169.15,206.35,0.0,73.88,31.08,2.28,0.0,2020-09-02 06:30:00+00:00,375.5,42.814375,34.740494918749995,33.6982800711875
20200902:0730,226.55,263.45,0.0,64.77,29.69,2.76,0.0,2020-09-02 07:30:00+00:00,490.0,45.0025,44.8834855,43.536980934999995
20200902:0830,236.95,190.3,0.0,52.23,28.71,3.1,0.0,2020-09-02 08:30:00+00:00,427.25,42.0615625,39.6633879171875,38.473486279671874
20200902:0930,214.6,171.15,0.0,38.78,29.08,2.55,0.0,2020-09-02 09:30:00+00:00,385.75,41.1346875,35.9609386046875,34.882110446546875
20200902:1030,84.3,105.6,0.0,25.03,29.1,3.45,0.0,2020-09-02 10:30:00+00:00,189.89999999999998,35.034375,18.189678318749998,17.643987969187496
20200902:1130,37.15,48.2,0.0,11.23,28.04,2.41,0.0,2020-09-02 11:30:00+00:00,85.35,30.7071875,8.3304144496875,8.080502016196876
20200902:1230,0.0,0.0,0.0,-2.47,27.46,1.93,0.0,2020-09-02 12:30:00+00:00,0.0,27.46,0.0,0.0
20200902:1330,0.0,0.0,0.0,0.0,26.82,1.52,0.0,2020-09-02 13:30:00+00:00,0.0,26.82,0.0,0.0
20200902:1430,0.0,0.0,0.0,0.0,26.55,1.45,0.0,2020-09-02 14:30:00+00:00,0.0,26.55,0.0,0.0
20200902:1530,0.0,0.0,0.0,0.0,26.34,1.52,0.0,2020-09-02 15:30:00+00:00,0.0,26.34,0.0,0.0
20200902:1630,0.0,0.0,0.0,0.0,26.12,1.52,0.0,2020-09-02 16:30:00+00:00,0.0,26.12,0.0,0.0
20200902:1730,0.0,0.0,0.0,0.0,25.92,1.59,0.0,2020-09-02 17:30:00+00:00,0.0,25.92,0.0,0.0
20200902:1830,0.0,0.0,0.0,0.0,25.68,1.52,0.0,2020-09-02 18:30:00+00:00,0.0,25.68,0.0,0.0
20200902:1930,0.0,0.0,0.0,0.0,25.8,1.72,0.0,2020-09-02 19:30:00+00:00,0.0,25.8,0.0,0.0
20200902:2030,0.0,0.0,0.0,0.0,25.67,1.45,0.0,2020-09-02 20:30:00+00:00,0.0,25.67,0.0,0.0
20200902:2130,0.0,0.0,0.0,0.0,25.52,1.38,0.0,2020-09-02 21:30:00+00:00,0.0,25.52,0.0,0.0
20200902:2230,0.0,0.0,0.0,0.0,25.43,1.38,0.0,2020-09-02 22:30:00+00:00,0.0,25.43,0.0,0.0
20200902:2330,0.0,0.0,0.0,-4.94,25.26,1.52,0.0,2020-09-02 23:30:00+00:00,0.0,25.26,0.0,0.0
20200903:0030,14.8,31.2,0.0,8.67,25.13,1.31,0.0,2020-09-03 00:30:00+00:00,46.0,26.5675,4.569715899999999,4.432624422999999
20200903:0130,145.95,93.6,0.0,22.47,25.88,1.38,0.0,2020-09-03 01:30:00+00:00,239.54999999999998,33.3659375,23.1132946621875,22.419895822321873
20200903:0230,200.65,143.3,0.0,36.23,27.25,2.55,0.0,2020-09-03 02:30:00+00:00,343.95000000000005,37.9984375,32.5172587171875,31.541740955671877
20200903:0330,409.5,147.0,0.0,49.74,28.31,2.55,0.0,2020-09-03 03:30:00+00:00,556.5,45.700625,50.811642918749996,49.287293631187495
20200903:0430,368.8,229.6,0.0,62.48,29.58,2.48,0.0,2020-09-03 04:30:00+00:00,598.4,48.28,53.98908416,52.369411635199995
20200903:0530,498.7,209.15,0.0,72.47,30.21,2.07,0.0,2020-09-03 05:30:00+00:00,707.85,52.330312500000005,62.65978008468749,60.77998668214686
20200903:0630,590.9,165.8,0.0,73.51,31.26,1.79,0.0,2020-09-03 06:30:00+00:00,756.7,54.906875,66.16517642875,64.18022113588749
20200903:0730,272.05,237.55,0.0,64.47,31.62,1.86,0.0,2020-09-03 07:30:00+00:00,509.6,47.545,46.13464856000001,44.750609103200006
20200903:0830,315.55,220.55,0.0,51.99,31.51,1.79,0.0,2020-09-03 08:30:00+00:00,536.1,48.263125,48.37202824875,46.920867401287495
20200903:0930,352.2,113.5,0.0,38.56,31.38,2.0,0.0,2020-09-03 09:30:00+00:00,465.7,45.933125,42.47560634875,41.2013381582875
20200903:1030,97.4,93.05,0.0,24.82,30.43,2.76,0.0,2020-09-03 10:30:00+00:00,190.45,36.3815625,18.1346001971875,17.590562191271875
20200903:1130,37.85,37.85,0.0,11.02,29.39,2.14,0.0,2020-09-03 11:30:00+00:00,75.7,31.755625000000002,7.355211658750001,7.134555308987501
20200903:1230,0.0,0.0,0.0,-2.7,28.86,1.79,0.0,2020-09-03 12:30:00+00:00,0.0,28.86,0.0,0.0
20200903:1330,0.0,0.0,0.0,0.0,28.15,1.86,0.0,2020-09-03 13:30:00+00:00,0.0,28.15,0.0,0.0
20200903:1430,0.0,0.0,0.0,0.0,27.72,1.66,0.0,2020-09-03 14:30:00+00:00,0.0,27.72,0.0,0.0
20200903:1530,0.0,0.0,0.0,0.0,27.26,1.59,0.0,2020-09-03 15:30:00+00:00,0.0,27.26,0.0,0.0
20200903:1630,0.0,0.0,0.0,0.0,26.91,1.59,0.0,2020-09-03 16:30:00+00:00,0.0,26.91,0.0,0.0
20200903:1730,0.0,0.0,0.0,0.0,26.71,1.45,0.0,2020-09-03 17:30:00+00:00,0.0,26.71,0.0,0.0
20200903:1830,0.0,0.0,0.0,0.0,26.36,1.38,0.0,2020-09-03 18:30:00+00:00,0.0,26.36,0.0,0.0
20200903:1930,0.0,0.0,0.0,0.0,26.24,1.24,0.0,2020-09-03 19:30:00+00:00,0.0,26.24,0.0,0.0
20200903:2030,0.0,0.0,0.0,0.0,25.98,1.45,0.0,2020-09-03 20:30:00+00:00,0.0,25.98,0.0,0.0
20200903:2130,0.0,0.0,0.0,0.0,25.85,1.52,0.0,2020-09-03 21:30:00+00:00,0.0,25.85,0.0,0.0
20200903:2230,0.0,0.0,0.0,0.0,25.77,1.59,0.0,2020-09-03 22:30:00+00:00,0.0,25.77,0.0,0.0
20200903:2330,0.0,0.0,0.0,-5.01,25.64,1.38,0.0,2020-09-03 23:30:00+00:00,0.0,25.64,0.0,0.0
20200904:0030,40.05,40.95,0.0,8.61,25.39,1.17,0.0,2020-09-04 00:30:00+00:00,81.0,27.92125,8.000619075,7.760600502749999
20200904:0130,188.7,90.15,0.0,22.41,26.74,0.69,0.0,2020-09-04 01:30:00+00:00,278.85,35.4540625,26.660651562187507,25.860832015321883
20200904:0230,349.25,121.75,0.0,36.17,28.35,1.52,0.0,2020-09-04 02:30:00+00:00,471.0,43.06875,43.52563987499999,42.21987067874999
20200904:0330,441.95,165.35,0.0,49.65,29.65,1.66,0.0,2020-09-04 03:30:00+00:00,607.3,48.628125,54.70326866875,53.062170608687495
20200904:0430,461.5,216.15,0.0,62.32,30.65,1.45,0.0,2020-09-04 04:30:00+00:00,677.65,51.826562499999994,60.1298115671875,58.325917220171874
20200904:0530,450.65,219.7,0.0,72.19,31.32,1.45,0.0,2020-09-04 05:30:00+00:00,670.3499999999999,52.2684375,59.35765322718749,57.576923630371866
20200904:0630,585.3,177.55,0.0,73.14,31.77,1.45,0.0,2020-09-04 06:30:00+00:00,762.8499999999999,55.60906249999999,66.47794820218749,64.48360975612187
20200904:0730,426.0,175.1,0.0,64.17,32.2,1.59,0.0,2020-09-04 07:30:00+00:00,601.1,50.984375,53.54993271875,51.9434347371875
20200904:0830,390.85,167.0,0.0,51.74,32.31,1.24,0.0,2020-09-04 08:30:00+00:00,557.85,49.7428125,49.9878332596875,48.48819826189687
20200904:0930,229.75,130.7,0.0,38.33,32.24,1.38,0.0,2020-09-04 09:30:00+00:00,360.45,43.5040625,33.2436884821875,32.24637782772187
20200904:1030,140.8,80.85,0.0,24.6,31.56,2.28,0.0,2020-09-04 10:30:00+00:00,221.65,38.4865625,20.909495437187502,20.282210574071875
20200904:1130,48.95,40.4,0.0,10.8,30.65,2.28,0.0,2020-09-04 11:30:00+00:00,89.35,33.442187499999996,8.6181900296875,8.359644328796875
20200904:1230,0.0,0.0,0.0,-2.92,29.87,2.21,0.0,2020-09-04 12:30:00+00:00,0.0,29.87,0.0,0.0
20200904:1330,0.0,0.0,0.0,0.0,29.16,2.0,0.0,2020-09-04 13:30:00+00:00,0.0,29.16,0.0,0.0
20200904:1430,0.0,0.0,0.0,0.0,28.54,2.07,0.0,2020-09-04 14:30:00+00:00,0.0,28.54,0.0,0.0
20200904:1530,0.0,0.0,0.0,0.0,28.17,2.21,0.0,2020-09-04 15:30:00+00:00,0.0,28.17,0.0,0.0
20200904:1630,0.0,0.0,0.0,0.0,27.85,2.28,0.0,2020-09-04 16:30:00+00:00,0.0,27.85,0.0,0.0
20200904:1730,0.0,0.0,0.0,0.0,27.61,2.34,0.0,2020-09-04 17:30:00+00:00,0.0,27.61,0.0,0.0
20200904:1830,0.0,0.0,0.0,0.0,27.32,2.21,0.0,2020-09-04 18:30:00+00:00,0.0,27.32,0.0,0.0
20200904:1930,0.0,0.0,0.0,0.0,27.33,2.0,0.0,2020-09-04 19:30:00+00:00,0.0,27.33,0.0,0.0
20200904:2030,0.0,0.0,0.0,0.0,27.1,1.93,0.0,2020-09-04 20:30:00+00:00,0.0,27.1,0.0,0.0
20200904:2130,0.0,0.0,0.0,0.0,26.91,1.86,0.0,2020-09-04 21:30:00+00:00,0.0,26.91,0.0,0.0
20200904:2230,0.0,0.0,0.0,0.0,26.74,1.93,0.0,2020-09-04 22:30:00+00:00,0.0,26.74,0.0,0.0
20200904:2330,0.0,0.0,0.0,-5.08,26.64,2.0,0.0,2020-09-04 23:30:00+00:00,0.0,26.64,0.0,0.0
20200905:0030,37.75,39.4,0.0,8.56,26.58,2.0,0.0,2020-09-05 00:30:00+00:00,77.15,28.990937499999998,7.585681652187501,7.358111202621876
20200905:0130,154.2,91.25,0.0,22.35,27.36,2.14,0.0,2020-09-05 01:30:00+00:00,245.45,35.0303125,23.5109851146875,22.805655561246876
20200905:0230,330.0,132.75,0.0,36.1,28.7,3.45,0.0,2020-09-05 02:30:00+00:00,462.75,43.1609375,42.745330992187505,41.46297106242188
20200905:0330,491.15,144.4,0.0,49.56,29.93,3.1,0.0,2020-09-05 03:30:00+00:00,635.55,49.7909375,56.937530262187494,55.229404354321865
20200905:0430,568.2,157.65,0.0,62.17,31.07,2.83,0.0,2020-09-05 04:30:00+00:00,725.85,53.752812500000005,63.81950383968749,61.904918724496866
20200905:0530,608.95,202.25,0.0,71.89,31.86,2.62,0.0,2020-09-05 05:30:00+00:00,811.2,57.21,70.14592416,68.0415464352
20200905:0630,522.95,204.0,0.0,72.76,32.76,2.48,0.0,2020-09-05 06:30:00+00:00,726.95,55.4771875,63.38973558968751,61.488043521996886
20200905:0730,328.85,267.2,0.0,63.87,33.1,2.55,0.0,2020-09-05 07:30:00+00:00,596.05,51.7265625,52.9142456171875,51.32681824867187
20200905:0830,299.8,178.0,0.0,51.49,33.11,2.62,0.0,2020-09-05 08:30:00+00:00,477.8,48.04125,43.156174115,41.861488891549996
20200905:0930,175.1,154.8,0.0,38.1,31.35,2.76,0.0,2020-09-05 09:30:00+00:00,329.9,41.659375,30.681710318749996,29.761259009187494
20200905:1030,138.9,101.3,0.0,24.38,30.62,2.83,0.0,2020-09-05 10:30:00+00:00,240.2,38.12625,22.695771395,22.01489825315
20200905:1130,17.55,49.4,0.0,10.58,30.41,2.34,0.0,2020-09-05 11:30:00+00:00,66.95,32.5021875,6.484045989687501,6.289524609996875
20200905:1230,0.0,0.0,0.0,-3.15,29.75,1.93,0.0,2020-09-05 12:30:00+00:00,0.0,29.75,0.0,0.0
20200905:1330,0.0,0.0,0.0,0.0,29.01,2.0,0.0,2020-09-05 13:30:00+00:00,0.0,29.01,0.0,0.0
20200905:1430,0.0,0.0,0.0,0.0,28.62,2.28,0.0,2020-09-05 14:30:00+00:00,0.0,28.62,0.0,0.0
20200905:1530,0.0,0.0,0.0,0.0,28.27,2.69,0.0,2020-09-05 15:30:00+00:00,0.0,28.27,0.0,0.0
20200905:1630,0.0,0.0,0.0,0.0,28.02,2.83,0.0,2020-09-05 16:30:00+00:00,0.0,28.02,0.0,0.0
20200905:1730,0.0,0.0,0.0,0.0,27.72,2.9,0.0,2020-09-05 17:30:00+00:00,0.0,27.72,0.0,0.0
20200905:1830,0.0,0.0,0.0,0.0,27.53,2.83,0.0,2020-09-05 18:30:00+00:00,0.0,27.53,0.0,0.0
20200905:1930,0.0,0.0,0.0,0.0,27.63,2.62,0.0,2020-09-05 19:30:00+00:00,0.0,27.63,0.0,0.0
20200905:2030,0.0,0.0,0.0,0.0,27.49,2.69,0.0,2020-09-05 20:30:00+00:00,0.0,27.49,0.0,0.0
20200905:2130,0.0,0.0,0.0,0.0,27.43,2.76,0.0,2020-09-05 21:30:00+00:00,0.0,27.43,0.0,0.0
20200905:2230,0.0,0.0,0.0,0.0,27.34,2.55,0.0,2020-09-05 22:30:00+00:00,0.0,27.34,0.0,0.0
20200905:2330,0.0,0.0,0.0,-5.15,27.27,2.34,0.0,2020-09-05 23:30:00+00:00,0.0,27.27,0.0,0.0
20200906:0030,27.45,38.5,0.0,8.5,27.16,2.34,0.0,2020-09-06 00:30:00+00:00,65.95,29.2209375,6.4780842521875,6.283741724621875
20200906:0130,149.45,99.3,0.0,22.3,27.78,2.48,0.0,2020-09-06 01:30:00+00:00,248.75,35.5534375,23.7724296171875,23.059256728671873
20200906:0230,299.7,140.5,0.0,36.03,29.01,4.28,0.0,2020-09-06 02:30:00+00:00,440.2,42.76625,40.735304635,39.513245495949995
20200906:0330,477.1,148.15,0.0,49.47,30.05,3.59,0.0,2020-09-06 03:30:00+00:00,625.25,49.5890625,56.0677892421875,54.38575556492187
20200906:0430,602.05,178.3,0.0,62.01,31.17,3.45,0.0,2020-09-06 04:30:00+00:00,780.3499999999999,55.5559375,68.02038315218748,65.97977165762185
20200906:0530,422.55,188.75,0.0,71.6,32.53,3.45,0.0,2020-09-06 05:30:00+00:00,611.3,51.633125,54.29205168875,52.6632901380875
20200906:0630,615.5,204.3,0.0,72.38,31.73,3.38,0.0,2020-09-06 06:30:00+00:00,819.8,57.348749999999995,70.84180779500001,68.71655356115001
20200906:0730,472.7,148.9,0.0,63.56,32.65,3.17,0.0,2020-09-06 07:30:00+00:00,621.6,52.075,55.0914756,53.438731332
20200906:0830,332.55,140.1,0.0,51.23,32.41,3.45,0.0,2020-09-06 08:30:00+00:00,472.65,47.1803125,42.861919624687495,41.57606203594687
20200906:0930,160.8,163.95,0.0,37.87,30.25,3.38,0.0,2020-09-06 09:30:00+00:00,324.75,40.3984375,30.3747301171875,29.463488213671873
20200906:1030,156.35,102.5,0.0,24.16,30.31,2.69,0.0,2020-09-06 10:30:00+00:00,258.85,38.3990625,24.428294122187502,23.695445298521875
20200906:1130,34.75,46.0,0.0,10.36,30.5,3.03,0.0,2020-09-06 11:30:00+00:00,80.75,33.0234375,7.802885117187501,7.568798563671876
20200906:1230,0.0,0.0,0.0,-3.38,29.31,2.55,0.0,2020-09-06 12:30:00+00:00,0.0,29.31,0.0,0.0
20200906:1330,0.0,0.0,0.0,0.0,28.83,2.34,0.0,2020-09-06 13:30:00+00:00,0.0,28.83,0.0,0.0
20200906:1430,0.0,0.0,0.0,0.0,28.43,2.69,0.0,2020-09-06 14:30:00+00:00,0.0,28.43,0.0,0.0
20200906:1530,0.0,0.0,0.0,0.0,28.2,2.9,0.0,2020-09-06 15:30:00+00:00,0.0,28.2,0.0,0.0
20200906:1630,0.0,0.0,0.0,0.0,28.0,2.76,0.0,2020-09-06 16:30:00+00:00,0.0,28.0,0.0,0.0
20200906:1730,0.0,0.0,0.0,0.0,27.8,2.76,0.0,2020-09-06 17:30:00+00:00,0.0,27.8,0.0,0.0
20200906:1830,0.0,0.0,0.0,0.0,27.59,2.76,0.0,2020-09-06 18:30:00+00:00,0.0,27.59,0.0,0.0
20200906:1930,0.0,0.0,0.0,0.0,27.89,2.83,0.0,2020-09-06 19:30:00+00:00,0.0,27.89,0.0,0.0
20200906:2030,0.0,0.0,0.0,0.0,27.8,2.83,0.0,2020-09-06 20:30:00+00:00,0.0,27.8,0.0,0.0
20200906:2130,0.0,0.0,0.0,0.0,27.57,2.83,0.0,2020-09-06 21:30:00+00:00,0.0,27.57,0.0,0.0
20200906:2230,0.0,0.0,0.0,0.0,27.44,2.9,0.0,2020-09-06 22:30:00+00:00,0.0,27.44,0.0,0.0
20200906:2330,0.0,0.0,0.0,-5.22,27.29,2.83,0.0,2020-09-06 23:30:00+00:00,0.0,27.29,0.0,0.0
20200907:0030,31.75,43.35,0.0,8.44,27.1,2.62,0.0,2020-09-07 00:30:00+00:00,75.1,29.446875000000002,7.36973666875,7.1486445686875
20200907:0130,165.85,98.1,0.0,22.24,27.69,2.34,0.0,2020-09-07 01:30:00+00:00,263.95,35.9384375,25.182375757187497,24.426904484471873
20200907:0230,328.2,134.7,0.0,35.96,28.89,3.52,0.0,2020-09-07 02:30:00+00:00,462.9,43.355625,42.721336098749994,41.43969601578749
20200907:0330,422.95,172.75,0.0,49.37,30.02,3.03,0.0,2020-09-07 03:30:00+00:00,595.7,48.635625000000005,53.656508438749995,52.046813185587496
20200907:0430,605.9,184.4,0.0,61.84,30.95,2.69,0.0,2020-09-07 04:30:00+00:00,790.3,55.646874999999994,68.85750536875001,66.79178020768751
20200907:0530,577.65,229.0,0.0,71.3,32.19,2.69,0.0,2020-09-07 05:30:00+00:00,806.65,57.3978125,69.6888479096875,67.59818247239687
20200907:0630,519.2,216.05,0.0,72.0,32.94,2.62,0.0,2020-09-07 06:30:00+00:00,735.25,55.9165625,63.97781091718749,62.05847658967186
20200907:0730,461.6,211.25,0.0,63.25,33.28,2.9,0.0,2020-09-07 07:30:00+00:00,672.85,54.3065625,59.00305335718751,57.23296175647189
20200907:0830,219.8,203.15,0.0,50.97,32.53,3.03,0.0,2020-09-07 08:30:00+00:00,422.95000000000005,45.7471875,38.6094903596875,37.451205648896874
20200907:0930,173.3,126.4,0.0,37.64,31.06,3.66,0.0,2020-09-07 09:30:00+00:00,299.70000000000005,40.425625,28.028314878750002,27.1874654323875
20200907:1030,80.95,125.1,0.0,23.93,30.78,2.62,0.0,2020-09-07 10:30:00+00:00,206.05,37.2190625,19.5475501121875,18.961123608821875
20200907:1130,12.6,52.3,0.0,10.13,30.47,2.55,0.0,2020-09-07 11:30:00+00:00,64.89999999999999,32.498125,6.285616108749998,6.097047625487498
20200907:1230,0.0,0.0,0.0,-3.61,29.48,2.21,0.0,2020-09-07 12:30:00+00:00,0.0,29.48,0.0,0.0
20200907:1330,0.0,0.0,0.0,0.0,29.01,2.07,0.0,2020-09-07 13:30:00+00:00,0.0,29.01,0.0,0.0
20200907:1430,0.0,0.0,0.0,0.0,28.61,2.14,0.0,2020-09-07 14:30:00+00:00,0.0,28.61,0.0,0.0
20200907:1530,0.0,0.0,0.0,0.0,28.41,2.07,0.0,2020-09-07 15:30:00+00:00,0.0,28.41,0.0,0.0
20200907:1630,0.0,0.0,0.0,0.0,28.09,2.14,0.0,2020-09-07 16:30:00+00:00,0.0,28.09,0.0,0.0
20200907:1730,0.0,0.0,0.0,0.0,27.88,2.48,0.0,2020-09-07 17:30:00+00:00,0.0,27.88,0.0,0.0
20200907:1830,0.0,0.0,0.0,0.0,27.68,2.41,0.0,2020-09-07 18:30:00+00:00,0.0,27.68,0.0,0.0
20200907:1930,0.0,0.0,0.0,0.0,27.37,2.21,0.0,2020-09-07 19:30:00+00:00,0.0,27.37,0.0,0.0
20200907:2030,0.0,0.0,0.0,0.0,27.3,2.28,0.0,2020-09-07 20:30:00+00:00,0.0,27.3,0.0,0.0
20200907:2130,0.0,0.0,0.0,0.0,27.24,2.34,0.0,2020-09-07 21:30:00+00:00,0.0,27.24,0.0,0.0
20200907:2230,0.0,0.0,0.0,0.0,27.13,2.21,0.0,2020-09-07 22:30:00+00:00,0.0,27.13,0.0,0.0
20200907:2330,0.0,0.0,0.0,-5.29,27.04,2.14,0.0,2020-09-07 23:30:00+00:00,0.0,27.04,0.0,0.0
20200908:0030,17.55,45.25,0.0,8.38,26.95,2.41,0.0,2020-09-08 00:30:00+00:00,62.8,28.912499999999998,6.1768038999999995,5.991499782999999
20200908:0130,100.35,123.35,0.0,22.18,27.5,2.28,0.0,2020-09-08 01:30:00+00:00,223.7,34.490625,21.478317818749996,20.833968284187495
20200908:0230,179.0,197.3,0.0,35.89,28.49,3.38,0.0,2020-09-08 02:30:00+00:00,376.3,40.249375,35.219897278750004,34.1633003603875
20200908:0330,348.75,219.45,0.0,49.27,29.44,2.97,0.0,2020-09-08 03:30:00+00:00,568.2,47.196250000000006,51.52299811500001,49.97730817155001
20200908:0430,464.0,236.85,0.0,61.68,30.49,2.69,0.0,2020-09-08 04:30:00+00:00,700.85,52.3915625,62.0221018371875,60.16143878207187
20200908:0530,345.0,281.85,0.0,71.0,31.47,2.48,0.0,2020-09-08 05:30:00+00:00,626.85,51.059062499999996,55.824248202187505,54.14952075612188
20200908:0630,264.8,353.75,0.0,71.62,32.12,2.07,0.0,2020-09-08 06:30:00+00:00,618.55,51.449687499999996,54.98360923468749,53.33410095764687
20200908:0730,340.95,282.85,0.0,62.93,31.94,1.38,0.0,2020-09-08 07:30:00+00:00,623.8,51.43375,55.454463234999984,53.79082933794999
20200908:0830,282.2,262.35,0.0,50.71,32.25,1.52,0.0,2020-09-08 08:30:00+00:00,544.55,49.2671875,48.904827279687495,47.437682461296866
20200908:0930,112.0,179.1,0.0,37.4,31.3,1.66,0.0,2020-09-08 09:30:00+00:00,291.1,40.396875,27.22754726875,26.4107208506875
20200908:1030,16.45,99.25,0.0,23.71,29.9,1.52,0.0,2020-09-08 10:30:00+00:00,115.7,33.515625,11.15619171875,10.8215059671875
20200908:1130,3.45,34.4,0.0,9.91,29.29,1.72,0.0,2020-09-08 11:30:00+00:00,37.85,30.4728125,3.6979986996875,3.587058738696875
20200908:1230,0.0,0.0,0.0,-3.84,28.21,1.59,0.0,2020-09-08 12:30:00+00:00,0.0,28.21,0.0,0.0
20200908:1330,0.0,0.0,0.0,0.0,27.82,1.59,0.0,2020-09-08 13:30:00+00:00,0.0,27.82,0.0,0.0
20200908:1430,0.0,0.0,0.0,0.0,27.65,1.38,0.0,2020-09-08 14:30:00+00:00,0.0,27.65,0.0,0.0
20200908:1530,0.0,0.0,0.0,0.0,27.53,1.45,0.0,2020-09-08 15:30:00+00:00,0.0,27.53,0.0,0.0
20200908:1630,0.0,0.0,0.0,0.0,27.41,1.59,0.0,2020-09-08 16:30:00+00:00,0.0,27.41,0.0,0.0
20200908:1730,0.0,0.0,0.0,0.0,27.38,1.38,0.0,2020-09-08 17:30:00+00:00,0.0,27.38,0.0,0.0
20200908:1830,0.0,0.0,0.0,0.0,27.19,1.52,0.0,2020-09-08 18:30:00+00:00,0.0,27.19,0.0,0.0
20200908:1930,0.0,0.0,0.0,0.0,26.5,1.24,0.0,2020-09-08 19:30:00+00:00,0.0,26.5,0.0,0.0
20200908:2030,0.0,0.0,0.0,0.0,26.2,1.1,0.0,2020-09-08 20:30:00+00:00,0.0,26.2,0.0,0.0
20200908:2130,0.0,0.0,0.0,0.0,26.13,1.03,0.0,2020-09-08 21:30:00+00:00,0.0,26.13,0.0,0.0
20200908:2230,0.0,0.0,0.0,0.0,26.16,1.03,0.0,2020-09-08 22:30:00+00:00,0.0,26.16,0.0,0.0
20200908:2330,0.0,0.0,0.0,-5.36,26.2,1.1,0.0,2020-09-08 23:30:00+00:00,0.0,26.2,0.0,0.0
20200909:0030,5.9,33.05,0.0,8.32,26.02,1.03,0.0,2020-09-09 00:30:00+00:00,38.949999999999996,27.2371875,3.8584018496874997,3.7426497941968746
20200909:0130,41.35,118.9,0.0,22.12,26.25,0.83,0.0,2020-09-09 01:30:00+00:00,160.25,31.2578125,15.6038179296875,15.135703391796874
20200909:0230,132.1,161.25,0.0,35.82,27.01,1.45,0.0,2020-09-09 02:30:00+00:00,293.35,36.1771875,27.9578922596875,27.119155491896876
20200909:0330,203.7,276.4,0.0,49.16,28.21,1.24,0.0,2020-09-09 03:30:00+00:00,480.09999999999997,43.213125,44.33746904875,43.0073449772875
20200909:0430,132.25,300.6,0.0,61.5,29.58,0.83,0.0,2020-09-09 04:30:00+00:00,432.85,43.106562499999995,39.993281257187505,38.793482819471876
20200909:0530,105.7,326.75,0.0,70.69,29.99,0.76,0.0,2020-09-09 05:30:00+00:00,432.45,43.504062499999996,39.8841256321875,38.68760186322187
20200909:0630,659.3,181.5,0.0,71.23,30.77,0.62,0.0,2020-09-09 06:30:00+00:00,840.8,57.045,72.76375688,70.5808441736
20200909:0730,467.95,187.15,0.0,62.61,32.88,0.97,0.0,2020-09-09 07:30:00+00:00,655.1,53.35187500000001,57.70920840875,55.9779321564875
20200909:0830,362.8,182.3,0.0,50.44,32.89,0.97,0.0,2020-09-09 08:30:00+00:00,545.1,49.924375,48.80376373875001,47.33965082658751
20200909:0930,221.5,163.15,0.0,37.16,32.92,0.9,0.0,2020-09-09 09:30:00+00:00,384.65,44.940312500000005,35.2435826946875,34.18627521384687
20200909:1030,61.2,100.5,0.0,23.48,30.46,2.62,0.0,2020-09-09 10:30:00+00:00,161.7,35.513125,15.456011628749998,14.992331279887498
20200909:1130,18.25,33.6,0.0,9.68,29.03,1.86,0.0,2020-09-09 11:30:00+00:00,51.85,30.650312500000002,5.061953144687499,4.910094550346874
20200909:1230,0.0,0.0,0.0,-4.08,28.44,1.86,0.0,2020-09-09 12:30:00+00:00,0.0,28.44,0.0,0.0
20200909:1330,0.0,0.0,0.0,0.0,28.08,1.72,0.0,2020-09-09 13:30:00+00:00,0.0,28.08,0.0,0.0
20200909:1430,0.0,0.0,0.0,0.0,27.88,2.0,0.0,2020-09-09 14:30:00+00:00,0.0,27.88,0.0,0.0
20200909:1530,0.0,0.0,0.0,0.0,27.9,2.14,0.0,2020-09-09 15:30:00+00:00,0.0,27.9,0.0,0.0
20200909:1630,0.0,0.0,0.0,0.0,27.73,2.14,0.0,2020-09-09 16:30:00+00:00,0.0,27.73,0.0,0.0
20200909:1730,0.0,0.0,0.0,0.0,27.45,2.21,0.0,2020-09-09 17:30:00+00:00,0.0,27.45,0.0,0.0
20200909:1830,0.0,0.0,0.0,0.0,27.23,1.93,0.0,2020-09-09 18:30:00+00:00,0.0,27.23,0.0,0.0
20200909:1930,0.0,0.0,0.0,0.0,27.48,1.66,0.0,2020-09-09 19:30:00+00:00,0.0,27.48,0.0,0.0
20200909:2030,0.0,0.0,0.0,0.0,27.24,1.59,0.0,2020-09-09 20:30:00+00:00,0.0,27.24,0.0,0.0
20200909:2130,0.0,0.0,0.0,0.0,27.13,1.45,0.0,2020-09-09 21:30:00+00:00,0.0,27.13,0.0,0.0
20200909:2230,0.0,0.0,0.0,0.0,26.92,1.24,0.0,2020-09-09 22:30:00+00:00,0.0,26.92,0.0,0.0
20200909:2330,0.0,0.0,0.0,-5.43,26.72,1.17,0.0,2020-09-09 23:30:00+00:00,0.0,26.72,0.0,0.0
20200910:0030,0.45,31.05,0.0,8.26,26.65,1.38,0.0,2020-09-10 00:30:00+00:00,31.5,27.634375,3.11514721875,3.0216928021875
20200910:0130,6.05,90.3,0.0,22.06,27.12,1.59,0.0,2020-09-10 01:30:00+00:00,96.35,30.1309375,9.4273663521875,9.144545361621875
20200910:0230,76.55,187.85,0.0,35.74,27.54,2.41,0.0,2020-09-10 02:30:00+00:00,264.4,35.802499999999995,25.24040398,24.483191860599998
20200910:0330,305.7,210.85,0.0,49.05,28.2,2.62,0.0,2020-09-10 03:30:00+00:00,516.55,44.342187499999994,47.45869307968749,46.03493228729687
20200910:0430,381.55,243.1,0.0,61.33,29.47,2.48,0.0,2020-09-10 04:30:00+00:00,624.65,48.9903125,56.17106954468749,54.48593745834687
20200910:0530,420.0,267.15,0.0,70.38,30.71,2.34,0.0,2020-09-10 05:30:00+00:00,687.15,52.1834375,60.86977838718749,59.04368503557186
20200910:0630,149.15,270.4,0.0,70.85,31.59,2.21,0.0,2020-09-10 06:30:00+00:00,419.54999999999995,44.700937499999995,38.4834781021875,37.32897375912187
20200910:0730,32.6,308.85,0.0,62.29,29.6,2.07,0.0,2020-09-10 07:30:00+00:00,341.45000000000005,40.2703125,31.955099754687502,30.996446762046876
20200910:0830,56.55,254.55,0.0,50.17,28.74,2.28,0.0,2020-09-10 08:30:00+00:00,311.1,38.461875,29.351044488750002,28.470513154087502
20200910:0930,23.3,134.05,0.0,36.91,28.78,2.9,0.0,2020-09-10 09:30:00+00:00,157.35000000000002,33.6971875,15.160228969687502,14.705422100596877
20200910:1030,51.95,118.8,0.0,23.25,28.75,2.62,0.0,2020-09-10 10:30:00+00:00,170.75,34.0859375,16.4234019921875,15.930699932421875
20200910:1130,17.3,41.1,0.0,9.45,28.8,2.76,0.0,2020-09-10 11:30:00+00:00,58.400000000000006,30.625,5.702030000000001,5.5309691
20200910:1230,0.0,0.0,0.0,-4.31,27.94,2.34,0.0,2020-09-10 12:30:00+00:00,0.0,27.94,0.0,0.0
20200910:1330,0.0,0.0,0.0,0.0,27.59,1.86,0.0,2020-09-10 13:30:00+00:00,0.0,27.59,0.0,0.0
20200910:1430,0.0,0.0,0.0,0.0,27.31,1.79,0.0,2020-09-10 14:30:00+00:00,0.0,27.31,0.0,0.0
20200910:1530,0.0,0.0,0.0,0.0,27.13,1.93,0.0,2020-09-10 15:30:00+00:00,0.0,27.13,0.0,0.0
20200910:1630,0.0,0.0,0.0,0.0,27.01,1.93,0.0,2020-09-10 16:30:00+00:00,0.0,27.01,0.0,0.0
20200910:1730,0.0,0.0,0.0,0.0,27.04,2.07,0.0,2020-09-10 17:30:00+00:00,0.0,27.04,0.0,0.0
20200910:1830,0.0,0.0,0.0,0.0,26.85,2.14,0.0,2020-09-10 18:30:00+00:00,0.0,26.85,0.0,0.0
20200910:1930,0.0,0.0,0.0,0.0,27.23,2.21,0.0,2020-09-10 19:30:00+00:00,0.0,27.23,0.0,0.0
20200910:2030,0.0,0.0,0.0,0.0,27.16,2.28,0.0,2020-09-10 20:30:00+00:00,0.0,27.16,0.0,0.0
20200910:2130,0.0,0.0,0.0,0.0,27.01,2.62,0.0,2020-09-10 21:30:00+00:00,0.0,27.01,0.0,0.0
20200910:2230,0.0,0.0,0.0,0.0,26.81,2.69,0.0,2020-09-10 22:30:00+00:00,0.0,26.81,0.0,0.0
20200910:2330,0.0,0.0,0.0,-5.49,26.71,2.69,0.0,2020-09-10 23:30:00+00:00,0.0,26.71,0.0,0.0
20200911:0030,8.7,34.0,0.0,8.2,26.49,2.48,0.0,2020-09-11 00:30:00+00:00,42.7,27.824375,4.21934765875,4.0927672289875
20200911:0130,110.1,96.9,0.0,21.99,26.57,1.86,0.0,2020-09-11 01:30:00+00:00,207.0,33.03875,20.001111075,19.40107774275
20200911:0230,216.05,167.0,0.0,35.67,27.65,3.03,0.0,2020-09-11 02:30:00+00:00,383.05,39.6203125,35.9528695046875,34.87428341954687
20200911:0330,383.7,174.8,0.0,48.94,28.85,2.83,0.0,2020-09-11 03:30:00+00:00,558.5,46.303125,50.85292596875,49.3273381896875
20200911:0430,466.5,177.05,0.0,61.14,29.96,2.34,0.0,2020-09-11 04:30:00+00:00,643.55,50.0709375,57.578551232187486,55.85119469522186
20200911:0530,480.65,223.7,0.0,70.06,30.75,2.21,0.0,2020-09-11 05:30:00+00:00,704.3499999999999,52.7609375,62.22256514218749,60.35588818792186
20200911:0630,325.8,282.35,0.0,70.46,31.43,2.34,0.0,2020-09-11 06:30:00+00:00,608.1500000000001,50.4346875,54.318395814687506,52.688843940246876
20200911:0730,501.95,220.45,0.0,61.96,31.61,2.69,0.0,2020-09-11 07:30:00+00:00,722.4,54.185,63.38503751999999,61.48348639439999
20200911:0830,386.65,177.3,0.0,49.9,32.07,2.69,0.0,2020-09-11 08:30:00+00:00,563.95,49.6934375,50.5461370871875,49.02975297457188
20200911:0930,311.1,123.9,0.0,36.67,31.84,2.69,0.0,2020-09-11 09:30:00+00:00,435.0,45.43375,39.766753875,38.57375125875
20200911:1030,122.55,96.7,0.0,23.01,30.86,3.45,0.0,2020-09-11 10:30:00+00:00,219.25,37.7115625,20.7544557671875,20.131822094171877
20200911:1130,26.1,26.95,0.0,9.22,29.85,2.62,0.0,2020-09-11 11:30:00+00:00,53.05,31.5078125,5.1599994296875,5.005199446796874
20200911:1230,0.0,0.0,0.0,-4.55,29.07,2.48,0.0,2020-09-11 12:30:00+00:00,0.0,29.07,0.0,0.0
20200911:1330,0.0,0.0,0.0,0.0,28.58,2.21,0.0,2020-09-11 13:30:00+00:00,0.0,28.58,0.0,0.0
20200911:1430,0.0,0.0,0.0,0.0,28.24,2.28,0.0,2020-09-11 14:30:00+00:00,0.0,28.24,0.0,0.0
20200911:1530,0.0,0.0,0.0,0.0,28.13,2.55,0.0,2020-09-11 15:30:00+00:00,0.0,28.13,0.0,0.0
20200911:1630,0.0,0.0,0.0,0.0,27.85,2.55,0.0,2020-09-11 16:30:00+00:00,0.0,27.85,0.0,0.0
20200911:1730,0.0,0.0,0.0,0.0,27.65,2.55,0.0,2020-09-11 17:30:00+00:00,0.0,27.65,0.0,0.0
20200911:1830,0.0,0.0,0.0,0.0,27.39,2.21,0.0,2020-09-11 18:30:00+00:00,0.0,27.39,0.0,0.0
20200911:1930,0.0,0.0,0.0,0.0,27.25,1.93,0.0,2020-09-11 19:30:00+00:00,0.0,27.25,0.0,0.0
20200911:2030,0.0,0.0,0.0,0.0,27.07,1.79,0.0,2020-09-11 20:30:00+00:00,0.0,27.07,0.0,0.0
20200911:2130,0.0,0.0,0.0,0.0,26.91,1.86,0.0,2020-09-11 21:30:00+00:00,0.0,26.91,0.0,0.0
20200911:2230,0.0,0.0,0.0,0.0,26.79,1.93,0.0,2020-09-11 22:30:00+00:00,0.0,26.79,0.0,0.0
20200911:2330,0.0,0.0,0.0,-5.56,26.66,1.79,0.0,2020-09-11 23:30:00+00:00,0.0,26.66,0.0,0.0
20200912:0030,15.35,44.05,0.0,8.14,26.47,1.52,0.0,2020-09-12 00:30:00+00:00,59.4,28.326249999999998,5.857016715,5.68130621355
20200912:0130,77.7,121.1,0.0,21.93,27.03,1.38,0.0,2020-09-12 01:30:00+00:00,198.8,33.2425,19.19178422,18.6160306934
20200912:0230,151.15,216.8,0.0,35.59,28.06,2.34,0.0,2020-09-12 02:30:00+00:00,367.95000000000005,39.5584375,34.54515362718751,33.50879901837188
20200912:0330,307.7,211.7,0.0,48.83,29.15,2.28,0.0,2020-09-12 03:30:00+00:00,519.4,45.381249999999994,47.493871075,46.06905494275
20200912:0430,392.65,248.6,0.0,60.96,30.08,1.93,0.0,2020-09-12 04:30:00+00:00,641.25,50.1190625,57.3598084921875,55.63901423742187
20200912:0530,52.0,303.4,0.0,69.74,31.3,1.79,0.0,2020-09-12 05:30:00+00:00,355.4,42.40625,32.941803875,31.953549758749997
20200912:0630,366.5,271.1,0.0,70.07,31.08,1.52,0.0,2020-09-12 06:30:00+00:00,637.6,51.004999999999995,56.796069040000006,55.09218696880001
20200912:0730,264.8,300.95,0.0,61.64,32.14,2.14,0.0,2020-09-12 07:30:00+00:00,565.75,49.8196875,50.677469954687496,49.15714585604687
20200912:0830,272.35,266.75,0.0,49.62,31.89,2.34,0.0,2020-09-12 08:30:00+00:00,539.1,48.736875,48.53544928875001,47.07938581008751
20200912:0930,153.05,225.65,0.0,36.42,31.65,3.03,0.0,2020-09-12 09:30:00+00:00,378.70000000000005,43.484375,34.92998621875,33.8820866321875
20200912:1030,29.6,138.95,0.0,22.78,31.15,3.03,0.0,2020-09-12 10:30:00+00:00,168.54999999999998,36.4171875,16.0467658796875,15.565362903296872
20200912:1130,14.4,48.5,0.0,8.99,30.41,2.21,0.0,2020-09-12 11:30:00+00:00,62.9,32.375625,6.09515073875,5.9122962165875
20200912:1230,0.0,0.0,0.0,-4.78,29.66,2.0,0.0,2020-09-12 12:30:00+00:00,0.0,29.66,0.0,0.0
20200912:1330,0.0,0.0,0.0,0.0,28.9,2.07,0.0,2020-09-12 13:30:00+00:00,0.0,28.9,0.0,0.0
20200912:1430,0.0,0.0,0.0,0.0,28.5,2.34,0.0,2020-09-12 14:30:00+00:00,0.0,28.5,0.0,0.0
20200912:1530,0.0,0.0,0.0,0.0,28.24,2.34,0.0,2020-09-12 15:30:00+00:00,0.0,28.24,0.0,0.0
20200912:1630,0.0,0.0,0.0,0.0,28.02,2.34,0.0,2020-09-12 16:30:00+00:00,0.0,28.02,0.0,0.0
20200912:1730,0.0,0.0,0.0,0.0,27.8,2.34,0.0,2020-09-12 17:30:00+00:00,0.0,27.8,0.0,0.0
20200912:1830,0.0,0.0,0.0,0.0,27.55,2.07,0.0,2020-09-12 18:30:00+00:00,0.0,27.55,0.0,0.0
20200912:1930,0.0,0.0,0.0,0.0,27.56,1.93,0.0,2020-09-12 19:30:00+00:00,0.0,27.56,0.0,0.0
20200912:2030,0.0,0.0,0.0,0.0,27.31,1.52,0.0,2020-09-12 20:30:00+00:00,0.0,27.31,0.0,0.0
20200912:2130,0.0,0.0,0.0,0.0,26.99,1.38,0.0,2020-09-12 21:30:00+00:00,0.0,26.99,0.0,0.0
20200912:2230,0.0,0.0,0.0,0.0,26.71,1.38,0.0,2020-09-12 22:30:00+00:00,0.0,26.71,0.0,0.0
20200912:2330,0.0,0.0,0.0,-5.63,26.55,1.38,0.0,2020-09-12 23:30:00+00:00,0.0,26.55,0.0,0.0
20200913:0030,23.2,45.25,0.0,8.07,26.34,1.24,0.0,2020-09-13 00:30:00+00:00,68.45,28.4790625,6.7449804321875,6.542631019221875
20200913:0130,110.9,125.85,0.0,21.87,27.47,1.03,0.0,2020-09-13 01:30:00+00:00,236.75,34.8684375,22.693731917187495,22.01291995967187
20200913:0230,259.7,149.9,0.0,35.51,28.9,2.07,0.0,2020-09-13 02:30:00+00:00,409.6,41.7,38.0870656,36.944453632
20200913:0330,373.5,203.65,0.0,48.72,29.83,2.69,0.0,2020-09-13 03:30:00+00:00,577.15,47.8659375,52.1722281521875,50.607061307621876
20200913:0430,365.9,245.35,0.0,60.77,30.65,2.9,0.0,2020-09-13 04:30:00+00:00,611.25,49.7515625,54.770655117187495,53.12753546367187
20200913:0530,374.9,270.5,0.0,69.42,31.04,2.9,0.0,2020-09-13 05:30:00+00:00,645.4,51.208749999999995,57.435646555,55.712577158349994
20200913:0630,160.35,336.0,0.0,69.68,31.6,2.69,0.0,2020-09-13 06:30:00+00:00,496.35,47.110937500000006,45.02559919218749,43.674831216421865
20200913:0730,379.9,241.55,0.0,61.3,31.88,2.07,0.0,2020-09-13 07:30:00+00:00,621.45,51.300312500000004,55.2803817346875,53.62197028264688
20200913:0830,241.7,233.8,0.0,49.35,31.88,2.76,0.0,2020-09-13 08:30:00+00:00,475.5,46.739374999999995,43.20842941874999,41.912176536187495
20200913:0930,164.95,191.25,0.0,36.17,31.66,2.76,0.0,2020-09-13 09:30:00+00:00,356.2,42.79125,32.958357834999994,31.969607099949993
20200913:1030,53.15,98.3,0.0,22.54,31.34,2.62,0.0,2020-09-13 10:30:00+00:00,151.45,36.0728125,14.4406694696875,14.007449385596875
20200913:1130,17.4,42.55,0.0,8.75,30.6,2.07,0.0,2020-09-13 11:30:00+00:00,59.949999999999996,32.4734375,5.806826317187499,5.6326215276718745
20200913:1230,0.0,0.0,0.0,-5.02,29.87,2.0,0.0,2020-09-13 12:30:00+00:00,0.0,29.87,0.0,0.0
20200913:1330,0.0,0.0,0.0,0.0,29.15,1.79,0.0,2020-09-13 13:30:00+00:00,0.0,29.15,0.0,0.0
20200913:1430,0.0,0.0,0.0,0.0,28.56,2.0,0.0,2020-09-13 14:30:00+00:00,0.0,28.56,0.0,0.0
20200913:1530,0.0,0.0,0.0,0.0,28.21,2.28,0.0,2020-09-13 15:30:00+00:00,0.0,28.21,0.0,0.0
20200913:1630,0.0,0.0,0.0,0.0,27.94,2.21,0.0,2020-09-13 16:30:00+00:00,0.0,27.94,0.0,0.0
20200913:1730,0.0,0.0,0.0,0.0,27.72,2.0,0.0,2020-09-13 17:30:00+00:00,0.0,27.72,0.0,0.0
20200913:1830,0.0,0.0,0.0,0.0,27.51,1.79,0.0,2020-09-13 18:30:00+00:00,0.0,27.51,0.0,0.0
20200913:1930,0.0,0.0,0.0,0.0,27.41,1.72,0.0,2020-09-13 19:30:00+00:00,0.0,27.41,0.0,0.0
20200913:2030,0.0,0.0,0.0,0.0,27.19,1.45,0.0,2020-09-13 20:30:00+00:00,0.0,27.19,0.0,0.0
20200913:2130,0.0,0.0,0.0,0.0,26.88,1.31,0.0,2020-09-13 21:30:00+00:00,0.0,26.88,0.0,0.0
20200913:2230,0.0,0.0,0.0,0.0,26.62,1.31,0.0,2020-09-13 22:30:00+00:00,0.0,26.62,0.0,0.0
20200913:2330,0.0,0.0,0.0,-5.7,26.43,1.45,0.0,2020-09-13 23:30:00+00:00,0.0,26.43,0.0,0.0
20200914:0030,16.25,40.3,0.0,8.01,26.39,1.38,0.0,2020-09-14 00:30:00+00:00,56.55,28.1571875,5.5800136396874995,5.412613230496874
20200914:0130,84.75,120.05,0.0,21.8,27.15,1.17,0.0,2020-09-14 01:30:00+00:00,204.8,33.55,19.7445632,19.152226304000003
20200914:0230,240.65,157.1,0.0,35.43,28.29,1.86,0.0,2020-09-14 02:30:00+00:00,397.75,40.7196875,37.1489476046875,36.034479176546874
20200914:0330,347.85,156.5,0.0,48.6,29.29,2.14,0.0,2020-09-14 03:30:00+00:00,504.35,45.0509375,46.187670062187514,44.802039960321885
20200914:0430,350.9,306.75,0.0,60.57,30.04,2.14,0.0,2020-09-14 04:30:00+00:00,657.65,50.591562499999995,58.6962777471875,56.935389414771876
20200914:0530,131.6,245.2,0.0,69.1,31.21,2.21,0.0,2020-09-14 05:30:00+00:00,376.79999999999995,42.985,34.83376584,33.788752864799996
20200914:0630,255.95,263.9,0.0,69.28,30.35,1.1,0.0,2020-09-14 06:30:00+00:00,519.8499999999999,46.5953125,47.269944254687495,45.85184592704687
20200914:0730,184.2,300.65,0.0,60.97,29.63,2.9,0.0,2020-09-14 07:30:00+00:00,484.84999999999997,44.7815625,44.45674195718749,43.123039698471864
20200914:0830,37.2,191.4,0.0,49.07,29.28,2.83,0.0,2020-09-14 08:30:00+00:00,228.60000000000002,36.42375,21.763182915,21.110287427550002
20200914:0930,109.8,182.45,0.0,35.92,29.14,1.79,0.0,2020-09-14 09:30:00+00:00,292.25,38.2728125,27.595828629687503,26.767953770796876
20200914:1030,95.5,113.0,0.0,22.3,29.46,2.41,0.0,2020-09-14 10:30:00+00:00,208.5,35.975625,19.888864518749998,19.292198583187496
20200914:1130,25.85,41.2,0.0,8.52,29.54,2.14,0.0,2020-09-14 11:30:00+00:00,67.05000000000001,31.635312499999998,6.518142964687501,6.3225986757468755
20200914:1230,0.0,0.0,0.0,-5.26,29.04,1.59,0.0,2020-09-14 12:30:00+00:00,0.0,29.04,0.0,0.0
20200914:1330,0.0,0.0,0.0,0.0,28.34,1.93,0.0,2020-09-14 13:30:00+00:00,0.0,28.34,0.0,0.0
20200914:1430,0.0,0.0,0.0,0.0,27.98,2.34,0.0,2020-09-14 14:30:00+00:00,0.0,27.98,0.0,0.0
20200914:1530,0.0,0.0,0.0,0.0,27.69,2.55,0.0,2020-09-14 15:30:00+00:00,0.0,27.69,0.0,0.0
20200914:1630,0.0,0.0,0.0,0.0,27.37,2.55,0.0,2020-09-14 16:30:00+00:00,0.0,27.37,0.0,0.0
20200914:1730,0.0,0.0,0.0,0.0,27.1,2.28,0.0,2020-09-14 17:30:00+00:00,0.0,27.1,0.0,0.0
20200914:1830,0.0,0.0,0.0,0.0,26.78,2.0,0.0,2020-09-14 18:30:00+00:00,0.0,26.78,0.0,0.0
20200914:1930,0.0,0.0,0.0,0.0,26.73,1.66,0.0,2020-09-14 19:30:00+00:00,0.0,26.73,0.0,0.0
20200914:2030,0.0,0.0,0.0,0.0,26.54,1.45,0.0,2020-09-14 20:30:00+00:00,0.0,26.54,0.0,0.0
20200914:2130,0.0,0.0,0.0,0.0,26.32,1.24,0.0,2020-09-14 21:30:00+00:00,0.0,26.32,0.0,0.0
20200914:2230,0.0,0.0,0.0,0.0,26.17,1.31,0.0,2020-09-14 22:30:00+00:00,0.0,26.17,0.0,0.0
20200914:2330,0.0,0.0,0.0,-5.77,26.12,1.31,0.0,2020-09-14 23:30:00+00:00,0.0,26.12,0.0,0.0
20200915:0030,27.9,38.45,0.0,7.95,26.13,1.24,0.0,2020-09-15 00:30:00+00:00,66.35,28.2034375,6.545729807187499,6.349357912971874
20200915:0130,75.75,102.35,0.0,21.73,27.06,1.59,0.0,2020-09-15 01:30:00+00:00,178.1,32.625625,17.23958799875,16.7224003587875
20200915:0230,185.8,153.8,0.0,35.34,27.91,2.28,0.0,2020-09-15 02:30:00+00:00,339.6,38.5225,32.03125878,31.0703210166
20200915:0330,329.65,184.65,0.0,48.47,28.74,2.69,0.0,2020-09-15 03:30:00+00:00,514.3,44.811875,47.15051612875,45.7360006448875
20200915:0430,320.4,270.25,0.0,60.38,29.69,2.83,0.0,2020-09-15 04:30:00+00:00,590.65,48.1478125,53.322652709687496,51.72297312839687
20200915:0530,113.5,270.45,0.0,68.77,30.94,2.97,0.0,2020-09-15 05:30:00+00:00,383.95,42.9384375,35.5022655071875,34.43719754197188
20200915:0630,204.15,333.0,0.0,68.89,30.39,2.83,0.0,2020-09-15 06:30:00+00:00,537.15,47.1759375,48.7120419721875,47.25068071302187
20200915:0730,42.3,212.4,0.0,60.64,30.51,2.34,0.0,2020-09-15 07:30:00+00:00,254.7,38.469375,24.02912707875,23.3082532663875
20200915:0830,42.2,189.45,0.0,48.78,28.98,2.28,0.0,2020-09-15 08:30:00+00:00,231.64999999999998,36.2190625,22.073463752187497,21.41125983962187
20200915:0930,11.2,124.15,0.0,35.67,29.01,2.14,0.0,2020-09-15 09:30:00+00:00,135.35,33.2396875,13.066598484687502,12.674600530146876
20200915:1030,3.85,100.9,0.0,22.07,28.89,2.07,0.0,2020-09-15 10:30:00+00:00,104.75,32.1634375,10.1598445671875,9.855049230171876
20200915:1130,3.35,40.85,0.0,8.29,28.6,2.07,0.0,2020-09-15 11:30:00+00:00,44.2,29.981250000000003,4.327528075,4.19770223275
20200915:1230,0.0,0.0,0.0,-5.5,28.14,1.93,0.0,2020-09-15 12:30:00+00:00,0.0,28.14,0.0,0.0
20200915:1330,0.0,0.0,0.0,0.0,27.6,2.07,0.0,2020-09-15 13:30:00+00:00,0.0,27.6,0.0,0.0
20200915:1430,0.0,0.0,0.0,0.0,27.33,2.28,0.0,2020-09-15 14:30:00+00:00,0.0,27.33,0.0,0.0
20200915:1530,0.0,0.0,0.0,0.0,27.2,2.14,0.0,2020-09-15 15:30:00+00:00,0.0,27.2,0.0,0.0
20200915:1630,0.0,0.0,0.0,0.0,26.99,2.21,0.0,2020-09-15 16:30:00+00:00,0.0,26.99,0.0,0.0
20200915:1730,0.0,0.0,0.0,0.0,26.93,2.28,0.0,2020-09-15 17:30:00+00:00,0.0,26.93,0.0,0.0
20200915:1830,0.0,0.0,0.0,0.0,26.8,2.28,0.0,2020-09-15 18:30:00+00:00,0.0,26.8,0.0,0.0
20200915:1930,0.0,0.0,0.0,0.0,26.95,2.14,0.0,2020-09-15 19:30:00+00:00,0.0,26.95,0.0,0.0
20200915:2030,0.0,0.0,0.0,0.0,26.78,1.86,0.0,2020-09-15 20:30:00+00:00,0.0,26.78,0.0,0.0
20200915:2130,0.0,0.0,0.0,0.0,26.63,1.66,0.0,2020-09-15 21:30:00+00:00,0.0,26.63,0.0,0.0
20200915:2230,0.0,0.0,0.0,0.0,26.45,1.72,0.0,2020-09-15 22:30:00+00:00,0.0,26.45,0.0,0.0
20200915:2330,0.0,0.0,0.0,-5.83,26.38,1.66,0.0,2020-09-15 23:30:00+00:00,0.0,26.38,0.0,0.0
20200916:0030,16.0,42.5,0.0,7.89,26.3,1.66,0.0,2020-09-16 00:30:00+00:00,58.5,28.128125,5.773141968750001,5.599947709687501
20200916:0130,107.85,112.3,0.0,21.66,27.01,1.66,0.0,2020-09-16 01:30:00+00:00,220.14999999999998,33.8896875,21.1930328246875,20.557241839946872
20200916:0230,238.95,151.75,0.0,35.26,28.54,2.55,0.0,2020-09-16 02:30:00+00:00,390.7,40.749375,36.48562205875,35.3910533969875
20200916:0330,402.1,175.9,0.0,48.35,29.71,2.76,0.0,2020-09-16 03:30:00+00:00,578.0,47.7725,52.271747899999994,50.70359546299999
20200916:0430,430.75,166.85,0.0,60.17,30.71,2.69,0.0,2020-09-16 04:30:00+00:00,597.6,49.385000000000005,53.63956008,52.0303732776
20200916:0530,475.4,181.75,0.0,68.44,31.23,3.1,0.0,2020-09-16 05:30:00+00:00,657.15,51.7659375,58.3275209521875,56.577695323621874
20200916:0630,516.65,193.35,0.0,68.5,31.54,3.31,0.0,2020-09-16 06:30:00+00:00,710.0,53.7275,62.4334595,60.560455714999996
20200916:0730,364.45,233.25,0.0,60.3,32.36,2.69,0.0,2020-09-16 07:30:00+00:00,597.7,51.038125,53.233545328750004,51.6365389688875
20200916:0830,167.4,225.05,0.0,48.5,29.98,3.45,0.0,2020-09-16 08:30:00+00:00,392.45000000000005,42.2440625,36.402678422187506,35.31059806952188
20200916:0930,50.4,156.8,0.0,35.41,29.62,3.79,0.0,2020-09-16 09:30:00+00:00,207.20000000000002,36.095,19.754468720000002,19.1618346584
20200916:1030,86.25,124.4,0.0,21.83,29.41,3.31,0.0,2020-09-16 10:30:00+00:00,210.65,35.9928125,20.092432899687502,19.489659912696876
20200916:1130,12.5,39.35,0.0,8.05,29.55,3.17,0.0,2020-09-16 11:30:00+00:00,51.85,31.1703125,5.050629104687499,4.899110231546874
20200916:1230,0.0,0.0,0.0,-5.74,29.12,2.21,0.0,2020-09-16 12:30:00+00:00,0.0,29.12,0.0,0.0
20200916:1330,0.0,0.0,0.0,0.0,28.67,1.93,0.0,2020-09-16 13:30:00+00:00,0.0,28.67,0.0,0.0
20200916:1430,0.0,0.0,0.0,0.0,28.23,1.86,0.0,2020-09-16 14:30:00+00:00,0.0,28.23,0.0,0.0
20200916:1530,0.0,0.0,0.0,0.0,27.96,2.0,0.0,2020-09-16 15:30:00+00:00,0.0,27.96,0.0,0.0
20200916:1630,0.0,0.0,0.0,0.0,27.57,2.07,0.0,2020-09-16 16:30:00+00:00,0.0,27.57,0.0,0.0
20200916:1730,0.0,0.0,0.0,0.0,27.28,2.14,0.0,2020-09-16 17:30:00+00:00,0.0,27.28,0.0,0.0
20200916:1830,0.0,0.0,0.0,0.0,27.13,2.28,0.0,2020-09-16 18:30:00+00:00,0.0,27.13,0.0,0.0
20200916:1930,0.0,0.0,0.0,0.0,27.53,2.62,0.0,2020-09-16 19:30:00+00:00,0.0,27.53,0.0,0.0
20200916:2030,0.0,0.0,0.0,0.0,27.47,2.55,0.0,2020-09-16 20:30:00+00:00,0.0,27.47,0.0,0.0
20200916:2130,0.0,0.0,0.0,0.0,27.34,2.55,0.0,2020-09-16 21:30:00+00:00,0.0,27.34,0.0,0.0
20200916:2230,0.0,0.0,0.0,0.0,27.18,2.48,0.0,2020-09-16 22:30:00+00:00,0.0,27.18,0.0,0.0
20200916:2330,0.0,0.0,0.0,-5.9,27.0,2.28,0.0,2020-09-16 23:30:00+00:00,0.0,27.0,0.0,0.0
20200917:0030,22.65,38.15,0.0,7.82,26.87,2.21,0.0,2020-09-17 00:30:00+00:00,60.8,28.77,5.98372928,5.8042174016
20200917:0130,133.15,105.85,0.0,21.59,27.46,2.48,0.0,2020-09-17 01:30:00+00:00,239.0,34.92875,22.903352075,22.21625151275
20200917:0230,242.95,147.3,0.0,35.17,28.67,3.24,0.0,2020-09-17 02:30:00+00:00,390.25,40.8653125,36.4245959546875,35.33185807604687
20200917:0330,389.9,175.05,0.0,48.22,29.74,2.83,0.0,2020-09-17 03:30:00+00:00,564.95,47.3946875,51.18121094468751,49.64577461634688
20200917:0430,507.3,235.05,0.0,59.97,30.77,2.83,0.0,2020-09-17 04:30:00+00:00,742.35,53.9684375,65.20301777718751,63.24692724387189
20200917:0530,543.55,217.6,0.0,68.1,31.7,2.76,0.0,2020-09-17 05:30:00+00:00,761.15,55.4859375,66.36916404218749,64.37808912092187
20200917:0630,573.35,192.45,0.0,68.1,32.2,2.69,0.0,2020-09-17 06:30:00+00:00,765.8,56.13125,66.567069275,64.57005719675
20200917:0730,525.65,191.6,0.0,59.96,32.76,2.41,0.0,2020-09-17 07:30:00+00:00,717.25,55.1740625,62.635214542187505,60.75615810592188
20200917:0830,271.9,205.5,0.0,48.21,32.94,2.62,0.0,2020-09-17 08:30:00+00:00,477.4,47.85875,43.156637755,41.861938622349996
20200917:0930,165.35,153.7,0.0,35.16,31.11,2.83,0.0,2020-09-17 09:30:00+00:00,319.04999999999995,41.0803125,29.750222044687497,28.85771538334687
20200917:1030,92.55,100.5,0.0,21.58,30.64,3.1,0.0,2020-09-17 10:30:00+00:00,193.05,36.6728125,18.3585566896875,17.807799988996873
20200917:1130,21.4,34.85,0.0,7.81,30.14,2.48,0.0,2020-09-17 11:30:00+00:00,56.25,31.8978125,5.4620391796875,5.298178004296875
20200917:1230,0.0,0.0,0.0,-5.98,29.5,2.21,0.0,2020-09-17 12:30:00+00:00,0.0,29.5,0.0,0.0
20200917:1330,0.0,0.0,0.0,0.0,29.0,2.28,0.0,2020-09-17 13:30:00+00:00,0.0,29.0,0.0,0.0
20200917:1430,0.0,0.0,0.0,0.0,28.78,2.28,0.0,2020-09-17 14:30:00+00:00,0.0,28.78,0.0,0.0
20200917:1530,0.0,0.0,0.0,0.0,28.48,2.28,0.0,2020-09-17 15:30:00+00:00,0.0,28.48,0.0,0.0
20200917:1630,0.0,0.0,0.0,0.0,28.21,2.41,0.0,2020-09-17 16:30:00+00:00,0.0,28.21,0.0,0.0
20200917:1730,0.0,0.0,0.0,0.0,27.93,2.34,0.0,2020-09-17 17:30:00+00:00,0.0,27.93,0.0,0.0
20200917:1830,0.0,0.0,0.0,0.0,27.66,2.41,0.0,2020-09-17 18:30:00+00:00,0.0,27.66,0.0,0.0
20200917:1930,0.0,0.0,0.0,0.0,27.66,2.14,0.0,2020-09-17 19:30:00+00:00,0.0,27.66,0.0,0.0
20200917:2030,0.0,0.0,0.0,0.0,27.54,2.07,0.0,2020-09-17 20:30:00+00:00,0.0,27.54,0.0,0.0
20200917:2130,0.0,0.0,0.0,0.0,27.34,2.0,0.0,2020-09-17 21:30:00+00:00,0.0,27.34,0.0,0.0
20200917:2230,0.0,0.0,0.0,0.0,27.24,1.72,0.0,2020-09-17 22:30:00+00:00,0.0,27.24,0.0,0.0
20200917:2330,0.0,0.0,0.0,-5.97,27.26,1.59,0.0,2020-09-17 23:30:00+00:00,0.0,27.26,0.0,0.0
20200918:0030,25.35,38.1,0.0,7.76,27.02,1.66,0.0,2020-09-18 00:30:00+00:00,63.45,29.0028125,6.238329049687501,6.051179178196875
20200918:0130,150.85,97.75,0.0,21.52,27.64,1.72,0.0,2020-09-18 01:30:00+00:00,248.6,35.40875,23.773201595,23.06000554715
20200918:0230,294.15,130.4,0.0,35.08,28.93,2.34,0.0,2020-09-18 02:30:00+00:00,424.54999999999995,42.1971875,39.3885522996875,38.20689573069687
20200918:0330,347.65,162.1,0.0,48.09,29.92,1.79,0.0,2020-09-18 03:30:00+00:00,509.75,45.8496875,46.5111861546875,45.115850570046874
20200918:0430,512.95,171.35,0.0,59.76,30.7,1.38,0.0,2020-09-18 04:30:00+00:00,684.3000000000001,52.084375,60.64578811875001,58.82641447518751
20200918:0530,626.1,167.6,0.0,67.77,31.61,0.97,0.0,2020-09-18 05:30:00+00:00,793.7,56.413125,68.89830912875,66.8313598548875
20200918:0630,491.5,216.5,0.0,67.7,32.3,1.03,0.0,2020-09-18 06:30:00+00:00,708.0,54.425,62.050182,60.188676539999996
20200918:0730,466.0,151.0,0.0,59.62,31.96,0.9,0.0,2020-09-18 07:30:00+00:00,617.0,51.24125,54.899842475,53.25284720075
20200918:0830,362.1,162.25,0.0,47.92,32.06,0.9,0.0,2020-09-18 08:30:00+00:00,524.35,48.4459375,47.2715715221875,45.85342437652187
20200918:0930,205.85,117.75,0.0,34.9,32.27,0.97,0.0,2020-09-18 09:30:00+00:00,323.6,42.38250000000001,29.99750966,29.097584370199996
20200918:1030,100.7,91.75,0.0,21.34,31.75,0.69,0.0,2020-09-18 10:30:00+00:00,192.45,37.7640625,18.213293592187497,17.66689478442187
20200918:1130,5.3,25.7,0.0,7.58,29.71,1.93,0.0,2020-09-18 11:30:00+00:00,31.0,30.67875,3.026062675,2.9352807947499997
20200918:1230,0.0,0.0,0.0,-6.22,28.28,1.66,0.0,2020-09-18 12:30:00+00:00,0.0,28.28,0.0,0.0
20200918:1330,0.0,0.0,0.0,0.0,27.78,0.9,0.0,2020-09-18 13:30:00+00:00,0.0,27.78,0.0,0.0
20200918:1430,0.0,0.0,0.0,0.0,27.63,0.62,0.0,2020-09-18 14:30:00+00:00,0.0,27.63,0.0,0.0
20200918:1530,0.0,0.0,0.0,0.0,27.83,0.21,0.0,2020-09-18 15:30:00+00:00,0.0,27.83,0.0,0.0
20200918:1630,0.0,0.0,0.0,0.0,27.38,0.76,0.0,2020-09-18 16:30:00+00:00,0.0,27.38,0.0,0.0
20200918:1730,0.0,0.0,0.0,0.0,27.22,1.03,0.0,2020-09-18 17:30:00+00:00,0.0,27.22,0.0,0.0
20200918:1830,0.0,0.0,0.0,0.0,27.05,1.1,0.0,2020-09-18 18:30:00+00:00,0.0,27.05,0.0,0.0
20200918:1930,0.0,0.0,0.0,0.0,27.32,0.55,0.0,2020-09-18 19:30:00+00:00,0.0,27.32,0.0,0.0
20200918:2030,0.0,0.0,0.0,0.0,26.71,0.9,0.0,2020-09-18 20:30:00+00:00,0.0,26.71,0.0,0.0
20200918:2130,0.0,0.0,0.0,0.0,26.49,0.9,0.0,2020-09-18 21:30:00+00:00,0.0,26.49,0.0,0.0
20200918:2230,0.0,0.0,0.0,0.0,26.42,1.03,0.0,2020-09-18 22:30:00+00:00,0.0,26.42,0.0,0.0
20200918:2330,0.0,0.0,0.0,-6.04,26.45,1.17,0.0,2020-09-18 23:30:00+00:00,0.0,26.45,0.0,0.0
20200919:0030,29.05,38.4,0.0,7.69,26.32,1.24,0.0,2020-09-19 00:30:00+00:00,67.45,28.4278125,6.647893499687499,6.448456694696874
20200919:0130,134.4,98.15,0.0,21.45,27.04,1.1,0.0,2020-09-19 01:30:00+00:00,232.55,34.3071875,22.3459576896875,21.675578958996873
20200919:0230,324.5,135.25,0.0,34.98,28.43,1.24,0.0,2020-09-19 02:30:00+00:00,459.75,42.7971875,42.5384520796875,41.26229851729688
20200919:0330,438.1,170.05,0.0,47.95,29.98,1.59,0.0,2020-09-19 03:30:00+00:00,608.1500000000001,48.98468750000001,54.688759164687504,53.048096389746874
20200919:0430,454.1,207.25,0.0,59.54,31.18,1.59,0.0,2020-09-19 04:30:00+00:00,661.35,51.847187500000004,58.677737269687505,56.91740515159688
20200919:0530,465.15,229.05,0.0,67.43,31.97,1.52,0.0,2020-09-19 05:30:00+00:00,694.2,53.66375,61.062682395,59.230801923150004
20200919:0630,466.65,213.4,0.0,67.31,32.51,1.38,0.0,2020-09-19 06:30:00+00:00,680.05,53.7615625,59.7900937571875,57.99639094447187
20200919:0730,546.45,192.75,0.0,59.28,32.75,1.38,0.0,2020-09-19 07:30:00+00:00,739.2,55.85,64.34218560000001,62.411920032000005
20200919:0830,396.55,173.55,0.0,47.63,32.99,1.17,0.0,2020-09-19 08:30:00+00:00,570.1,50.805625000000006,50.83104953875001,49.30611805258751
20200919:0930,288.85,141.85,0.0,34.64,32.95,1.38,0.0,2020-09-19 09:30:00+00:00,430.70000000000005,46.409375000000004,39.19717251875,38.0212573431875
20200919:1030,101.2,86.1,0.0,21.1,32.59,1.52,0.0,2020-09-19 10:30:00+00:00,187.3,38.443125,17.672483128750002,17.142308634887502
20200919:1130,19.4,30.85,0.0,7.34,31.92,0.9,0.0,2020-09-19 11:30:00+00:00,50.25,33.4903125,4.8458119546875,4.700437596046875
20200919:1230,0.0,0.0,0.0,0.0,30.7,0.28,0.0,2020-09-19 12:30:00+00:00,0.0,30.7,0.0,0.0
20200919:1330,0.0,0.0,0.0,0.0,30.26,0.21,0.0,2020-09-19 13:30:00+00:00,0.0,30.26,0.0,0.0
20200919:1430,0.0,0.0,0.0,0.0,29.67,1.03,0.0,2020-09-19 14:30:00+00:00,0.0,29.67,0.0,0.0
20200919:1530,0.0,0.0,0.0,0.0,29.2,1.31,0.0,2020-09-19 15:30:00+00:00,0.0,29.2,0.0,0.0
20200919:1630,0.0,0.0,0.0,0.0,28.82,1.31,0.0,2020-09-19 16:30:00+00:00,0.0,28.82,0.0,0.0
20200919:1730,0.0,0.0,0.0,0.0,28.47,1.1,0.0,2020-09-19 17:30:00+00:00,0.0,28.47,0.0,0.0
20200919:1830,0.0,0.0,0.0,0.0,28.09,1.03,0.0,2020-09-19 18:30:00+00:00,0.0,28.09,0.0,0.0
20200919:1930,0.0,0.0,0.0,0.0,27.75,1.17,0.0,2020-09-19 19:30:00+00:00,0.0,27.75,0.0,0.0
20200919:2030,0.0,0.0,0.0,0.0,27.61,1.45,0.0,2020-09-19 20:30:00+00:00,0.0,27.61,0.0,0.0
20200919:2130,0.0,0.0,0.0,0.0,27.59,1.66,0.0,2020-09-19 21:30:00+00:00,0.0,27.59,0.0,0.0
20200919:2230,0.0,0.0,0.0,0.0,27.63,1.86,0.0,2020-09-19 22:30:00+00:00,0.0,27.63,0.0,0.0
20200919:2330,0.0,0.0,0.0,-6.1,27.55,2.07,0.0,2020-09-19 23:30:00+00:00,0.0,27.55,0.0,0.0
20200920:0030,14.6,42.9,0.0,7.63,27.47,2.07,0.0,2020-09-20 00:30:00+00:00,57.5,29.266875,5.64695496875,5.4775463196875
20200920:0130,40.25,145.7,0.0,21.38,28.09,1.86,0.0,2020-09-20 01:30:00+00:00,185.95,33.9009375,17.8998456821875,17.362850311721875
20200920:0230,67.85,213.35,0.0,34.89,29.45,2.28,0.0,2020-09-20 02:30:00+00:00,281.2,38.2375,26.5565983,25.759900351
20200920:0330,117.6,309.05,0.0,47.81,30.56,2.34,0.0,2020-09-20 03:30:00+00:00,426.65,43.8928125,39.2795402496875,38.101154042196875
20200920:0430,233.25,350.2,0.0,59.32,31.75,2.34,0.0,2020-09-20 04:30:00+00:00,583.45,49.9828125,52.2229867796875,50.656297176296874
20200920:0530,281.35,376.45,0.0,67.08,32.91,2.28,0.0,2020-09-20 05:30:00+00:00,657.8,53.466249999999995,57.915458315,56.17799456555
20200920:0630,0.0,90.4,0.0,66.91,33.78,2.21,0.0,2020-09-20 06:30:00+00:00,90.4,36.605000000000004,8.59938136,8.3413999192
20200920:0730,0.0,110.0,0.0,58.93,28.65,2.28,0.0,2020-09-20 07:30:00+00:00,110.0,32.0875,10.6725575,10.352380775
20200920:0830,102.05,183.4,0.0,47.34,28.62,1.31,0.0,2020-09-20 08:30:00+00:00,285.45,37.5403125,27.041554474687498,26.230307840446873
20200920:0930,108.0,141.15,0.0,34.38,29.11,0.62,0.0,2020-09-20 09:30:00+00:00,249.15,36.8959375,23.670173412187502,22.960068209821877
20200920:1030,63.0,98.15,0.0,20.85,29.9,0.97,0.0,2020-09-20 10:30:00+00:00,161.15,34.9359375,15.442505942187502,14.979230763921876
20200920:1130,11.4,36.85,0.0,7.1,30.01,1.79,0.0,2020-09-20 11:30:00+00:00,48.25,31.5178125,4.6929165296875,4.552129033796875
20200920:1230,0.0,0.0,0.0,0.0,29.44,2.14,0.0,2020-09-20 12:30:00+00:00,0.0,29.44,0.0,0.0
20200920:1330,0.0,0.0,0.0,0.0,28.6,2.14,0.0,2020-09-20 13:30:00+00:00,0.0,28.6,0.0,0.0
20200920:1430,0.0,0.0,0.0,0.0,28.14,2.21,0.0,2020-09-20 14:30:00+00:00,0.0,28.14,0.0,0.0
20200920:1530,0.0,0.0,0.0,0.0,27.83,2.41,0.0,2020-09-20 15:30:00+00:00,0.0,27.83,0.0,0.0
20200920:1630,0.0,0.0,0.0,0.0,27.61,2.9,0.0,2020-09-20 16:30:00+00:00,0.0,27.61,0.0,0.0
20200920:1730,0.0,0.0,0.0,0.0,27.45,3.31,0.0,2020-09-20 17:30:00+00:00,0.0,27.45,0.0,0.0
20200920:1830,0.0,0.0,0.0,0.0,27.06,3.17,0.0,2020-09-20 18:30:00+00:00,0.0,27.06,0.0,0.0
20200920:1930,0.0,0.0,0.0,0.0,26.7,3.17,0.0,2020-09-20 19:30:00+00:00,0.0,26.7,0.0,0.0
20200920:2030,0.0,0.0,0.0,0.0,26.56,2.9,0.0,2020-09-20 20:30:00+00:00,0.0,26.56,0.0,0.0
20200920:2130,0.0,0.0,0.0,0.0,26.45,2.97,0.0,2020-09-20 21:30:00+00:00,0.0,26.45,0.0,0.0
20200920:2230,0.0,0.0,0.0,0.0,26.45,3.72,0.0,2020-09-20 22:30:00+00:00,0.0,26.45,0.0,0.0
20200920:2330,0.0,0.0,0.0,-6.17,26.28,3.31,0.0,2020-09-20 23:30:00+00:00,0.0,26.28,0.0,0.0
20200921:0030,8.3,23.85,0.0,7.56,26.24,3.1,0.0,2020-09-21 00:30:00+00:00,32.150000000000006,27.244687499999998,3.1846899846875,3.089149285146875
20200921:0130,37.75,81.95,0.0,21.3,26.49,2.97,0.0,2020-09-21 01:30:00+00:00,119.7,30.230625,11.70703555875,11.3558244919875
20200921:0230,143.3,114.4,0.0,34.79,27.04,4.28,0.0,2020-09-21 02:30:00+00:00,257.70000000000005,35.093125,24.677580708750003,23.937253287487504
20200921:0330,193.85,203.1,0.0,47.67,27.83,3.66,0.0,2020-09-21 03:30:00+00:00,396.95,40.2346875,37.1550881346875,36.04043549064688
20200921:0430,67.6,218.3,0.0,59.1,28.95,3.52,0.0,2020-09-21 04:30:00+00:00,285.9,37.884375,27.04287001875,26.2315839181875
20200921:0530,137.6,271.15,0.0,66.74,29.1,3.72,0.0,2020-09-21 05:30:00+00:00,408.75,41.8734375,37.9782526171875,36.838905038671875
20200921:0630,58.55,178.85,0.0,66.51,28.89,4.14,0.0,2020-09-21 06:30:00+00:00,237.39999999999998,36.30875,22.612427155,21.93405434035
20200921:0730,19.9,124.0,0.0,58.59,28.05,4.48,0.0,2020-09-21 07:30:00+00:00,143.9,32.546875,13.93388196875,13.515865509687501
20200921:0830,24.95,96.85,0.0,47.05,26.86,3.93,0.0,2020-09-21 08:30:00+00:00,121.8,30.666249999999998,11.890137314999999,11.533433195549998
20200921:0930,56.75,100.85,0.0,34.12,26.81,2.55,0.0,2020-09-21 09:30:00+00:00,157.6,31.735,15.31419688,14.8547709736
20200921:1030,13.0,58.85,0.0,20.61,27.14,2.55,0.0,2020-09-21 10:30:00+00:00,71.85,29.3853125,7.052664424687499,6.841084491946874
20200921:1130,5.75,29.95,0.0,6.86,26.97,2.9,0.0,2020-09-21 11:30:00+00:00,35.7,28.085625,3.52373413875,3.4180221145875
20200921:1230,0.0,0.0,0.0,0.0,26.99,2.55,0.0,2020-09-21 12:30:00+00:00,0.0,26.99,0.0,0.0
20200921:1330,0.0,0.0,0.0,0.0,26.87,1.93,0.0,2020-09-21 13:30:00+00:00,0.0,26.87,0.0,0.0
20200921:1430,0.0,0.0,0.0,0.0,26.77,2.07,0.0,2020-09-21 14:30:00+00:00,0.0,26.77,0.0,0.0
20200921:1530,0.0,0.0,0.0,0.0,26.76,2.28,0.0,2020-09-21 15:30:00+00:00,0.0,26.76,0.0,0.0
20200921:1630,0.0,0.0,0.0,0.0,26.68,2.28,0.0,2020-09-21 16:30:00+00:00,0.0,26.68,0.0,0.0
20200921:1730,0.0,0.0,0.0,0.0,26.26,2.62,0.0,2020-09-21 17:30:00+00:00,0.0,26.26,0.0,0.0
20200921:1830,0.0,0.0,0.0,0.0,26.36,2.9,0.0,2020-09-21 18:30:00+00:00,0.0,26.36,0.0,0.0
20200921:1930,0.0,0.0,0.0,0.0,25.86,2.62,0.0,2020-09-21 19:30:00+00:00,0.0,25.86,0.0,0.0
20200921:2030,0.0,0.0,0.0,0.0,25.89,2.55,0.0,2020-09-21 20:30:00+00:00,0.0,25.89,0.0,0.0
20200921:2130,0.0,0.0,0.0,0.0,25.91,2.41,0.0,2020-09-21 21:30:00+00:00,0.0,25.91,0.0,0.0
20200921:2230,0.0,0.0,0.0,0.0,26.03,2.76,0.0,2020-09-21 22:30:00+00:00,0.0,26.03,0.0,0.0
20200921:2330,0.0,0.0,0.0,0.0,26.19,3.1,0.0,2020-09-21 23:30:00+00:00,0.0,26.19,0.0,0.0
20200922:0030,2.75,28.15,0.0,7.49,26.25,2.83,0.0,2020-09-22 00:30:00+00:00,30.9,27.215625,3.06124561875,2.9694082501875
20200922:0130,13.2,97.2,0.0,21.22,26.44,3.03,0.0,2020-09-22 01:30:00+00:00,110.4,29.89,10.813260480000002,10.488862665600001
20200922:0230,90.45,199.8,0.0,34.69,27.08,3.66,0.0,2020-09-22 02:30:00+00:00,290.25,36.1503125,27.665721154687503,26.83574952004688
20200922:0330,192.6,256.15,0.0,47.53,28.02,4.34,0.0,2020-09-22 03:30:00+00:00,448.75,42.043437499999996,41.6627381171875,40.412855973671874
20200922:0430,297.35,292.05,0.0,58.87,29.17,4.21,0.0,2020-09-22 04:30:00+00:00,589.4000000000001,47.588750000000005,53.348200115000004,51.74775411155
20200922:0530,250.65,346.85,0.0,66.39,30.19,4.14,0.0,2020-09-22 05:30:00+00:00,597.5,48.861875,53.76186246875,52.1490065946875
20200922:0630,121.2,368.95,0.0,66.11,30.94,4.34,0.0,2020-09-22 06:30:00+00:00,490.15,46.2571875,44.6389316096875,43.299763661396874
20200922:0730,138.25,268.0,0.0,58.24,30.59,3.66,0.0,2020-09-22 07:30:00+00:00,406.25,43.2853125,37.5050685546875,36.379916498046875
20200922:0830,131.45,272.15,0.0,46.75,30.81,3.86,0.0,2020-09-22 08:30:00+00:00,403.59999999999997,43.4225,37.23716518,36.1200502246
20200922:0930,64.35,182.75,0.0,33.85,30.74,4.0,0.0,2020-09-22 09:30:00+00:00,247.1,38.461875,23.312899688749997,22.613512698087497
20200922:1030,50.5,99.8,0.0,20.37,29.47,2.97,0.0,2020-09-22 10:30:00+00:00,150.3,34.166875,14.451331848750002,14.017791893287502
20200922:1130,12.05,28.4,0.0,6.63,29.4,2.34,0.0,2020-09-22 11:30:00+00:00,40.45,30.6640625,3.9487732421875,3.830310044921875
20200922:1230,0.0,0.0,0.0,0.0,28.92,2.97,0.0,2020-09-22 12:30:00+00:00,0.0,28.92,0.0,0.0
20200922:1330,0.0,0.0,0.0,0.0,28.44,3.03,0.0,2020-09-22 13:30:00+00:00,0.0,28.44,0.0,0.0
20200922:1430,0.0,0.0,0.0,0.0,28.07,3.31,0.0,2020-09-22 14:30:00+00:00,0.0,28.07,0.0,0.0
20200922:1530,0.0,0.0,0.0,0.0,27.79,3.24,0.0,2020-09-22 15:30:00+00:00,0.0,27.79,0.0,0.0
20200922:1630,0.0,0.0,0.0,0.0,27.53,2.83,0.0,2020-09-22 16:30:00+00:00,0.0,27.53,0.0,0.0
20200922:1730,0.0,0.0,0.0,0.0,27.31,2.62,0.0,2020-09-22 17:30:00+00:00,0.0,27.31,0.0,0.0
20200922:1830,0.0,0.0,0.0,0.0,27.09,2.9,0.0,2020-09-22 18:30:00+00:00,0.0,27.09,0.0,0.0
20200922:1930,0.0,0.0,0.0,0.0,26.05,3.17,0.0,2020-09-22 19:30:00+00:00,0.0,26.05,0.0,0.0
20200922:2030,0.0,0.0,0.0,0.0,25.88,3.45,0.0,2020-09-22 20:30:00+00:00,0.0,25.88,0.0,0.0
20200922:2130,0.0,0.0,0.0,0.0,25.88,3.24,0.0,2020-09-22 21:30:00+00:00,0.0,25.88,0.0,0.0
20200922:2230,0.0,0.0,0.0,0.0,25.94,2.97,0.0,2020-09-22 22:30:00+00:00,0.0,25.94,0.0,0.0
20200922:2330,0.0,0.0,0.0,-6.31,26.1,2.9,0.0,2020-09-22 23:30:00+00:00,0.0,26.1,0.0,0.0
20200923:0030,13.7,34.8,0.0,7.42,26.1,2.83,0.0,2020-09-23 00:30:00+00:00,48.5,27.615625,4.79671971875,4.6528181271875
20200923:0130,35.35,103.35,0.0,21.14,26.51,3.1,0.0,2020-09-23 01:30:00+00:00,138.7,30.844375,13.52954177875,13.1236555253875
20200923:0230,129.1,169.75,0.0,34.58,27.28,3.17,0.0,2020-09-23 02:30:00+00:00,298.85,36.6190625,28.426610132187502,27.573811828221878
20200923:0330,46.5,210.1,0.0,47.38,28.67,3.66,0.0,2020-09-23 03:30:00+00:00,256.6,36.68875,24.400280035,23.668271633950003
20200923:0430,158.25,287.0,0.0,58.64,28.35,4.41,0.0,2020-09-23 04:30:00+00:00,445.25,42.2640625,41.2965339921875,40.05763797242187
20200923:0530,304.6,305.3,0.0,66.04,28.93,4.21,0.0,2020-09-23 05:30:00+00:00,609.9000000000001,47.989375,55.101087678750005,53.4480550483875
20200923:0630,17.15,167.15,0.0,65.71,30.25,4.55,0.0,2020-09-23 06:30:00+00:00,184.3,36.009375,17.577808318750005,17.050474069187505
20200923:0730,7.95,181.5,0.0,57.89,28.19,3.79,0.0,2020-09-23 07:30:00+00:00,189.45,34.1103125,18.220101544687495,17.67349849834687
20200923:0830,18.5,230.25,0.0,46.46,28.02,4.41,0.0,2020-09-23 08:30:00+00:00,248.75,35.793437499999996,23.7473556171875,23.034934948671875
20200923:0930,37.4,172.3,0.0,33.59,28.4,4.0,0.0,2020-09-23 09:30:00+00:00,209.70000000000002,34.953125,20.093388468750003,19.490586814687504
20200923:1030,4.2,69.0,0.0,20.12,27.81,4.48,0.0,2020-09-23 10:30:00+00:00,73.2,30.0975,7.1632824600000005,6.9483839862000005
20200923:1130,0.0,17.1,0.0,6.39,27.57,3.45,0.0,2020-09-23 11:30:00+00:00,17.1,28.104375,1.68770437875,1.6370732473874998
20200923:1230,0.0,0.0,0.0,0.0,27.23,3.17,0.0,2020-09-23 12:30:00+00:00,0.0,27.23,0.0,0.0
20200923:1330,0.0,0.0,0.0,0.0,27.02,3.03,0.0,2020-09-23 13:30:00+00:00,0.0,27.02,0.0,0.0
20200923:1430,0.0,0.0,0.0,0.0,26.93,2.83,0.0,2020-09-23 14:30:00+00:00,0.0,26.93,0.0,0.0
20200923:1530,0.0,0.0,0.0,0.0,26.93,2.97,0.0,2020-09-23 15:30:00+00:00,0.0,26.93,0.0,0.0
20200923:1630,0.0,0.0,0.0,0.0,26.63,2.83,0.0,2020-09-23 16:30:00+00:00,0.0,26.63,0.0,0.0
20200923:1730,0.0,0.0,0.0,0.0,26.45,3.03,0.0,2020-09-23 17:30:00+00:00,0.0,26.45,0.0,0.0
20200923:1830,0.0,0.0,0.0,0.0,26.36,3.03,0.0,2020-09-23 18:30:00+00:00,0.0,26.36,0.0,0.0
20200923:1930,0.0,0.0,0.0,0.0,26.36,3.03,0.0,2020-09-23 19:30:00+00:00,0.0,26.36,0.0,0.0
20200923:2030,0.0,0.0,0.0,0.0,26.07,3.38,0.0,2020-09-23 20:30:00+00:00,0.0,26.07,0.0,0.0
20200923:2130,0.0,0.0,0.0,0.0,25.86,3.31,0.0,2020-09-23 21:30:00+00:00,0.0,25.86,0.0,0.0
20200923:2230,0.0,0.0,0.0,0.0,25.81,3.1,0.0,2020-09-23 22:30:00+00:00,0.0,25.81,0.0,0.0
20200923:2330,0.0,0.0,0.0,0.0,25.84,2.9,0.0,2020-09-23 23:30:00+00:00,0.0,25.84,0.0,0.0
20200924:0030,3.65,38.25,0.0,7.35,25.91,2.69,0.0,2020-09-24 00:30:00+00:00,41.9,27.219375,4.150943438750001,4.0264151355875
20200924:0130,21.6,116.1,0.0,21.06,26.34,2.62,0.0,2020-09-24 01:30:00+00:00,137.7,30.643124999999998,13.443635508749999,13.0403264434875
20200924:0230,90.25,157.6,0.0,34.48,27.22,3.03,0.0,2020-09-24 02:30:00+00:00,247.85,34.965312499999996,23.7476408646875,23.035211638746876
20200924:0330,183.5,226.35,0.0,47.23,28.07,3.1,0.0,2020-09-24 03:30:00+00:00,409.85,40.877812500000005,38.25184098968751,37.104285759996884
20200924:0430,130.6,254.2,0.0,58.41,29.29,3.52,0.0,2020-09-24 04:30:00+00:00,384.79999999999995,41.315,35.84323496,34.76793791119999
20200924:0530,130.6,332.1,0.0,65.69,29.25,3.38,0.0,2020-09-24 05:30:00+00:00,462.70000000000005,43.709375,42.634132318750005,41.3551083491875
20200924:0630,37.25,222.4,0.0,65.32,30.2,3.24,0.0,2020-09-24 06:30:00+00:00,259.65,38.3140625,24.5130615421875,23.777669695921876
20200924:0730,54.2,234.75,0.0,57.54,29.47,3.03,0.0,2020-09-24 07:30:00+00:00,288.95,38.4996875,27.2566914246875,26.438990681946873
20200924:0830,39.8,215.1,0.0,46.16,29.74,2.9,0.0,2020-09-24 08:30:00+00:00,254.89999999999998,37.705625,24.129761198749996,23.405868362787494
20200924:0930,16.15,173.25,0.0,33.33,29.14,3.17,0.0,2020-09-24 09:30:00+00:00,189.4,35.05875,18.139846555000002,17.59565115835
20200924:1030,33.55,92.7,0.0,19.88,29.09,3.1,0.0,2020-09-24 10:30:00+00:00,126.25,33.0353125,12.1989275546875,11.832959728046875
20200924:1130,4.4,25.4,0.0,6.15,28.85,3.03,0.0,2020-09-24 11:30:00+00:00,29.799999999999997,29.78125,2.9201578749999992,2.8325531387499994
20200924:1230,0.0,0.0,0.0,0.0,28.28,2.83,0.0,2020-09-24 12:30:00+00:00,0.0,28.28,0.0,0.0
20200924:1330,0.0,0.0,0.0,0.0,27.98,3.1,0.0,2020-09-24 13:30:00+00:00,0.0,27.98,0.0,0.0
20200924:1430,0.0,0.0,0.0,0.0,27.76,3.1,0.0,2020-09-24 14:30:00+00:00,0.0,27.76,0.0,0.0
20200924:1530,0.0,0.0,0.0,0.0,27.74,3.1,0.0,2020-09-24 15:30:00+00:00,0.0,27.74,0.0,0.0
20200924:1630,0.0,0.0,0.0,0.0,27.7,3.38,0.0,2020-09-24 16:30:00+00:00,0.0,27.7,0.0,0.0
20200924:1730,0.0,0.0,0.0,0.0,27.57,3.38,0.0,2020-09-24 17:30:00+00:00,0.0,27.57,0.0,0.0
20200924:1830,0.0,0.0,0.0,0.0,27.39,3.31,0.0,2020-09-24 18:30:00+00:00,0.0,27.39,0.0,0.0
20200924:1930,0.0,0.0,0.0,0.0,27.54,3.17,0.0,2020-09-24 19:30:00+00:00,0.0,27.54,0.0,0.0
20200924:2030,0.0,0.0,0.0,0.0,27.39,3.31,0.0,2020-09-24 20:30:00+00:00,0.0,27.39,0.0,0.0
20200924:2130,0.0,0.0,0.0,0.0,27.28,3.24,0.0,2020-09-24 21:30:00+00:00,0.0,27.28,0.0,0.0
20200924:2230,0.0,0.0,0.0,0.0,27.22,3.17,0.0,2020-09-24 22:30:00+00:00,0.0,27.22,0.0,0.0
20200924:2330,0.0,0.0,0.0,0.0,27.12,3.17,0.0,2020-09-24 23:30:00+00:00,0.0,27.12,0.0,0.0
20200925:0030,15.6,33.0,0.0,7.28,27.01,3.17,0.0,2020-09-25 00:30:00+00:00,48.6,28.528750000000002,4.787971155,4.64433202035
20200925:0130,81.15,97.0,0.0,20.98,27.34,2.76,0.0,2020-09-25 01:30:00+00:00,178.15,32.9071875,17.2233605096875,16.706659694396873
20200925:0230,179.6,176.75,0.0,34.37,28.22,4.34,0.0,2020-09-25 02:30:00+00:00,356.35,39.355937499999996,33.486389902187504,32.481798205121876
20200925:0330,269.95,207.25,0.0,47.07,29.07,3.86,0.0,2020-09-25 03:30:00+00:00,477.2,43.9825,43.91545142,42.597987877399994
20200925:0430,331.8,282.15,0.0,58.17,29.85,3.79,0.0,2020-09-25 04:30:00+00:00,613.95,49.0359375,55.1971171921875,53.54120367642187
20200925:0530,194.35,310.05,0.0,65.34,30.97,3.86,0.0,2020-09-25 05:30:00+00:00,504.4,46.7325,45.83601334,44.4609329398
20200925:0630,118.05,260.4,0.0,64.92,30.24,4.0,0.0,2020-09-25 06:30:00+00:00,378.45,42.066562499999996,35.1322869571875,34.078318348471875
20200925:0730,124.6,209.75,0.0,57.19,28.9,4.07,0.0,2020-09-25 07:30:00+00:00,334.35,39.3484375,31.420091967187503,30.47748920817188
20200925:0830,111.2,186.95,0.0,45.86,29.05,3.38,0.0,2020-09-25 08:30:00+00:00,298.15,38.3671875,28.141120679687496,27.29688705929687
20200925:0930,108.75,141.1,0.0,33.07,29.5,3.45,0.0,2020-09-25 09:30:00+00:00,249.85,37.3078125,23.6934550796875,22.982651427296872
20200925:1030,30.05,62.15,0.0,19.63,28.67,3.66,0.0,2020-09-25 10:30:00+00:00,92.2,31.551250000000003,8.966309395000001,8.69732011315
20200925:1130,1.6,22.2,0.0,5.92,27.93,2.97,0.0,2020-09-25 11:30:00+00:00,23.8,28.67375,2.343277195,2.27297887915
20200925:1230,0.0,0.0,0.0,0.0,27.61,2.76,0.0,2020-09-25 12:30:00+00:00,0.0,27.61,0.0,0.0
20200925:1330,0.0,0.0,0.0,0.0,27.45,2.9,0.0,2020-09-25 13:30:00+00:00,0.0,27.45,0.0,0.0
20200925:1430,0.0,0.0,0.0,0.0,27.34,3.03,0.0,2020-09-25 14:30:00+00:00,0.0,27.34,0.0,0.0
20200925:1530,0.0,0.0,0.0,0.0,27.08,2.9,0.0,2020-09-25 15:30:00+00:00,0.0,27.08,0.0,0.0
20200925:1630,0.0,0.0,0.0,0.0,27.04,3.03,0.0,2020-09-25 16:30:00+00:00,0.0,27.04,0.0,0.0
20200925:1730,0.0,0.0,0.0,0.0,26.78,3.17,0.0,2020-09-25 17:30:00+00:00,0.0,26.78,0.0,0.0
20200925:1830,0.0,0.0,0.0,0.0,26.35,3.17,0.0,2020-09-25 18:30:00+00:00,0.0,26.35,0.0,0.0
20200925:1930,0.0,0.0,0.0,0.0,26.93,2.9,0.0,2020-09-25 19:30:00+00:00,0.0,26.93,0.0,0.0
20200925:2030,0.0,0.0,0.0,0.0,26.86,2.69,0.0,2020-09-25 20:30:00+00:00,0.0,26.86,0.0,0.0
20200925:2130,0.0,0.0,0.0,0.0,26.71,2.69,0.0,2020-09-25 21:30:00+00:00,0.0,26.71,0.0,0.0
20200925:2230,0.0,0.0,0.0,0.0,26.6,2.76,0.0,2020-09-25 22:30:00+00:00,0.0,26.6,0.0,0.0
20200925:2330,0.0,0.0,0.0,0.0,26.32,2.62,0.0,2020-09-25 23:30:00+00:00,0.0,26.32,0.0,0.0
20200926:0030,7.65,24.25,0.0,7.21,26.02,2.55,0.0,2020-09-26 00:30:00+00:00,31.9,27.016875,3.16297790875,3.0680885714875
20200926:0130,42.95,91.65,0.0,20.89,26.15,2.34,0.0,2020-09-26 01:30:00+00:00,134.60000000000002,30.35625,13.157200475000003,12.762484460750002
20200926:0230,146.6,144.5,0.0,34.26,27.03,2.9,0.0,2020-09-26 02:30:00+00:00,291.1,36.126875,27.749606008750003,26.917117828487502
20200926:0330,273.8,202.1,0.0,46.91,28.2,2.62,0.0,2020-09-26 03:30:00+00:00,475.9,43.071875,43.97782976875,42.658494875687495
20200926:0430,233.4,223.8,0.0,57.93,29.48,2.62,0.0,2020-09-26 04:30:00+00:00,457.20000000000005,43.7675,42.11618958000001,40.85270389260001
20200926:0530,121.75,259.05,0.0,64.99,30.31,2.9,0.0,2020-09-26 05:30:00+00:00,380.8,42.21,35.327501440000006,34.267676396800006
20200926:0630,241.4,250.05,0.0,64.52,28.61,3.72,0.0,2020-09-26 06:30:00+00:00,491.45000000000005,43.9678125,45.229872789687505,43.872976605996875
20200926:0730,317.8,217.2,0.0,56.84,30.7,3.59,0.0,2020-09-26 07:30:00+00:00,535.0,47.41875,48.462506875,47.00863166875
20200926:0830,250.85,186.1,0.0,45.57,30.94,3.45,0.0,2020-09-26 08:30:00+00:00,436.95,44.5946875,40.0990025446875,38.896032468346874
20200926:0930,13.6,108.2,0.0,32.8,28.26,4.14,0.0,2020-09-26 09:30:00+00:00,121.8,32.066250000000004,11.818518915,11.46396334755
20200926:1030,13.75,60.75,0.0,19.39,27.7,1.72,0.0,2020-09-26 10:30:00+00:00,74.5,30.028125,7.292669968749999,7.073889869687499
20200926:1130,2.25,24.09,0.0,5.68,27.54,2.07,0.0,2020-09-26 11:30:00+00:00,26.34,28.363125,2.59679442075,2.5188905881275003
20200926:1230,0.0,0.0,0.0,0.0,27.28,2.28,0.0,2020-09-26 12:30:00+00:00,0.0,27.28,0.0,0.0
20200926:1330,0.0,0.0,0.0,0.0,26.62,1.79,0.0,2020-09-26 13:30:00+00:00,0.0,26.62,0.0,0.0
20200926:1430,0.0,0.0,0.0,0.0,26.58,1.66,0.0,2020-09-26 14:30:00+00:00,0.0,26.58,0.0,0.0
20200926:1530,0.0,0.0,0.0,0.0,26.46,1.93,0.0,2020-09-26 15:30:00+00:00,0.0,26.46,0.0,0.0
20200926:1630,0.0,0.0,0.0,0.0,26.27,1.52,0.0,2020-09-26 16:30:00+00:00,0.0,26.27,0.0,0.0
20200926:1730,0.0,0.0,0.0,0.0,26.07,1.59,0.0,2020-09-26 17:30:00+00:00,0.0,26.07,0.0,0.0
20200926:1830,0.0,0.0,0.0,0.0,25.93,1.93,0.0,2020-09-26 18:30:00+00:00,0.0,25.93,0.0,0.0
20200926:1930,0.0,0.0,0.0,0.0,26.59,2.48,0.0,2020-09-26 19:30:00+00:00,0.0,26.59,0.0,0.0
20200926:2030,0.0,0.0,0.0,0.0,26.58,2.21,0.0,2020-09-26 20:30:00+00:00,0.0,26.58,0.0,0.0
20200926:2130,0.0,0.0,0.0,0.0,26.49,1.86,0.0,2020-09-26 21:30:00+00:00,0.0,26.49,0.0,0.0
20200926:2230,0.0,0.0,0.0,0.0,26.28,1.86,0.0,2020-09-26 22:30:00+00:00,0.0,26.28,0.0,0.0
20200926:2330,0.0,0.0,0.0,0.0,26.32,1.86,0.0,2020-09-26 23:30:00+00:00,0.0,26.32,0.0,0.0
20200927:0030,11.55,28.75,0.0,7.13,26.22,1.72,0.0,2020-09-27 00:30:00+00:00,40.3,27.479374999999997,3.9880340987499996,3.8683930757874996
20200927:0130,103.65,84.55,0.0,20.81,26.61,1.59,0.0,2020-09-27 01:30:00+00:00,188.2,32.49125,18.227861634999996,17.681025785949995
20200927:0230,224.8,144.95,0.0,34.14,27.89,2.55,0.0,2020-09-27 02:30:00+00:00,369.75,39.4446875,34.731812254687505,33.68985788704688
20200927:0330,304.7,197.85,0.0,46.75,28.92,2.0,0.0,2020-09-27 03:30:00+00:00,502.54999999999995,44.6246875,46.1127975846875,44.72941365714687
20200927:0430,265.8,221.9,0.0,57.69,30.26,1.72,0.0,2020-09-27 04:30:00+00:00,487.70000000000005,45.500625,44.57077497875,43.2336517293875
20200927:0530,276.4,290.2,0.0,64.63,30.78,1.52,0.0,2020-09-27 05:30:00+00:00,566.5999999999999,48.48625,51.070930114999996,49.53880221154999
20200927:0630,380.65,249.7,0.0,64.12,31.43,1.24,0.0,2020-09-27 06:30:00+00:00,630.3499999999999,51.1284375,56.11757455718748,54.434047320471855
20200927:0730,239.85,265.3,0.0,56.5,31.77,0.21,0.0,2020-09-27 07:30:00+00:00,505.15,47.5559375,45.7294646321875,44.35758069322188
20200927:0830,123.7,209.1,0.0,45.27,31.74,0.07,0.0,2020-09-27 08:30:00+00:00,332.8,42.14,30.884239360000002,29.9577121792
20200927:0930,46.6,165.4,0.0,32.54,31.08,0.34,0.0,2020-09-27 09:30:00+00:00,212.0,37.705,20.0687468,19.466684395999998
20200927:1030,28.15,86.6,0.0,19.14,30.35,1.31,0.0,2020-09-27 10:30:00+00:00,114.75,33.9359375,11.044332492187499,10.713002517421874
20200927:1130,8.1,23.76,0.0,5.45,29.51,2.0,0.0,2020-09-27 11:30:00+00:00,31.86,30.505625000000002,3.11232813075,3.0189582868275
20200927:1230,0.0,0.0,0.0,0.0,28.41,2.21,0.0,2020-09-27 12:30:00+00:00,0.0,28.41,0.0,0.0
20200927:1330,0.0,0.0,0.0,0.0,27.76,2.0,0.0,2020-09-27 13:30:00+00:00,0.0,27.76,0.0,0.0
20200927:1430,0.0,0.0,0.0,0.0,27.3,1.52,0.0,2020-09-27 14:30:00+00:00,0.0,27.3,0.0,0.0
20200927:1530,0.0,0.0,0.0,0.0,26.99,1.52,0.0,2020-09-27 15:30:00+00:00,0.0,26.99,0.0,0.0
20200927:1630,0.0,0.0,0.0,0.0,26.66,1.66,0.0,2020-09-27 16:30:00+00:00,0.0,26.66,0.0,0.0
20200927:1730,0.0,0.0,0.0,0.0,26.53,1.72,0.0,2020-09-27 17:30:00+00:00,0.0,26.53,0.0,0.0
20200927:1830,0.0,0.0,0.0,0.0,26.36,1.66,0.0,2020-09-27 18:30:00+00:00,0.0,26.36,0.0,0.0
20200927:1930,0.0,0.0,0.0,0.0,26.66,1.52,0.0,2020-09-27 19:30:00+00:00,0.0,26.66,0.0,0.0
20200927:2030,0.0,0.0,0.0,0.0,26.49,1.45,0.0,2020-09-27 20:30:00+00:00,0.0,26.49,0.0,0.0
20200927:2130,0.0,0.0,0.0,0.0,26.32,1.24,0.0,2020-09-27 21:30:00+00:00,0.0,26.32,0.0,0.0
20200927:2230,0.0,0.0,0.0,0.0,26.04,1.03,0.0,2020-09-27 22:30:00+00:00,0.0,26.04,0.0,0.0
20200927:2330,0.0,0.0,0.0,0.0,26.01,0.69,0.0,2020-09-27 23:30:00+00:00,0.0,26.01,0.0,0.0
20200928:0030,26.45,33.1,0.0,7.06,25.42,0.97,0.0,2020-09-28 00:30:00+00:00,59.55,27.2809375,5.897951472187501,5.721012928021875
20200928:0130,146.2,94.05,0.0,20.72,26.69,0.76,0.0,2020-09-28 01:30:00+00:00,240.25,34.1978125,23.0968947296875,22.403987887796873
20200928:0230,227.4,149.45,0.0,34.03,28.24,0.62,0.0,2020-09-28 02:30:00+00:00,376.85,40.0165625,35.3082235371875,34.24897683107188
20200928:0330,275.45,166.85,0.0,46.59,29.32,0.76,0.0,2020-09-28 03:30:00+00:00,442.29999999999995,43.141875,40.859856448749994,39.63406075528749
20200928:0430,470.75,198.2,0.0,57.44,30.07,0.83,0.0,2020-09-28 04:30:00+00:00,668.95,50.9746875,59.59717777468751,57.80926244144688
20200928:0530,489.85,226.1,0.0,64.28,31.12,0.76,0.0,2020-09-28 05:30:00+00:00,715.95,53.4934375,63.027051837187514,61.13624028207189
20200928:0630,530.9,174.55,0.0,63.72,31.58,0.83,0.0,2020-09-28 06:30:00+00:00,705.45,53.6253125,62.0636347846875,60.20172574114687
20200928:0730,432.0,165.8,0.0,56.15,32.28,1.03,0.0,2020-09-28 07:30:00+00:00,597.8,50.96125,53.261753195000004,51.663900599150004
20200928:0830,259.3,152.9,0.0,44.97,32.2,0.9,0.0,2020-09-28 08:30:00+00:00,412.20000000000005,45.081250000000004,37.743453675000005,36.61115006475001
20200928:0930,204.9,120.65,0.0,32.27,31.0,0.41,0.0,2020-09-28 09:30:00+00:00,325.55,41.1734375,30.3435897171875,29.433282025671872
20200928:1030,93.5,76.0,0.0,18.9,30.35,0.34,0.0,2020-09-28 10:30:00+00:00,169.5,35.646875,16.192048968750004,15.706287499687503
20200928:1130,12.95,17.82,0.0,5.21,30.03,0.62,0.0,2020-09-28 11:30:00+00:00,30.77,30.9915625,2.9995686411875,2.909581581951875
20200928:1230,0.0,0.0,0.0,0.0,29.31,0.9,0.0,2020-09-28 12:30:00+00:00,0.0,29.31,0.0,0.0
20200928:1330,0.0,0.0,0.0,0.0,28.37,1.66,0.0,2020-09-28 13:30:00+00:00,0.0,28.37,0.0,0.0
20200928:1430,0.0,0.0,0.0,0.0,27.84,1.59,0.0,2020-09-28 14:30:00+00:00,0.0,27.84,0.0,0.0
20200928:1530,0.0,0.0,0.0,0.0,27.56,1.52,0.0,2020-09-28 15:30:00+00:00,0.0,27.56,0.0,0.0
20200928:1630,0.0,0.0,0.0,0.0,27.33,1.52,0.0,2020-09-28 16:30:00+00:00,0.0,27.33,0.0,0.0
20200928:1730,0.0,0.0,0.0,0.0,27.18,1.38,0.0,2020-09-28 17:30:00+00:00,0.0,27.18,0.0,0.0
20200928:1830,0.0,0.0,0.0,0.0,26.93,1.24,0.0,2020-09-28 18:30:00+00:00,0.0,26.93,0.0,0.0
20200928:1930,0.0,0.0,0.0,0.0,26.92,0.83,0.0,2020-09-28 19:30:00+00:00,0.0,26.92,0.0,0.0
20200928:2030,0.0,0.0,0.0,0.0,26.74,0.83,0.0,2020-09-28 20:30:00+00:00,0.0,26.74,0.0,0.0
20200928:2130,0.0,0.0,0.0,0.0,26.93,0.48,0.0,2020-09-28 21:30:00+00:00,0.0,26.93,0.0,0.0
20200928:2230,0.0,0.0,0.0,0.0,26.95,0.07,0.0,2020-09-28 22:30:00+00:00,0.0,26.95,0.0,0.0
20200928:2330,0.0,0.0,0.0,0.0,26.14,0.9,0.0,2020-09-28 23:30:00+00:00,0.0,26.14,0.0,0.0
20200929:0030,14.1,37.35,0.0,6.98,25.89,1.03,0.0,2020-09-29 00:30:00+00:00,51.45,27.497812500000002,5.0910247696875,4.938294026596875
20200929:0130,89.4,117.3,0.0,20.62,26.97,0.62,0.0,2020-09-29 01:30:00+00:00,206.7,33.429375,19.938212238749998,19.3400658715875
20200929:0230,134.2,207.7,0.0,33.91,28.49,0.97,0.0,2020-09-29 02:30:00+00:00,341.9,39.174375,32.15458809875,31.189950455787496
20200929:0330,98.2,294.75,0.0,46.42,29.38,1.17,0.0,2020-09-29 03:30:00+00:00,392.95,41.6596875,36.54550183468749,35.449136779646864
20200929:0430,125.65,339.75,0.0,57.19,29.89,0.41,0.0,2020-09-29 04:30:00+00:00,465.4,44.43375,42.741323754999996,41.45908404234999
20200929:0530,198.45,307.15,0.0,63.92,30.51,1.1,0.0,2020-09-29 05:30:00+00:00,505.59999999999997,46.31,46.03477888,44.6537355136
20200929:0630,484.9,223.1,0.0,63.33,31.01,1.17,0.0,2020-09-29 06:30:00+00:00,708.0,53.135000000000005,62.4337764,60.560763107999996
20200929:0730,382.35,230.5,0.0,55.8,31.73,1.03,0.0,2020-09-29 07:30:00+00:00,612.85,50.8815625,54.6231634571875,52.98446855347188
20200929:0830,338.05,175.45,0.0,44.67,31.83,0.83,0.0,2020-09-29 08:30:00+00:00,513.5,47.876875,46.41614436875,45.0236600376875
20200929:0930,171.3,170.9,0.0,32.01,31.97,0.69,0.0,2020-09-29 09:30:00+00:00,342.20000000000005,42.66375,31.681295195000004,30.73085633915
20200929:1030,20.2,93.0,0.0,18.66,31.73,0.69,0.0,2020-09-29 10:30:00+00:00,113.2,35.2675,10.83184198,10.506886720599999
20200929:1130,1.7,14.24,0.0,4.98,29.46,1.17,0.0,2020-09-29 11:30:00+00:00,15.94,29.958125000000003,1.56080634475,1.5139821544075
20200929:1230,0.0,0.0,0.0,0.0,27.79,0.69,0.0,2020-09-29 12:30:00+00:00,0.0,27.79,0.0,0.0
20200929:1330,0.0,0.0,0.0,0.0,27.5,0.76,0.0,2020-09-29 13:30:00+00:00,0.0,27.5,0.0,0.0
20200929:1430,0.0,0.0,0.0,0.0,27.23,1.31,0.0,2020-09-29 14:30:00+00:00,0.0,27.23,0.0,0.0
20200929:1530,0.0,0.0,0.0,0.0,27.06,1.17,0.0,2020-09-29 15:30:00+00:00,0.0,27.06,0.0,0.0
20200929:1630,0.0,0.0,0.0,0.0,26.8,0.97,0.0,2020-09-29 16:30:00+00:00,0.0,26.8,0.0,0.0
20200929:1730,0.0,0.0,0.0,0.0,26.52,0.97,0.0,2020-09-29 17:30:00+00:00,0.0,26.52,0.0,0.0
20200929:1830,0.0,0.0,0.0,0.0,26.32,1.03,0.0,2020-09-29 18:30:00+00:00,0.0,26.32,0.0,0.0
20200929:1930,0.0,0.0,0.0,0.0,26.69,0.69,0.0,2020-09-29 19:30:00+00:00,0.0,26.69,0.0,0.0
20200929:2030,0.0,0.0,0.0,0.0,27.14,0.34,0.0,2020-09-29 20:30:00+00:00,0.0,27.14,0.0,0.0
20200929:2130,0.0,0.0,0.0,0.0,26.92,0.48,0.0,2020-09-29 21:30:00+00:00,0.0,26.92,0.0,0.0
20200929:2230,0.0,0.0,0.0,0.0,26.34,0.62,0.0,2020-09-29 22:30:00+00:00,0.0,26.34,0.0,0.0
20200929:2330,0.0,0.0,0.0,0.0,25.96,0.76,0.0,2020-09-29 23:30:00+00:00,0.0,25.96,0.0,0.0
20200930:0030,8.7,37.35,0.0,6.9,25.89,0.97,0.0,2020-09-30 00:30:00+00:00,46.05,27.3290625,4.559953602187499,4.423154994121874
20200930:0130,42.15,129.0,0.0,20.53,26.68,0.69,0.0,2020-09-30 01:30:00+00:00,171.15,32.0284375,16.6097748271875,16.111481582371876
20200930:0230,81.25,195.65,0.0,33.79,27.81,1.17,0.0,2020-09-30 02:30:00+00:00,276.9,36.463125,26.35686148875,25.566155644087498
20200930:0330,124.0,257.0,0.0,46.24,28.6,1.52,0.0,2020-09-30 03:30:00+00:00,381.0,40.50625,35.618689875,34.55012917875
20200930:0430,146.6,269.05,0.0,56.93,29.22,1.52,0.0,2020-09-30 04:30:00+00:00,415.65,42.2090625,38.560762332187494,37.40393946222187
20200930:0530,132.35,363.4,0.0,63.56,29.69,1.66,0.0,2020-09-30 05:30:00+00:00,495.75,45.1821875,45.3727658296875,44.01158285479688
20200930:0630,263.95,253.05,0.0,62.93,30.21,1.38,0.0,2020-09-30 06:30:00+00:00,517.0,46.36625,47.060532475,45.64871650075
20200930:0730,264.2,221.4,0.0,55.45,31.46,1.52,0.0,2020-09-30 07:30:00+00:00,485.6,46.635000000000005,44.14749848,42.8230735256
20200930:0830,249.95,172.05,0.0,44.37,31.55,1.45,0.0,2020-09-30 08:30:00+00:00,422.0,44.7375,38.701725499999995,37.54067373499999
20200930:0930,145.3,144.6,0.0,31.75,30.12,1.72,0.0,2020-09-30 09:30:00+00:00,289.9,39.179375,27.26354765875,26.445641228987498
20200930:1030,31.45,90.0,0.0,18.41,29.48,1.66,0.0,2020-09-30 10:30:00+00:00,121.45,33.2753125,11.722884584687499,11.371198047146875
20200930:1130,1.4,13.73,0.0,4.75,28.46,1.31,0.0,2020-09-30 11:30:00+00:00,15.13,28.9328125,1.4880085496875002,1.4433682931968752
20200930:1230,0.0,0.0,0.0,0.0,28.1,0.83,0.0,2020-09-30 12:30:00+00:00,0.0,28.1,0.0,0.0
20200930:1330,0.0,0.0,0.0,0.0,27.71,0.83,0.0,2020-09-30 13:30:00+00:00,0.0,27.71,0.0,0.0
20200930:1430,0.0,0.0,0.0,0.0,27.44,1.03,0.0,2020-09-30 14:30:00+00:00,0.0,27.44,0.0,0.0
20200930:1530,0.0,0.0,0.0,0.0,27.13,1.17,0.0,2020-09-30 15:30:00+00:00,0.0,27.13,0.0,0.0
20200930:1630,0.0,0.0,0.0,0.0,26.94,1.31,0.0,2020-09-30 16:30:00+00:00,0.0,26.94,0.0,0.0
20200930:1730,0.0,0.0,0.0,0.0,26.69,1.38,0.0,2020-09-30 17:30:00+00:00,0.0,26.69,0.0,0.0
20200930:1830,0.0,0.0,0.0,0.0,26.47,1.45,0.0,2020-09-30 18:30:00+00:00,0.0,26.47,0.0,0.0
20200930:1930,0.0,0.0,0.0,0.0,26.73,1.24,0.0,2020-09-30 19:30:00+00:00,0.0,26.73,0.0,0.0
20200930:2030,0.0,0.0,0.0,0.0,26.58,1.45,0.0,2020-09-30 20:30:00+00:00,0.0,26.58,0.0,0.0
20200930:2130,0.0,0.0,0.0,0.0,26.52,1.59,0.0,2020-09-30 21:30:00+00:00,0.0,26.52,0.0,0.0
20200930:2230,0.0,0.0,0.0,0.0,26.35,1.38,0.0,2020-09-30 22:30:00+00:00,0.0,26.35,0.0,0.0
20200930:2330,0.0,0.0,0.0,0.0,26.15,1.38,0.0,2020-09-30 23:30:00+00:00,0.0,26.15,0.0,0.0
20201001:0030,16.05,33.75,0.0,6.82,26.04,1.45,0.0,2020-10-01 00:30:00+00:00,49.8,27.596249999999998,4.925696835,4.77792592995
20201001:0130,82.15,90.75,0.0,20.44,26.59,1.72,0.0,2020-10-01 01:30:00+00:00,172.9,31.993125,16.78217324875,16.2787080512875
20201001:0230,202.7,136.9,0.0,33.66,27.71,2.07,0.0,2020-10-01 02:30:00+00:00,339.6,38.322500000000005,32.05978518,31.0979916246
20201001:0330,388.9,164.75,0.0,46.07,28.74,2.14,0.0,2020-10-01 03:30:00+00:00,553.65,46.0415625,50.4721423471875,48.95797807677187
20201001:0430,431.05,254.2,0.0,56.67,29.88,2.34,0.0,2020-10-01 04:30:00+00:00,685.25,51.294062499999995,60.957437342187504,59.128714221921875
20201001:0530,311.65,287.65,0.0,63.2,30.7,2.28,0.0,2020-10-01 05:30:00+00:00,599.3,49.428124999999994,53.78129436875,52.167855537687494
20201001:0630,299.15,258.2,0.0,62.54,31.11,2.41,0.0,2020-10-01 06:30:00+00:00,557.3499999999999,48.5271875,50.2275912596875,48.72076352189687
20201001:0730,115.1,245.45,0.0,55.1,31.15,2.9,0.0,2020-10-01 07:30:00+00:00,360.54999999999995,42.4171875,33.4174978796875,32.414972943296874
20201001:0830,80.45,192.3,0.0,44.08,28.94,3.17,0.0,2020-10-01 08:30:00+00:00,272.75,37.4634375,25.8472509171875,25.071833389671873
20201001:0930,88.8,140.4,0.0,31.49,28.39,1.93,0.0,2020-10-01 09:30:00+00:00,229.2,35.5525,21.90417414,21.247048915799997
20201001:1030,43.95,76.55,0.0,18.17,28.75,1.24,0.0,2020-10-01 10:30:00+00:00,120.5,32.515625,11.669634218749998,11.319545192187498
20201001:1130,5.45,21.45,0.0,4.52,28.75,1.45,0.0,2020-10-01 11:30:00+00:00,26.9,29.590625,2.63813511875,2.5589910651875
20201001:1230,0.0,0.0,0.0,0.0,27.94,1.17,0.0,2020-10-01 12:30:00+00:00,0.0,27.94,0.0,0.0
20201001:1330,0.0,0.0,0.0,0.0,27.67,1.38,0.0,2020-10-01 13:30:00+00:00,0.0,27.67,0.0,0.0
20201001:1430,0.0,0.0,0.0,0.0,27.36,1.45,0.0,2020-10-01 14:30:00+00:00,0.0,27.36,0.0,0.0
20201001:1530,0.0,0.0,0.0,0.0,26.65,1.38,0.0,2020-10-01 15:30:00+00:00,0.0,26.65,0.0,0.0
20201001:1630,0.0,0.0,0.0,0.0,26.24,1.45,0.0,2020-10-01 16:30:00+00:00,0.0,26.24,0.0,0.0
20201001:1730,0.0,0.0,0.0,0.0,26.21,1.52,0.0,2020-10-01 17:30:00+00:00,0.0,26.21,0.0,0.0
20201001:1830,0.0,0.0,0.0,0.0,26.12,1.66,0.0,2020-10-01 18:30:00+00:00,0.0,26.12,0.0,0.0
20201001:1930,0.0,0.0,0.0,0.0,26.47,1.66,0.0,2020-10-01 19:30:00+00:00,0.0,26.47,0.0,0.0
20201001:2030,0.0,0.0,0.0,0.0,26.39,1.59,0.0,2020-10-01 20:30:00+00:00,0.0,26.39,0.0,0.0
20201001:2130,0.0,0.0,0.0,0.0,26.23,1.72,0.0,2020-10-01 21:30:00+00:00,0.0,26.23,0.0,0.0
20201001:2230,0.0,0.0,0.0,0.0,26.03,1.93,0.0,2020-10-01 22:30:00+00:00,0.0,26.03,0.0,0.0
20201001:2330,0.0,0.0,0.0,0.0,25.89,1.72,0.0,2020-10-01 23:30:00+00:00,0.0,25.89,0.0,0.0
20201002:0030,17.35,28.2,0.0,6.74,25.72,1.52,0.0,2020-10-02 00:30:00+00:00,45.55,27.143437499999997,4.5139938971874995,4.378574080271874
20201002:0130,98.25,100.7,0.0,20.34,26.21,1.66,0.0,2020-10-02 01:30:00+00:00,198.95,32.4271875,19.2743916396875,18.696159890496876
20201002:0230,172.3,140.65,0.0,33.53,27.39,2.34,0.0,2020-10-02 02:30:00+00:00,312.95000000000005,37.1696875,29.695428444687504,28.80456559134688
20201002:0330,257.85,220.85,0.0,45.89,28.25,2.48,0.0,2020-10-02 03:30:00+00:00,478.70000000000005,43.209375,44.20893231875,42.8826643491875
20201002:0430,233.2,320.45,0.0,56.41,29.32,2.76,0.0,2020-10-02 04:30:00+00:00,553.65,46.621562499999996,50.33727320718749,48.827155010971865
20201002:0530,163.8,360.75,0.0,62.84,30.05,2.76,0.0,2020-10-02 05:30:00+00:00,524.55,46.4421875,47.7310502296875,46.29911872279687
20201002:0630,180.75,232.8,0.0,62.14,30.47,2.83,0.0,2020-10-02 06:30:00+00:00,413.55,43.3934375,38.16022544718751,37.015418683771884
20201002:0730,233.35,195.05,0.0,54.75,30.19,2.0,0.0,2020-10-02 07:30:00+00:00,428.4,43.5775,39.49738758,38.3124659526
20201002:0830,134.0,143.3,0.0,43.78,29.17,2.69,0.0,2020-10-02 08:30:00+00:00,277.3,37.835625,26.235086098750003,25.4480335157875
20201002:0930,105.95,112.45,0.0,31.22,28.61,1.79,0.0,2020-10-02 09:30:00+00:00,218.4,35.435,20.88281832,20.256333770399998
20201002:1030,36.1,77.1,0.0,17.93,28.67,1.66,0.0,2020-10-02 10:30:00+00:00,113.19999999999999,32.2075,10.97732662,10.6480068214
20201002:1130,5.9,13.9,0.0,4.29,28.57,0.69,0.0,2020-10-02 11:30:00+00:00,19.8,29.18875,1.945166355,1.88681136435
20201002:1230,0.0,0.0,0.0,0.0,28.08,1.31,0.0,2020-10-02 12:30:00+00:00,0.0,28.08,0.0,0.0
20201002:1330,0.0,0.0,0.0,0.0,27.48,1.31,0.0,2020-10-02 13:30:00+00:00,0.0,27.48,0.0,0.0
20201002:1430,0.0,0.0,0.0,0.0,27.21,1.59,0.0,2020-10-02 14:30:00+00:00,0.0,27.21,0.0,0.0
20201002:1530,0.0,0.0,0.0,0.0,26.91,1.79,0.0,2020-10-02 15:30:00+00:00,0.0,26.91,0.0,0.0
20201002:1630,0.0,0.0,0.0,0.0,26.62,1.52,0.0,2020-10-02 16:30:00+00:00,0.0,26.62,0.0,0.0
20201002:1730,0.0,0.0,0.0,0.0,26.39,1.52,0.0,2020-10-02 17:30:00+00:00,0.0,26.39,0.0,0.0
20201002:1830,0.0,0.0,0.0,0.0,26.17,1.52,0.0,2020-10-02 18:30:00+00:00,0.0,26.17,0.0,0.0
20201002:1930,0.0,0.0,0.0,0.0,26.2,1.45,0.0,2020-10-02 19:30:00+00:00,0.0,26.2,0.0,0.0
20201002:2030,0.0,0.0,0.0,0.0,26.07,1.45,0.0,2020-10-02 20:30:00+00:00,0.0,26.07,0.0,0.0
20201002:2130,0.0,0.0,0.0,0.0,25.82,1.38,0.0,2020-10-02 21:30:00+00:00,0.0,25.82,0.0,0.0
20201002:2230,0.0,0.0,0.0,0.0,25.7,1.45,0.0,2020-10-02 22:30:00+00:00,0.0,25.7,0.0,0.0
20201002:2330,0.0,0.0,0.0,0.0,25.67,1.52,0.0,2020-10-02 23:30:00+00:00,0.0,25.67,0.0,0.0
20201003:0030,11.6,23.65,0.0,6.66,25.5,1.45,0.0,2020-10-03 00:30:00+00:00,35.25,26.6015625,3.5012888671874993,3.396250201171874
20201003:0130,39.65,80.45,0.0,20.24,25.29,1.72,0.0,2020-10-03 01:30:00+00:00,120.1,29.043125,11.80605668875,11.451874988087498
20201003:0230,133.25,145.55,0.0,33.4,26.0,2.14,0.0,2020-10-03 02:30:00+00:00,278.8,34.7125,26.7427051,25.940423947
20201003:0330,242.9,209.4,0.0,45.71,27.46,2.21,0.0,2020-10-03 03:30:00+00:00,452.3,41.594375,42.07763295875,40.815303969987504
20201003:0430,331.85,232.05,0.0,56.15,28.61,1.86,0.0,2020-10-03 04:30:00+00:00,563.9000000000001,46.231875,51.36148518875001,49.82064063308751
20201003:0530,126.85,300.75,0.0,62.48,30.33,2.07,0.0,2020-10-03 05:30:00+00:00,427.6,43.692499999999995,39.402976540000004,38.2208872438
20201003:0630,320.25,243.0,0.0,61.75,30.15,2.07,0.0,2020-10-03 06:30:00+00:00,563.25,47.7515625,50.942776617187505,49.41449331867188
20201003:0730,93.05,281.05,0.0,54.4,29.03,3.17,0.0,2020-10-03 07:30:00+00:00,374.1,40.720625,34.93994395875,33.8917456399875
20201003:0830,146.9,222.3,0.0,43.48,28.52,2.28,0.0,2020-10-03 08:30:00+00:00,369.20000000000005,40.057500000000005,34.58512382,33.5475701054
20201003:0930,152.5,172.45,0.0,30.96,28.87,1.72,0.0,2020-10-03 09:30:00+00:00,324.95,39.0246875,30.5809246746875,29.663496934446872
20201003:1030,60.55,96.6,0.0,17.69,29.21,1.31,0.0,2020-10-03 10:30:00+00:00,157.14999999999998,34.1209375,15.112990762187499,14.659601039321874
20201003:1130,8.35,20.47,0.0,4.07,29.09,1.38,0.0,2020-10-03 11:30:00+00:00,28.82,29.990625,2.8215914787500003,2.7369437343875003
20201003:1230,0.0,0.0,0.0,0.0,28.44,1.45,0.0,2020-10-03 12:30:00+00:00,0.0,28.44,0.0,0.0
20201003:1330,0.0,0.0,0.0,0.0,27.96,1.24,0.0,2020-10-03 13:30:00+00:00,0.0,27.96,0.0,0.0
20201003:1430,0.0,0.0,0.0,0.0,27.57,1.52,0.0,2020-10-03 14:30:00+00:00,0.0,27.57,0.0,0.0
20201003:1530,0.0,0.0,0.0,0.0,27.19,1.79,0.0,2020-10-03 15:30:00+00:00,0.0,27.19,0.0,0.0
20201003:1630,0.0,0.0,0.0,0.0,26.88,1.79,0.0,2020-10-03 16:30:00+00:00,0.0,26.88,0.0,0.0
20201003:1730,0.0,0.0,0.0,0.0,26.66,1.59,0.0,2020-10-03 17:30:00+00:00,0.0,26.66,0.0,0.0
20201003:1830,0.0,0.0,0.0,0.0,26.49,1.45,0.0,2020-10-03 18:30:00+00:00,0.0,26.49,0.0,0.0
20201003:1930,0.0,0.0,0.0,0.0,26.24,1.24,0.0,2020-10-03 19:30:00+00:00,0.0,26.24,0.0,0.0
20201003:2030,0.0,0.0,0.0,0.0,25.91,1.38,0.0,2020-10-03 20:30:00+00:00,0.0,25.91,0.0,0.0
20201003:2130,0.0,0.0,0.0,0.0,25.59,1.38,0.0,2020-10-03 21:30:00+00:00,0.0,25.59,0.0,0.0
20201003:2230,0.0,0.0,0.0,0.0,25.48,1.45,0.0,2020-10-03 22:30:00+00:00,0.0,25.48,0.0,0.0
20201003:2330,0.0,0.0,0.0,0.0,25.54,1.45,0.0,2020-10-03 23:30:00+00:00,0.0,25.54,0.0,0.0
20201004:0030,16.85,29.2,0.0,6.57,25.46,1.52,0.0,2020-10-04 00:30:00+00:00,46.05,26.8990625,4.5682702321874995,4.431222125221875
20201004:0130,119.2,85.75,0.0,20.14,26.04,1.52,0.0,2020-10-04 01:30:00+00:00,204.95,32.4446875,19.854168744687502,19.258543682346875
20201004:0230,253.4,128.1,0.0,33.27,27.57,2.07,0.0,2020-10-04 02:30:00+00:00,381.5,39.491875,35.82796686875,34.7531278626875
20201004:0330,404.5,161.65,0.0,45.52,28.81,2.28,0.0,2020-10-04 03:30:00+00:00,566.15,46.5021875,51.502145349687495,49.95708098919687
20201004:0430,425.7,230.7,0.0,55.88,29.95,2.14,0.0,2020-10-04 04:30:00+00:00,656.4,50.4625,58.620294300000005,56.861685471
20201004:0530,178.3,230.05,0.0,62.11,31.13,2.41,0.0,2020-10-04 05:30:00+00:00,408.35,43.8909375,37.595071982187505,36.46721982272188
20201004:0630,436.2,205.15,0.0,61.36,29.71,2.28,0.0,2020-10-04 06:30:00+00:00,641.35,49.752187500000005,57.467577509687494,55.74355018439687
20201004:0730,277.85,217.05,0.0,54.06,31.0,3.38,0.0,2020-10-04 07:30:00+00:00,494.90000000000003,46.465625,45.028198118750005,43.6773521751875
20201004:0830,185.9,235.0,0.0,43.19,30.65,3.66,0.0,2020-10-04 08:30:00+00:00,420.9,43.803124999999994,38.76602116875,37.6030405336875
20201004:0930,95.85,189.55,0.0,30.7,30.37,3.1,0.0,2020-10-04 09:30:00+00:00,285.4,39.28875,26.827236115,26.02241903155
20201004:1030,77.6,86.45,0.0,17.46,29.96,2.76,0.0,2020-10-04 10:30:00+00:00,164.05,35.0865625,15.710025757187502,15.238724984471876
20201004:1130,6.0,18.97,0.0,3.84,29.53,2.28,0.0,2020-10-04 11:30:00+00:00,24.97,30.310312500000002,2.4413086286874996,2.3680693698268747
20201004:1230,0.0,0.0,0.0,0.0,28.59,1.66,0.0,2020-10-04 12:30:00+00:00,0.0,28.59,0.0,0.0
20201004:1330,0.0,0.0,0.0,0.0,27.93,1.52,0.0,2020-10-04 13:30:00+00:00,0.0,27.93,0.0,0.0
20201004:1430,0.0,0.0,0.0,0.0,27.41,1.45,0.0,2020-10-04 14:30:00+00:00,0.0,27.41,0.0,0.0
20201004:1530,0.0,0.0,0.0,0.0,27.03,1.38,0.0,2020-10-04 15:30:00+00:00,0.0,27.03,0.0,0.0
20201004:1630,0.0,0.0,0.0,0.0,26.46,1.52,0.0,2020-10-04 16:30:00+00:00,0.0,26.46,0.0,0.0
20201004:1730,0.0,0.0,0.0,0.0,26.18,1.66,0.0,2020-10-04 17:30:00+00:00,0.0,26.18,0.0,0.0
20201004:1830,0.0,0.0,0.0,0.0,25.96,1.24,0.0,2020-10-04 18:30:00+00:00,0.0,25.96,0.0,0.0
20201004:1930,0.0,0.0,0.0,0.0,25.88,0.97,0.0,2020-10-04 19:30:00+00:00,0.0,25.88,0.0,0.0
20201004:2030,0.0,0.0,0.0,0.0,25.73,1.1,0.0,2020-10-04 20:30:00+00:00,0.0,25.73,0.0,0.0
20201004:2130,0.0,0.0,0.0,0.0,25.52,1.17,0.0,2020-10-04 21:30:00+00:00,0.0,25.52,0.0,0.0
20201004:2230,0.0,0.0,0.0,0.0,25.52,1.17,0.0,2020-10-04 22:30:00+00:00,0.0,25.52,0.0,0.0
20201004:2330,0.0,0.0,0.0,0.0,25.6,1.24,0.0,2020-10-04 23:30:00+00:00,0.0,25.6,0.0,0.0
20201005:0030,7.15,26.1,0.0,6.49,25.39,1.31,0.0,2020-10-05 00:30:00+00:00,33.25,26.4290625,3.3050431421875,3.2058918479218748
20201005:0130,33.6,77.05,0.0,20.03,25.61,1.72,0.0,2020-10-05 01:30:00+00:00,110.65,29.0678125,10.875956549687501,10.549677853196876
20201005:0230,108.9,139.8,0.0,33.13,26.14,2.0,0.0,2020-10-05 02:30:00+00:00,248.70000000000002,33.911875,23.939119008749998,23.220945438487497
20201005:0330,297.7,189.15,0.0,45.34,27.18,2.55,0.0,2020-10-05 03:30:00+00:00,486.85,42.394062500000004,45.1283142821875,43.774464853721874
20201005:0430,115.55,221.35,0.0,55.62,28.4,2.55,0.0,2020-10-05 04:30:00+00:00,336.9,38.928124999999994,31.71919816875,30.7676222236875
20201005:0530,199.1,241.5,0.0,61.75,28.85,2.69,0.0,2020-10-05 05:30:00+00:00,440.6,42.618750000000006,40.799615075000006,39.57562662275001
20201005:0630,222.6,190.95,0.0,60.97,29.19,2.41,0.0,2020-10-05 06:30:00+00:00,413.54999999999995,42.1134375,38.3825499271875,37.23107342937187
20201005:0730,122.95,153.5,0.0,53.71,28.85,1.31,0.0,2020-10-05 07:30:00+00:00,276.45,37.4890625,26.194907442187496,25.40906021892187
20201005:0830,191.75,169.4,0.0,42.89,28.71,0.9,0.0,2020-10-05 08:30:00+00:00,361.15,39.9959375,33.8403712121875,32.82516007582187
20201005:0930,59.25,118.2,0.0,30.44,28.53,2.62,0.0,2020-10-05 09:30:00+00:00,177.45,34.0753125,17.0686260346875,16.556567253646875
20201005:1030,1.0,50.55,0.0,17.22,27.57,2.55,0.0,2020-10-05 10:30:00+00:00,51.55,29.1809375,5.064478522187501,4.912544166521876
20201005:1130,3.45,12.91,0.0,3.62,26.88,1.66,0.0,2020-10-05 11:30:00+00:00,16.36,27.39125,1.619569243,1.5709821657099998
20201005:1230,0.0,0.0,0.0,0.0,26.57,1.03,0.0,2020-10-05 12:30:00+00:00,0.0,26.57,0.0,0.0
20201005:1330,0.0,0.0,0.0,0.0,26.34,1.03,0.0,2020-10-05 13:30:00+00:00,0.0,26.34,0.0,0.0
20201005:1430,0.0,0.0,0.0,0.0,26.21,1.17,0.0,2020-10-05 14:30:00+00:00,0.0,26.21,0.0,0.0
20201005:1530,0.0,0.0,0.0,0.0,25.98,1.52,0.0,2020-10-05 15:30:00+00:00,0.0,25.98,0.0,0.0
20201005:1630,0.0,0.0,0.0,0.0,25.87,1.59,0.0,2020-10-05 16:30:00+00:00,0.0,25.87,0.0,0.0
20201005:1730,0.0,0.0,0.0,0.0,25.86,1.38,0.0,2020-10-05 17:30:00+00:00,0.0,25.86,0.0,0.0
20201005:1830,0.0,0.0,0.0,0.0,25.75,1.45,0.0,2020-10-05 18:30:00+00:00,0.0,25.75,0.0,0.0
20201005:1930,0.0,0.0,0.0,0.0,25.88,1.38,0.0,2020-10-05 19:30:00+00:00,0.0,25.88,0.0,0.0
20201005:2030,0.0,0.0,0.0,0.0,25.8,1.52,0.0,2020-10-05 20:30:00+00:00,0.0,25.8,0.0,0.0
20201005:2130,0.0,0.0,0.0,0.0,25.67,1.59,0.0,2020-10-05 21:30:00+00:00,0.0,25.67,0.0,0.0
20201005:2230,0.0,0.0,0.0,0.0,25.57,1.52,0.0,2020-10-05 22:30:00+00:00,0.0,25.57,0.0,0.0
20201005:2330,0.0,0.0,0.0,0.0,25.5,1.52,0.0,2020-10-05 23:30:00+00:00,0.0,25.5,0.0,0.0
20201006:0030,8.95,26.35,0.0,6.4,25.46,1.52,0.0,2020-10-06 00:30:00+00:00,35.3,26.563125,3.50682510875,3.4016203554875
20201006:0130,99.95,89.4,0.0,19.92,25.88,1.45,0.0,2020-10-06 01:30:00+00:00,189.35000000000002,31.7971875,18.3944400696875,17.842606867596874
20201006:0230,172.0,156.55,0.0,32.99,26.94,1.86,0.0,2020-10-06 02:30:00+00:00,328.55,37.2071875,31.170517989687504,30.23540244999688
20201006:0330,325.95,201.85,0.0,45.15,27.94,1.86,0.0,2020-10-06 03:30:00+00:00,527.8,44.43375,48.47200403499999,47.01784391394999
20201006:0430,132.75,262.1,0.0,55.34,29.53,2.28,0.0,2020-10-06 04:30:00+00:00,394.85,41.8690625,36.6874852821875,35.58686072372188
20201006:0530,162.7,296.0,0.0,61.39,29.57,2.14,0.0,2020-10-06 05:30:00+00:00,458.7,43.904375,42.22799653875,40.9611566425875
20201006:0630,462.65,232.8,0.0,60.58,30.13,1.86,0.0,2020-10-06 06:30:00+00:00,695.45,51.862812500000004,61.6986679596875,59.84770792089687
20201006:0730,303.25,217.6,0.0,53.37,31.28,2.14,0.0,2020-10-06 07:30:00+00:00,520.85,47.5565625,47.150594057187504,45.73607623547188
20201006:0830,104.15,199.45,0.0,42.6,30.32,2.48,0.0,2020-10-06 08:30:00+00:00,303.6,39.807500000000005,28.47186606,27.6177100782
20201006:0930,53.9,126.15,0.0,30.19,28.47,2.9,0.0,2020-10-06 09:30:00+00:00,180.05,34.0965625,17.3171088471875,16.797595581771876
20201006:1030,51.8,86.6,0.0,16.99,28.15,1.52,0.0,2020-10-06 10:30:00+00:00,138.39999999999998,32.474999999999994,13.405493199999997,13.003328403999996
20201006:1130,4.05,18.29,0.0,3.4,28.11,1.38,0.0,2020-10-06 11:30:00+00:00,22.34,28.808125,2.19826912475,2.1323210510074997
20201006:1230,0.0,0.0,0.0,0.0,27.64,1.38,0.0,2020-10-06 12:30:00+00:00,0.0,27.64,0.0,0.0
20201006:1330,0.0,0.0,0.0,0.0,27.04,1.72,0.0,2020-10-06 13:30:00+00:00,0.0,27.04,0.0,0.0
20201006:1430,0.0,0.0,0.0,0.0,26.77,2.0,0.0,2020-10-06 14:30:00+00:00,0.0,26.77,0.0,0.0
20201006:1530,0.0,0.0,0.0,0.0,26.59,1.86,0.0,2020-10-06 15:30:00+00:00,0.0,26.59,0.0,0.0
20201006:1630,0.0,0.0,0.0,0.0,26.35,1.93,0.0,2020-10-06 16:30:00+00:00,0.0,26.35,0.0,0.0
20201006:1730,0.0,0.0,0.0,0.0,26.2,1.86,0.0,2020-10-06 17:30:00+00:00,0.0,26.2,0.0,0.0
20201006:1830,0.0,0.0,0.0,0.0,26.05,1.72,0.0,2020-10-06 18:30:00+00:00,0.0,26.05,0.0,0.0
20201006:1930,0.0,0.0,0.0,0.0,26.22,1.52,0.0,2020-10-06 19:30:00+00:00,0.0,26.22,0.0,0.0
20201006:2030,0.0,0.0,0.0,0.0,26.04,1.52,0.0,2020-10-06 20:30:00+00:00,0.0,26.04,0.0,0.0
20201006:2130,0.0,0.0,0.0,0.0,25.97,1.31,0.0,2020-10-06 21:30:00+00:00,0.0,25.97,0.0,0.0
20201006:2230,0.0,0.0,0.0,0.0,25.74,1.45,0.0,2020-10-06 22:30:00+00:00,0.0,25.74,0.0,0.0
20201006:2330,0.0,0.0,0.0,0.0,25.61,1.66,0.0,2020-10-06 23:30:00+00:00,0.0,25.61,0.0,0.0
20201007:0030,2.35,13.85,0.0,6.31,25.4,1.86,0.0,2020-10-07 00:30:00+00:00,16.2,25.90625,1.6138338749999999,1.5654188587499998
20201007:0130,5.85,67.55,0.0,19.82,25.25,1.52,0.0,2020-10-07 01:30:00+00:00,73.39999999999999,27.54375,7.261581274999999,7.0437338367499995
20201007:0230,72.15,196.95,0.0,32.85,25.54,1.79,0.0,2020-10-07 02:30:00+00:00,269.1,33.949375,25.89852373875,25.1215680265875
20201007:0330,187.2,233.25,0.0,44.95,26.59,2.07,0.0,2020-10-07 03:30:00+00:00,420.45,39.7290625,39.4440095821875,38.26068929472187
20201007:0430,261.1,255.55,0.0,55.07,28.09,2.21,0.0,2020-10-07 04:30:00+00:00,516.6500000000001,44.235312500000006,47.49107183468751,46.06633967964688
20201007:0530,229.65,298.2,0.0,61.03,29.07,1.93,0.0,2020-10-07 05:30:00+00:00,527.85,45.565312500000005,48.2257319146875,46.778959957246876
20201007:0630,145.5,298.7,0.0,60.19,30.14,1.72,0.0,2020-10-07 06:30:00+00:00,444.2,44.02125,40.871319515,39.645179929550004
20201007:0730,96.35,103.9,0.0,53.02,29.16,3.24,0.0,2020-10-07 07:30:00+00:00,200.25,35.4178125,19.1488098796875,18.574345583296875
20201007:0830,3.85,156.75,0.0,42.31,27.93,2.9,0.0,2020-10-07 08:30:00+00:00,160.6,32.94875,15.523840915,15.05812568755
20201007:0930,0.0,123.65,0.0,29.93,27.28,2.41,0.0,2020-10-07 09:30:00+00:00,123.65,31.1440625,12.0459204021875,11.684542790121874
20201007:1030,3.6,73.3,0.0,16.76,27.15,2.07,0.0,2020-10-07 10:30:00+00:00,76.89999999999999,29.553124999999998,7.542943168749999,7.316654873687499
20201007:1130,0.35,17.47,0.0,3.18,26.96,1.72,0.0,2020-10-07 11:30:00+00:00,17.82,27.516875000000002,1.76316270075,1.7102678197274999
20201007:1230,0.0,0.0,0.0,0.0,26.69,1.31,0.0,2020-10-07 12:30:00+00:00,0.0,26.69,0.0,0.0
20201007:1330,0.0,0.0,0.0,0.0,26.35,1.45,0.0,2020-10-07 13:30:00+00:00,0.0,26.35,0.0,0.0
20201007:1430,0.0,0.0,0.0,0.0,26.14,1.17,0.0,2020-10-07 14:30:00+00:00,0.0,26.14,0.0,0.0
20201007:1530,0.0,0.0,0.0,0.0,25.94,0.97,0.0,2020-10-07 15:30:00+00:00,0.0,25.94,0.0,0.0
20201007:1630,0.0,0.0,0.0,0.0,25.86,1.31,0.0,2020-10-07 16:30:00+00:00,0.0,25.86,0.0,0.0
20201007:1730,0.0,0.0,0.0,0.0,25.84,1.31,0.0,2020-10-07 17:30:00+00:00,0.0,25.84,0.0,0.0
20201007:1830,0.0,0.0,0.0,0.0,25.83,1.31,0.0,2020-10-07 18:30:00+00:00,0.0,25.83,0.0,0.0
20201007:1930,0.0,0.0,0.0,0.0,25.83,1.17,0.0,2020-10-07 19:30:00+00:00,0.0,25.83,0.0,0.0
20201007:2030,0.0,0.0,0.0,0.0,25.74,1.1,0.0,2020-10-07 20:30:00+00:00,0.0,25.74,0.0,0.0
20201007:2130,0.0,0.0,0.0,0.0,25.49,1.17,0.0,2020-10-07 21:30:00+00:00,0.0,25.49,0.0,0.0
20201007:2230,0.0,0.0,0.0,0.0,25.28,1.1,0.0,2020-10-07 22:30:00+00:00,0.0,25.28,0.0,0.0
20201007:2330,0.0,0.0,0.0,0.0,25.15,0.76,0.0,2020-10-07 23:30:00+00:00,0.0,25.15,0.0,0.0
20201008:0030,20.25,29.75,0.0,6.22,24.87,0.9,0.0,2020-10-08 00:30:00+00:00,50.0,26.4325,4.9699175,4.820819975
20201008:0130,94.6,100.1,0.0,19.7,26.13,0.83,0.0,2020-10-08 01:30:00+00:00,194.7,32.214375,18.88005169875,18.313650147787502
20201008:0230,265.25,123.05,0.0,32.71,27.31,1.03,0.0,2020-10-08 02:30:00+00:00,388.3,39.444375,36.47432465875,35.380094918987496
20201008:0330,400.8,163.45,0.0,44.75,28.62,1.45,0.0,2020-10-08 03:30:00+00:00,564.25,46.252812500000005,51.38840222968751,49.84675016279688
20201008:0430,502.0,177.9,0.0,54.8,29.73,1.45,0.0,2020-10-08 04:30:00+00:00,679.9,50.976875,60.57209552874999,58.75493266288749
20201008:0530,378.65,238.55,0.0,60.66,30.62,1.31,0.0,2020-10-08 05:30:00+00:00,617.2,49.9075,55.26337822000001,53.60547687340001
20201008:0630,246.45,265.0,0.0,59.8,31.46,1.24,0.0,2020-10-08 06:30:00+00:00,511.45,47.4428125,46.32408188968749,44.934359432996864
20201008:0730,395.6,165.95,0.0,52.68,31.25,1.1,0.0,2020-10-08 07:30:00+00:00,561.55,48.7984375,50.5421147171875,49.025851275671876
20201008:0830,310.45,136.85,0.0,42.02,31.25,0.69,0.0,2020-10-08 08:30:00+00:00,447.29999999999995,45.228125,40.92982306875,39.7019283766875
20201008:0930,215.55,124.8,0.0,29.68,31.27,0.55,0.0,2020-10-08 09:30:00+00:00,340.35,41.9059375,31.6183469521875,30.669796543621874
20201008:1030,67.95,64.75,0.0,16.53,31.11,0.41,0.0,2020-10-08 10:30:00+00:00,132.7,35.256875,12.69834332875,12.3173930288875
20201008:1130,7.95,12.52,0.0,2.96,30.68,0.48,0.0,2020-10-08 11:30:00+00:00,20.47,31.3196875,1.9926671186874998,1.9328871051268748
20201008:1230,0.0,0.0,0.0,0.0,29.81,0.83,0.0,2020-10-08 12:30:00+00:00,0.0,29.81,0.0,0.0
20201008:1330,0.0,0.0,0.0,0.0,28.61,0.97,0.0,2020-10-08 13:30:00+00:00,0.0,28.61,0.0,0.0
20201008:1430,0.0,0.0,0.0,0.0,28.05,1.24,0.0,2020-10-08 14:30:00+00:00,0.0,28.05,0.0,0.0
20201008:1530,0.0,0.0,0.0,0.0,27.78,1.52,0.0,2020-10-08 15:30:00+00:00,0.0,27.78,0.0,0.0
20201008:1630,0.0,0.0,0.0,0.0,27.49,1.72,0.0,2020-10-08 16:30:00+00:00,0.0,27.49,0.0,0.0
20201008:1730,0.0,0.0,0.0,0.0,26.99,1.38,0.0,2020-10-08 17:30:00+00:00,0.0,26.99,0.0,0.0
20201008:1830,0.0,0.0,0.0,0.0,26.51,0.9,0.0,2020-10-08 18:30:00+00:00,0.0,26.51,0.0,0.0
20201008:1930,0.0,0.0,0.0,0.0,26.62,1.38,0.0,2020-10-08 19:30:00+00:00,0.0,26.62,0.0,0.0
20201008:2030,0.0,0.0,0.0,0.0,26.39,1.38,0.0,2020-10-08 20:30:00+00:00,0.0,26.39,0.0,0.0
20201008:2130,0.0,0.0,0.0,0.0,26.24,1.31,0.0,2020-10-08 21:30:00+00:00,0.0,26.24,0.0,0.0
20201008:2230,0.0,0.0,0.0,0.0,26.02,1.17,0.0,2020-10-08 22:30:00+00:00,0.0,26.02,0.0,0.0
20201008:2330,0.0,0.0,0.0,0.0,25.88,1.03,0.0,2020-10-08 23:30:00+00:00,0.0,25.88,0.0,0.0
20201009:0030,18.55,27.55,0.0,6.12,25.67,1.1,0.0,2020-10-09 00:30:00+00:00,46.1,27.110625000000002,4.56913407875,4.4320600563875
20201009:0130,121.2,79.85,0.0,19.59,26.56,0.97,0.0,2020-10-09 01:30:00+00:00,201.05,32.8428125,19.4427450696875,18.859462717596877
20201009:0230,271.55,121.75,0.0,32.56,28.11,1.24,0.0,2020-10-09 02:30:00+00:00,393.3,40.400625,36.786032358750006,35.682451387987506
20201009:0330,439.65,144.95,0.0,44.55,29.48,1.45,0.0,2020-10-09 03:30:00+00:00,584.5999999999999,47.74875,52.87445391499999,51.28822029754999
20201009:0430,434.7,159.15,0.0,54.52,30.61,1.38,0.0,2020-10-09 04:30:00+00:00,593.85,49.1678125,53.3571367096875,51.756422608396875
20201009:0530,457.25,213.7,0.0,60.3,31.18,1.03,0.0,2020-10-09 05:30:00+00:00,670.95,52.1471875,59.4449497096875,57.661601218396875
20201009:0630,383.15,267.6,0.0,59.42,31.65,0.55,0.0,2020-10-09 06:30:00+00:00,650.75,51.9859375,57.69933849218751,55.96835833742188
20201009:0730,256.8,212.35,0.0,52.34,31.79,0.48,0.0,2020-10-09 07:30:00+00:00,469.15,46.450937499999995,42.6882429221875,41.407595634521876
20201009:0830,185.75,190.5,0.0,41.73,31.38,0.34,0.0,2020-10-09 08:30:00+00:00,376.25,43.137812499999995,34.7587721796875,33.71600901429687
20201009:0930,186.1,130.45,0.0,29.42,30.96,0.28,0.0,2020-10-09 09:30:00+00:00,316.54999999999995,40.8521875,29.547435819687493,28.66101274509687
20201009:1030,81.05,75.35,0.0,16.3,30.68,0.07,0.0,2020-10-09 10:30:00+00:00,156.39999999999998,35.567499999999995,14.945842059999999,14.497466798199998
20201009:1130,5.3,14.3,0.0,2.75,30.19,0.62,0.0,2020-10-09 11:30:00+00:00,19.6,30.802500000000002,1.9122338200000002,1.8548668054000002
20201009:1230,0.0,0.0,0.0,0.0,29.35,0.34,0.0,2020-10-09 12:30:00+00:00,0.0,29.35,0.0,0.0
20201009:1330,0.0,0.0,0.0,0.0,28.59,0.48,0.0,2020-10-09 13:30:00+00:00,0.0,28.59,0.0,0.0
20201009:1430,0.0,0.0,0.0,0.0,28.62,0.14,0.0,2020-10-09 14:30:00+00:00,0.0,28.62,0.0,0.0
20201009:1530,0.0,0.0,0.0,0.0,27.62,0.83,0.0,2020-10-09 15:30:00+00:00,0.0,27.62,0.0,0.0
20201009:1630,0.0,0.0,0.0,0.0,27.41,1.17,0.0,2020-10-09 16:30:00+00:00,0.0,27.41,0.0,0.0
20201009:1730,0.0,0.0,0.0,0.0,27.14,0.97,0.0,2020-10-09 17:30:00+00:00,0.0,27.14,0.0,0.0
20201009:1830,0.0,0.0,0.0,0.0,26.93,0.97,0.0,2020-10-09 18:30:00+00:00,0.0,26.93,0.0,0.0
20201009:1930,0.0,0.0,0.0,0.0,26.63,1.03,0.0,2020-10-09 19:30:00+00:00,0.0,26.63,0.0,0.0
20201009:2030,0.0,0.0,0.0,0.0,26.42,0.97,0.0,2020-10-09 20:30:00+00:00,0.0,26.42,0.0,0.0
20201009:2130,0.0,0.0,0.0,0.0,26.27,0.97,0.0,2020-10-09 21:30:00+00:00,0.0,26.27,0.0,0.0
20201009:2230,0.0,0.0,0.0,0.0,26.11,0.97,0.0,2020-10-09 22:30:00+00:00,0.0,26.11,0.0,0.0
20201009:2330,0.0,0.0,0.0,0.0,26.02,1.1,0.0,2020-10-09 23:30:00+00:00,0.0,26.02,0.0,0.0
20201010:0030,20.85,29.15,0.0,6.03,26.0,1.17,0.0,2020-10-10 00:30:00+00:00,50.0,27.5625,4.9461875,4.797801874999999
20201010:0130,134.3,83.65,0.0,19.47,26.86,1.03,0.0,2020-10-10 01:30:00+00:00,217.95000000000002,33.6709375,21.0012710521875,20.371232920621875
20201010:0230,276.25,121.2,0.0,32.41,28.46,1.1,0.0,2020-10-10 02:30:00+00:00,397.45,40.8803125,37.0941153146875,35.98129185524687
20201010:0330,396.85,153.95,0.0,44.35,29.71,0.97,0.0,2020-10-10 03:30:00+00:00,550.8,46.9225,50.00853654,48.5082804438
20201010:0430,490.1,202.85,0.0,54.24,30.72,0.83,0.0,2020-10-10 04:30:00+00:00,692.95,52.3746875,61.327898324687496,59.48806137494687
20201010:0530,517.21,162.15,0.0,59.94,31.73,0.62,0.0,2020-10-10 05:30:00+00:00,679.36,52.96,59.95813964799999,58.15939545855999
20201010:0630,581.46,166.5,0.0,59.04,32.45,0.55,0.0,2020-10-10 06:30:00+00:00,747.96,55.823750000000004,65.11292853900001,63.159540682830006
20201010:0730,382.85,227.85,0.0,52.0,32.7,1.31,0.0,2020-10-10 07:30:00+00:00,610.7,51.784375000000004,54.19996851875,52.573969463187495
20201010:0830,216.5,167.3,0.0,41.44,32.3,1.38,0.0,2020-10-10 08:30:00+00:00,383.8,44.293749999999996,35.269924675,34.21182693475
20201010:0930,115.1,139.75,0.0,29.17,31.67,1.17,0.0,2020-10-10 09:30:00+00:00,254.85,39.6340625,23.9186138521875,23.201055436621875
20201010:1030,66.6,71.45,0.0,16.07,31.4,0.55,0.0,2020-10-10 10:30:00+00:00,138.05,35.7140625,13.1837879421875,12.788274303921876
20201010:1130,5.3,13.51,0.0,2.54,30.17,0.28,0.0,2020-10-10 11:30:00+00:00,18.81,30.7578125,1.8355121296875,1.780446765796875
20201010:1230,0.0,0.0,0.0,0.0,29.48,0.41,0.0,2020-10-10 12:30:00+00:00,0.0,29.48,0.0,0.0
20201010:1330,0.0,0.0,0.0,0.0,28.64,0.76,0.0,2020-10-10 13:30:00+00:00,0.0,28.64,0.0,0.0
20201010:1430,0.0,0.0,0.0,0.0,28.03,1.31,0.0,2020-10-10 14:30:00+00:00,0.0,28.03,0.0,0.0
20201010:1530,0.0,0.0,0.0,0.0,27.5,1.31,0.0,2020-10-10 15:30:00+00:00,0.0,27.5,0.0,0.0
20201010:1630,0.0,0.0,0.0,0.0,27.28,1.17,0.0,2020-10-10 16:30:00+00:00,0.0,27.28,0.0,0.0
20201010:1730,0.0,0.0,0.0,0.0,27.07,1.17,0.0,2020-10-10 17:30:00+00:00,0.0,27.07,0.0,0.0
20201010:1830,0.0,0.0,0.0,0.0,26.75,1.1,0.0,2020-10-10 18:30:00+00:00,0.0,26.75,0.0,0.0
20201010:1930,0.0,0.0,0.0,0.0,26.71,1.03,0.0,2020-10-10 19:30:00+00:00,0.0,26.71,0.0,0.0
20201010:2030,0.0,0.0,0.0,0.0,26.49,1.03,0.0,2020-10-10 20:30:00+00:00,0.0,26.49,0.0,0.0
20201010:2130,0.0,0.0,0.0,0.0,26.31,1.17,0.0,2020-10-10 21:30:00+00:00,0.0,26.31,0.0,0.0
20201010:2230,0.0,0.0,0.0,0.0,26.05,1.38,0.0,2020-10-10 22:30:00+00:00,0.0,26.05,0.0,0.0
20201010:2330,0.0,0.0,0.0,0.0,25.85,1.17,0.0,2020-10-10 23:30:00+00:00,0.0,25.85,0.0,0.0
20201011:0030,20.35,26.3,0.0,5.93,25.52,0.9,0.0,2020-10-11 00:30:00+00:00,46.650000000000006,26.9778125,4.6262487196875,4.487461258096875
20201011:0130,136.7,85.5,0.0,19.36,26.24,0.41,0.0,2020-10-11 01:30:00+00:00,222.2,33.183749999999996,21.456259714999998,20.81257192355
20201011:0230,301.75,114.25,0.0,32.26,28.02,0.69,0.0,2020-10-11 02:30:00+00:00,416.0,41.019999999999996,38.800985600000004,37.636956032
20201011:0330,479.61,138.7,0.0,44.15,29.43,1.17,0.0,2020-10-11 03:30:00+00:00,618.31,48.7521875,55.66278967768749,53.99290598735686
20201011:0430,585.56,149.9,0.0,53.96,30.68,1.52,0.0,2020-10-11 04:30:00+00:00,735.4599999999999,53.663124999999994,64.69215559675,62.7513909288475
20201011:0530,540.86,175.35,0.0,59.58,31.49,1.59,0.0,2020-10-11 05:30:00+00:00,716.21,53.871562499999996,62.9361972531875,61.04811133559188
20201011:0630,568.41,167.45,0.0,58.66,31.97,1.45,0.0,2020-10-11 06:30:00+00:00,735.8599999999999,54.965624999999996,64.32478797874998,62.39504433938748
20201011:0730,439.2,137.6,0.0,51.66,32.58,1.38,0.0,2020-10-11 07:30:00+00:00,576.8,50.605,51.47703512,49.9327240664
20201011:0830,349.9,146.45,0.0,41.15,32.52,1.31,0.0,2020-10-11 08:30:00+00:00,496.34999999999997,48.0309375,44.833809552187496,43.48879526562187
20201011:0930,238.75,111.65,0.0,28.92,32.56,1.24,0.0,2020-10-11 09:30:00+00:00,350.4,43.510000000000005,32.31592032,31.346442710399995
20201011:1030,92.65,68.2,0.0,15.85,32.21,1.31,0.0,2020-10-11 10:30:00+00:00,160.85000000000002,37.236562500000005,15.2583345471875,14.800584510771875
20201011:1130,6.15,11.12,0.0,2.33,31.23,1.31,0.0,2020-10-11 11:30:00+00:00,17.27,31.7696875,1.6778967486875,1.627559846226875
20201011:1230,0.0,0.0,0.0,0.0,29.91,1.93,0.0,2020-10-11 12:30:00+00:00,0.0,29.91,0.0,0.0
20201011:1330,0.0,0.0,0.0,0.0,29.06,1.72,0.0,2020-10-11 13:30:00+00:00,0.0,29.06,0.0,0.0
20201011:1430,0.0,0.0,0.0,0.0,28.62,1.86,0.0,2020-10-11 14:30:00+00:00,0.0,28.62,0.0,0.0
20201011:1530,0.0,0.0,0.0,0.0,28.07,1.72,0.0,2020-10-11 15:30:00+00:00,0.0,28.07,0.0,0.0
20201011:1630,0.0,0.0,0.0,0.0,27.78,1.38,0.0,2020-10-11 16:30:00+00:00,0.0,27.78,0.0,0.0
20201011:1730,0.0,0.0,0.0,0.0,27.25,0.97,0.0,2020-10-11 17:30:00+00:00,0.0,27.25,0.0,0.0
20201011:1830,0.0,0.0,0.0,0.0,27.29,0.48,0.0,2020-10-11 18:30:00+00:00,0.0,27.29,0.0,0.0
20201011:1930,0.0,0.0,0.0,0.0,26.72,0.97,0.0,2020-10-11 19:30:00+00:00,0.0,26.72,0.0,0.0
20201011:2030,0.0,0.0,0.0,0.0,26.6,0.9,0.0,2020-10-11 20:30:00+00:00,0.0,26.6,0.0,0.0
20201011:2130,0.0,0.0,0.0,0.0,26.29,0.97,0.0,2020-10-11 21:30:00+00:00,0.0,26.29,0.0,0.0
20201011:2230,0.0,0.0,0.0,0.0,26.18,1.66,0.0,2020-10-11 22:30:00+00:00,0.0,26.18,0.0,0.0
20201011:2330,0.0,0.0,0.0,0.0,26.1,1.79,0.0,2020-10-11 23:30:00+00:00,0.0,26.1,0.0,0.0
20201012:0030,21.9,28.45,0.0,5.83,25.92,1.59,0.0,2020-10-12 00:30:00+00:00,50.349999999999994,27.493437500000002,4.982271277187499,4.832803138871873
20201012:0130,143.1,86.0,0.0,19.23,26.21,1.38,0.0,2020-10-12 01:30:00+00:00,229.1,33.369375,22.10468199875,21.441541538787497
20201012:0230,317.0,118.7,0.0,32.11,27.68,1.38,0.0,2020-10-12 02:30:00+00:00,435.7,41.295625,40.58799839875,39.3703584467875
20201012:0330,477.76,138.7,0.0,43.94,29.2,1.59,0.0,2020-10-12 03:30:00+00:00,616.46,48.464375000000004,55.570763582750004,53.9036406752675
20201012:0430,599.21,147.95,0.0,53.67,30.59,1.66,0.0,2020-10-12 04:30:00+00:00,747.1600000000001,53.93875,65.634811891,63.665767534269996
20201012:0530,548.31,194.5,0.0,59.22,31.62,1.66,0.0,2020-10-12 05:30:00+00:00,742.81,54.8328125,64.9737531896875,63.024540593996875
20201012:0630,565.21,170.55,0.0,58.28,32.19,1.59,0.0,2020-10-12 06:30:00+00:00,735.76,55.1825,64.249027996,62.321557156119994
20201012:0730,477.11,130.0,0.0,51.33,32.2,1.52,0.0,2020-10-12 07:30:00+00:00,607.11,51.17218750000001,54.037453363687504,52.416329762776876
20201012:0830,321.45,148.3,0.0,40.87,32.15,1.66,0.0,2020-10-12 08:30:00+00:00,469.75,46.8296875,42.6681118046875,41.388068450546875
20201012:0930,242.5,114.35,0.0,28.68,32.16,1.66,0.0,2020-10-12 09:30:00+00:00,356.85,43.311562499999994,32.9405179471875,31.952302408771875
20201012:1030,90.75,69.7,0.0,15.63,31.76,1.66,0.0,2020-10-12 10:30:00+00:00,160.45,36.7740625,15.2515577021875,14.794010971121875
20201012:1130,0.0,11.6,0.0,2.13,30.36,1.59,0.0,2020-10-12 11:30:00+00:00,11.6,30.7225,1.13211998,1.0981563805999999
20201012:1230,0.0,0.0,0.0,0.0,29.34,1.72,0.0,2020-10-12 12:30:00+00:00,0.0,29.34,0.0,0.0
20201012:1330,0.0,0.0,0.0,0.0,28.65,1.45,0.0,2020-10-12 13:30:00+00:00,0.0,28.65,0.0,0.0
20201012:1430,0.0,0.0,0.0,0.0,28.17,1.31,0.0,2020-10-12 14:30:00+00:00,0.0,28.17,0.0,0.0
20201012:1530,0.0,0.0,0.0,0.0,27.7,1.52,0.0,2020-10-12 15:30:00+00:00,0.0,27.7,0.0,0.0
20201012:1630,0.0,0.0,0.0,0.0,27.45,1.59,0.0,2020-10-12 16:30:00+00:00,0.0,27.45,0.0,0.0
20201012:1730,0.0,0.0,0.0,0.0,27.29,1.66,0.0,2020-10-12 17:30:00+00:00,0.0,27.29,0.0,0.0
20201012:1830,0.0,0.0,0.0,0.0,27.0,1.59,0.0,2020-10-12 18:30:00+00:00,0.0,27.0,0.0,0.0
20201012:1930,0.0,0.0,0.0,0.0,26.85,1.52,0.0,2020-10-12 19:30:00+00:00,0.0,26.85,0.0,0.0
20201012:2030,0.0,0.0,0.0,0.0,26.62,1.52,0.0,2020-10-12 20:30:00+00:00,0.0,26.62,0.0,0.0
20201012:2130,0.0,0.0,0.0,0.0,26.45,1.66,0.0,2020-10-12 21:30:00+00:00,0.0,26.45,0.0,0.0
20201012:2230,0.0,0.0,0.0,0.0,26.28,1.72,0.0,2020-10-12 22:30:00+00:00,0.0,26.28,0.0,0.0
20201012:2330,0.0,0.0,0.0,0.0,26.11,1.72,0.0,2020-10-12 23:30:00+00:00,0.0,26.11,0.0,0.0
20201013:0030,20.7,22.37,0.0,5.73,26.01,1.66,0.0,2020-10-13 00:30:00+00:00,43.07,27.355937500000003,4.264382504187499,4.136451029061874
20201013:0130,136.2,85.35,0.0,19.11,26.48,1.38,0.0,2020-10-13 01:30:00+00:00,221.54999999999998,33.4034375,21.373051737187495,20.73186018507187
20201013:0230,288.75,122.1,0.0,31.95,28.26,1.52,0.0,2020-10-13 02:30:00+00:00,410.85,41.0990625,38.30699407218751,37.157784250021884
20201013:0330,424.55,149.6,0.0,43.73,29.59,1.79,0.0,2020-10-13 03:30:00+00:00,574.15,47.5321875,51.981520709687494,50.422075088396866
20201013:0430,488.86,169.95,0.0,53.39,30.78,2.0,0.0,2020-10-13 04:30:00+00:00,658.81,51.3678125,58.58502100768749,56.82747037745686
20201013:0530,516.91,199.65,0.0,58.85,31.55,2.0,0.0,2020-10-13 05:30:00+00:00,716.56,53.942499999999995,62.94560412399999,61.05723600027999
20201013:0630,617.21,153.9,0.0,57.9,32.05,2.07,0.0,2020-10-13 06:30:00+00:00,771.11,56.1471875,67.02347874368749,65.01277438137686
20201013:0730,455.25,152.6,0.0,51.0,32.81,1.93,0.0,2020-10-13 07:30:00+00:00,607.85,51.8053125,53.9416841346875,52.32343361064687
20201013:0830,360.9,149.2,0.0,40.59,32.76,1.93,0.0,2020-10-13 08:30:00+00:00,510.09999999999997,48.700624999999995,45.93233069875,44.5543607777875
20201013:0930,210.85,105.95,0.0,28.43,32.65,1.79,0.0,2020-10-13 09:30:00+00:00,316.8,42.55,29.344867200000007,28.464521184000006
20201013:1030,75.25,64.25,0.0,15.41,31.96,1.59,0.0,2020-10-13 10:30:00+00:00,139.5,36.319375,13.286797818750001,12.888193884187501
20201013:1130,0.0,8.3,0.0,1.92,30.67,1.72,0.0,2020-10-13 11:30:00+00:00,8.3,30.929375,0.80933019875,0.7850502927874999
20201013:1230,0.0,0.0,0.0,0.0,29.4,1.59,0.0,2020-10-13 12:30:00+00:00,0.0,29.4,0.0,0.0
20201013:1330,0.0,0.0,0.0,0.0,28.81,1.45,0.0,2020-10-13 13:30:00+00:00,0.0,28.81,0.0,0.0
20201013:1430,0.0,0.0,0.0,0.0,28.37,1.52,0.0,2020-10-13 14:30:00+00:00,0.0,28.37,0.0,0.0
20201013:1530,0.0,0.0,0.0,0.0,27.89,1.59,0.0,2020-10-13 15:30:00+00:00,0.0,27.89,0.0,0.0
20201013:1630,0.0,0.0,0.0,0.0,27.45,1.66,0.0,2020-10-13 16:30:00+00:00,0.0,27.45,0.0,0.0
20201013:1730,0.0,0.0,0.0,0.0,27.05,1.66,0.0,2020-10-13 17:30:00+00:00,0.0,27.05,0.0,0.0
20201013:1830,0.0,0.0,0.0,0.0,26.56,1.52,0.0,2020-10-13 18:30:00+00:00,0.0,26.56,0.0,0.0
20201013:1930,0.0,0.0,0.0,0.0,26.26,1.38,0.0,2020-10-13 19:30:00+00:00,0.0,26.26,0.0,0.0
20201013:2030,0.0,0.0,0.0,0.0,25.89,1.38,0.0,2020-10-13 20:30:00+00:00,0.0,25.89,0.0,0.0
20201013:2130,0.0,0.0,0.0,0.0,25.5,1.38,0.0,2020-10-13 21:30:00+00:00,0.0,25.5,0.0,0.0
20201013:2230,0.0,0.0,0.0,0.0,25.12,1.52,0.0,2020-10-13 22:30:00+00:00,0.0,25.12,0.0,0.0
20201013:2330,0.0,0.0,0.0,0.0,24.85,1.52,0.0,2020-10-13 23:30:00+00:00,0.0,24.85,0.0,0.0
20201014:0030,20.35,23.86,0.0,5.62,24.71,1.45,0.0,2020-10-14 00:30:00+00:00,44.21,26.091562500000002,4.4007316491875,4.2687096997118745
20201014:0130,117.35,93.85,0.0,18.99,25.68,1.17,0.0,2020-10-14 01:30:00+00:00,211.2,32.28,20.47423488,19.8600078336
20201014:0230,318.25,114.75,0.0,31.79,28.35,1.52,0.0,2020-10-14 02:30:00+00:00,433.0,41.88125,40.229975874999994,39.023076598749995
20201014:0330,460.96,134.65,0.0,43.52,29.79,2.0,0.0,2020-10-14 03:30:00+00:00,595.61,48.402812499999996,53.7066413556875,52.09544211501687
20201014:0430,585.86,150.75,0.0,53.1,30.91,2.28,0.0,2020-10-14 04:30:00+00:00,736.61,53.9290625,64.7110365741875,62.769705476961875
20201014:0530,618.21,153.75,0.0,58.5,31.7,2.14,0.0,2020-10-14 05:30:00+00:00,771.96,55.823750000000004,67.202225139,65.18615838483001
20201014:0630,481.01,203.6,0.0,57.53,32.22,2.0,0.0,2020-10-14 06:30:00+00:00,684.61,53.6140625,60.2334212021875,58.426418566121875
20201014:0730,483.61,152.15,0.0,50.67,32.6,1.52,0.0,2020-10-14 07:30:00+00:00,635.76,52.4675,56.241650124,54.55440062028
20201014:0830,337.35,135.25,0.0,40.31,32.48,2.0,0.0,2020-10-14 08:30:00+00:00,472.6,47.24875,42.843801115000005,41.558487081550005
20201014:0930,176.55,102.5,0.0,28.19,30.81,2.97,0.0,2020-10-14 09:30:00+00:00,279.05,39.5303125,26.2020328446875,25.415971859346875
20201014:1030,77.25,65.5,0.0,15.19,30.14,1.86,0.0,2020-10-14 10:30:00+00:00,142.75,34.6009375,13.6993757921875,13.288394518421875
20201014:1130,0.0,12.15,0.0,1.72,29.66,1.52,0.0,2020-10-14 11:30:00+00:00,12.15,30.0396875,1.1892824746875001,1.153604000446875
20201014:1230,0.0,0.0,0.0,0.0,28.88,1.45,0.0,2020-10-14 12:30:00+00:00,0.0,28.88,0.0,0.0
20201014:1330,0.0,0.0,0.0,0.0,28.3,1.31,0.0,2020-10-14 13:30:00+00:00,0.0,28.3,0.0,0.0
20201014:1430,0.0,0.0,0.0,0.0,27.75,1.45,0.0,2020-10-14 14:30:00+00:00,0.0,27.75,0.0,0.0
20201014:1530,0.0,0.0,0.0,0.0,27.28,1.52,0.0,2020-10-14 15:30:00+00:00,0.0,27.28,0.0,0.0
20201014:1630,0.0,0.0,0.0,0.0,26.93,1.45,0.0,2020-10-14 16:30:00+00:00,0.0,26.93,0.0,0.0
20201014:1730,0.0,0.0,0.0,0.0,26.57,1.24,0.0,2020-10-14 17:30:00+00:00,0.0,26.57,0.0,0.0
20201014:1830,0.0,0.0,0.0,0.0,26.18,1.1,0.0,2020-10-14 18:30:00+00:00,0.0,26.18,0.0,0.0
20201014:1930,0.0,0.0,0.0,0.0,25.91,1.31,0.0,2020-10-14 19:30:00+00:00,0.0,25.91,0.0,0.0
20201014:2030,0.0,0.0,0.0,0.0,25.7,1.38,0.0,2020-10-14 20:30:00+00:00,0.0,25.7,0.0,0.0
20201014:2130,0.0,0.0,0.0,0.0,25.51,1.52,0.0,2020-10-14 21:30:00+00:00,0.0,25.51,0.0,0.0
20201014:2230,0.0,0.0,0.0,0.0,25.47,1.59,0.0,2020-10-14 22:30:00+00:00,0.0,25.47,0.0,0.0
20201014:2330,0.0,0.0,0.0,0.0,25.42,1.72,0.0,2020-10-14 23:30:00+00:00,0.0,25.42,0.0,0.0
20201015:0030,21.05,22.96,0.0,5.52,25.44,1.79,0.0,2020-10-15 00:30:00+00:00,44.010000000000005,26.8153125,4.367445400687501,4.236422038666876
20201015:0130,135.65,84.35,0.0,18.86,26.07,1.66,0.0,2020-10-15 01:30:00+00:00,220.0,32.945,21.265882,20.62790554
20201015:0230,297.15,121.7,0.0,31.63,27.95,1.93,0.0,2020-10-15 02:30:00+00:00,418.84999999999997,41.0390625,39.06345624218749,37.891552554921866
20201015:0330,420.6,149.0,0.0,43.3,29.25,2.28,0.0,2020-10-15 03:30:00+00:00,569.6,47.05,51.6849344,50.134386368
20201015:0430,502.31,172.5,0.0,52.81,30.35,2.41,0.0,2020-10-15 04:30:00+00:00,674.81,51.4378125,59.98798989368749,58.18835019687686
20201015:0530,577.11,171.0,0.0,58.14,31.13,2.14,0.0,2020-10-15 05:30:00+00:00,748.11,54.5084375,65.5392659851875,63.573088005631874
20201015:0630,460.95,159.5,0.0,57.16,31.77,1.66,0.0,2020-10-15 06:30:00+00:00,620.45,51.159062500000005,55.228236062187506,53.57138898032188
20201015:0730,467.51,158.15,0.0,50.34,32.07,1.86,0.0,2020-10-15 07:30:00+00:00,625.66,51.621875,55.57037822875,53.903266881887504
20201015:0830,355.35,121.25,0.0,40.03,32.13,1.72,0.0,2020-10-15 08:30:00+00:00,476.6,47.02375000000001,43.25146191500001,41.953918057550005
20201015:0930,218.2,98.5,0.0,27.95,32.11,1.59,0.0,2020-10-15 09:30:00+00:00,316.7,42.006875,29.407847528749997,28.525612102887496
20201015:1030,65.55,65.6,0.0,14.98,31.42,2.0,0.0,2020-10-15 10:30:00+00:00,131.14999999999998,35.518437500000005,12.535612907187499,12.159544519971874
20201015:1130,0.0,7.85,0.0,1.53,29.96,1.93,0.0,2020-10-15 11:30:00+00:00,7.85,30.2053125,0.7678380846874999,0.7448029421468749
20201015:1230,0.0,0.0,0.0,0.0,28.96,2.0,0.0,2020-10-15 12:30:00+00:00,0.0,28.96,0.0,0.0
20201015:1330,0.0,0.0,0.0,0.0,28.15,2.0,0.0,2020-10-15 13:30:00+00:00,0.0,28.15,0.0,0.0
20201015:1430,0.0,0.0,0.0,0.0,27.65,1.79,0.0,2020-10-15 14:30:00+00:00,0.0,27.65,0.0,0.0
20201015:1530,0.0,0.0,0.0,0.0,27.2,1.59,0.0,2020-10-15 15:30:00+00:00,0.0,27.2,0.0,0.0
20201015:1630,0.0,0.0,0.0,0.0,26.86,1.45,0.0,2020-10-15 16:30:00+00:00,0.0,26.86,0.0,0.0
20201015:1730,0.0,0.0,0.0,0.0,26.53,1.45,0.0,2020-10-15 17:30:00+00:00,0.0,26.53,0.0,0.0
20201015:1830,0.0,0.0,0.0,0.0,26.23,1.31,0.0,2020-10-15 18:30:00+00:00,0.0,26.23,0.0,0.0
20201015:1930,0.0,0.0,0.0,0.0,26.07,0.83,0.0,2020-10-15 19:30:00+00:00,0.0,26.07,0.0,0.0
20201015:2030,0.0,0.0,0.0,0.0,26.02,0.76,0.0,2020-10-15 20:30:00+00:00,0.0,26.02,0.0,0.0
20201015:2130,0.0,0.0,0.0,0.0,25.79,0.76,0.0,2020-10-15 21:30:00+00:00,0.0,25.79,0.0,0.0
20201015:2230,0.0,0.0,0.0,0.0,25.56,0.76,0.0,2020-10-15 22:30:00+00:00,0.0,25.56,0.0,0.0
20201015:2330,0.0,0.0,0.0,0.0,24.93,1.1,0.0,2020-10-15 23:30:00+00:00,0.0,24.93,0.0,0.0
20201016:0030,17.95,21.85,0.0,5.41,24.78,1.1,0.0,2020-10-16 00:30:00+00:00,39.8,26.02375,3.9628869949999994,3.8440003851499993
20201016:0130,134.4,84.7,0.0,18.73,25.77,0.62,0.0,2020-10-16 01:30:00+00:00,219.10000000000002,32.616875,21.20907992875,20.5728075308875
20201016:0230,306.35,117.45,0.0,31.46,28.12,0.62,0.0,2020-10-16 02:30:00+00:00,423.8,41.36375,39.467317955000006,38.28329841635001
20201016:0330,463.96,136.7,0.0,43.08,29.42,0.62,0.0,2020-10-16 03:30:00+00:00,600.66,48.190625,54.215534058749995,52.58906803698749
20201016:0430,553.26,147.9,0.0,52.53,30.59,0.76,0.0,2020-10-16 04:30:00+00:00,701.16,52.50125,62.017233891,60.156716874269996
20201016:0530,577.11,162.35,0.0,57.78,31.35,0.97,0.0,2020-10-16 05:30:00+00:00,739.46,54.458125,64.79709585275,62.8531829771675
20201016:0630,559.66,166.45,0.0,56.79,31.89,0.9,0.0,2020-10-16 06:30:00+00:00,726.1099999999999,54.5809375,63.589813898187494,61.68211948124187
20201016:0730,484.11,167.0,0.0,50.01,32.3,0.97,0.0,2020-10-16 07:30:00+00:00,651.11,52.6471875,57.550428693687486,55.82391583287686
20201016:0830,309.3,137.1,0.0,39.75,32.35,1.03,0.0,2020-10-16 08:30:00+00:00,446.4,46.3,40.6465056,39.427110432
20201016:0930,163.15,131.75,0.0,27.71,32.17,1.17,0.0,2020-10-16 09:30:00+00:00,294.9,41.385625000000005,27.460509258749997,26.6366939809875
20201016:1030,68.15,67.4,0.0,14.77,31.71,1.24,0.0,2020-10-16 10:30:00+00:00,135.55,35.9459375,12.9318368321875,12.543881727221875
20201016:1130,0.0,10.05,0.0,1.33,30.64,0.97,0.0,2020-10-16 11:30:00+00:00,10.05,30.9540625,0.9798679021875,0.950471865121875
20201016:1230,0.0,0.0,0.0,0.0,29.87,0.69,0.0,2020-10-16 12:30:00+00:00,0.0,29.87,0.0,0.0
20201016:1330,0.0,0.0,0.0,0.0,29.51,0.21,0.0,2020-10-16 13:30:00+00:00,0.0,29.51,0.0,0.0
20201016:1430,0.0,0.0,0.0,0.0,29.12,0.07,0.0,2020-10-16 14:30:00+00:00,0.0,29.12,0.0,0.0
20201016:1530,0.0,0.0,0.0,0.0,28.42,0.62,0.0,2020-10-16 15:30:00+00:00,0.0,28.42,0.0,0.0
20201016:1630,0.0,0.0,0.0,0.0,27.52,1.24,0.0,2020-10-16 16:30:00+00:00,0.0,27.52,0.0,0.0
20201016:1730,0.0,0.0,0.0,0.0,27.3,1.52,0.0,2020-10-16 17:30:00+00:00,0.0,27.3,0.0,0.0
20201016:1830,0.0,0.0,0.0,0.0,27.14,1.59,0.0,2020-10-16 18:30:00+00:00,0.0,27.14,0.0,0.0
20201016:1930,0.0,0.0,0.0,0.0,27.31,1.59,0.0,2020-10-16 19:30:00+00:00,0.0,27.31,0.0,0.0
20201016:2030,0.0,0.0,0.0,0.0,27.18,1.59,0.0,2020-10-16 20:30:00+00:00,0.0,27.18,0.0,0.0
20201016:2130,0.0,0.0,0.0,0.0,26.68,1.66,0.0,2020-10-16 21:30:00+00:00,0.0,26.68,0.0,0.0
20201016:2230,0.0,0.0,0.0,0.0,26.41,1.66,0.0,2020-10-16 22:30:00+00:00,0.0,26.41,0.0,0.0
20201016:2330,0.0,0.0,0.0,0.0,26.32,1.66,0.0,2020-10-16 23:30:00+00:00,0.0,26.32,0.0,0.0
20201017:0030,18.65,20.57,0.0,5.3,26.13,1.66,0.0,2020-10-17 00:30:00+00:00,39.22,27.355625,3.8831972027499995,3.7667012866674994
20201017:0130,119.0,83.25,0.0,18.6,26.51,1.38,0.0,2020-10-17 01:30:00+00:00,202.25,32.830312500000005,19.559854104687503,18.97305848154688
20201017:0230,305.1,114.9,0.0,31.29,28.15,1.45,0.0,2020-10-17 02:30:00+00:00,420.0,41.275,39.129090000000005,37.9552173
20201017:0330,464.06,138.05,0.0,42.87,29.74,1.59,0.0,2020-10-17 03:30:00+00:00,602.11,48.5559375,54.25402847818751,52.62640762384188
20201017:0430,448.71,169.35,0.0,52.24,31.14,2.0,0.0,2020-10-17 04:30:00+00:00,618.06,50.454375,55.19842097475,53.5424683455075
20201017:0530,618.21,157.1,0.0,57.42,31.81,2.28,0.0,2020-10-17 05:30:00+00:00,775.3100000000001,56.0384375,67.4239473891875,65.40122896751188
20201017:0630,542.86,146.5,0.0,56.42,32.5,2.28,0.0,2020-10-17 06:30:00+00:00,689.36,54.042500000000004,60.527290124,58.71147142028
20201017:0730,475.66,160.65,0.0,49.69,32.39,2.0,0.0,2020-10-17 07:30:00+00:00,636.3100000000001,52.2746875,56.34183431068751,54.651579281366885
20201017:0830,394.05,131.9,0.0,39.48,32.66,2.0,0.0,2020-10-17 08:30:00+00:00,525.95,49.0959375,47.27223150218751,45.85406455712188
20201017:0930,246.7,105.75,0.0,27.48,32.55,1.93,0.0,2020-10-17 09:30:00+00:00,352.45,43.5640625,32.496980392187496,31.52207098042187
20201017:1030,89.45,62.4,0.0,14.56,32.18,1.59,0.0,2020-10-17 10:30:00+00:00,151.85,36.9253125,14.4244393446875,13.991706164346875
20201017:1130,0.0,11.7,0.0,1.15,31.43,1.24,0.0,2020-10-17 11:30:00+00:00,11.7,31.795625,1.1366062987499999,1.1025081097874998
20201017:1230,0.0,0.0,0.0,0.0,30.09,1.24,0.0,2020-10-17 12:30:00+00:00,0.0,30.09,0.0,0.0
20201017:1330,0.0,0.0,0.0,0.0,28.96,0.9,0.0,2020-10-17 13:30:00+00:00,0.0,28.96,0.0,0.0
20201017:1430,0.0,0.0,0.0,0.0,28.9,0.69,0.0,2020-10-17 14:30:00+00:00,0.0,28.9,0.0,0.0
20201017:1530,0.0,0.0,0.0,0.0,27.95,0.83,0.0,2020-10-17 15:30:00+00:00,0.0,27.95,0.0,0.0
20201017:1630,0.0,0.0,0.0,0.0,27.44,0.83,0.0,2020-10-17 16:30:00+00:00,0.0,27.44,0.0,0.0
20201017:1730,0.0,0.0,0.0,0.0,27.71,0.48,0.0,2020-10-17 17:30:00+00:00,0.0,27.71,0.0,0.0
20201017:1830,0.0,0.0,0.0,0.0,27.34,0.55,0.0,2020-10-17 18:30:00+00:00,0.0,27.34,0.0,0.0
20201017:1930,0.0,0.0,0.0,0.0,25.64,1.24,0.0,2020-10-17 19:30:00+00:00,0.0,25.64,0.0,0.0
20201017:2030,0.0,0.0,0.0,0.0,25.34,1.45,0.0,2020-10-17 20:30:00+00:00,0.0,25.34,0.0,0.0
20201017:2130,0.0,0.0,0.0,0.0,25.23,1.52,0.0,2020-10-17 21:30:00+00:00,0.0,25.23,0.0,0.0
20201017:2230,0.0,0.0,0.0,0.0,25.14,1.52,0.0,2020-10-17 22:30:00+00:00,0.0,25.14,0.0,0.0
20201017:2330,0.0,0.0,0.0,0.0,25.01,1.45,0.0,2020-10-17 23:30:00+00:00,0.0,25.01,0.0,0.0
20201018:0030,18.85,21.77,0.0,5.19,24.84,1.38,0.0,2020-10-18 00:30:00+00:00,40.620000000000005,26.109375,4.04307361875,3.9217814101875
20201018:0130,123.25,83.1,0.0,18.46,25.73,1.03,0.0,2020-10-18 01:30:00+00:00,206.35,32.1784375,20.0128663571875,19.412480366471875
20201018:0230,285.6,114.95,0.0,31.12,28.4,1.1,0.0,2020-10-18 02:30:00+00:00,400.55,40.9171875,37.3772356296875,36.25591856079687
20201018:0330,384.6,158.5,0.0,42.64,30.04,1.17,0.0,2020-10-18 03:30:00+00:00,543.1,47.011875,49.28904728875,47.8103758700875
20201018:0430,453.46,182.0,0.0,51.94,31.2,1.66,0.0,2020-10-18 04:30:00+00:00,635.46,51.058125000000004,56.59126363275,54.893525723767496
20201018:0530,541.71,170.1,0.0,57.07,31.79,1.86,0.0,2020-10-18 05:30:00+00:00,711.8100000000001,54.034062500000005,62.500970868187515,60.62594174214189
20201018:0630,317.75,247.55,0.0,56.06,32.22,2.0,0.0,2020-10-18 06:30:00+00:00,565.3,49.885625,50.62150559874999,49.10286043078749
20201018:0730,158.75,267.7,0.0,49.37,32.11,2.34,0.0,2020-10-18 07:30:00+00:00,426.45,45.4365625,38.9846277271875,37.81508889537187
20201018:0830,133.8,189.6,0.0,39.21,31.75,2.07,0.0,2020-10-18 08:30:00+00:00,323.4,41.85625,30.050449274999995,29.148935796749996
20201018:0930,26.85,129.75,0.0,27.25,31.16,1.72,0.0,2020-10-18 09:30:00+00:00,156.6,36.05375,14.932972754999998,14.484983572349998
20201018:1030,9.8,54.45,0.0,14.36,30.38,1.59,0.0,2020-10-18 10:30:00+00:00,64.25,32.387812499999995,6.2256398796875,6.038870683296874
20201018:1130,0.0,7.8,0.0,0.96,29.54,1.45,0.0,2020-10-18 11:30:00+00:00,7.8,29.783749999999998,0.7643284349999999,0.7413985819499999
20201018:1230,0.0,0.0,0.0,0.0,28.58,1.72,0.0,2020-10-18 12:30:00+00:00,0.0,28.58,0.0,0.0
20201018:1330,0.0,0.0,0.0,0.0,27.91,1.72,0.0,2020-10-18 13:30:00+00:00,0.0,27.91,0.0,0.0
20201018:1430,0.0,0.0,0.0,0.0,27.42,1.72,0.0,2020-10-18 14:30:00+00:00,0.0,27.42,0.0,0.0
20201018:1530,0.0,0.0,0.0,0.0,27.07,1.66,0.0,2020-10-18 15:30:00+00:00,0.0,27.07,0.0,0.0
20201018:1630,0.0,0.0,0.0,0.0,26.81,1.59,0.0,2020-10-18 16:30:00+00:00,0.0,26.81,0.0,0.0
20201018:1730,0.0,0.0,0.0,0.0,26.52,1.38,0.0,2020-10-18 17:30:00+00:00,0.0,26.52,0.0,0.0
20201018:1830,0.0,0.0,0.0,0.0,26.28,1.31,0.0,2020-10-18 18:30:00+00:00,0.0,26.28,0.0,0.0
20201018:1930,0.0,0.0,0.0,0.0,26.32,1.17,0.0,2020-10-18 19:30:00+00:00,0.0,26.32,0.0,0.0
20201018:2030,0.0,0.0,0.0,0.0,26.09,0.97,0.0,2020-10-18 20:30:00+00:00,0.0,26.09,0.0,0.0
20201018:2130,0.0,0.0,0.0,0.0,25.82,0.83,0.0,2020-10-18 21:30:00+00:00,0.0,25.82,0.0,0.0
20201018:2230,0.0,0.0,0.0,0.0,25.53,1.17,0.0,2020-10-18 22:30:00+00:00,0.0,25.53,0.0,0.0
20201018:2330,0.0,0.0,0.0,0.0,25.47,1.1,0.0,2020-10-18 23:30:00+00:00,0.0,25.47,0.0,0.0
20201019:0030,15.75,21.9,0.0,5.08,25.34,1.1,0.0,2020-10-19 00:30:00+00:00,37.65,26.5165625,3.7410185971875,3.6287880392718748
20201019:0130,74.35,89.65,0.0,18.33,26.03,0.62,0.0,2020-10-19 01:30:00+00:00,164.0,31.155,15.976043600000002,15.496762292000001
20201019:0230,208.45,127.8,0.0,30.95,27.51,0.48,0.0,2020-10-19 02:30:00+00:00,336.25,38.017812500000005,31.786559429687497,30.832962646796872
20201019:0330,342.45,171.95,0.0,42.42,28.77,0.34,0.0,2020-10-19 03:30:00+00:00,514.4,44.845,47.15252744,45.7379516168
20201019:0430,460.76,188.2,0.0,51.65,29.97,0.62,0.0,2020-10-19 04:30:00+00:00,648.96,50.25,58.0137792,56.273365824
20201019:0530,504.96,192.6,0.0,56.72,30.8,0.9,0.0,2020-10-19 05:30:00+00:00,697.56,52.598749999999995,61.670250699,59.82014317803
20201019:0630,524.96,174.6,0.0,55.7,31.3,0.76,0.0,2020-10-19 06:30:00+00:00,699.5600000000001,53.16125,61.681796699,59.83134279803
20201019:0730,445.66,166.2,0.0,49.06,31.77,0.9,0.0,2020-10-19 07:30:00+00:00,611.86,50.890625,54.53259611874999,52.89661823518749
20201019:0830,294.05,148.55,0.0,38.94,31.96,0.83,0.0,2020-10-19 08:30:00+00:00,442.6,45.791250000000005,40.395072955,39.183220766350004
20201019:0930,137.7,137.3,0.0,27.02,31.29,0.55,0.0,2020-10-19 09:30:00+00:00,275.0,39.88375,25.780926875000002,25.00749906875
20201019:1030,36.2,67.1,0.0,14.16,29.26,1.45,0.0,2020-10-19 10:30:00+00:00,103.3,32.488125000000004,10.00512020875,9.7049666024875
20201019:1130,0.0,9.6,0.0,0.78,28.59,0.28,0.0,2020-10-19 11:30:00+00:00,9.6,28.89,0.94431552,0.9159860543999999
20201019:1230,0.0,0.0,0.0,0.0,27.78,1.03,0.0,2020-10-19 12:30:00+00:00,0.0,27.78,0.0,0.0
20201019:1330,0.0,0.0,0.0,0.0,27.3,1.1,0.0,2020-10-19 13:30:00+00:00,0.0,27.3,0.0,0.0
20201019:1430,0.0,0.0,0.0,0.0,26.95,1.31,0.0,2020-10-19 14:30:00+00:00,0.0,26.95,0.0,0.0
20201019:1530,0.0,0.0,0.0,0.0,26.69,1.17,0.0,2020-10-19 15:30:00+00:00,0.0,26.69,0.0,0.0
20201019:1630,0.0,0.0,0.0,0.0,26.24,1.03,0.0,2020-10-19 16:30:00+00:00,0.0,26.24,0.0,0.0
20201019:1730,0.0,0.0,0.0,0.0,25.88,0.9,0.0,2020-10-19 17:30:00+00:00,0.0,25.88,0.0,0.0
20201019:1830,0.0,0.0,0.0,0.0,25.64,0.97,0.0,2020-10-19 18:30:00+00:00,0.0,25.64,0.0,0.0
20201019:1930,0.0,0.0,0.0,0.0,25.93,1.1,0.0,2020-10-19 19:30:00+00:00,0.0,25.93,0.0,0.0
20201019:2030,0.0,0.0,0.0,0.0,25.58,1.24,0.0,2020-10-19 20:30:00+00:00,0.0,25.58,0.0,0.0
20201019:2130,0.0,0.0,0.0,0.0,25.22,1.24,0.0,2020-10-19 21:30:00+00:00,0.0,25.22,0.0,0.0
20201019:2230,0.0,0.0,0.0,0.0,24.97,1.31,0.0,2020-10-19 22:30:00+00:00,0.0,24.97,0.0,0.0
20201019:2330,0.0,0.0,0.0,0.0,24.85,1.17,0.0,2020-10-19 23:30:00+00:00,0.0,24.85,0.0,0.0
20201020:0030,14.1,19.45,0.0,4.96,24.8,1.17,0.0,2020-10-20 00:30:00+00:00,33.55,25.8484375,3.3430446671874994,3.2427533271718745
20201020:0130,117.85,80.55,0.0,18.19,25.68,1.1,0.0,2020-10-20 01:30:00+00:00,198.39999999999998,31.88,19.266703359999998,18.688702259199996
20201020:0230,300.65,115.8,0.0,30.78,27.7,1.86,0.0,2020-10-20 02:30:00+00:00,416.45,40.7140625,38.8964690421875,37.729574970921874
20201020:0330,435.86,137.15,0.0,42.2,29.32,2.55,0.0,2020-10-20 03:30:00+00:00,573.01,47.2265625,51.9518621171875,50.393306253671874
20201020:0430,489.46,165.7,0.0,51.36,30.5,2.76,0.0,2020-10-20 04:30:00+00:00,655.16,50.973749999999995,58.36887593899999,56.61780966082999
20201020:0530,526.01,155.05,0.0,56.36,31.14,2.69,0.0,2020-10-20 05:30:00+00:00,681.06,52.423125,60.26174672475,58.453894323007496
20201020:0630,544.86,145.9,0.0,55.34,31.46,2.55,0.0,2020-10-20 06:30:00+00:00,690.76,53.04625,60.93924438700001,59.11106705539001
20201020:0730,313.5,164.75,0.0,48.74,31.87,2.34,0.0,2020-10-20 07:30:00+00:00,478.25,46.815312500000005,43.4430672546875,42.13977523704687
20201020:0830,239.0,158.45,0.0,38.68,31.74,2.21,0.0,2020-10-20 08:30:00+00:00,397.45,44.160312499999996,36.546588194687494,35.45019054884687
20201020:0930,136.8,98.1,0.0,26.8,31.45,2.28,0.0,2020-10-20 09:30:00+00:00,234.9,38.790625,22.12944451875,21.4655611831875
20201020:1030,58.05,53.7,0.0,13.96,30.66,2.0,0.0,2020-10-20 10:30:00+00:00,111.75,34.1521875,10.745442079687502,10.423078817296876
20201020:1130,0.0,8.4,0.0,0.6,29.64,2.0,0.0,2020-10-20 11:30:00+00:00,8.4,29.9025,0.8227039800000001,0.7980228606
20201020:1230,0.0,0.0,0.0,0.0,28.44,2.21,0.0,2020-10-20 12:30:00+00:00,0.0,28.44,0.0,0.0
20201020:1330,0.0,0.0,0.0,0.0,27.68,1.86,0.0,2020-10-20 13:30:00+00:00,0.0,27.68,0.0,0.0
20201020:1430,0.0,0.0,0.0,0.0,27.21,1.79,0.0,2020-10-20 14:30:00+00:00,0.0,27.21,0.0,0.0
20201020:1530,0.0,0.0,0.0,0.0,26.7,1.93,0.0,2020-10-20 15:30:00+00:00,0.0,26.7,0.0,0.0
20201020:1630,0.0,0.0,0.0,0.0,26.39,1.93,0.0,2020-10-20 16:30:00+00:00,0.0,26.39,0.0,0.0
20201020:1730,0.0,0.0,0.0,0.0,26.18,1.72,0.0,2020-10-20 17:30:00+00:00,0.0,26.18,0.0,0.0
20201020:1830,0.0,0.0,0.0,0.0,25.93,1.59,0.0,2020-10-20 18:30:00+00:00,0.0,25.93,0.0,0.0
20201020:1930,0.0,0.0,0.0,0.0,26.18,1.45,0.0,2020-10-20 19:30:00+00:00,0.0,26.18,0.0,0.0
20201020:2030,0.0,0.0,0.0,0.0,25.94,1.17,0.0,2020-10-20 20:30:00+00:00,0.0,25.94,0.0,0.0
20201020:2130,0.0,0.0,0.0,0.0,25.76,1.17,0.0,2020-10-20 21:30:00+00:00,0.0,25.76,0.0,0.0
20201020:2230,0.0,0.0,0.0,0.0,25.66,1.31,0.0,2020-10-20 22:30:00+00:00,0.0,25.66,0.0,0.0
20201020:2330,0.0,0.0,0.0,0.0,25.77,1.31,0.0,2020-10-20 23:30:00+00:00,0.0,25.77,0.0,0.0
20201021:0030,5.55,24.48,0.0,4.85,25.74,1.38,0.0,2020-10-21 00:30:00+00:00,30.03,26.678437499999998,2.9818305391875,2.892375623011875
20201021:0130,72.6,91.6,0.0,18.05,26.14,1.66,0.0,2020-10-21 01:30:00+00:00,164.2,31.271250000000002,15.987509514999998,15.507884229549997
20201021:0230,156.25,159.25,0.0,30.6,27.38,2.62,0.0,2020-10-21 02:30:00+00:00,315.5,37.239374999999995,29.92816041875,29.0303156061875
20201021:0330,265.55,196.3,0.0,41.97,28.35,2.9,0.0,2020-10-21 03:30:00+00:00,461.85,42.782812500000006,42.7355433796875,41.45347707829687
20201021:0430,386.0,241.25,0.0,51.07,29.31,3.17,0.0,2020-10-21 04:30:00+00:00,627.25,48.9115625,56.42561841718749,54.73284986467187
20201021:0530,122.45,236.4,0.0,56.01,30.37,3.72,0.0,2020-10-21 05:30:00+00:00,358.85,41.5840625,33.3854998521875,32.38393485662188
20201021:0630,74.55,207.1,0.0,54.99,28.96,3.59,0.0,2020-10-21 06:30:00+00:00,281.65,37.7615625,26.6553964871875,25.855734592571874
20201021:0730,146.4,181.4,0.0,48.43,28.81,3.17,0.0,2020-10-21 07:30:00+00:00,327.8,39.05375,30.845135915,29.919781837549998
20201021:0830,150.45,192.05,0.0,38.42,29.0,3.72,0.0,2020-10-21 08:30:00+00:00,342.5,39.703125,32.13495546875,31.1709068046875
20201021:0930,88.2,121.35,0.0,26.57,29.04,3.93,0.0,2020-10-21 09:30:00+00:00,209.55,35.5884375,20.023101027187504,19.422407996371877
20201021:1030,26.85,53.25,0.0,13.76,28.4,3.52,0.0,2020-10-21 10:30:00+00:00,80.1,30.903125,7.81140706875,7.5770648566875005
20201021:1130,0.0,7.4,0.0,0.42,27.76,3.17,0.0,2020-10-21 11:30:00+00:00,7.4,27.99125,0.730703195,0.70878209915
20201021:1230,0.0,0.0,0.0,0.0,27.04,2.76,0.0,2020-10-21 12:30:00+00:00,0.0,27.04,0.0,0.0
20201021:1330,0.0,0.0,0.0,0.0,26.58,2.62,0.0,2020-10-21 13:30:00+00:00,0.0,26.58,0.0,0.0
20201021:1430,0.0,0.0,0.0,0.0,26.21,2.76,0.0,2020-10-21 14:30:00+00:00,0.0,26.21,0.0,0.0
20201021:1530,0.0,0.0,0.0,0.0,26.0,2.76,0.0,2020-10-21 15:30:00+00:00,0.0,26.0,0.0,0.0
20201021:1630,0.0,0.0,0.0,0.0,25.86,2.83,0.0,2020-10-21 16:30:00+00:00,0.0,25.86,0.0,0.0
20201021:1730,0.0,0.0,0.0,0.0,25.87,2.97,0.0,2020-10-21 17:30:00+00:00,0.0,25.87,0.0,0.0
20201021:1830,0.0,0.0,0.0,0.0,25.79,3.03,0.0,2020-10-21 18:30:00+00:00,0.0,25.79,0.0,0.0
20201021:1930,0.0,0.0,0.0,0.0,25.49,2.48,0.0,2020-10-21 19:30:00+00:00,0.0,25.49,0.0,0.0
20201021:2030,0.0,0.0,0.0,0.0,25.28,2.48,0.0,2020-10-21 20:30:00+00:00,0.0,25.28,0.0,0.0
20201021:2130,0.0,0.0,0.0,0.0,25.08,2.62,0.0,2020-10-21 21:30:00+00:00,0.0,25.08,0.0,0.0
20201021:2230,0.0,0.0,0.0,0.0,24.77,2.9,0.0,2020-10-21 22:30:00+00:00,0.0,24.77,0.0,0.0
20201021:2330,0.0,0.0,0.0,0.0,24.7,3.17,0.0,2020-10-21 23:30:00+00:00,0.0,24.7,0.0,0.0
20201022:0030,0.1,9.04,0.0,4.73,24.58,3.24,0.0,2020-10-22 00:30:00+00:00,9.139999999999999,24.865624999999998,0.9145158387499999,0.8870803635874999
20201022:0130,1.15,34.3,0.0,17.9,24.6,3.38,0.0,2020-10-22 01:30:00+00:00,35.449999999999996,25.707812500000003,3.5344613796874995,3.4284275382968743
20201022:0230,1.15,49.45,0.0,30.42,24.86,3.17,0.0,2020-10-22 02:30:00+00:00,50.6,26.44125,5.029370555,4.87848943835
20201022:0330,2.4,49.1,0.0,41.74,25.21,3.72,0.0,2020-10-22 03:30:00+00:00,51.5,26.819375,5.11064691875,4.9573275111875
20201022:0430,0.0,35.4,0.0,50.78,25.37,4.28,0.0,2020-10-22 04:30:00+00:00,35.4,26.47625,3.518051115,3.4125095815499997
20201022:0530,0.05,76.2,0.0,55.67,25.1,3.93,0.0,2020-10-22 05:30:00+00:00,76.25,27.4828125,7.5454879296875,7.319123291796875
20201022:0630,0.0,30.0,0.0,54.64,25.14,3.93,0.0,2020-10-22 06:30:00+00:00,30.0,26.0775,2.9864235,2.8968307949999996
20201022:0730,0.0,13.25,0.0,48.12,24.74,5.31,0.0,2020-10-22 07:30:00+00:00,13.25,25.1540625,1.3241426421875,1.284418362921875
20201022:0830,0.0,25.15,0.0,38.16,24.41,5.38,0.0,2020-10-22 08:30:00+00:00,25.15,25.1959375,2.5129303121874997,2.4375424028218746
20201022:0930,0.0,26.8,0.0,26.36,24.26,4.76,0.0,2020-10-22 09:30:00+00:00,26.8,25.0975,2.67890254,2.5985354638000002
20201022:1030,0.0,14.3,0.0,13.57,24.42,4.41,0.0,2020-10-22 10:30:00+00:00,14.3,24.866875,1.43079954875,1.3878755622875
20201022:1130,0.0,1.4,0.0,0.25,24.47,4.21,0.0,2020-10-22 11:30:00+00:00,1.4,24.513749999999998,0.14028591499999998,0.13607733754999998
20201022:1230,0.0,0.0,0.0,0.0,24.49,4.07,0.0,2020-10-22 12:30:00+00:00,0.0,24.49,0.0,0.0
20201022:1330,0.0,0.0,0.0,0.0,24.44,4.0,0.0,2020-10-22 13:30:00+00:00,0.0,24.44,0.0,0.0
20201022:1430,0.0,0.0,0.0,0.0,24.53,3.66,0.0,2020-10-22 14:30:00+00:00,0.0,24.53,0.0,0.0
20201022:1530,0.0,0.0,0.0,0.0,24.49,3.45,0.0,2020-10-22 15:30:00+00:00,0.0,24.49,0.0,0.0
20201022:1630,0.0,0.0,0.0,0.0,24.44,3.17,0.0,2020-10-22 16:30:00+00:00,0.0,24.44,0.0,0.0
20201022:1730,0.0,0.0,0.0,0.0,24.38,2.9,0.0,2020-10-22 17:30:00+00:00,0.0,24.38,0.0,0.0
20201022:1830,0.0,0.0,0.0,0.0,24.3,2.55,0.0,2020-10-22 18:30:00+00:00,0.0,24.3,0.0,0.0
20201022:1930,0.0,0.0,0.0,0.0,23.46,2.69,0.0,2020-10-22 19:30:00+00:00,0.0,23.46,0.0,0.0
20201022:2030,0.0,0.0,0.0,0.0,23.61,2.76,0.0,2020-10-22 20:30:00+00:00,0.0,23.61,0.0,0.0
20201022:2130,0.0,0.0,0.0,0.0,23.57,2.9,0.0,2020-10-22 21:30:00+00:00,0.0,23.57,0.0,0.0
20201022:2230,0.0,0.0,0.0,0.0,23.62,3.24,0.0,2020-10-22 22:30:00+00:00,0.0,23.62,0.0,0.0
20201022:2330,0.0,0.0,0.0,0.0,23.57,3.38,0.0,2020-10-22 23:30:00+00:00,0.0,23.57,0.0,0.0
20201023:0030,0.0,2.75,0.0,4.61,23.46,3.38,0.0,2020-10-23 00:30:00+00:00,2.75,23.5459375,0.27667944218749996,0.26837905892187497
20201023:0130,0.0,6.9,0.0,17.76,23.47,3.24,0.0,2020-10-23 01:30:00+00:00,6.9,23.685624999999998,0.69380905875,0.6729947869874999
20201023:0230,0.0,22.1,0.0,30.24,23.53,2.55,0.0,2020-10-23 02:30:00+00:00,22.1,24.220625000000002,2.21723415875,2.1507171339875
20201023:0330,0.0,43.35,0.0,41.51,23.73,2.55,0.0,2020-10-23 03:30:00+00:00,43.35,25.0846875,4.3334580946875,4.203454351846875
20201023:0430,0.0,62.1,0.0,50.49,23.92,3.1,0.0,2020-10-23 04:30:00+00:00,62.1,25.860625000000002,6.18755317875,6.0019265833875
20201023:0530,0.0,38.6,0.0,55.32,24.13,2.83,0.0,2020-10-23 05:30:00+00:00,38.6,25.33625,3.8545487150000004,3.73891225355
20201023:0630,16.5,125.2,0.0,54.29,24.19,2.62,0.0,2020-10-23 06:30:00+00:00,141.7,28.618125,13.95467090875,13.536030781487499
20201023:0730,0.0,115.85,0.0,47.82,24.94,4.76,0.0,2020-10-23 07:30:00+00:00,115.85,28.560312500000002,11.4117658746875,11.069412898446874
20201023:0830,0.0,58.95,0.0,37.9,25.09,4.48,0.0,2020-10-23 08:30:00+00:00,58.95,26.9321875,5.847160969687501,5.671746140596875
20201023:0930,1.3,76.65,0.0,26.14,24.89,3.93,0.0,2020-10-23 09:30:00+00:00,77.95,27.325937500000002,7.718851132187501,7.487285598221876
20201023:1030,0.0,32.45,0.0,13.39,24.79,3.93,0.0,2020-10-23 10:30:00+00:00,32.45,25.8040625,3.2340414321875,3.1370201892218748
20201023:1130,0.0,3.5,0.0,0.08,24.52,3.79,0.0,2020-10-23 11:30:00+00:00,3.5,24.629375,0.35054481875000004,0.34002847418750004
20201023:1230,0.0,0.0,0.0,0.0,24.23,3.79,0.0,2020-10-23 12:30:00+00:00,0.0,24.23,0.0,0.0
20201023:1330,0.0,0.0,0.0,0.0,24.07,3.66,0.0,2020-10-23 13:30:00+00:00,0.0,24.07,0.0,0.0
20201023:1430,0.0,0.0,0.0,0.0,24.03,3.45,0.0,2020-10-23 14:30:00+00:00,0.0,24.03,0.0,0.0
20201023:1530,0.0,0.0,0.0,0.0,24.02,3.17,0.0,2020-10-23 15:30:00+00:00,0.0,24.02,0.0,0.0
20201023:1630,0.0,0.0,0.0,0.0,24.01,3.03,0.0,2020-10-23 16:30:00+00:00,0.0,24.01,0.0,0.0
20201023:1730,0.0,0.0,0.0,0.0,24.0,2.69,0.0,2020-10-23 17:30:00+00:00,0.0,24.0,0.0,0.0
20201023:1830,0.0,0.0,0.0,0.0,23.8,2.34,0.0,2020-10-23 18:30:00+00:00,0.0,23.8,0.0,0.0
20201023:1930,0.0,0.0,0.0,0.0,23.43,2.69,0.0,2020-10-23 19:30:00+00:00,0.0,23.43,0.0,0.0
20201023:2030,0.0,0.0,0.0,0.0,23.37,2.83,0.0,2020-10-23 20:30:00+00:00,0.0,23.37,0.0,0.0
20201023:2130,0.0,0.0,0.0,0.0,23.5,2.83,0.0,2020-10-23 21:30:00+00:00,0.0,23.5,0.0,0.0
20201023:2230,0.0,0.0,0.0,0.0,23.69,2.69,0.0,2020-10-23 22:30:00+00:00,0.0,23.69,0.0,0.0
20201023:2330,0.0,0.0,0.0,0.0,23.83,2.55,0.0,2020-10-23 23:30:00+00:00,0.0,23.83,0.0,0.0
20201024:0030,4.05,16.99,0.0,4.48,23.7,2.28,0.0,2020-10-24 00:30:00+00:00,21.04,24.357499999999998,2.109677644,2.04638731468
20201024:0130,25.95,90.4,0.0,17.61,24.0,2.0,0.0,2020-10-24 01:30:00+00:00,116.35000000000001,27.6359375,11.506189642187502,11.161003952921877
20201024:0230,177.25,127.05,0.0,30.06,24.85,2.28,0.0,2020-10-24 02:30:00+00:00,304.3,34.359375,29.23381571875,28.3568012471875
20201024:0330,290.1,175.9,0.0,41.28,26.21,2.9,0.0,2020-10-24 03:30:00+00:00,466.0,40.7725,43.5130063,42.207616111
20201024:0430,201.9,235.8,0.0,50.19,27.46,3.1,0.0,2020-10-24 04:30:00+00:00,437.70000000000005,41.138125,40.803263928750006,39.579166010887505
20201024:0530,266.0,253.7,0.0,54.98,28.04,3.1,0.0,2020-10-24 05:30:00+00:00,519.7,44.280625,47.76154085875001,46.32869463298751
20201024:0630,194.8,209.7,0.0,53.95,28.55,3.31,0.0,2020-10-24 06:30:00+00:00,404.5,41.190625,37.69937471875,36.5683934771875
20201024:0730,217.55,190.1,0.0,47.52,28.59,3.45,0.0,2020-10-24 07:30:00+00:00,407.65,41.3290625,37.96925222218749,36.830174655521866
20201024:0830,189.15,166.75,0.0,37.65,28.84,3.24,0.0,2020-10-24 08:30:00+00:00,355.9,39.961875,33.353528848749995,32.35292298328749
20201024:0930,151.9,109.85,0.0,25.93,28.99,2.97,0.0,2020-10-24 09:30:00+00:00,261.75,37.169687499999995,24.837125404687498,24.092011642546872
20201024:1030,62.75,62.8,0.0,13.2,28.89,2.34,0.0,2020-10-24 10:30:00+00:00,125.55,32.8134375,12.1429896271875,11.778699938371874
20201024:1130,0.0,0.0,0.0,-0.08,27.72,1.03,0.0,2020-10-24 11:30:00+00:00,0.0,27.72,0.0,0.0
20201024:1230,0.0,0.0,0.0,0.0,27.18,0.28,0.0,2020-10-24 12:30:00+00:00,0.0,27.18,0.0,0.0
20201024:1330,0.0,0.0,0.0,0.0,26.07,1.38,0.0,2020-10-24 13:30:00+00:00,0.0,26.07,0.0,0.0
20201024:1430,0.0,0.0,0.0,0.0,25.28,1.17,0.0,2020-10-24 14:30:00+00:00,0.0,25.28,0.0,0.0
20201024:1530,0.0,0.0,0.0,0.0,24.9,0.83,0.0,2020-10-24 15:30:00+00:00,0.0,24.9,0.0,0.0
20201024:1630,0.0,0.0,0.0,0.0,25.29,0.41,0.0,2020-10-24 16:30:00+00:00,0.0,25.29,0.0,0.0
20201024:1730,0.0,0.0,0.0,0.0,24.01,0.97,0.0,2020-10-24 17:30:00+00:00,0.0,24.01,0.0,0.0
20201024:1830,0.0,0.0,0.0,0.0,23.39,1.24,0.0,2020-10-24 18:30:00+00:00,0.0,23.39,0.0,0.0
20201024:1930,0.0,0.0,0.0,0.0,23.2,0.97,0.0,2020-10-24 19:30:00+00:00,0.0,23.2,0.0,0.0
20201024:2030,0.0,0.0,0.0,0.0,22.79,1.24,0.0,2020-10-24 20:30:00+00:00,0.0,22.79,0.0,0.0
20201024:2130,0.0,0.0,0.0,0.0,22.53,1.24,0.0,2020-10-24 21:30:00+00:00,0.0,22.53,0.0,0.0
20201024:2230,0.0,0.0,0.0,0.0,22.37,1.31,0.0,2020-10-24 22:30:00+00:00,0.0,22.37,0.0,0.0
20201024:2330,0.0,0.0,0.0,0.0,22.15,1.24,0.0,2020-10-24 23:30:00+00:00,0.0,22.15,0.0,0.0
20201025:0030,10.95,23.79,0.0,4.36,21.99,1.03,0.0,2020-10-25 00:30:00+00:00,34.739999999999995,23.075625,3.5020781707499995,3.3970158256274994
20201025:0130,105.7,92.5,0.0,17.46,22.95,0.55,0.0,2020-10-25 01:30:00+00:00,198.2,29.143749999999997,19.475057675000002,18.890805944750003
20201025:0230,282.1,118.9,0.0,29.88,25.39,0.55,0.0,2020-10-25 02:30:00+00:00,401.0,37.92125,37.923803075,36.78608898275
20201025:0330,423.56,142.6,0.0,41.05,27.1,0.9,0.0,2020-10-25 03:30:00+00:00,566.16,44.792500000000004,51.909596844,50.35230893868
20201025:0430,546.11,150.5,0.0,49.9,28.37,1.17,0.0,2020-10-25 04:30:00+00:00,696.61,50.1390625,62.3059086221875,60.43673136352187
20201025:0530,487.56,157.9,0.0,54.64,29.44,1.79,0.0,2020-10-25 05:30:00+00:00,645.46,49.610625,57.874226914750004,56.138000107307505
20201025:0630,589.16,153.25,0.0,53.61,29.9,2.0,0.0,2020-10-25 06:30:00+00:00,742.41,53.1003125,65.4789797386875,63.51461034652687
20201025:0730,506.26,141.35,0.0,47.22,30.4,1.1,0.0,2020-10-25 07:30:00+00:00,647.61,50.637812499999995,57.7876124236875,56.05398405097687
20201025:0830,330.15,114.95,0.0,37.41,30.55,1.17,0.0,2020-10-25 08:30:00+00:00,445.09999999999997,44.459375,40.87222551874999,39.64605875318749
20201025:0930,196.5,104.45,0.0,25.72,30.23,1.24,0.0,2020-10-25 09:30:00+00:00,300.95,39.6346875,28.245190134687498,27.39783443064687
20201025:1030,54.75,58.5,0.0,13.02,29.83,1.03,0.0,2020-10-25 10:30:00+00:00,113.25,33.3690625,10.926925542187501,10.599117775921876
20201025:1130,0.0,0.0,0.0,-0.24,29.08,0.62,0.0,2020-10-25 11:30:00+00:00,0.0,29.08,0.0,0.0
20201025:1230,0.0,0.0,0.0,0.0,27.83,0.55,0.0,2020-10-25 12:30:00+00:00,0.0,27.83,0.0,0.0
20201025:1330,0.0,0.0,0.0,0.0,27.02,0.62,0.0,2020-10-25 13:30:00+00:00,0.0,27.02,0.0,0.0
20201025:1430,0.0,0.0,0.0,0.0,26.24,0.83,0.0,2020-10-25 14:30:00+00:00,0.0,26.24,0.0,0.0
20201025:1530,0.0,0.0,0.0,0.0,25.39,1.1,0.0,2020-10-25 15:30:00+00:00,0.0,25.39,0.0,0.0
20201025:1630,0.0,0.0,0.0,0.0,24.85,1.17,0.0,2020-10-25 16:30:00+00:00,0.0,24.85,0.0,0.0
20201025:1730,0.0,0.0,0.0,0.0,24.59,1.03,0.0,2020-10-25 17:30:00+00:00,0.0,24.59,0.0,0.0
20201025:1830,0.0,0.0,0.0,0.0,24.33,0.9,0.0,2020-10-25 18:30:00+00:00,0.0,24.33,0.0,0.0
20201025:1930,0.0,0.0,0.0,0.0,24.1,0.97,0.0,2020-10-25 19:30:00+00:00,0.0,24.1,0.0,0.0
20201025:2030,0.0,0.0,0.0,0.0,24.12,0.83,0.0,2020-10-25 20:30:00+00:00,0.0,24.12,0.0,0.0
20201025:2130,0.0,0.0,0.0,0.0,24.6,0.55,0.0,2020-10-25 21:30:00+00:00,0.0,24.6,0.0,0.0
20201025:2230,0.0,0.0,0.0,0.0,24.38,0.34,0.0,2020-10-25 22:30:00+00:00,0.0,24.38,0.0,0.0
20201025:2330,0.0,0.0,0.0,0.0,24.2,0.21,0.0,2020-10-25 23:30:00+00:00,0.0,24.2,0.0,0.0
20201026:0030,15.15,19.12,0.0,4.23,23.96,0.48,0.0,2020-10-26 00:30:00+00:00,34.27,25.0309375,3.4265547041875,3.323758063061875
20201026:0130,100.85,90.2,0.0,17.31,24.15,0.41,0.0,2020-10-26 01:30:00+00:00,191.05,30.120312499999997,18.694141004687502,18.133316774546877
20201026:0230,279.4,109.25,0.0,29.69,26.24,0.28,0.0,2020-10-26 02:30:00+00:00,388.65,38.3853125,36.680075284687504,35.57967302614688
20201026:0330,428.71,137.7,0.0,40.81,27.91,0.28,0.0,2020-10-26 03:30:00+00:00,566.41,45.6103125,51.737967416687496,50.18582839418687
20201026:0430,521.01,157.75,0.0,49.61,29.08,0.55,0.0,2020-10-26 04:30:00+00:00,678.76,50.29125,60.665990683000004,58.84601096251
20201026:0530,485.76,175.9,0.0,54.3,29.95,1.03,0.0,2020-10-26 05:30:00+00:00,661.66,50.626875,59.04436319275,57.27303229696749
20201026:0630,491.66,176.55,0.0,53.27,30.42,1.31,0.0,2020-10-26 06:30:00+00:00,668.21,51.3015625,59.43951382718751,57.656328412371884
20201026:0730,483.71,149.3,0.0,46.93,30.66,1.17,0.0,2020-10-26 07:30:00+00:00,633.01,50.4415625,56.536999339187496,54.84088935901187
20201026:0830,361.76,133.2,0.0,37.16,30.83,1.45,0.0,2020-10-26 08:30:00+00:00,494.96,46.2975,45.068607547999996,43.716549321559995
20201026:0930,222.75,96.8,0.0,25.52,30.72,1.59,0.0,2020-10-26 09:30:00+00:00,319.55,40.7059375,29.8470904221875,28.951677709521874
20201026:1030,79.1,58.35,0.0,12.85,30.17,1.38,0.0,2020-10-26 10:30:00+00:00,137.45,34.4653125,13.198576974687498,12.802619665446873
20201026:1130,0.0,0.0,0.0,-0.39,28.96,1.45,0.0,2020-10-26 11:30:00+00:00,0.0,28.96,0.0,0.0
20201026:1230,0.0,0.0,0.0,0.0,27.4,1.79,0.0,2020-10-26 12:30:00+00:00,0.0,27.4,0.0,0.0
20201026:1330,0.0,0.0,0.0,0.0,25.93,1.79,0.0,2020-10-26 13:30:00+00:00,0.0,25.93,0.0,0.0
20201026:1430,0.0,0.0,0.0,0.0,24.61,1.66,0.0,2020-10-26 14:30:00+00:00,0.0,24.61,0.0,0.0
20201026:1530,0.0,0.0,0.0,0.0,23.69,1.45,0.0,2020-10-26 15:30:00+00:00,0.0,23.69,0.0,0.0
20201026:1630,0.0,0.0,0.0,0.0,23.2,1.38,0.0,2020-10-26 16:30:00+00:00,0.0,23.2,0.0,0.0
20201026:1730,0.0,0.0,0.0,0.0,22.46,1.45,0.0,2020-10-26 17:30:00+00:00,0.0,22.46,0.0,0.0
20201026:1830,0.0,0.0,0.0,0.0,21.87,1.52,0.0,2020-10-26 18:30:00+00:00,0.0,21.87,0.0,0.0
20201026:1930,0.0,0.0,0.0,0.0,21.52,1.59,0.0,2020-10-26 19:30:00+00:00,0.0,21.52,0.0,0.0
20201026:2030,0.0,0.0,0.0,0.0,21.08,1.72,0.0,2020-10-26 20:30:00+00:00,0.0,21.08,0.0,0.0
20201026:2130,0.0,0.0,0.0,0.0,20.79,1.79,0.0,2020-10-26 21:30:00+00:00,0.0,20.79,0.0,0.0
20201026:2230,0.0,0.0,0.0,0.0,20.48,1.79,0.0,2020-10-26 22:30:00+00:00,0.0,20.48,0.0,0.0
20201026:2330,0.0,0.0,0.0,0.0,20.23,1.79,0.0,2020-10-26 23:30:00+00:00,0.0,20.23,0.0,0.0
20201027:0030,18.8,17.95,0.0,4.11,19.97,1.79,0.0,2020-10-27 00:30:00+00:00,36.75,21.1184375,3.7349119171874996,3.6228645596718745
20201027:0130,141.9,75.95,0.0,17.16,20.48,1.31,0.0,2020-10-27 01:30:00+00:00,217.85000000000002,27.2878125,21.5756720196875,20.928401859096873
20201027:0230,316.86,107.05,0.0,29.5,24.23,1.24,0.0,2020-10-27 02:30:00+00:00,423.91,37.4771875,40.1695340876875,38.96444806505688
20201027:0330,476.66,125.4,0.0,40.58,26.31,1.45,0.0,2020-10-27 03:30:00+00:00,602.0600000000001,45.124375,55.11724589075,53.463728514027494
20201027:0430,591.26,136.2,0.0,49.32,28.02,1.59,0.0,2020-10-27 04:30:00+00:00,727.46,50.753125,64.87756530875,62.931238349487494
20201027:0530,627.91,151.9,0.0,53.96,29.25,1.79,0.0,2020-10-27 05:30:00+00:00,779.81,53.6190625,68.6076789261875,66.54944855840188
20201027:0630,625.71,143.0,0.0,52.94,29.95,1.93,0.0,2020-10-27 06:30:00+00:00,768.71,53.972187500000004,67.5170916936875,65.49157894287688
20201027:0730,531.16,142.15,0.0,46.64,30.17,1.72,0.0,2020-10-27 07:30:00+00:00,673.31,51.2109375,59.91880374218751,58.12123962992188
20201027:0830,403.11,126.05,0.0,36.92,30.28,1.72,0.0,2020-10-27 08:30:00+00:00,529.16,46.81625,48.067399523,46.625377537309994
20201027:0930,249.25,97.5,0.0,25.32,30.06,1.86,0.0,2020-10-27 09:30:00+00:00,346.75,40.8959375,32.35999514218749,31.38919528792187
20201027:1030,81.8,59.25,0.0,12.68,29.48,1.66,0.0,2020-10-27 10:30:00+00:00,141.05,33.8878125,13.5784770996875,13.171122786696875
20201027:1130,0.0,0.0,0.0,-0.54,28.32,1.52,0.0,2020-10-27 11:30:00+00:00,0.0,28.32,0.0,0.0
20201027:1230,0.0,0.0,0.0,0.0,26.61,1.45,0.0,2020-10-27 12:30:00+00:00,0.0,26.61,0.0,0.0
20201027:1330,0.0,0.0,0.0,0.0,25.83,0.83,0.0,2020-10-27 13:30:00+00:00,0.0,25.83,0.0,0.0
20201027:1430,0.0,0.0,0.0,0.0,26.01,0.41,0.0,2020-10-27 14:30:00+00:00,0.0,26.01,0.0,0.0
20201027:1530,0.0,0.0,0.0,0.0,25.49,0.07,0.0,2020-10-27 15:30:00+00:00,0.0,25.49,0.0,0.0
20201027:1630,0.0,0.0,0.0,0.0,24.92,0.28,0.0,2020-10-27 16:30:00+00:00,0.0,24.92,0.0,0.0
20201027:1730,0.0,0.0,0.0,0.0,24.32,0.69,0.0,2020-10-27 17:30:00+00:00,0.0,24.32,0.0,0.0
20201027:1830,0.0,0.0,0.0,0.0,22.05,1.24,0.0,2020-10-27 18:30:00+00:00,0.0,22.05,0.0,0.0
20201027:1930,0.0,0.0,0.0,0.0,21.46,1.66,0.0,2020-10-27 19:30:00+00:00,0.0,21.46,0.0,0.0
20201027:2030,0.0,0.0,0.0,0.0,21.34,1.79,0.0,2020-10-27 20:30:00+00:00,0.0,21.34,0.0,0.0
20201027:2130,0.0,0.0,0.0,0.0,21.26,1.93,0.0,2020-10-27 21:30:00+00:00,0.0,21.26,0.0,0.0
20201027:2230,0.0,0.0,0.0,0.0,21.2,2.0,0.0,2020-10-27 22:30:00+00:00,0.0,21.2,0.0,0.0
20201027:2330,0.0,0.0,0.0,0.0,21.11,2.0,0.0,2020-10-27 23:30:00+00:00,0.0,21.11,0.0,0.0
20201028:0030,16.95,18.08,0.0,3.98,20.98,2.0,0.0,2020-10-28 00:30:00+00:00,35.03,22.0746875,3.5460389526874994,3.439657784106874
20201028:0130,134.1,77.15,0.0,17.0,21.46,1.79,0.0,2020-10-28 01:30:00+00:00,211.25,28.0615625,20.8533628671875,20.227761981171874
20201028:0230,306.95,108.85,0.0,29.32,24.0,1.93,0.0,2020-10-28 02:30:00+00:00,415.79999999999995,36.99375,39.485459475,38.300895690749996
20201028:0330,465.36,128.15,0.0,40.34,25.95,2.07,0.0,2020-10-28 03:30:00+00:00,593.51,44.497187499999995,54.4908541836875,52.85612855817688
20201028:0430,578.66,139.65,0.0,49.03,27.48,2.28,0.0,2020-10-28 04:30:00+00:00,718.31,49.9271875,64.31071181768749,62.38139046315686
20201028:0530,615.56,154.0,0.0,53.63,28.57,2.48,0.0,2020-10-28 05:30:00+00:00,769.56,52.61875,68.029200195,65.98832418915
20201028:0630,536.51,168.2,0.0,52.61,29.13,2.48,0.0,2020-10-28 06:30:00+00:00,704.71,51.1521875,62.730522617687505,60.84860693915688
20201028:0730,461.36,173.45,0.0,46.35,29.55,1.93,0.0,2020-10-28 07:30:00+00:00,634.81,49.387812499999995,56.9787165536875,55.26935505707687
20201028:0830,260.65,166.7,0.0,36.69,29.74,1.86,0.0,2020-10-28 08:30:00+00:00,427.34999999999997,43.0946875,39.487238824687495,38.302621659946865
20201028:0930,199.9,108.9,0.0,25.12,29.5,1.86,0.0,2020-10-28 09:30:00+00:00,308.8,39.15,29.044801600000003,28.173457552000002
20201028:1030,75.2,59.35,0.0,12.51,29.11,1.72,0.0,2020-10-28 10:30:00+00:00,134.55,33.3146875,12.9851286946875,12.595574833846875
20201028:1130,0.0,0.0,0.0,-0.69,28.08,1.59,0.0,2020-10-28 11:30:00+00:00,0.0,28.08,0.0,0.0
20201028:1230,0.0,0.0,0.0,0.0,26.68,1.79,0.0,2020-10-28 12:30:00+00:00,0.0,26.68,0.0,0.0
20201028:1330,0.0,0.0,0.0,0.0,25.48,1.72,0.0,2020-10-28 13:30:00+00:00,0.0,25.48,0.0,0.0
20201028:1430,0.0,0.0,0.0,0.0,24.42,1.59,0.0,2020-10-28 14:30:00+00:00,0.0,24.42,0.0,0.0
20201028:1530,0.0,0.0,0.0,0.0,23.45,1.38,0.0,2020-10-28 15:30:00+00:00,0.0,23.45,0.0,0.0
20201028:1630,0.0,0.0,0.0,0.0,22.82,1.59,0.0,2020-10-28 16:30:00+00:00,0.0,22.82,0.0,0.0
20201028:1730,0.0,0.0,0.0,0.0,22.42,1.72,0.0,2020-10-28 17:30:00+00:00,0.0,22.42,0.0,0.0
20201028:1830,0.0,0.0,0.0,0.0,22.21,1.86,0.0,2020-10-28 18:30:00+00:00,0.0,22.21,0.0,0.0
20201028:1930,0.0,0.0,0.0,0.0,22.31,1.86,0.0,2020-10-28 19:30:00+00:00,0.0,22.31,0.0,0.0
20201028:2030,0.0,0.0,0.0,0.0,22.27,2.07,0.0,2020-10-28 20:30:00+00:00,0.0,22.27,0.0,0.0
20201028:2130,0.0,0.0,0.0,0.0,22.23,2.14,0.0,2020-10-28 21:30:00+00:00,0.0,22.23,0.0,0.0
20201028:2230,0.0,0.0,0.0,0.0,22.14,2.14,0.0,2020-10-28 22:30:00+00:00,0.0,22.14,0.0,0.0
20201028:2330,0.0,0.0,0.0,0.0,22.05,2.14,0.0,2020-10-28 23:30:00+00:00,0.0,22.05,0.0,0.0
20201029:0030,15.9,17.86,0.0,3.85,21.99,2.21,0.0,2020-10-29 00:30:00+00:00,33.76,23.044999999999998,3.4037203359999997,3.3016087259199995
20201029:0130,128.9,77.35,0.0,16.85,22.44,2.0,0.0,2020-10-29 01:30:00+00:00,206.25,28.8853125,20.288434804687498,19.679781760546874
20201029:0230,294.5,112.2,0.0,29.13,24.5,2.21,0.0,2020-10-29 02:30:00+00:00,406.7,37.209375,38.58446781875,37.4269337841875
20201029:0330,454.51,129.5,0.0,40.11,26.36,2.41,0.0,2020-10-29 03:30:00+00:00,584.01,44.6103125,53.590900186687506,51.983173181086876
20201029:0430,563.91,142.3,0.0,48.74,27.94,2.48,0.0,2020-10-29 04:30:00+00:00,706.21,50.0090625,63.20310698818749,61.307013778541865
20201029:0530,603.46,154.05,0.0,53.3,29.17,2.69,0.0,2020-10-29 05:30:00+00:00,757.51,52.8421875,66.8928911096875,64.88610437639687
20201029:0630,524.66,172.25,0.0,52.28,29.9,2.48,0.0,2020-10-29 06:30:00+00:00,696.91,51.6784375,61.88216265118749,60.02569777165186
20201029:0730,433.51,185.25,0.0,46.07,30.42,2.21,0.0,2020-10-29 07:30:00+00:00,618.76,49.75625,55.442365554999995,53.77909458834999
20201029:0830,301.45,159.2,0.0,36.45,30.63,2.14,0.0,2020-10-29 08:30:00+00:00,460.65,45.0253125,42.1906427146875,40.924923433246875
20201029:0930,228.65,99.8,0.0,24.93,30.44,2.14,0.0,2020-10-29 09:30:00+00:00,328.45,40.7040625,30.678640282187498,29.75828107372187
20201029:1030,72.95,58.65,0.0,12.35,30.11,2.0,0.0,2020-10-29 10:30:00+00:00,131.6,34.2225,12.65025398,12.2707463606
20201029:1130,0.0,0.0,0.0,-0.83,29.02,1.86,0.0,2020-10-29 11:30:00+00:00,0.0,29.02,0.0,0.0
20201029:1230,0.0,0.0,0.0,0.0,27.55,2.07,0.0,2020-10-29 12:30:00+00:00,0.0,27.55,0.0,0.0
20201029:1330,0.0,0.0,0.0,0.0,26.55,2.0,0.0,2020-10-29 13:30:00+00:00,0.0,26.55,0.0,0.0
20201029:1430,0.0,0.0,0.0,0.0,25.81,1.86,0.0,2020-10-29 14:30:00+00:00,0.0,25.81,0.0,0.0
20201029:1530,0.0,0.0,0.0,0.0,25.15,1.72,0.0,2020-10-29 15:30:00+00:00,0.0,25.15,0.0,0.0
20201029:1630,0.0,0.0,0.0,0.0,24.54,1.79,0.0,2020-10-29 16:30:00+00:00,0.0,24.54,0.0,0.0
20201029:1730,0.0,0.0,0.0,0.0,24.07,1.79,0.0,2020-10-29 17:30:00+00:00,0.0,24.07,0.0,0.0
20201029:1830,0.0,0.0,0.0,0.0,23.8,1.93,0.0,2020-10-29 18:30:00+00:00,0.0,23.8,0.0,0.0
20201029:1930,0.0,0.0,0.0,0.0,24.19,2.0,0.0,2020-10-29 19:30:00+00:00,0.0,24.19,0.0,0.0
20201029:2030,0.0,0.0,0.0,0.0,24.57,2.41,0.0,2020-10-29 20:30:00+00:00,0.0,24.57,0.0,0.0
20201029:2130,0.0,0.0,0.0,0.0,24.52,2.55,0.0,2020-10-29 21:30:00+00:00,0.0,24.52,0.0,0.0
20201029:2230,0.0,0.0,0.0,0.0,24.5,2.62,0.0,2020-10-29 22:30:00+00:00,0.0,24.5,0.0,0.0
20201029:2330,0.0,0.0,0.0,0.0,24.24,2.62,0.0,2020-10-29 23:30:00+00:00,0.0,24.24,0.0,0.0
20201030:0030,14.1,17.75,0.0,3.71,24.07,2.62,0.0,2020-10-30 00:30:00+00:00,31.85,25.0653125,3.1841263146875005,3.0886025252468756
20201030:0130,119.6,78.9,0.0,16.69,24.25,2.55,0.0,2020-10-30 01:30:00+00:00,198.5,30.453125,19.39537296875,18.8135117796875
20201030:0230,287.45,110.4,0.0,28.93,25.62,2.9,0.0,2020-10-30 02:30:00+00:00,397.85,38.0528125,37.60391418968751,36.47579676399688
20201030:0330,442.91,130.0,0.0,39.87,27.14,3.31,0.0,2020-10-30 03:30:00+00:00,572.9100000000001,45.0434375,52.4681039731875,50.894060853991874
20201030:0430,552.11,142.8,0.0,48.45,28.49,3.45,0.0,2020-10-30 04:30:00+00:00,694.9100000000001,50.205937500000005,62.1343396281875,60.27030943934187
20201030:0530,608.61,145.6,0.0,52.97,29.58,3.52,0.0,2020-10-30 05:30:00+00:00,754.21,53.1490625,66.50427214018751,64.50914397598189
20201030:0630,596.16,147.45,0.0,51.96,30.4,3.52,0.0,2020-10-30 06:30:00+00:00,743.6099999999999,53.637812499999995,65.4169472236875,63.454438806976874
20201030:0730,490.76,158.6,0.0,45.8,30.9,3.59,0.0,2020-10-30 07:30:00+00:00,649.36,51.192499999999995,57.79248804400001,56.058713402680006
20201030:0830,385.61,127.05,0.0,36.22,31.15,3.24,0.0,2020-10-30 08:30:00+00:00,512.66,47.170625,46.49228310275,45.0975146096675
20201030:0930,227.6,99.0,0.0,24.74,31.13,2.97,0.0,2020-10-30 09:30:00+00:00,326.6,41.33625,30.419123914999997,29.506550197549995
20201030:1030,69.5,59.3,0.0,12.19,30.72,2.14,0.0,2020-10-30 10:30:00+00:00,128.8,34.745,12.352834479999999,11.982249445599999
20201030:1130,0.0,0.0,0.0,-0.97,29.67,1.79,0.0,2020-10-30 11:30:00+00:00,0.0,29.67,0.0,0.0
20201030:1230,0.0,0.0,0.0,0.0,28.19,2.07,0.0,2020-10-30 12:30:00+00:00,0.0,28.19,0.0,0.0
20201030:1330,0.0,0.0,0.0,0.0,27.23,2.0,0.0,2020-10-30 13:30:00+00:00,0.0,27.23,0.0,0.0
20201030:1430,0.0,0.0,0.0,0.0,26.5,1.93,0.0,2020-10-30 14:30:00+00:00,0.0,26.5,0.0,0.0
20201030:1530,0.0,0.0,0.0,0.0,25.81,1.86,0.0,2020-10-30 15:30:00+00:00,0.0,25.81,0.0,0.0
20201030:1630,0.0,0.0,0.0,0.0,25.21,1.93,0.0,2020-10-30 16:30:00+00:00,0.0,25.21,0.0,0.0
20201030:1730,0.0,0.0,0.0,0.0,24.77,2.07,0.0,2020-10-30 17:30:00+00:00,0.0,24.77,0.0,0.0
20201030:1830,0.0,0.0,0.0,0.0,24.52,2.28,0.0,2020-10-30 18:30:00+00:00,0.0,24.52,0.0,0.0
20201030:1930,0.0,0.0,0.0,0.0,24.84,2.41,0.0,2020-10-30 19:30:00+00:00,0.0,24.84,0.0,0.0
20201030:2030,0.0,0.0,0.0,0.0,24.64,2.55,0.0,2020-10-30 20:30:00+00:00,0.0,24.64,0.0,0.0
20201030:2130,0.0,0.0,0.0,0.0,24.39,2.55,0.0,2020-10-30 21:30:00+00:00,0.0,24.39,0.0,0.0
20201030:2230,0.0,0.0,0.0,0.0,24.11,2.28,0.0,2020-10-30 22:30:00+00:00,0.0,24.11,0.0,0.0
20201030:2330,0.0,0.0,0.0,0.0,23.73,2.0,0.0,2020-10-30 23:30:00+00:00,0.0,23.73,0.0,0.0
20201031:0030,8.15,19.93,0.0,3.58,23.36,1.86,0.0,2020-10-31 00:30:00+00:00,28.08,24.2375,2.8169926199999997,2.7324828413999995
20201031:0130,97.7,85.2,0.0,16.53,23.44,1.72,0.0,2020-10-31 01:30:00+00:00,182.9,29.155625,17.97077319875,17.4316500027875
20201031:0230,270.9,119.35,0.0,28.74,25.01,2.0,0.0,2020-10-31 02:30:00+00:00,390.25,37.205312500000005,37.0244882546875,35.91375360704687
20201031:0330,375.06,155.35,0.0,39.64,26.56,2.21,0.0,2020-10-31 03:30:00+00:00,530.41,43.1353125,49.0009565366875,47.53092784058687
20201031:0430,462.41,168.75,0.0,48.16,27.89,2.0,0.0,2020-10-31 04:30:00+00:00,631.1600000000001,47.61375,57.12138433100001,55.40774280107001
20201031:0530,450.31,204.0,0.0,52.65,28.96,1.66,0.0,2020-10-31 05:30:00+00:00,654.31,49.4071875,58.7236559216875,56.961946244036874
20201031:0630,439.91,196.65,0.0,51.65,29.77,1.17,0.0,2020-10-31 06:30:00+00:00,636.5600000000001,49.6625,57.06235238,55.3504818086
20201031:0730,302.7,188.75,0.0,45.52,30.56,0.76,0.0,2020-10-31 07:30:00+00:00,491.45,45.9178125,44.827375239687505,43.48255398249688
20201031:0830,116.55,173.6,0.0,36.0,30.74,0.9,0.0,2020-10-31 08:30:00+00:00,290.15,39.8071875,27.2105517096875,26.394235158396874
20201031:0930,35.95,107.05,0.0,24.55,28.79,2.14,0.0,2020-10-31 09:30:00+00:00,143.0,33.25875,13.803979474999998,13.389860090749998
20201031:1030,19.75,57.6,0.0,12.03,27.6,1.93,0.0,2020-10-31 10:30:00+00:00,77.35,30.017187500000002,7.572006629687498,7.344846430796872
20201031:1130,0.0,0.0,0.0,-1.1,26.98,1.86,0.0,2020-10-31 11:30:00+00:00,0.0,26.98,0.0,0.0
20201031:1230,0.0,0.0,0.0,0.0,26.23,1.59,0.0,2020-10-31 12:30:00+00:00,0.0,26.23,0.0,0.0
20201031:1330,0.0,0.0,0.0,0.0,25.83,1.72,0.0,2020-10-31 13:30:00+00:00,0.0,25.83,0.0,0.0
20201031:1430,0.0,0.0,0.0,0.0,25.42,1.66,0.0,2020-10-31 14:30:00+00:00,0.0,25.42,0.0,0.0
20201031:1530,0.0,0.0,0.0,0.0,25.36,1.72,0.0,2020-10-31 15:30:00+00:00,0.0,25.36,0.0,0.0
20201031:1630,0.0,0.0,0.0,0.0,25.07,1.93,0.0,2020-10-31 16:30:00+00:00,0.0,25.07,0.0,0.0
20201031:1730,0.0,0.0,0.0,0.0,24.86,1.93,0.0,2020-10-31 17:30:00+00:00,0.0,24.86,0.0,0.0
20201031:1830,0.0,0.0,0.0,0.0,24.63,1.93,0.0,2020-10-31 18:30:00+00:00,0.0,24.63,0.0,0.0
20201031:1930,0.0,0.0,0.0,0.0,24.95,1.72,0.0,2020-10-31 19:30:00+00:00,0.0,24.95,0.0,0.0
20201031:2030,0.0,0.0,0.0,0.0,24.66,1.66,0.0,2020-10-31 20:30:00+00:00,0.0,24.66,0.0,0.0
20201031:2130,0.0,0.0,0.0,0.0,24.33,1.72,0.0,2020-10-31 21:30:00+00:00,0.0,24.33,0.0,0.0
20201031:2230,0.0,0.0,0.0,0.0,24.17,1.72,0.0,2020-10-31 22:30:00+00:00,0.0,24.17,0.0,0.0
20201031:2330,0.0,0.0,0.0,0.0,23.98,1.59,0.0,2020-10-31 23:30:00+00:00,0.0,23.98,0.0,0.0
20201101:0030,3.9,20.49,0.0,3.44,23.93,1.66,0.0,2020-11-01 00:30:00+00:00,24.389999999999997,24.6921875,2.4421531696875003,2.368888574596875
20201101:0130,47.45,88.15,0.0,16.37,24.17,1.93,0.0,2020-11-01 01:30:00+00:00,135.60000000000002,28.407500000000002,13.365936060000001,12.964957978200001
20201101:0230,109.9,117.75,0.0,28.55,25.29,2.69,0.0,2020-11-01 02:30:00+00:00,227.65,32.4040625,22.0570753721875,21.395363111021876
20201101:0330,292.35,151.25,0.0,39.4,26.17,2.48,0.0,2020-11-01 03:30:00+00:00,443.6,40.0325,41.559264860000006,40.31248691420001
20201101:0430,348.25,188.6,0.0,47.88,27.51,2.28,0.0,2020-11-01 04:30:00+00:00,536.85,44.2865625,49.33632374718751,47.85623403477188
20201101:0530,368.35,255.55,0.0,52.33,28.51,2.14,0.0,2020-11-01 05:30:00+00:00,623.9000000000001,48.00687500000001,56.36132448875001,54.670484754087504
20201101:0630,405.66,189.9,0.0,51.33,29.71,2.07,0.0,2020-11-01 06:30:00+00:00,595.5600000000001,48.321250000000006,53.72253446700001,52.11085843299001
20201101:0730,248.9,192.55,0.0,45.25,29.83,2.62,0.0,2020-11-01 07:30:00+00:00,441.45000000000005,43.6253125,40.6916994346875,39.470948451646876
20201101:0830,80.1,133.5,0.0,35.78,29.92,2.34,0.0,2020-11-01 08:30:00+00:00,213.6,36.595,20.319789359999998,19.710195679199998
20201101:0930,70.7,99.55,0.0,24.37,28.22,2.14,0.0,2020-11-01 09:30:00+00:00,170.25,33.5403125,16.4143249546875,15.921895206046877
20201101:1030,24.9,54.9,0.0,11.88,27.36,1.66,0.0,2020-11-01 10:30:00+00:00,79.8,29.853749999999998,7.817321714999999,7.582802063549999
20201101:1130,0.0,0.0,0.0,-1.23,26.87,1.66,0.0,2020-11-01 11:30:00+00:00,0.0,26.87,0.0,0.0
20201101:1230,0.0,0.0,0.0,0.0,26.26,1.79,0.0,2020-11-01 12:30:00+00:00,0.0,26.26,0.0,0.0
20201101:1330,0.0,0.0,0.0,0.0,25.81,1.72,0.0,2020-11-01 13:30:00+00:00,0.0,25.81,0.0,0.0
20201101:1430,0.0,0.0,0.0,0.0,25.54,1.72,0.0,2020-11-01 14:30:00+00:00,0.0,25.54,0.0,0.0
20201101:1530,0.0,0.0,0.0,0.0,25.26,1.72,0.0,2020-11-01 15:30:00+00:00,0.0,25.26,0.0,0.0
20201101:1630,0.0,0.0,0.0,0.0,24.86,1.86,0.0,2020-11-01 16:30:00+00:00,0.0,24.86,0.0,0.0
20201101:1730,0.0,0.0,0.0,0.0,24.69,2.07,0.0,2020-11-01 17:30:00+00:00,0.0,24.69,0.0,0.0
20201101:1830,0.0,0.0,0.0,0.0,24.44,2.21,0.0,2020-11-01 18:30:00+00:00,0.0,24.44,0.0,0.0
20201101:1930,0.0,0.0,0.0,0.0,24.36,1.72,0.0,2020-11-01 19:30:00+00:00,0.0,24.36,0.0,0.0
20201101:2030,0.0,0.0,0.0,0.0,24.01,1.72,0.0,2020-11-01 20:30:00+00:00,0.0,24.01,0.0,0.0
20201101:2130,0.0,0.0,0.0,0.0,23.7,1.66,0.0,2020-11-01 21:30:00+00:00,0.0,23.7,0.0,0.0
20201101:2230,0.0,0.0,0.0,0.0,23.51,1.52,0.0,2020-11-01 22:30:00+00:00,0.0,23.51,0.0,0.0
20201101:2330,0.0,0.0,0.0,0.0,23.31,1.52,0.0,2020-11-01 23:30:00+00:00,0.0,23.31,0.0,0.0
20201102:0030,7.45,15.51,0.0,3.3,23.2,1.52,0.0,2020-11-02 00:30:00+00:00,22.96,23.9175,2.306438764,2.23724560108
20201102:0130,69.65,76.15,0.0,16.21,23.55,1.38,0.0,2020-11-02 01:30:00+00:00,145.8,28.106250000000003,14.389785675,13.95809210475
20201102:0230,151.25,118.7,0.0,28.35,25.29,1.93,0.0,2020-11-02 02:30:00+00:00,269.95,33.7259375,26.005661932187497,25.225492074221872
20201102:0330,221.65,183.8,0.0,39.16,26.71,2.55,0.0,2020-11-02 03:30:00+00:00,405.45000000000005,39.3803125,38.0961909646875,36.953305235746875
20201102:0430,306.85,153.2,0.0,47.59,27.85,3.17,0.0,2020-11-02 04:30:00+00:00,460.05,42.2265625,42.6764663671875,41.396172376171876
20201102:0530,347.45,223.45,0.0,52.01,28.56,3.17,0.0,2020-11-02 05:30:00+00:00,570.9,46.400625,51.958600938749996,50.399842910587495
20201102:0630,337.6,154.8,0.0,51.03,29.24,3.1,0.0,2020-11-02 06:30:00+00:00,492.40000000000003,44.6275,45.18087598000001,43.82544970060001
20201102:0730,294.85,164.5,0.0,44.99,29.64,2.62,0.0,2020-11-02 07:30:00+00:00,459.35,43.9946875,42.2704119246875,41.002299566946874
20201102:0830,267.05,128.75,0.0,35.56,29.75,2.41,0.0,2020-11-02 08:30:00+00:00,395.8,42.11875,36.734247475,35.63222005074999
20201102:0930,110.9,90.9,0.0,24.2,29.41,2.41,0.0,2020-11-02 09:30:00+00:00,201.8,35.71625,19.271733515,18.69358150955
20201102:1030,32.35,47.25,0.0,11.74,28.86,2.0,0.0,2020-11-02 10:30:00+00:00,79.6,31.3475,7.74779038,7.515356668599999
20201102:1130,0.0,0.0,0.0,-1.35,28.03,1.45,0.0,2020-11-02 11:30:00+00:00,0.0,28.03,0.0,0.0
20201102:1230,0.0,0.0,0.0,0.0,27.02,1.45,0.0,2020-11-02 12:30:00+00:00,0.0,27.02,0.0,0.0
20201102:1330,0.0,0.0,0.0,0.0,26.17,1.72,0.0,2020-11-02 13:30:00+00:00,0.0,26.17,0.0,0.0
20201102:1430,0.0,0.0,0.0,0.0,25.6,1.72,0.0,2020-11-02 14:30:00+00:00,0.0,25.6,0.0,0.0
20201102:1530,0.0,0.0,0.0,0.0,25.13,1.52,0.0,2020-11-02 15:30:00+00:00,0.0,25.13,0.0,0.0
20201102:1630,0.0,0.0,0.0,0.0,24.59,1.31,0.0,2020-11-02 16:30:00+00:00,0.0,24.59,0.0,0.0
20201102:1730,0.0,0.0,0.0,0.0,24.08,0.9,0.0,2020-11-02 17:30:00+00:00,0.0,24.08,0.0,0.0
20201102:1830,0.0,0.0,0.0,0.0,24.48,0.55,0.0,2020-11-02 18:30:00+00:00,0.0,24.48,0.0,0.0
20201102:1930,0.0,0.0,0.0,0.0,25.02,0.62,0.0,2020-11-02 19:30:00+00:00,0.0,25.02,0.0,0.0
20201102:2030,0.0,0.0,0.0,0.0,24.71,0.55,0.0,2020-11-02 20:30:00+00:00,0.0,24.71,0.0,0.0
20201102:2130,0.0,0.0,0.0,0.0,24.33,0.41,0.0,2020-11-02 21:30:00+00:00,0.0,24.33,0.0,0.0
20201102:2230,0.0,0.0,0.0,0.0,24.04,0.41,0.0,2020-11-02 22:30:00+00:00,0.0,24.04,0.0,0.0
20201102:2330,0.0,0.0,0.0,0.0,23.06,0.97,0.0,2020-11-02 23:30:00+00:00,0.0,23.06,0.0,0.0
20201103:0030,4.0,18.48,0.0,3.17,23.17,1.17,0.0,2020-11-03 00:30:00+00:00,22.48,23.872500000000002,2.258645404,2.1908860418800002
20201103:0130,41.05,96.9,0.0,16.05,23.75,1.17,0.0,2020-11-03 01:30:00+00:00,137.95,28.0609375,13.617652342187498,13.209122771921873
20201103:0230,165.6,147.6,0.0,28.16,25.0,1.24,0.0,2020-11-03 02:30:00+00:00,313.2,34.7875,30.0325131,29.131537707
20201103:0330,373.26,148.35,0.0,38.93,26.8,1.38,0.0,2020-11-03 03:30:00+00:00,521.61,43.1003125,48.1956523186875,46.74978274912687
20201103:0430,413.56,145.65,0.0,47.31,28.41,2.0,0.0,2020-11-03 04:30:00+00:00,559.21,45.8853125,51.015704246687505,49.48523311928688
20201103:0530,433.36,190.0,0.0,51.7,29.14,2.14,0.0,2020-11-03 05:30:00+00:00,623.36,48.620000000000005,56.152019456,54.467458872319995
20201103:0630,416.41,173.95,0.0,50.72,29.72,2.0,0.0,2020-11-03 06:30:00+00:00,590.36,48.16875,53.291280635,51.69254221595
20201103:0730,400.06,144.65,0.0,44.73,29.96,1.93,0.0,2020-11-03 07:30:00+00:00,544.71,46.9821875,49.44195471168751,47.958696070336885
20201103:0830,238.4,121.55,0.0,35.35,30.14,2.0,0.0,2020-11-03 08:30:00+00:00,359.95,41.3884375,33.5174124071875,32.51189003497188
20201103:0930,141.15,96.65,0.0,24.03,29.94,1.93,0.0,2020-11-03 09:30:00+00:00,237.8,37.37125,22.544409035,21.86807676395
20201103:1030,49.1,55.0,0.0,11.6,29.64,1.59,0.0,2020-11-03 10:30:00+00:00,104.1,32.893125,10.064896788750001,9.762949885087501
20201103:1130,0.0,0.0,0.0,-1.47,28.83,1.31,0.0,2020-11-03 11:30:00+00:00,0.0,28.83,0.0,0.0
20201103:1230,0.0,0.0,0.0,0.0,27.58,1.24,0.0,2020-11-03 12:30:00+00:00,0.0,27.58,0.0,0.0
20201103:1330,0.0,0.0,0.0,0.0,26.48,0.83,0.0,2020-11-03 13:30:00+00:00,0.0,26.48,0.0,0.0
20201103:1430,0.0,0.0,0.0,0.0,25.48,1.03,0.0,2020-11-03 14:30:00+00:00,0.0,25.48,0.0,0.0
20201103:1530,0.0,0.0,0.0,0.0,24.54,1.38,0.0,2020-11-03 15:30:00+00:00,0.0,24.54,0.0,0.0
20201103:1630,0.0,0.0,0.0,0.0,24.05,1.38,0.0,2020-11-03 16:30:00+00:00,0.0,24.05,0.0,0.0
20201103:1730,0.0,0.0,0.0,0.0,23.64,1.31,0.0,2020-11-03 17:30:00+00:00,0.0,23.64,0.0,0.0
20201103:1830,0.0,0.0,0.0,0.0,23.44,1.1,0.0,2020-11-03 18:30:00+00:00,0.0,23.44,0.0,0.0
20201103:1930,0.0,0.0,0.0,0.0,22.57,1.72,0.0,2020-11-03 19:30:00+00:00,0.0,22.57,0.0,0.0
20201103:2030,0.0,0.0,0.0,0.0,22.36,1.93,0.0,2020-11-03 20:30:00+00:00,0.0,22.36,0.0,0.0
20201103:2130,0.0,0.0,0.0,0.0,22.14,2.14,0.0,2020-11-03 21:30:00+00:00,0.0,22.14,0.0,0.0
20201103:2230,0.0,0.0,0.0,0.0,21.82,2.21,0.0,2020-11-03 22:30:00+00:00,0.0,21.82,0.0,0.0
20201103:2330,0.0,0.0,0.0,0.0,21.34,2.14,0.0,2020-11-03 23:30:00+00:00,0.0,21.34,0.0,0.0
20201104:0030,12.95,15.65,0.0,3.03,20.87,2.0,0.0,2020-11-04 00:30:00+00:00,28.6,21.76375,2.8988738350000003,2.8119076199500004
20201104:0130,123.9,73.45,0.0,15.88,20.76,1.66,0.0,2020-11-04 01:30:00+00:00,197.35000000000002,26.927187500000002,19.575261209687504,18.98800337339688
20201104:0230,299.96,103.75,0.0,27.96,23.22,1.59,0.0,2020-11-04 02:30:00+00:00,403.71,35.8359375,38.533677942187495,37.37766760392187
20201104:0330,422.91,124.9,0.0,38.69,25.22,2.14,0.0,2020-11-04 03:30:00+00:00,547.8100000000001,42.3390625,50.791625032187504,49.26787628122188
20201104:0430,544.36,128.7,0.0,47.03,26.71,2.28,0.0,2020-11-04 04:30:00+00:00,673.06,47.743125,60.87685516075,59.0505495059275
20201104:0530,634.76,135.75,0.0,51.39,27.87,2.14,0.0,2020-11-04 05:30:00+00:00,770.51,51.9484375,68.33010295718749,66.28019986847187
20201104:0630,616.66,131.85,0.0,50.42,28.72,1.79,0.0,2020-11-04 06:30:00+00:00,748.51,52.1109375,66.32802071218751,64.33818009082188
20201104:0730,520.16,128.85,0.0,44.48,28.76,1.31,0.0,2020-11-04 07:30:00+00:00,649.01,49.0415625,58.347649919187496,56.59722042161187
20201104:0830,407.41,115.1,0.0,35.15,28.93,1.17,0.0,2020-11-04 08:30:00+00:00,522.51,45.2584375,47.8052008051875,46.37104478103188
20201104:0930,227.8,94.6,0.0,23.86,28.89,1.31,0.0,2020-11-04 09:30:00+00:00,322.4,38.965,30.349027279999994,29.438556461599994
20201104:1030,73.6,53.9,0.0,11.46,28.35,1.17,0.0,2020-11-04 10:30:00+00:00,127.5,32.334375,12.357244218750001,11.9865268921875
20201104:1130,0.0,0.0,0.0,-1.59,26.88,0.83,0.0,2020-11-04 11:30:00+00:00,0.0,26.88,0.0,0.0
20201104:1230,0.0,0.0,0.0,0.0,25.72,0.76,0.0,2020-11-04 12:30:00+00:00,0.0,25.72,0.0,0.0
20201104:1330,0.0,0.0,0.0,0.0,25.37,0.69,0.0,2020-11-04 13:30:00+00:00,0.0,25.37,0.0,0.0
20201104:1430,0.0,0.0,0.0,0.0,24.35,0.9,0.0,2020-11-04 14:30:00+00:00,0.0,24.35,0.0,0.0
20201104:1530,0.0,0.0,0.0,0.0,23.08,1.03,0.0,2020-11-04 15:30:00+00:00,0.0,23.08,0.0,0.0
20201104:1630,0.0,0.0,0.0,0.0,22.84,1.03,0.0,2020-11-04 16:30:00+00:00,0.0,22.84,0.0,0.0
20201104:1730,0.0,0.0,0.0,0.0,23.04,0.69,0.0,2020-11-04 17:30:00+00:00,0.0,23.04,0.0,0.0
20201104:1830,0.0,0.0,0.0,0.0,22.44,0.76,0.0,2020-11-04 18:30:00+00:00,0.0,22.44,0.0,0.0
20201104:1930,0.0,0.0,0.0,0.0,20.93,1.17,0.0,2020-11-04 19:30:00+00:00,0.0,20.93,0.0,0.0
20201104:2030,0.0,0.0,0.0,0.0,19.29,1.72,0.0,2020-11-04 20:30:00+00:00,0.0,19.29,0.0,0.0
20201104:2130,0.0,0.0,0.0,0.0,18.89,1.93,0.0,2020-11-04 21:30:00+00:00,0.0,18.89,0.0,0.0
20201104:2230,0.0,0.0,0.0,0.0,18.57,1.86,0.0,2020-11-04 22:30:00+00:00,0.0,18.57,0.0,0.0
20201104:2330,0.0,0.0,0.0,0.0,18.19,1.72,0.0,2020-11-04 23:30:00+00:00,0.0,18.19,0.0,0.0
20201105:0030,14.45,14.84,0.0,2.88,17.91,1.59,0.0,2020-11-05 00:30:00+00:00,29.29,18.8253125,3.0049597706875,2.9148109775668747
20201105:0130,133.5,72.4,0.0,15.72,18.43,1.31,0.0,2020-11-05 01:30:00+00:00,205.9,24.864375,20.60172857875,19.983676721387496
20201105:0230,312.51,102.65,0.0,27.77,22.34,0.9,0.0,2020-11-05 02:30:00+00:00,415.15999999999997,35.31375,39.717620290999996,38.52609168226999
20201105:0330,475.61,120.9,0.0,38.45,24.96,0.97,0.0,2020-11-05 03:30:00+00:00,596.51,43.6009375,54.990829004187496,53.34110413406187
20201105:0430,591.66,131.75,0.0,46.75,26.88,1.1,0.0,2020-11-05 04:30:00+00:00,723.41,49.4865625,64.90119384518749,62.954158029831866
20201105:0530,647.96,135.35,0.0,51.08,28.18,1.17,0.0,2020-11-05 05:30:00+00:00,783.3100000000001,52.658437500000005,69.2316451151875,67.15469576173187
20201105:0630,634.21,134.65,0.0,50.13,28.9,1.17,0.0,2020-11-05 06:30:00+00:00,768.86,52.926874999999995,67.86782001275,65.8317854123675
20201105:0730,556.26,127.3,0.0,44.23,29.2,1.1,0.0,2020-11-05 07:30:00+00:00,683.56,50.56125,61.017487818999996,59.18696318442999
20201105:0830,420.36,114.15,0.0,34.94,29.27,1.1,0.0,2020-11-05 08:30:00+00:00,534.51,45.9734375,48.74258492718751,47.280307379371884
20201105:0930,246.6,92.5,0.0,23.7,29.1,1.1,0.0,2020-11-05 09:30:00+00:00,339.1,39.696875000000006,31.81684166875,30.8623364186875
20201105:1030,76.75,54.4,0.0,11.33,28.46,0.97,0.0,2020-11-05 10:30:00+00:00,131.15,32.558437500000004,12.698658587187502,12.317698829571876
20201105:1130,0.0,0.0,0.0,-1.7,26.45,0.83,0.0,2020-11-05 11:30:00+00:00,0.0,26.45,0.0,0.0
20201105:1230,0.0,0.0,0.0,0.0,24.95,0.97,0.0,2020-11-05 12:30:00+00:00,0.0,24.95,0.0,0.0
20201105:1330,0.0,0.0,0.0,0.0,24.79,0.83,0.0,2020-11-05 13:30:00+00:00,0.0,24.79,0.0,0.0
20201105:1430,0.0,0.0,0.0,0.0,23.94,0.83,0.0,2020-11-05 14:30:00+00:00,0.0,23.94,0.0,0.0
20201105:1530,0.0,0.0,0.0,0.0,22.27,1.1,0.0,2020-11-05 15:30:00+00:00,0.0,22.27,0.0,0.0
20201105:1630,0.0,0.0,0.0,0.0,20.83,1.24,0.0,2020-11-05 16:30:00+00:00,0.0,20.83,0.0,0.0
20201105:1730,0.0,0.0,0.0,0.0,19.98,1.38,0.0,2020-11-05 17:30:00+00:00,0.0,19.98,0.0,0.0
20201105:1830,0.0,0.0,0.0,0.0,19.49,1.38,0.0,2020-11-05 18:30:00+00:00,0.0,19.49,0.0,0.0
20201105:1930,0.0,0.0,0.0,0.0,18.94,1.45,0.0,2020-11-05 19:30:00+00:00,0.0,18.94,0.0,0.0
20201105:2030,0.0,0.0,0.0,0.0,18.38,1.52,0.0,2020-11-05 20:30:00+00:00,0.0,18.38,0.0,0.0
20201105:2130,0.0,0.0,0.0,0.0,17.79,1.66,0.0,2020-11-05 21:30:00+00:00,0.0,17.79,0.0,0.0
20201105:2230,0.0,0.0,0.0,0.0,17.55,1.59,0.0,2020-11-05 22:30:00+00:00,0.0,17.55,0.0,0.0
20201105:2330,0.0,0.0,0.0,0.0,17.4,1.52,0.0,2020-11-05 23:30:00+00:00,0.0,17.4,0.0,0.0
20201106:0030,14.85,14.37,0.0,2.74,17.58,1.31,0.0,2020-11-06 00:30:00+00:00,29.22,18.493125,3.0018549727500003,2.9117993235675
20201106:0130,136.15,72.2,0.0,15.55,18.18,1.03,0.0,2020-11-06 01:30:00+00:00,208.35000000000002,24.6909375,20.862045132187507,20.236183778221882
20201106:0230,315.91,102.65,0.0,27.57,21.64,0.41,0.0,2020-11-06 02:30:00+00:00,418.56000000000006,34.72,40.147270656,38.942852536320004
20201106:0330,478.81,120.85,0.0,38.22,24.77,0.48,0.0,2020-11-06 03:30:00+00:00,599.66,43.509375,55.30428063875,53.6451522195875
20201106:0430,593.91,131.8,0.0,46.47,26.75,0.55,0.0,2020-11-06 04:30:00+00:00,725.71,49.4284375,65.12525622118751,63.17149853455189
20201106:0530,645.46,137.3,0.0,50.78,28.03,0.83,0.0,2020-11-06 05:30:00+00:00,782.76,52.49125,69.237998643,67.16085868370999
20201106:0630,628.76,137.2,0.0,49.84,28.72,1.24,0.0,2020-11-06 06:30:00+00:00,765.96,52.65625,67.698895875,65.66792899875
20201106:0730,549.56,129.65,0.0,43.98,28.72,1.45,0.0,2020-11-06 07:30:00+00:00,679.2099999999999,49.9453125,60.804895604687495,58.98074873654687
20201106:0830,413.61,115.9,0.0,34.75,28.76,1.72,0.0,2020-11-06 08:30:00+00:00,529.51,45.3071875,48.4347992816875,46.98175530323687
20201106:0930,240.35,93.7,0.0,23.54,28.54,1.79,0.0,2020-11-06 09:30:00+00:00,334.05,38.9790625,31.443723552187503,30.500411845621876
20201106:1030,73.05,54.55,0.0,11.2,27.87,1.38,0.0,2020-11-06 10:30:00+00:00,127.6,31.8575,12.392492859999999,12.0207180742
20201106:1130,0.0,0.0,0.0,-1.8,26.5,1.52,0.0,2020-11-06 11:30:00+00:00,0.0,26.5,0.0,0.0
20201106:1230,0.0,0.0,0.0,0.0,24.39,1.86,0.0,2020-11-06 12:30:00+00:00,0.0,24.39,0.0,0.0
20201106:1330,0.0,0.0,0.0,0.0,22.58,2.0,0.0,2020-11-06 13:30:00+00:00,0.0,22.58,0.0,0.0
20201106:1430,0.0,0.0,0.0,0.0,21.29,2.07,0.0,2020-11-06 14:30:00+00:00,0.0,21.29,0.0,0.0
20201106:1530,0.0,0.0,0.0,0.0,20.33,2.07,0.0,2020-11-06 15:30:00+00:00,0.0,20.33,0.0,0.0
20201106:1630,0.0,0.0,0.0,0.0,19.56,2.0,0.0,2020-11-06 16:30:00+00:00,0.0,19.56,0.0,0.0
20201106:1730,0.0,0.0,0.0,0.0,18.85,1.86,0.0,2020-11-06 17:30:00+00:00,0.0,18.85,0.0,0.0
20201106:1830,0.0,0.0,0.0,0.0,18.33,1.72,0.0,2020-11-06 18:30:00+00:00,0.0,18.33,0.0,0.0
20201106:1930,0.0,0.0,0.0,0.0,18.3,1.52,0.0,2020-11-06 19:30:00+00:00,0.0,18.3,0.0,0.0
20201106:2030,0.0,0.0,0.0,0.0,17.28,1.93,0.0,2020-11-06 20:30:00+00:00,0.0,17.28,0.0,0.0
20201106:2130,0.0,0.0,0.0,0.0,16.94,2.14,0.0,2020-11-06 21:30:00+00:00,0.0,16.94,0.0,0.0
20201106:2230,0.0,0.0,0.0,0.0,16.7,2.14,0.0,2020-11-06 22:30:00+00:00,0.0,16.7,0.0,0.0
20201106:2330,0.0,0.0,0.0,0.0,16.4,2.14,0.0,2020-11-06 23:30:00+00:00,0.0,16.4,0.0,0.0
20201107:0030,13.75,14.24,0.0,2.6,16.12,2.07,0.0,2020-11-07 00:30:00+00:00,27.990000000000002,16.9946875,2.8931088526874995,2.8063155871068743
20201107:0130,130.95,73.1,0.0,15.39,16.31,1.59,0.0,2020-11-07 01:30:00+00:00,204.04999999999998,22.686562499999997,20.6032639071875,19.985165989971875
20201107:0230,309.36,104.45,0.0,27.37,20.47,1.31,0.0,2020-11-07 02:30:00+00:00,413.81,33.4015625,39.9208067571875,38.723182554471876
20201107:0330,472.76,123.05,0.0,37.98,23.15,1.52,0.0,2020-11-07 03:30:00+00:00,595.81,41.7690625,55.3847064461875,53.72316525280188
20201107:0430,588.96,134.1,0.0,46.2,25.28,1.93,0.0,2020-11-07 04:30:00+00:00,723.0600000000001,47.875625,65.35901124675,63.3982409093475
20201107:0530,643.41,138.7,0.0,50.48,26.75,2.55,0.0,2020-11-07 05:30:00+00:00,782.1099999999999,51.1909375,69.60763846618748,67.51940931220186
20201107:0630,628.86,138.05,0.0,49.56,27.47,3.24,0.0,2020-11-07 06:30:00+00:00,766.9100000000001,51.4359375,68.1759263721875,66.13064858102187
20201107:0730,548.91,130.95,0.0,43.74,27.68,3.38,0.0,2020-11-07 07:30:00+00:00,679.8599999999999,48.925625,61.15424832674999,59.31962087694749
20201107:0830,412.51,117.0,0.0,34.55,27.79,3.31,0.0,2020-11-07 08:30:00+00:00,529.51,44.3371875,48.6505216556875,47.19100600601687
20201107:0930,239.3,94.35,0.0,23.38,27.57,3.1,0.0,2020-11-07 09:30:00+00:00,333.65,37.996562499999996,31.5437527071875,30.597440125971875
20201107:1030,72.9,54.35,0.0,11.08,26.9,2.34,0.0,2020-11-07 10:30:00+00:00,127.25,30.8765625,12.4109271171875,12.038599303671875
20201107:1130,0.0,0.0,0.0,-1.9,25.34,2.14,0.0,2020-11-07 11:30:00+00:00,0.0,25.34,0.0,0.0
20201107:1230,0.0,0.0,0.0,0.0,23.64,2.34,0.0,2020-11-07 12:30:00+00:00,0.0,23.64,0.0,0.0
20201107:1330,0.0,0.0,0.0,0.0,22.37,2.28,0.0,2020-11-07 13:30:00+00:00,0.0,22.37,0.0,0.0
20201107:1430,0.0,0.0,0.0,0.0,21.4,2.28,0.0,2020-11-07 14:30:00+00:00,0.0,21.4,0.0,0.0
20201107:1530,0.0,0.0,0.0,0.0,20.51,2.21,0.0,2020-11-07 15:30:00+00:00,0.0,20.51,0.0,0.0
20201107:1630,0.0,0.0,0.0,0.0,19.77,2.34,0.0,2020-11-07 16:30:00+00:00,0.0,19.77,0.0,0.0
20201107:1730,0.0,0.0,0.0,0.0,19.17,2.28,0.0,2020-11-07 17:30:00+00:00,0.0,19.17,0.0,0.0
20201107:1830,0.0,0.0,0.0,0.0,18.74,2.34,0.0,2020-11-07 18:30:00+00:00,0.0,18.74,0.0,0.0
20201107:1930,0.0,0.0,0.0,0.0,18.71,2.34,0.0,2020-11-07 19:30:00+00:00,0.0,18.71,0.0,0.0
20201107:2030,0.0,0.0,0.0,0.0,18.41,2.34,0.0,2020-11-07 20:30:00+00:00,0.0,18.41,0.0,0.0
20201107:2130,0.0,0.0,0.0,0.0,18.05,2.28,0.0,2020-11-07 21:30:00+00:00,0.0,18.05,0.0,0.0
20201107:2230,0.0,0.0,0.0,0.0,17.7,2.21,0.0,2020-11-07 22:30:00+00:00,0.0,17.7,0.0,0.0
20201107:2330,0.0,0.0,0.0,0.0,17.35,2.21,0.0,2020-11-07 23:30:00+00:00,0.0,17.35,0.0,0.0
20201108:0030,12.6,13.41,0.0,2.45,17.09,2.14,0.0,2020-11-08 00:30:00+00:00,26.009999999999998,17.9028125,2.6785310956875,2.598175162816875
20201108:0130,123.45,74.4,0.0,15.22,17.36,1.79,0.0,2020-11-08 01:30:00+00:00,197.85000000000002,23.5428125,19.906087909687507,19.30890527239688
20201108:0230,302.81,105.25,0.0,27.17,20.43,1.72,0.0,2020-11-08 02:30:00+00:00,408.06,33.181875,39.40374771675,38.221635285247494
20201108:0330,460.56,125.35,0.0,37.75,23.01,1.93,0.0,2020-11-08 03:30:00+00:00,585.91,41.3196875,54.57501539668749,52.93776493478686
20201108:0430,580.31,135.75,0.0,45.92,25.07,2.14,0.0,2020-11-08 04:30:00+00:00,716.06,47.446875,64.85521008875,62.9095537860875
20201108:0530,635.01,140.25,0.0,50.18,26.66,2.34,0.0,2020-11-08 05:30:00+00:00,775.26,50.886875,69.09699534075,67.0240854805275
20201108:0630,617.46,139.85,0.0,49.28,27.56,2.55,0.0,2020-11-08 06:30:00+00:00,757.3100000000001,51.2259375,67.38931081418751,65.36763148976188
20201108:0730,538.86,132.15,0.0,43.51,28.02,2.28,0.0,2020-11-08 07:30:00+00:00,671.01,48.9890625,60.3403016521875,58.53009260262187
20201108:0830,404.31,117.75,0.0,34.37,28.25,2.21,0.0,2020-11-08 08:30:00+00:00,522.06,44.564375,47.916213402749996,46.4787270006675
20201108:0930,233.15,94.6,0.0,23.24,28.18,2.14,0.0,2020-11-08 09:30:00+00:00,327.75,38.4221875,30.927368779687498,29.999547716296874
20201108:1030,69.5,54.05,0.0,10.96,27.71,1.72,0.0,2020-11-08 10:30:00+00:00,123.55,31.5709375,12.0140274821875,11.653606657721873
20201108:1130,0.0,0.0,0.0,-2.0,26.51,1.59,0.0,2020-11-08 11:30:00+00:00,0.0,26.51,0.0,0.0
20201108:1230,0.0,0.0,0.0,0.0,24.61,1.79,0.0,2020-11-08 12:30:00+00:00,0.0,24.61,0.0,0.0
20201108:1330,0.0,0.0,0.0,0.0,22.82,1.86,0.0,2020-11-08 13:30:00+00:00,0.0,22.82,0.0,0.0
20201108:1430,0.0,0.0,0.0,0.0,21.36,1.86,0.0,2020-11-08 14:30:00+00:00,0.0,21.36,0.0,0.0
20201108:1530,0.0,0.0,0.0,0.0,20.27,1.86,0.0,2020-11-08 15:30:00+00:00,0.0,20.27,0.0,0.0
20201108:1630,0.0,0.0,0.0,0.0,19.44,1.79,0.0,2020-11-08 16:30:00+00:00,0.0,19.44,0.0,0.0
20201108:1730,0.0,0.0,0.0,0.0,18.85,1.79,0.0,2020-11-08 17:30:00+00:00,0.0,18.85,0.0,0.0
20201108:1830,0.0,0.0,0.0,0.0,18.39,1.86,0.0,2020-11-08 18:30:00+00:00,0.0,18.39,0.0,0.0
20201108:1930,0.0,0.0,0.0,0.0,18.5,1.45,0.0,2020-11-08 19:30:00+00:00,0.0,18.5,0.0,0.0
20201108:2030,0.0,0.0,0.0,0.0,17.8,1.66,0.0,2020-11-08 20:30:00+00:00,0.0,17.8,0.0,0.0
20201108:2130,0.0,0.0,0.0,0.0,17.07,1.86,0.0,2020-11-08 21:30:00+00:00,0.0,17.07,0.0,0.0
20201108:2230,0.0,0.0,0.0,0.0,16.79,1.93,0.0,2020-11-08 22:30:00+00:00,0.0,16.79,0.0,0.0
20201108:2330,0.0,0.0,0.0,0.0,16.62,2.0,0.0,2020-11-08 23:30:00+00:00,0.0,16.62,0.0,0.0
20201109:0030,12.1,13.57,0.0,2.31,16.46,2.0,0.0,2020-11-09 00:30:00+00:00,25.67,17.2621875,2.6504244516875004,2.5709117181368755
20201109:0130,123.4,72.75,0.0,15.05,16.81,1.66,0.0,2020-11-09 01:30:00+00:00,196.15,22.939687499999998,19.7847347246875,19.191192682946873
20201109:0230,296.81,105.35,0.0,26.98,20.97,1.31,0.0,2020-11-09 02:30:00+00:00,402.15999999999997,33.537499999999994,38.77395478,37.610736136599996
20201109:0330,457.41,124.3,0.0,37.51,23.91,1.38,0.0,2020-11-09 03:30:00+00:00,581.71,42.0884375,53.995983709187506,52.37610419791188
20201109:0430,571.76,135.5,0.0,45.65,26.27,1.66,0.0,2020-11-09 04:30:00+00:00,707.26,48.371875,63.783403228750004,61.8699011318875
20201109:0530,625.91,139.85,0.0,49.89,27.51,1.93,0.0,2020-11-09 05:30:00+00:00,765.76,51.44,68.07238835199999,66.03021670143998
20201109:0630,610.76,138.9,0.0,49.0,28.15,1.86,0.0,2020-11-09 06:30:00+00:00,749.66,51.576875,66.59807955275,64.60013716616749
20201109:0730,532.51,131.35,0.0,43.27,28.74,1.72,0.0,2020-11-09 07:30:00+00:00,663.86,49.485625,59.55888865475,57.7721219951075
20201109:0830,398.76,116.9,0.0,34.18,28.94,1.66,0.0,2020-11-09 08:30:00+00:00,515.66,45.054375,47.22267961475,45.8059992263075
20201109:0930,229.2,93.6,0.0,23.09,28.81,1.59,0.0,2020-11-09 09:30:00+00:00,322.79999999999995,38.897499999999994,30.39583254,29.4839575638
20201109:1030,67.85,52.95,0.0,10.84,28.32,1.38,0.0,2020-11-09 10:30:00+00:00,120.8,32.095,11.720028079999999,11.368427237599999
20201109:1130,0.0,0.0,0.0,-2.09,27.08,1.52,0.0,2020-11-09 11:30:00+00:00,0.0,27.08,0.0,0.0
20201109:1230,0.0,0.0,0.0,0.0,25.0,1.93,0.0,2020-11-09 12:30:00+00:00,0.0,25.0,0.0,0.0
20201109:1330,0.0,0.0,0.0,0.0,23.22,2.07,0.0,2020-11-09 13:30:00+00:00,0.0,23.22,0.0,0.0
20201109:1430,0.0,0.0,0.0,0.0,21.83,1.93,0.0,2020-11-09 14:30:00+00:00,0.0,21.83,0.0,0.0
20201109:1530,0.0,0.0,0.0,0.0,20.64,1.79,0.0,2020-11-09 15:30:00+00:00,0.0,20.64,0.0,0.0
20201109:1630,0.0,0.0,0.0,0.0,19.7,1.72,0.0,2020-11-09 16:30:00+00:00,0.0,19.7,0.0,0.0
20201109:1730,0.0,0.0,0.0,0.0,19.12,1.66,0.0,2020-11-09 17:30:00+00:00,0.0,19.12,0.0,0.0
20201109:1830,0.0,0.0,0.0,0.0,18.7,1.66,0.0,2020-11-09 18:30:00+00:00,0.0,18.7,0.0,0.0
20201109:1930,0.0,0.0,0.0,0.0,18.51,1.79,0.0,2020-11-09 19:30:00+00:00,0.0,18.51,0.0,0.0
20201109:2030,0.0,0.0,0.0,0.0,18.46,1.86,0.0,2020-11-09 20:30:00+00:00,0.0,18.46,0.0,0.0
20201109:2130,0.0,0.0,0.0,0.0,18.51,2.07,0.0,2020-11-09 21:30:00+00:00,0.0,18.51,0.0,0.0
20201109:2230,0.0,0.0,0.0,0.0,18.52,2.07,0.0,2020-11-09 22:30:00+00:00,0.0,18.52,0.0,0.0
20201109:2330,0.0,0.0,0.0,0.0,18.48,2.14,0.0,2020-11-09 23:30:00+00:00,0.0,18.48,0.0,0.0
20201110:0030,0.0,16.2,0.0,2.16,18.38,2.07,0.0,2020-11-10 00:30:00+00:00,16.2,18.88625,1.661597955,1.6117500163499998
20201110:0130,110.1,71.65,0.0,14.88,18.72,1.79,0.0,2020-11-10 01:30:00+00:00,181.75,24.3996875,18.220824854687503,17.67420010904688
20201110:0230,271.81,104.65,0.0,26.78,22.16,1.66,0.0,2020-11-10 02:30:00+00:00,376.46000000000004,33.924375,36.234938510750005,35.147890355427506
20201110:0330,418.46,129.25,0.0,37.28,24.81,2.0,0.0,2020-11-10 03:30:00+00:00,547.71,41.9259375,50.8773878041875,49.35106617006187
20201110:0430,517.11,139.5,0.0,45.39,26.76,2.48,0.0,2020-11-10 04:30:00+00:00,656.61,47.2790625,59.516964804187495,57.73145586006187
20201110:0530,581.16,138.95,0.0,49.61,27.91,2.48,0.0,2020-11-10 05:30:00+00:00,720.1099999999999,50.4134375,64.3248023991875,62.39505832721188
20201110:0630,575.21,140.3,0.0,48.73,28.67,2.21,0.0,2020-11-10 06:30:00+00:00,715.51,51.0296875,63.7287092846875,61.81684800614687
20201110:0730,491.76,132.5,0.0,43.05,29.26,2.0,0.0,2020-11-10 07:30:00+00:00,624.26,48.768125,56.194254320750005,54.508426691127504
20201110:0830,362.71,119.55,0.0,34.01,29.52,1.93,0.0,2020-11-10 08:30:00+00:00,482.26,44.590625,44.257934578749996,42.930196541387495
20201110:0930,203.15,94.55,0.0,22.95,29.52,1.86,0.0,2020-11-10 09:30:00+00:00,297.7,38.823125,28.04163938875,27.200390207087498
20201110:1030,58.9,51.1,0.0,10.73,29.15,1.66,0.0,2020-11-10 10:30:00+00:00,110.0,32.5875,10.6494575,10.329973775000001
20201110:1130,0.0,0.0,0.0,-2.18,28.06,1.59,0.0,2020-11-10 11:30:00+00:00,0.0,28.06,0.0,0.0
20201110:1230,0.0,0.0,0.0,0.0,26.45,1.93,0.0,2020-11-10 12:30:00+00:00,0.0,26.45,0.0,0.0
20201110:1330,0.0,0.0,0.0,0.0,25.09,1.86,0.0,2020-11-10 13:30:00+00:00,0.0,25.09,0.0,0.0
20201110:1430,0.0,0.0,0.0,0.0,24.23,1.86,0.0,2020-11-10 14:30:00+00:00,0.0,24.23,0.0,0.0
20201110:1530,0.0,0.0,0.0,0.0,23.47,1.93,0.0,2020-11-10 15:30:00+00:00,0.0,23.47,0.0,0.0
20201110:1630,0.0,0.0,0.0,0.0,22.84,1.93,0.0,2020-11-10 16:30:00+00:00,0.0,22.84,0.0,0.0
20201110:1730,0.0,0.0,0.0,0.0,22.39,1.93,0.0,2020-11-10 17:30:00+00:00,0.0,22.39,0.0,0.0
20201110:1830,0.0,0.0,0.0,0.0,21.99,2.0,0.0,2020-11-10 18:30:00+00:00,0.0,21.99,0.0,0.0
20201110:1930,0.0,0.0,0.0,0.0,21.97,1.86,0.0,2020-11-10 19:30:00+00:00,0.0,21.97,0.0,0.0
20201110:2030,0.0,0.0,0.0,0.0,21.61,1.86,0.0,2020-11-10 20:30:00+00:00,0.0,21.61,0.0,0.0
20201110:2130,0.0,0.0,0.0,0.0,21.27,1.93,0.0,2020-11-10 21:30:00+00:00,0.0,21.27,0.0,0.0
20201110:2230,0.0,0.0,0.0,0.0,21.02,2.0,0.0,2020-11-10 22:30:00+00:00,0.0,21.02,0.0,0.0
20201110:2330,0.0,0.0,0.0,0.0,20.84,2.07,0.0,2020-11-10 23:30:00+00:00,0.0,20.84,0.0,0.0
20201111:0030,0.0,15.6,0.0,2.01,20.7,2.07,0.0,2020-11-11 00:30:00+00:00,15.6,21.1875,1.5849794999999998,1.5374301149999998
20201111:0130,109.2,69.85,0.0,14.71,20.85,1.79,0.0,2020-11-11 01:30:00+00:00,179.05,26.4453125,17.7963110546875,17.262421723046874
20201111:0230,273.16,103.35,0.0,26.58,23.42,1.66,0.0,2020-11-11 02:30:00+00:00,376.51,35.1859375,36.0402549221875,34.95904727452187
20201111:0330,423.21,121.65,0.0,37.05,25.75,1.79,0.0,2020-11-11 03:30:00+00:00,544.86,42.776875000000004,50.417918592750006,48.905381034967505
20201111:0430,542.06,133.7,0.0,45.12,27.59,2.0,0.0,2020-11-11 04:30:00+00:00,675.76,48.707499999999996,60.84735631600001,59.021935626520005
20201111:0530,594.01,137.95,0.0,49.33,28.97,2.14,0.0,2020-11-11 05:30:00+00:00,731.96,51.84375,64.943608475,62.99530022075
20201111:0630,586.06,136.4,0.0,48.47,29.8,2.21,0.0,2020-11-11 06:30:00+00:00,722.4599999999999,52.376875,63.93894721274999,62.02077879636749
20201111:0730,510.06,129.3,0.0,42.83,30.29,2.14,0.0,2020-11-11 07:30:00+00:00,639.36,50.269999999999996,57.15021657600001,55.435710078720014
20201111:0830,380.61,115.05,0.0,33.83,30.48,2.21,0.0,2020-11-11 08:30:00+00:00,495.66,45.969375,45.200654226750004,43.844634599947504
20201111:0930,218.3,91.7,0.0,22.82,30.31,2.21,0.0,2020-11-11 09:30:00+00:00,310.0,39.9975,29.0473255,28.175905734999997
20201111:1030,63.85,50.95,0.0,10.63,29.67,1.79,0.0,2020-11-11 10:30:00+00:00,114.80000000000001,33.2575,11.08185638,10.7494006886
20201111:1130,0.0,0.0,0.0,-2.26,28.15,1.93,0.0,2020-11-11 11:30:00+00:00,0.0,28.15,0.0,0.0
20201111:1230,0.0,0.0,0.0,0.0,26.09,2.34,0.0,2020-11-11 12:30:00+00:00,0.0,26.09,0.0,0.0
20201111:1330,0.0,0.0,0.0,0.0,24.65,2.34,0.0,2020-11-11 13:30:00+00:00,0.0,24.65,0.0,0.0
20201111:1430,0.0,0.0,0.0,0.0,23.65,2.28,0.0,2020-11-11 14:30:00+00:00,0.0,23.65,0.0,0.0
20201111:1530,0.0,0.0,0.0,0.0,22.7,2.21,0.0,2020-11-11 15:30:00+00:00,0.0,22.7,0.0,0.0
20201111:1630,0.0,0.0,0.0,0.0,21.71,2.07,0.0,2020-11-11 16:30:00+00:00,0.0,21.71,0.0,0.0
20201111:1730,0.0,0.0,0.0,0.0,20.66,1.93,0.0,2020-11-11 17:30:00+00:00,0.0,20.66,0.0,0.0
20201111:1830,0.0,0.0,0.0,0.0,19.63,1.93,0.0,2020-11-11 18:30:00+00:00,0.0,19.63,0.0,0.0
20201111:1930,0.0,0.0,0.0,0.0,19.22,1.93,0.0,2020-11-11 19:30:00+00:00,0.0,19.22,0.0,0.0
20201111:2030,0.0,0.0,0.0,0.0,18.97,2.07,0.0,2020-11-11 20:30:00+00:00,0.0,18.97,0.0,0.0
20201111:2130,0.0,0.0,0.0,0.0,18.95,2.21,0.0,2020-11-11 21:30:00+00:00,0.0,18.95,0.0,0.0
20201111:2230,0.0,0.0,0.0,0.0,19.06,2.14,0.0,2020-11-11 22:30:00+00:00,0.0,19.06,0.0,0.0
20201111:2330,0.0,0.0,0.0,0.0,19.0,2.0,0.0,2020-11-11 23:30:00+00:00,0.0,19.0,0.0,0.0
20201112:0030,0.0,18.3,0.0,1.87,18.7,1.93,0.0,2020-11-12 00:30:00+00:00,18.3,19.271874999999998,1.87402636875,1.8178055776875
20201112:0130,76.75,89.1,0.0,14.54,18.91,1.59,0.0,2020-11-12 01:30:00+00:00,165.85,24.0928125,16.6481919596875,16.148746200896877
20201112:0230,246.61,123.55,0.0,26.38,21.98,1.45,0.0,2020-11-12 02:30:00+00:00,370.16,33.5475,35.687144108000005,34.616529784760004
20201112:0330,394.61,149.2,0.0,36.82,24.47,1.66,0.0,2020-11-12 03:30:00+00:00,543.81,41.4640625,50.620604832187496,49.10198668722187
20201112:0430,499.26,166.45,0.0,44.86,26.64,1.93,0.0,2020-11-12 04:30:00+00:00,665.71,47.4434375,60.2958552731875,58.486979614991874
20201112:0530,549.86,168.15,0.0,49.05,28.21,2.21,0.0,2020-11-12 05:30:00+00:00,718.01,50.6478125,64.0665379416875,62.14454180343687
20201112:0630,521.66,174.25,0.0,48.21,29.23,2.28,0.0,2020-11-12 06:30:00+00:00,695.91,50.9771875,61.9983304876875,60.13838057305687
20201112:0730,404.61,194.5,0.0,42.62,29.64,2.76,0.0,2020-11-12 07:30:00+00:00,599.11,48.362187500000005,54.0324615356875,52.41148768961688
20201112:0830,322.76,142.4,0.0,33.66,29.81,2.76,0.0,2020-11-12 08:30:00+00:00,465.15999999999997,44.34625,42.736377307,41.454285987789994
20201112:0930,175.0,108.65,0.0,22.69,29.71,2.69,0.0,2020-11-12 09:30:00+00:00,283.65,38.5740625,26.747881212187494,25.94544477582187
20201112:1030,54.0,55.05,0.0,10.53,29.07,2.0,0.0,2020-11-12 10:30:00+00:00,109.05,32.4778125,10.5625087096875,10.245633448396873
20201112:1130,0.0,0.0,0.0,-2.33,27.64,1.86,0.0,2020-11-12 11:30:00+00:00,0.0,27.64,0.0,0.0
20201112:1230,0.0,0.0,0.0,0.0,25.87,2.14,0.0,2020-11-12 12:30:00+00:00,0.0,25.87,0.0,0.0
20201112:1330,0.0,0.0,0.0,0.0,24.51,2.07,0.0,2020-11-12 13:30:00+00:00,0.0,24.51,0.0,0.0
20201112:1430,0.0,0.0,0.0,0.0,23.52,2.07,0.0,2020-11-12 14:30:00+00:00,0.0,23.52,0.0,0.0
20201112:1530,0.0,0.0,0.0,0.0,22.96,2.07,0.0,2020-11-12 15:30:00+00:00,0.0,22.96,0.0,0.0
20201112:1630,0.0,0.0,0.0,0.0,22.75,2.0,0.0,2020-11-12 16:30:00+00:00,0.0,22.75,0.0,0.0
20201112:1730,0.0,0.0,0.0,0.0,22.61,2.0,0.0,2020-11-12 17:30:00+00:00,0.0,22.61,0.0,0.0
20201112:1830,0.0,0.0,0.0,0.0,22.36,2.07,0.0,2020-11-12 18:30:00+00:00,0.0,22.36,0.0,0.0
20201112:1930,0.0,0.0,0.0,0.0,21.3,2.14,0.0,2020-11-12 19:30:00+00:00,0.0,21.3,0.0,0.0
20201112:2030,0.0,0.0,0.0,0.0,20.89,2.21,0.0,2020-11-12 20:30:00+00:00,0.0,20.89,0.0,0.0
20201112:2130,0.0,0.0,0.0,0.0,20.68,2.21,0.0,2020-11-12 21:30:00+00:00,0.0,20.68,0.0,0.0
20201112:2230,0.0,0.0,0.0,0.0,20.91,2.07,0.0,2020-11-12 22:30:00+00:00,0.0,20.91,0.0,0.0
20201112:2330,0.0,0.0,0.0,0.0,20.69,2.0,0.0,2020-11-12 23:30:00+00:00,0.0,20.69,0.0,0.0
20201113:0030,0.0,15.05,0.0,1.72,20.34,1.93,0.0,2020-11-13 00:30:00+00:00,15.05,20.8103125,1.5314830146875,1.485538524246875
20201113:0130,92.1,70.05,0.0,14.37,19.97,1.79,0.0,2020-11-13 01:30:00+00:00,162.14999999999998,25.037187499999998,16.2124674196875,15.726093397096873
20201113:0230,267.76,104.15,0.0,26.19,21.95,1.66,0.0,2020-11-13 02:30:00+00:00,371.90999999999997,33.5721875,35.8520054536875,34.77644529007687
20201113:0330,427.66,122.9,0.0,36.59,24.6,1.86,0.0,2020-11-13 03:30:00+00:00,550.5600000000001,41.80500000000001,51.17009246400001,49.634989690080005
20201113:0430,551.26,128.45,0.0,44.6,26.7,2.0,0.0,2020-11-13 04:30:00+00:00,679.71,47.940937500000004,61.4218624561875,59.57920658250187
20201113:0530,588.36,142.35,0.0,48.78,28.26,2.34,0.0,2020-11-13 05:30:00+00:00,730.71,51.094687500000006,65.06258737668752,63.11070975538689
20201113:0630,586.01,136.5,0.0,47.96,29.21,2.69,0.0,2020-11-13 06:30:00+00:00,722.51,51.7884375,64.1219361291875,62.19827804531187
20201113:0730,512.11,127.75,0.0,42.41,29.83,2.69,0.0,2020-11-13 07:30:00+00:00,639.86,49.825625,57.31433174675,55.5949017943475
20201113:0830,381.86,113.65,0.0,33.5,30.07,2.69,0.0,2020-11-13 08:30:00+00:00,495.51,45.5546875,45.2732776546875,43.91507932504687
20201113:0930,218.1,90.55,0.0,22.57,29.95,2.69,0.0,2020-11-13 09:30:00+00:00,308.65,39.5953125,28.972965854687498,28.103776879046872
20201113:1030,56.55,48.8,0.0,10.44,29.26,2.07,0.0,2020-11-13 10:30:00+00:00,105.35,32.5521875,10.2008383596875,9.894813208896876
20201113:1130,0.0,0.0,0.0,-2.4,27.68,2.0,0.0,2020-11-13 11:30:00+00:00,0.0,27.68,0.0,0.0
20201113:1230,0.0,0.0,0.0,0.0,25.96,2.21,0.0,2020-11-13 12:30:00+00:00,0.0,25.96,0.0,0.0
20201113:1330,0.0,0.0,0.0,0.0,24.6,2.21,0.0,2020-11-13 13:30:00+00:00,0.0,24.6,0.0,0.0
20201113:1430,0.0,0.0,0.0,0.0,23.6,2.28,0.0,2020-11-13 14:30:00+00:00,0.0,23.6,0.0,0.0
20201113:1530,0.0,0.0,0.0,0.0,22.77,2.34,0.0,2020-11-13 15:30:00+00:00,0.0,22.77,0.0,0.0
20201113:1630,0.0,0.0,0.0,0.0,22.12,2.41,0.0,2020-11-13 16:30:00+00:00,0.0,22.12,0.0,0.0
20201113:1730,0.0,0.0,0.0,0.0,21.6,2.48,0.0,2020-11-13 17:30:00+00:00,0.0,21.6,0.0,0.0
20201113:1830,0.0,0.0,0.0,0.0,21.14,2.48,0.0,2020-11-13 18:30:00+00:00,0.0,21.14,0.0,0.0
20201113:1930,0.0,0.0,0.0,0.0,21.11,2.34,0.0,2020-11-13 19:30:00+00:00,0.0,21.11,0.0,0.0
20201113:2030,0.0,0.0,0.0,0.0,20.72,2.34,0.0,2020-11-13 20:30:00+00:00,0.0,20.72,0.0,0.0
20201113:2130,0.0,0.0,0.0,0.0,20.39,2.34,0.0,2020-11-13 21:30:00+00:00,0.0,20.39,0.0,0.0
20201113:2230,0.0,0.0,0.0,0.0,20.01,2.34,0.0,2020-11-13 22:30:00+00:00,0.0,20.01,0.0,0.0
20201113:2330,0.0,0.0,0.0,0.0,19.63,2.28,0.0,2020-11-13 23:30:00+00:00,0.0,19.63,0.0,0.0
20201114:0030,0.0,14.35,0.0,1.57,19.25,2.28,0.0,2020-11-14 00:30:00+00:00,14.35,19.6984375,1.4669525171875002,1.4229439416718752
20201114:0130,111.4,67.75,0.0,14.2,19.26,2.0,0.0,2020-11-14 01:30:00+00:00,179.15,24.8584375,17.9256515871875,17.387882039571874
20201114:0230,279.01,100.15,0.0,25.99,21.93,1.79,0.0,2020-11-14 02:30:00+00:00,379.15999999999997,33.77875,36.518008642999995,35.42246838370999
20201114:0330,435.46,119.25,0.0,36.37,24.66,2.07,0.0,2020-11-14 03:30:00+00:00,554.71,41.9946875,51.511608296687506,49.96626004778688
20201114:0430,548.91,130.15,0.0,44.34,26.8,2.28,0.0,2020-11-14 04:30:00+00:00,679.06,48.020624999999995,61.34039804275,59.5001861014675
20201114:0530,602.66,134.9,0.0,48.51,28.34,2.76,0.0,2020-11-14 05:30:00+00:00,737.56,51.38875,65.581419691,63.61397710026999
20201114:0630,587.01,134.4,0.0,47.71,29.22,3.03,0.0,2020-11-14 06:30:00+00:00,721.41,51.764062499999994,64.03169782218751,62.110746887521884
20201114:0730,511.46,127.35,0.0,42.2,29.53,3.03,0.0,2020-11-14 07:30:00+00:00,638.81,49.4928125,57.309573507687496,55.59028630245687
20201114:0830,382.76,113.05,0.0,33.34,29.74,3.03,0.0,2020-11-14 08:30:00+00:00,495.81,45.2340625,45.3674547781875,44.006431134841876
20201114:0930,218.91,90.0,0.0,22.45,29.57,2.97,0.0,2020-11-14 09:30:00+00:00,308.90999999999997,39.2234375,29.045619927187495,28.17425132937187
20201114:1030,63.15,49.7,0.0,10.35,28.85,2.14,0.0,2020-11-14 10:30:00+00:00,112.85,32.3765625,10.935373067187498,10.607311875171874
20201114:1130,0.0,0.0,0.0,-2.47,27.29,2.0,0.0,2020-11-14 11:30:00+00:00,0.0,27.29,0.0,0.0
20201114:1230,0.0,0.0,0.0,0.0,25.45,2.21,0.0,2020-11-14 12:30:00+00:00,0.0,25.45,0.0,0.0
20201114:1330,0.0,0.0,0.0,0.0,24.01,2.07,0.0,2020-11-14 13:30:00+00:00,0.0,24.01,0.0,0.0
20201114:1430,0.0,0.0,0.0,0.0,22.8,2.07,0.0,2020-11-14 14:30:00+00:00,0.0,22.8,0.0,0.0
20201114:1530,0.0,0.0,0.0,0.0,21.77,2.14,0.0,2020-11-14 15:30:00+00:00,0.0,21.77,0.0,0.0
20201114:1630,0.0,0.0,0.0,0.0,20.96,2.34,0.0,2020-11-14 16:30:00+00:00,0.0,20.96,0.0,0.0
20201114:1730,0.0,0.0,0.0,0.0,20.41,2.34,0.0,2020-11-14 17:30:00+00:00,0.0,20.41,0.0,0.0
20201114:1830,0.0,0.0,0.0,0.0,19.99,2.41,0.0,2020-11-14 18:30:00+00:00,0.0,19.99,0.0,0.0
20201114:1930,0.0,0.0,0.0,0.0,19.86,2.28,0.0,2020-11-14 19:30:00+00:00,0.0,19.86,0.0,0.0
20201114:2030,0.0,0.0,0.0,0.0,19.52,2.34,0.0,2020-11-14 20:30:00+00:00,0.0,19.52,0.0,0.0
20201114:2130,0.0,0.0,0.0,0.0,19.2,2.34,0.0,2020-11-14 21:30:00+00:00,0.0,19.2,0.0,0.0
20201114:2230,0.0,0.0,0.0,0.0,18.9,2.34,0.0,2020-11-14 22:30:00+00:00,0.0,18.9,0.0,0.0
20201114:2330,0.0,0.0,0.0,0.0,18.57,2.34,0.0,2020-11-14 23:30:00+00:00,0.0,18.57,0.0,0.0
20201115:0030,0.0,14.05,0.0,1.42,18.25,2.34,0.0,2020-11-15 00:30:00+00:00,14.05,18.6890625,1.4422408421875001,1.3989736169218752
20201115:0130,112.35,67.3,0.0,14.03,18.33,2.14,0.0,2020-11-15 01:30:00+00:00,179.64999999999998,23.944062499999998,18.044673652187495,17.50333344262187
20201115:0230,281.41,99.6,0.0,25.79,21.15,1.86,0.0,2020-11-15 02:30:00+00:00,381.01,33.0565625,36.811755031187495,35.70740238025187
20201115:0330,438.71,118.75,0.0,36.14,24.06,2.14,0.0,2020-11-15 03:30:00+00:00,557.46,41.480625,51.88733853075001,50.330718374827505
20201115:0430,552.41,129.95,0.0,44.09,26.29,2.48,0.0,2020-11-15 04:30:00+00:00,682.3599999999999,47.613749999999996,61.75509825099999,59.90244530346999
20201115:0530,606.06,134.75,0.0,48.25,27.86,3.1,0.0,2020-11-15 05:30:00+00:00,740.81,51.0103125,65.9881461666875,64.00850178168687
20201115:0630,594.81,133.25,0.0,47.47,28.77,3.1,0.0,2020-11-15 06:30:00+00:00,728.06,51.521874999999994,64.69600314875,62.755123054287495
20201115:0730,518.16,126.2,0.0,42.01,29.14,2.55,0.0,2020-11-15 07:30:00+00:00,644.36,49.276250000000005,57.866089331000005,56.13010665107
20201115:0830,386.26,112.7,0.0,33.19,29.41,2.62,0.0,2020-11-15 08:30:00+00:00,498.96,45.0025,45.70421209199999,44.33308572923999
20201115:0930,219.86,90.0,0.0,22.33,29.29,2.62,0.0,2020-11-15 09:30:00+00:00,309.86,38.973124999999996,29.167520744750007,28.292495122407505
20201115:1030,63.15,49.45,0.0,10.26,28.64,2.07,0.0,2020-11-15 10:30:00+00:00,112.6,32.15875,10.921448394999999,10.593804943149998
20201115:1130,0.0,0.0,0.0,-2.53,27.13,1.93,0.0,2020-11-15 11:30:00+00:00,0.0,27.13,0.0,0.0
20201115:1230,0.0,0.0,0.0,0.0,25.29,2.14,0.0,2020-11-15 12:30:00+00:00,0.0,25.29,0.0,0.0
20201115:1330,0.0,0.0,0.0,0.0,23.81,2.0,0.0,2020-11-15 13:30:00+00:00,0.0,23.81,0.0,0.0
20201115:1430,0.0,0.0,0.0,0.0,22.41,1.86,0.0,2020-11-15 14:30:00+00:00,0.0,22.41,0.0,0.0
20201115:1530,0.0,0.0,0.0,0.0,21.08,1.59,0.0,2020-11-15 15:30:00+00:00,0.0,21.08,0.0,0.0
20201115:1630,0.0,0.0,0.0,0.0,20.52,1.45,0.0,2020-11-15 16:30:00+00:00,0.0,20.52,0.0,0.0
20201115:1730,0.0,0.0,0.0,0.0,19.49,1.66,0.0,2020-11-15 17:30:00+00:00,0.0,19.49,0.0,0.0
20201115:1830,0.0,0.0,0.0,0.0,18.88,2.14,0.0,2020-11-15 18:30:00+00:00,0.0,18.88,0.0,0.0
20201115:1930,0.0,0.0,0.0,0.0,18.61,1.86,0.0,2020-11-15 19:30:00+00:00,0.0,18.61,0.0,0.0
20201115:2030,0.0,0.0,0.0,0.0,18.26,1.86,0.0,2020-11-15 20:30:00+00:00,0.0,18.26,0.0,0.0
20201115:2130,0.0,0.0,0.0,0.0,18.04,2.0,0.0,2020-11-15 21:30:00+00:00,0.0,18.04,0.0,0.0
20201115:2230,0.0,0.0,0.0,0.0,17.79,1.93,0.0,2020-11-15 22:30:00+00:00,0.0,17.79,0.0,0.0
20201115:2330,0.0,0.0,0.0,0.0,17.5,1.93,0.0,2020-11-15 23:30:00+00:00,0.0,17.5,0.0,0.0
20201116:0030,0.0,13.6,0.0,1.27,17.24,2.07,0.0,2020-11-16 00:30:00+00:00,13.6,17.665,1.40189752,1.3598405943999998
20201116:0130,108.7,66.95,0.0,13.86,17.4,1.79,0.0,2020-11-16 01:30:00+00:00,175.65,22.889062499999998,17.7207301921875,17.189108286421874
20201116:0230,275.31,99.8,0.0,25.6,21.38,1.45,0.0,2020-11-16 02:30:00+00:00,375.11,33.1021875,36.234531147687505,35.14749521325688
20201116:0330,431.71,118.95,0.0,35.92,24.53,1.59,0.0,2020-11-16 03:30:00+00:00,550.66,41.738125,51.19485331675,49.6590077172475
20201116:0430,544.11,130.15,0.0,43.84,26.75,1.72,0.0,2020-11-16 04:30:00+00:00,674.26,47.820625,60.96344546275,59.1345420988675
20201116:0530,597.21,134.95,0.0,47.99,28.21,2.14,0.0,2020-11-16 05:30:00+00:00,732.1600000000001,51.09,65.193137152,63.237343037440006
20201116:0630,581.56,134.75,0.0,47.23,29.03,2.34,0.0,2020-11-16 06:30:00+00:00,716.31,51.4146875,63.684135982687486,61.77361190320686
20201116:0730,505.76,127.7,0.0,41.81,29.38,2.07,0.0,2020-11-16 07:30:00+00:00,633.46,49.175625,56.91399760675001,55.206577678547504
20201116:0830,377.01,113.45,0.0,33.05,29.64,2.0,0.0,2020-11-16 08:30:00+00:00,490.46,44.966875,44.93295952475,43.584970739007495
20201116:0930,213.51,90.3,0.0,22.22,29.55,2.0,0.0,2020-11-16 09:30:00+00:00,303.81,39.0440625,28.588974816187502,27.731305571701878
20201116:1030,60.6,49.2,0.0,10.18,29.05,1.59,0.0,2020-11-16 10:30:00+00:00,109.80000000000001,32.48125,10.634994675000002,10.31594483475
20201116:1130,0.0,0.0,0.0,-2.59,27.79,1.24,0.0,2020-11-16 11:30:00+00:00,0.0,27.79,0.0,0.0
20201116:1230,0.0,0.0,0.0,0.0,25.66,0.97,0.0,2020-11-16 12:30:00+00:00,0.0,25.66,0.0,0.0
20201116:1330,0.0,0.0,0.0,0.0,25.22,0.76,0.0,2020-11-16 13:30:00+00:00,0.0,25.22,0.0,0.0
20201116:1430,0.0,0.0,0.0,0.0,24.69,0.48,0.0,2020-11-16 14:30:00+00:00,0.0,24.69,0.0,0.0
20201116:1530,0.0,0.0,0.0,0.0,23.95,0.55,0.0,2020-11-16 15:30:00+00:00,0.0,23.95,0.0,0.0
20201116:1630,0.0,0.0,0.0,0.0,21.99,1.1,0.0,2020-11-16 16:30:00+00:00,0.0,21.99,0.0,0.0
20201116:1730,0.0,0.0,0.0,0.0,19.6,1.79,0.0,2020-11-16 17:30:00+00:00,0.0,19.6,0.0,0.0
20201116:1830,0.0,0.0,0.0,0.0,19.09,2.0,0.0,2020-11-16 18:30:00+00:00,0.0,19.09,0.0,0.0
20201116:1930,0.0,0.0,0.0,0.0,18.96,1.93,0.0,2020-11-16 19:30:00+00:00,0.0,18.96,0.0,0.0
20201116:2030,0.0,0.0,0.0,0.0,18.73,2.0,0.0,2020-11-16 20:30:00+00:00,0.0,18.73,0.0,0.0
20201116:2130,0.0,0.0,0.0,0.0,18.54,2.0,0.0,2020-11-16 21:30:00+00:00,0.0,18.54,0.0,0.0
20201116:2230,0.0,0.0,0.0,0.0,18.41,2.07,0.0,2020-11-16 22:30:00+00:00,0.0,18.41,0.0,0.0
20201116:2330,0.0,0.0,0.0,0.0,18.29,2.07,0.0,2020-11-16 23:30:00+00:00,0.0,18.29,0.0,0.0
20201117:0030,0.0,13.15,0.0,1.12,18.15,2.07,0.0,2020-11-17 00:30:00+00:00,13.15,18.560937499999998,1.3505629421874998,1.3100460539218748
20201117:0130,103.1,66.85,0.0,13.69,18.31,1.79,0.0,2020-11-17 01:30:00+00:00,169.95,23.620937499999997,17.0934361021875,16.580633019121873
20201117:0230,266.21,100.65,0.0,25.41,21.83,1.66,0.0,2020-11-17 02:30:00+00:00,366.86,33.294375,35.40799274675,34.3457529643475
20201117:0330,420.36,120.6,0.0,35.7,24.29,2.14,0.0,2020-11-17 03:30:00+00:00,540.96,41.195,50.41644417599999,48.903950850719994
20201117:0430,532.16,132.2,0.0,43.6,26.27,2.28,0.0,2020-11-17 04:30:00+00:00,664.3599999999999,47.03125,60.288593875,58.47993605874999
20201117:0530,585.31,137.3,0.0,47.73,27.76,2.48,0.0,2020-11-17 05:30:00+00:00,722.6099999999999,50.341562499999995,64.56993207918748,62.63283411681186
20201117:0630,571.76,137.05,0.0,47.0,28.76,2.55,0.0,2020-11-17 06:30:00+00:00,708.81,50.9103125,63.1674947866875,61.272469943086875
20201117:0730,497.06,129.6,0.0,41.63,29.19,2.21,0.0,2020-11-17 07:30:00+00:00,626.66,48.773125,56.40898006475,54.71671066280749
20201117:0830,369.11,115.05,0.0,32.9,29.5,2.0,0.0,2020-11-17 08:30:00+00:00,484.16,44.63,44.424294464000006,43.091565630080005
20201117:0930,207.4,91.4,0.0,22.12,29.47,1.86,0.0,2020-11-17 09:30:00+00:00,298.8,38.8075,28.147213980000004,27.302797560600002
20201117:1030,58.0,49.3,0.0,10.11,29.09,1.38,0.0,2020-11-17 10:30:00+00:00,107.3,32.443125,10.394568128749999,10.082731084887499
20201117:1130,0.0,0.0,0.0,-2.64,27.97,0.83,0.0,2020-11-17 11:30:00+00:00,0.0,27.97,0.0,0.0
20201117:1230,0.0,0.0,0.0,0.0,25.57,1.17,0.0,2020-11-17 12:30:00+00:00,0.0,25.57,0.0,0.0
20201117:1330,0.0,0.0,0.0,0.0,23.67,1.66,0.0,2020-11-17 13:30:00+00:00,0.0,23.67,0.0,0.0
20201117:1430,0.0,0.0,0.0,0.0,22.42,1.86,0.0,2020-11-17 14:30:00+00:00,0.0,22.42,0.0,0.0
20201117:1530,0.0,0.0,0.0,0.0,21.53,1.86,0.0,2020-11-17 15:30:00+00:00,0.0,21.53,0.0,0.0
20201117:1630,0.0,0.0,0.0,0.0,20.9,1.86,0.0,2020-11-17 16:30:00+00:00,0.0,20.9,0.0,0.0
20201117:1730,0.0,0.0,0.0,0.0,20.4,1.86,0.0,2020-11-17 17:30:00+00:00,0.0,20.4,0.0,0.0
20201117:1830,0.0,0.0,0.0,0.0,20.01,1.79,0.0,2020-11-17 18:30:00+00:00,0.0,20.01,0.0,0.0
20201117:1930,0.0,0.0,0.0,0.0,19.58,1.93,0.0,2020-11-17 19:30:00+00:00,0.0,19.58,0.0,0.0
20201117:2030,0.0,0.0,0.0,0.0,19.36,2.0,0.0,2020-11-17 20:30:00+00:00,0.0,19.36,0.0,0.0
20201117:2130,0.0,0.0,0.0,0.0,19.15,2.0,0.0,2020-11-17 21:30:00+00:00,0.0,19.15,0.0,0.0
20201117:2230,0.0,0.0,0.0,0.0,18.97,1.93,0.0,2020-11-17 22:30:00+00:00,0.0,18.97,0.0,0.0
20201117:2330,0.0,0.0,0.0,0.0,18.75,1.79,0.0,2020-11-17 23:30:00+00:00,0.0,18.75,0.0,0.0
20201118:0030,0.0,12.85,0.0,0.97,18.47,1.66,0.0,2020-11-18 00:30:00+00:00,12.85,18.8715625,1.3180751771875001,1.278532921871875
20201118:0130,87.25,64.9,0.0,13.52,18.77,1.17,0.0,2020-11-18 01:30:00+00:00,152.15,23.5246875,15.3092768946875,14.849998587846875
20201118:0230,253.41,103.0,0.0,25.21,21.89,0.76,0.0,2020-11-18 02:30:00+00:00,356.40999999999997,33.027812499999996,34.439299085687495,33.40612011311687
20201118:0330,406.56,123.25,0.0,35.48,24.77,0.9,0.0,2020-11-18 03:30:00+00:00,529.81,41.326562499999994,49.34801004718749,47.86756974577187
20201118:0430,518.56,134.6,0.0,43.36,26.94,1.17,0.0,2020-11-18 04:30:00+00:00,653.16,47.35125,59.184444171,57.408910845870004
20201118:0530,574.31,138.85,0.0,47.49,28.33,1.17,0.0,2020-11-18 05:30:00+00:00,713.16,50.616249999999994,63.64323636300001,61.73393927211001
20201118:0630,506.76,138.5,0.0,46.78,29.14,0.97,0.0,2020-11-18 06:30:00+00:00,645.26,49.304375,57.93929077474999,56.201112051507494
20201118:0730,391.41,142.7,0.0,41.45,29.34,0.62,0.0,2020-11-18 07:30:00+00:00,534.11,46.0309375,48.693209708187496,47.23241341694187
20201118:0830,297.41,120.4,0.0,32.77,29.46,0.41,0.0,2020-11-18 08:30:00+00:00,417.81000000000006,42.516562500000006,38.70719010918751,37.545974405911885
20201118:0930,119.05,82.2,0.0,22.02,29.43,0.34,0.0,2020-11-18 09:30:00+00:00,201.25,35.7190625,19.2189712421875,18.642402104921874
20201118:1030,47.1,45.6,0.0,10.04,28.9,0.0,0.0,2020-11-18 10:30:00+00:00,92.7,31.796875,9.00537046875,8.7352093546875
20201118:1130,0.0,0.0,0.0,-2.69,27.7,0.28,0.0,2020-11-18 11:30:00+00:00,0.0,27.7,0.0,0.0
20201118:1230,0.0,0.0,0.0,0.0,26.75,0.14,0.0,2020-11-18 12:30:00+00:00,0.0,26.75,0.0,0.0
20201118:1330,0.0,0.0,0.0,0.0,24.57,1.1,0.0,2020-11-18 13:30:00+00:00,0.0,24.57,0.0,0.0
20201118:1430,0.0,0.0,0.0,0.0,23.41,1.66,0.0,2020-11-18 14:30:00+00:00,0.0,23.41,0.0,0.0
20201118:1530,0.0,0.0,0.0,0.0,22.84,1.79,0.0,2020-11-18 15:30:00+00:00,0.0,22.84,0.0,0.0
20201118:1630,0.0,0.0,0.0,0.0,22.46,2.0,0.0,2020-11-18 16:30:00+00:00,0.0,22.46,0.0,0.0
20201118:1730,0.0,0.0,0.0,0.0,22.49,1.93,0.0,2020-11-18 17:30:00+00:00,0.0,22.49,0.0,0.0
20201118:1830,0.0,0.0,0.0,0.0,22.23,1.93,0.0,2020-11-18 18:30:00+00:00,0.0,22.23,0.0,0.0
20201118:1930,0.0,0.0,0.0,0.0,21.96,1.86,0.0,2020-11-18 19:30:00+00:00,0.0,21.96,0.0,0.0
20201118:2030,0.0,0.0,0.0,0.0,21.66,1.86,0.0,2020-11-18 20:30:00+00:00,0.0,21.66,0.0,0.0
20201118:2130,0.0,0.0,0.0,0.0,21.52,1.79,0.0,2020-11-18 21:30:00+00:00,0.0,21.52,0.0,0.0
20201118:2230,0.0,0.0,0.0,0.0,21.41,1.66,0.0,2020-11-18 22:30:00+00:00,0.0,21.41,0.0,0.0
20201118:2330,0.0,0.0,0.0,0.0,21.14,1.66,0.0,2020-11-18 23:30:00+00:00,0.0,21.14,0.0,0.0
20201119:0030,0.0,12.25,0.0,0.82,20.86,1.66,0.0,2020-11-19 00:30:00+00:00,12.25,21.2428125,1.2443307296875001,1.207000807796875
20201119:0130,86.2,67.75,0.0,13.35,20.78,1.24,0.0,2020-11-19 01:30:00+00:00,153.95,25.590937500000003,15.356790572187498,14.896086855021872
20201119:0230,228.66,107.5,0.0,25.02,23.66,1.03,0.0,2020-11-19 02:30:00+00:00,336.15999999999997,34.165,32.322019311999995,31.352358732639996
20201119:0330,368.31,133.75,0.0,35.26,25.59,1.31,0.0,2020-11-19 03:30:00+00:00,502.06,41.279375,46.77324633475,45.3700489447075
20201119:0430,424.61,132.6,0.0,43.12,27.26,1.52,0.0,2020-11-19 04:30:00+00:00,557.21,44.672812500000006,51.1170071016875,49.58349688863687
20201119:0530,497.91,152.35,0.0,47.25,28.17,1.24,0.0,2020-11-19 05:30:00+00:00,650.26,48.490625,58.61049419875,56.8521793727875
20201119:0630,372.26,169.15,0.0,46.56,29.08,1.1,0.0,2020-11-19 06:30:00+00:00,541.41,45.999062499999994,49.36597698018749,47.884997670781864
20201119:0730,358.06,135.85,0.0,41.27,28.87,1.59,0.0,2020-11-19 07:30:00+00:00,493.90999999999997,44.3046875,45.386393154687504,44.02480136004688
20201119:0830,238.9,128.1,0.0,32.64,29.18,1.45,0.0,2020-11-19 08:30:00+00:00,367.0,40.64875,34.287901675,33.25926462475
20201119:0930,96.4,101.8,0.0,21.93,28.99,1.52,0.0,2020-11-19 09:30:00+00:00,198.2,35.183749999999996,18.972263915,18.40309599755
20201119:1030,34.35,39.25,0.0,9.97,28.34,0.97,0.0,2020-11-19 10:30:00+00:00,73.6,30.64,7.185656319999999,6.970086630399998
20201119:1130,0.0,0.0,0.0,-2.73,27.3,0.55,0.0,2020-11-19 11:30:00+00:00,0.0,27.3,0.0,0.0
20201119:1230,0.0,0.0,0.0,0.0,26.1,1.52,0.0,2020-11-19 12:30:00+00:00,0.0,26.1,0.0,0.0
20201119:1330,0.0,0.0,0.0,0.0,25.06,1.72,0.0,2020-11-19 13:30:00+00:00,0.0,25.06,0.0,0.0
20201119:1430,0.0,0.0,0.0,0.0,24.17,1.93,0.0,2020-11-19 14:30:00+00:00,0.0,24.17,0.0,0.0
20201119:1530,0.0,0.0,0.0,0.0,23.73,1.93,0.0,2020-11-19 15:30:00+00:00,0.0,23.73,0.0,0.0
20201119:1630,0.0,0.0,0.0,0.0,23.48,1.79,0.0,2020-11-19 16:30:00+00:00,0.0,23.48,0.0,0.0
20201119:1730,0.0,0.0,0.0,0.0,23.35,1.66,0.0,2020-11-19 17:30:00+00:00,0.0,23.35,0.0,0.0
20201119:1830,0.0,0.0,0.0,0.0,23.09,1.72,0.0,2020-11-19 18:30:00+00:00,0.0,23.09,0.0,0.0
20201119:1930,0.0,0.0,0.0,0.0,22.86,1.72,0.0,2020-11-19 19:30:00+00:00,0.0,22.86,0.0,0.0
20201119:2030,0.0,0.0,0.0,0.0,22.55,1.59,0.0,2020-11-19 20:30:00+00:00,0.0,22.55,0.0,0.0
20201119:2130,0.0,0.0,0.0,0.0,22.34,1.38,0.0,2020-11-19 21:30:00+00:00,0.0,22.34,0.0,0.0
20201119:2230,0.0,0.0,0.0,0.0,22.12,1.31,0.0,2020-11-19 22:30:00+00:00,0.0,22.12,0.0,0.0
20201119:2330,0.0,0.0,0.0,0.0,21.88,1.17,0.0,2020-11-19 23:30:00+00:00,0.0,21.88,0.0,0.0
20201120:0030,0.0,10.9,0.0,0.67,21.88,0.97,0.0,2020-11-20 00:30:00+00:00,10.9,22.220625,1.10272397875,1.0696422593875001
20201120:0130,68.45,68.8,0.0,13.18,22.57,0.48,0.0,2020-11-20 01:30:00+00:00,137.25,26.8590625,13.617834342187502,13.209299311921876
20201120:0230,168.25,118.55,0.0,24.83,24.18,0.62,0.0,2020-11-20 02:30:00+00:00,286.8,33.1425,27.69918702,26.8682114094
20201120:0330,353.66,136.75,0.0,35.05,25.86,1.03,0.0,2020-11-20 03:30:00+00:00,490.41,41.1853125,45.70727557668751,44.33605730938688
20201120:0430,405.66,137.85,0.0,42.89,27.38,1.17,0.0,2020-11-20 04:30:00+00:00,543.51,44.3646875,49.93054145268749,48.43262520910687
20201120:0530,502.41,157.9,0.0,47.01,28.41,1.31,0.0,2020-11-20 05:30:00+00:00,660.3100000000001,49.0446875,59.36268200668751,57.58180154648688
20201120:0630,406.76,173.3,0.0,46.35,29.36,1.24,0.0,2020-11-20 06:30:00+00:00,580.06,47.486875,52.52763058074999,50.951801663327494
20201120:0730,358.71,144.35,0.0,41.1,29.73,0.55,0.0,2020-11-20 07:30:00+00:00,503.05999999999995,45.450625,45.98508560675,44.6055330385475
20201120:0830,228.05,131.05,0.0,32.51,30.01,0.34,0.0,2020-11-20 08:30:00+00:00,359.1,41.231875,33.46187614875,32.4580198642875
20201120:0930,145.8,95.3,0.0,21.84,29.89,0.34,0.0,2020-11-20 09:30:00+00:00,241.10000000000002,37.424375,22.851882938750002,22.1663264505875
20201120:1030,31.15,45.1,0.0,9.92,29.42,0.07,0.0,2020-11-20 10:30:00+00:00,76.25,31.8028125,7.4071399296875,7.184925731796875
20201120:1130,0.0,0.0,0.0,-2.77,27.81,1.17,0.0,2020-11-20 11:30:00+00:00,0.0,27.81,0.0,0.0
20201120:1230,0.0,0.0,0.0,0.0,26.63,1.52,0.0,2020-11-20 12:30:00+00:00,0.0,26.63,0.0,0.0
20201120:1330,0.0,0.0,0.0,0.0,25.92,1.24,0.0,2020-11-20 13:30:00+00:00,0.0,25.92,0.0,0.0
20201120:1430,0.0,0.0,0.0,0.0,25.12,0.48,0.0,2020-11-20 14:30:00+00:00,0.0,25.12,0.0,0.0
20201120:1530,0.0,0.0,0.0,0.0,24.06,1.31,0.0,2020-11-20 15:30:00+00:00,0.0,24.06,0.0,0.0
20201120:1630,0.0,0.0,0.0,0.0,23.46,0.76,0.0,2020-11-20 16:30:00+00:00,0.0,23.46,0.0,0.0
20201120:1730,0.0,0.0,0.0,0.0,23.42,0.55,0.0,2020-11-20 17:30:00+00:00,0.0,23.42,0.0,0.0
20201120:1830,0.0,0.0,0.0,0.0,22.98,1.24,0.0,2020-11-20 18:30:00+00:00,0.0,22.98,0.0,0.0
20201120:1930,0.0,0.0,0.0,0.0,23.28,1.1,0.0,2020-11-20 19:30:00+00:00,0.0,23.28,0.0,0.0
20201120:2030,0.0,0.0,0.0,0.0,23.01,0.9,0.0,2020-11-20 20:30:00+00:00,0.0,23.01,0.0,0.0
20201120:2130,0.0,0.0,0.0,0.0,23.09,0.76,0.0,2020-11-20 21:30:00+00:00,0.0,23.09,0.0,0.0
20201120:2230,0.0,0.0,0.0,0.0,22.38,1.17,0.0,2020-11-20 22:30:00+00:00,0.0,22.38,0.0,0.0
20201120:2330,0.0,0.0,0.0,0.0,22.32,1.45,0.0,2020-11-20 23:30:00+00:00,0.0,22.32,0.0,0.0
20201121:0030,0.0,7.55,0.0,0.52,21.91,0.83,0.0,2020-11-21 00:30:00+00:00,7.55,22.1459375,0.7640502321874999,0.7411287252218749
20201121:0130,43.6,52.65,0.0,13.01,22.08,1.17,0.0,2020-11-21 01:30:00+00:00,96.25,25.0878125,9.6214501796875,9.332806674296874
20201121:0230,168.15,96.6,0.0,24.64,23.11,1.59,0.0,2020-11-21 02:30:00+00:00,264.75,31.3834375,25.765193667187496,24.992237857171872
20201121:0330,277.46,145.0,0.0,34.84,24.7,2.07,0.0,2020-11-21 03:30:00+00:00,422.46,37.901875,39.95677903275,38.7580756617675
20201121:0430,368.31,165.25,0.0,42.66,26.2,2.28,0.0,2020-11-21 04:30:00+00:00,533.56,42.87375,49.350578418999994,47.87006106642999
20201121:0530,419.36,160.45,0.0,46.78,27.19,2.41,0.0,2020-11-21 05:30:00+00:00,579.81,45.309062499999996,53.035333038187495,51.44427304704187
20201121:0630,81.3,133.75,0.0,46.14,27.79,2.69,0.0,2020-11-21 06:30:00+00:00,215.05,34.5103125,20.646019064687504,20.02663849274688
20201121:0730,152.4,110.85,0.0,40.94,25.04,1.93,0.0,2020-11-21 07:30:00+00:00,263.25,33.2665625,25.4110075171875,24.648677291671873
20201121:0830,58.85,99.6,0.0,32.39,25.27,1.86,0.0,2020-11-21 08:30:00+00:00,158.45,30.221562499999997,15.497510237187498,15.032584930071874
20201121:0930,48.55,86.0,0.0,21.76,25.27,1.59,0.0,2020-11-21 09:30:00+00:00,134.55,29.4746875,13.202130934687501,12.806067006646876
20201121:1030,26.85,40.8,0.0,9.86,25.45,1.59,0.0,2020-11-21 10:30:00+00:00,67.65,27.5640625,6.6921472921875,6.491382873421875
20201121:1130,0.0,0.0,0.0,-2.8,25.08,1.24,0.0,2020-11-21 11:30:00+00:00,0.0,25.08,0.0,0.0
20201121:1230,0.0,0.0,0.0,0.0,24.34,1.24,0.0,2020-11-21 12:30:00+00:00,0.0,24.34,0.0,0.0
20201121:1330,0.0,0.0,0.0,0.0,23.2,1.17,0.0,2020-11-21 13:30:00+00:00,0.0,23.2,0.0,0.0
20201121:1430,0.0,0.0,0.0,0.0,22.35,0.97,0.0,2020-11-21 14:30:00+00:00,0.0,22.35,0.0,0.0
20201121:1530,0.0,0.0,0.0,0.0,21.82,0.9,0.0,2020-11-21 15:30:00+00:00,0.0,21.82,0.0,0.0
20201121:1630,0.0,0.0,0.0,0.0,20.64,1.24,0.0,2020-11-21 16:30:00+00:00,0.0,20.64,0.0,0.0
20201121:1730,0.0,0.0,0.0,0.0,19.73,1.52,0.0,2020-11-21 17:30:00+00:00,0.0,19.73,0.0,0.0
20201121:1830,0.0,0.0,0.0,0.0,19.19,1.59,0.0,2020-11-21 18:30:00+00:00,0.0,19.19,0.0,0.0
20201121:1930,0.0,0.0,0.0,0.0,19.05,1.72,0.0,2020-11-21 19:30:00+00:00,0.0,19.05,0.0,0.0
20201121:2030,0.0,0.0,0.0,0.0,19.21,2.14,0.0,2020-11-21 20:30:00+00:00,0.0,19.21,0.0,0.0
20201121:2130,0.0,0.0,0.0,0.0,19.4,2.41,0.0,2020-11-21 21:30:00+00:00,0.0,19.4,0.0,0.0
20201121:2230,0.0,0.0,0.0,0.0,19.1,2.34,0.0,2020-11-21 22:30:00+00:00,0.0,19.1,0.0,0.0
20201121:2330,0.0,0.0,0.0,0.0,18.77,2.48,0.0,2020-11-21 23:30:00+00:00,0.0,18.77,0.0,0.0
20201122:0030,0.0,11.25,0.0,0.36,18.61,2.41,0.0,2020-11-22 00:30:00+00:00,11.25,18.9615625,1.1535316171874999,1.118925668671875
20201122:0130,93.3,65.25,0.0,12.85,18.58,2.21,0.0,2020-11-22 01:30:00+00:00,158.55,23.534687499999997,15.952576624687504,15.47399932594688
20201122:0230,247.51,105.5,0.0,24.46,20.31,2.07,0.0,2020-11-22 02:30:00+00:00,353.01,31.3415625,34.3607733091875,33.32995010991188
20201122:0330,418.26,119.3,0.0,34.63,22.4,2.62,0.0,2020-11-22 03:30:00+00:00,537.56,39.19875,50.550274378999994,49.03376614762999
20201122:0430,535.26,130.2,0.0,42.43,24.13,3.03,0.0,2020-11-22 04:30:00+00:00,665.46,44.925625,60.97692330675001,59.14761560754751
20201122:0530,593.56,134.35,0.0,46.55,25.31,3.03,0.0,2020-11-22 05:30:00+00:00,727.91,48.0571875,65.7419059116875,63.76964873433687
20201122:0630,584.51,133.5,0.0,45.94,26.09,2.9,0.0,2020-11-22 06:30:00+00:00,718.01,48.527812499999996,64.7058540456875,62.76467842431688
20201122:0730,512.96,125.7,0.0,40.78,26.46,2.48,0.0,2020-11-22 07:30:00+00:00,638.6600000000001,46.418125,58.12086212075001,56.37723625712751
20201122:0830,384.91,111.75,0.0,32.28,26.66,2.55,0.0,2020-11-22 08:30:00+00:00,496.66,42.180625,46.08216973075,44.699704638827505
20201122:0930,220.41,88.9,0.0,21.68,26.57,2.55,0.0,2020-11-22 09:30:00+00:00,309.31,36.2359375,29.471337112187502,28.587196998821877
20201122:1030,62.85,48.4,0.0,9.81,26.0,2.07,0.0,2020-11-22 10:30:00+00:00,111.25,29.4765625,10.915832617187501,10.588357638671877
20201122:1130,0.0,0.0,0.0,-2.83,24.63,1.79,0.0,2020-11-22 11:30:00+00:00,0.0,24.63,0.0,0.0
20201122:1230,0.0,0.0,0.0,0.0,22.74,1.66,0.0,2020-11-22 12:30:00+00:00,0.0,22.74,0.0,0.0
20201122:1330,0.0,0.0,0.0,0.0,20.5,1.52,0.0,2020-11-22 13:30:00+00:00,0.0,20.5,0.0,0.0
20201122:1430,0.0,0.0,0.0,0.0,19.01,1.52,0.0,2020-11-22 14:30:00+00:00,0.0,19.01,0.0,0.0
20201122:1530,0.0,0.0,0.0,0.0,18.23,1.38,0.0,2020-11-22 15:30:00+00:00,0.0,18.23,0.0,0.0
20201122:1630,0.0,0.0,0.0,0.0,17.52,1.38,0.0,2020-11-22 16:30:00+00:00,0.0,17.52,0.0,0.0
20201122:1730,0.0,0.0,0.0,0.0,16.76,1.38,0.0,2020-11-22 17:30:00+00:00,0.0,16.76,0.0,0.0
20201122:1830,0.0,0.0,0.0,0.0,15.81,1.59,0.0,2020-11-22 18:30:00+00:00,0.0,15.81,0.0,0.0
20201122:1930,0.0,0.0,0.0,0.0,15.21,1.72,0.0,2020-11-22 19:30:00+00:00,0.0,15.21,0.0,0.0
20201122:2030,0.0,0.0,0.0,0.0,14.46,2.07,0.0,2020-11-22 20:30:00+00:00,0.0,14.46,0.0,0.0
20201122:2130,0.0,0.0,0.0,0.0,14.22,2.21,0.0,2020-11-22 21:30:00+00:00,0.0,14.22,0.0,0.0
20201122:2230,0.0,0.0,0.0,0.0,14.02,2.28,0.0,2020-11-22 22:30:00+00:00,0.0,14.02,0.0,0.0
20201122:2330,0.0,0.0,0.0,0.0,13.82,2.28,0.0,2020-11-22 23:30:00+00:00,0.0,13.82,0.0,0.0
20201123:0030,0.0,10.9,0.0,0.21,13.67,2.28,0.0,2020-11-23 00:30:00+00:00,10.9,14.010625,1.1403093587500002,1.1061000779875
20201123:0130,104.3,63.4,0.0,12.68,13.72,2.07,0.0,2020-11-23 01:30:00+00:00,167.7,18.960625,17.19537733875,16.6795160185875
20201123:0230,274.41,96.5,0.0,24.27,17.32,1.59,0.0,2020-11-23 02:30:00+00:00,370.91,28.910937500000003,36.481745552187505,35.38729318562188
20201123:0330,434.16,115.6,0.0,34.43,20.59,1.66,0.0,2020-11-23 03:30:00+00:00,549.76,37.769999999999996,52.027417216,50.46659469952
20201123:0430,548.31,127.4,0.0,42.21,22.91,1.93,0.0,2020-11-23 04:30:00+00:00,675.7099999999999,44.0259375,62.171473184187505,60.306328988661875
20201123:0530,603.86,132.45,0.0,46.33,24.47,2.28,0.0,2020-11-23 05:30:00+00:00,736.31,47.4796875,66.67915214468748,64.67877758034685
20201123:0630,592.86,131.85,0.0,45.75,25.29,2.41,0.0,2020-11-23 06:30:00+00:00,724.71,47.9371875,65.48942015568751,63.524737551016884
20201123:0730,519.51,124.45,0.0,40.63,25.44,2.62,0.0,2020-11-23 07:30:00+00:00,643.96,45.56375,58.834262371000015,57.069234499870014
20201123:0830,390.11,110.65,0.0,32.17,25.7,2.9,0.0,2020-11-23 08:30:00+00:00,500.76,41.348749999999995,46.637543979,45.23841765963
20201123:0930,222.81,88.45,0.0,21.61,25.56,2.83,0.0,2020-11-23 09:30:00+00:00,311.26,35.286874999999995,29.781205060749997,28.887768908927494
20201123:1030,63.5,48.25,0.0,9.77,24.95,2.34,0.0,2020-11-23 10:30:00+00:00,111.75,28.4421875,11.0134409296875,10.683037701796874
20201123:1130,0.0,0.0,0.0,-2.85,23.39,2.07,0.0,2020-11-23 11:30:00+00:00,0.0,23.39,0.0,0.0
20201123:1230,0.0,0.0,0.0,0.0,21.53,2.28,0.0,2020-11-23 12:30:00+00:00,0.0,21.53,0.0,0.0
20201123:1330,0.0,0.0,0.0,0.0,20.15,2.28,0.0,2020-11-23 13:30:00+00:00,0.0,20.15,0.0,0.0
20201123:1430,0.0,0.0,0.0,0.0,19.07,2.21,0.0,2020-11-23 14:30:00+00:00,0.0,19.07,0.0,0.0
20201123:1530,0.0,0.0,0.0,0.0,18.01,2.14,0.0,2020-11-23 15:30:00+00:00,0.0,18.01,0.0,0.0
20201123:1630,0.0,0.0,0.0,0.0,16.87,2.0,0.0,2020-11-23 16:30:00+00:00,0.0,16.87,0.0,0.0
20201123:1730,0.0,0.0,0.0,0.0,15.82,2.0,0.0,2020-11-23 17:30:00+00:00,0.0,15.82,0.0,0.0
20201123:1830,0.0,0.0,0.0,0.0,14.89,1.86,0.0,2020-11-23 18:30:00+00:00,0.0,14.89,0.0,0.0
20201123:1930,0.0,0.0,0.0,0.0,14.34,2.07,0.0,2020-11-23 19:30:00+00:00,0.0,14.34,0.0,0.0
20201123:2030,0.0,0.0,0.0,0.0,14.19,2.41,0.0,2020-11-23 20:30:00+00:00,0.0,14.19,0.0,0.0
20201123:2130,0.0,0.0,0.0,0.0,14.37,2.62,0.0,2020-11-23 21:30:00+00:00,0.0,14.37,0.0,0.0
20201123:2230,0.0,0.0,0.0,0.0,14.49,2.62,0.0,2020-11-23 22:30:00+00:00,0.0,14.49,0.0,0.0
20201123:2330,0.0,0.0,0.0,0.0,14.38,2.48,0.0,2020-11-23 23:30:00+00:00,0.0,14.38,0.0,0.0
20201124:0030,0.0,12.0,0.0,0.06,14.05,2.28,0.0,2020-11-24 00:30:00+00:00,12.0,14.425,1.253298,1.21569906
20201124:0130,87.0,71.75,0.0,12.51,13.81,1.93,0.0,2020-11-24 01:30:00+00:00,158.75,18.770937500000002,16.290322742187502,15.801613059921877
20201124:0230,253.56,106.0,0.0,24.09,17.26,1.52,0.0,2020-11-24 02:30:00+00:00,359.56,28.496250000000003,35.42801310699999,34.36517271378999
20201124:0330,423.21,120.2,0.0,34.22,20.52,1.93,0.0,2020-11-24 03:30:00+00:00,543.41,37.5015625,51.4877408871875,49.94310866057187
20201124:0430,545.11,128.1,0.0,41.99,22.84,2.21,0.0,2020-11-24 04:30:00+00:00,673.21,43.877812500000005,61.983332495687506,60.123832520816876
20201124:0530,600.36,134.25,0.0,46.12,24.51,2.62,0.0,2020-11-24 05:30:00+00:00,734.61,47.4665625,66.5292521791875,64.53337461381187
20201124:0630,533.56,167.0,0.0,45.56,25.55,2.83,0.0,2020-11-24 06:30:00+00:00,700.56,47.442499999999995,63.452626523999996,61.549047728279994
20201124:0730,453.36,163.1,0.0,40.49,25.86,2.69,0.0,2020-11-24 07:30:00+00:00,616.46,45.124375,56.43553367075,54.7424676606275
20201124:0830,313.51,154.15,0.0,32.07,26.21,2.48,0.0,2020-11-24 08:30:00+00:00,467.65999999999997,40.824375,43.65782057075,42.348085953627496
20201124:0930,155.15,125.25,0.0,21.54,26.19,2.41,0.0,2020-11-24 09:30:00+00:00,280.4,34.9525,26.867913979999997,26.0618765606
20201124:1030,34.35,62.0,0.0,9.73,25.64,2.28,0.0,2020-11-24 10:30:00+00:00,96.35,28.6509375,9.4872575121875,9.202639786821875
20201124:1130,0.0,0.0,0.0,-2.87,24.08,2.07,0.0,2020-11-24 11:30:00+00:00,0.0,24.08,0.0,0.0
20201124:1230,0.0,0.0,0.0,0.0,22.31,2.21,0.0,2020-11-24 12:30:00+00:00,0.0,22.31,0.0,0.0
20201124:1330,0.0,0.0,0.0,0.0,20.98,2.21,0.0,2020-11-24 13:30:00+00:00,0.0,20.98,0.0,0.0
20201124:1430,0.0,0.0,0.0,0.0,19.94,2.21,0.0,2020-11-24 14:30:00+00:00,0.0,19.94,0.0,0.0
20201124:1530,0.0,0.0,0.0,0.0,19.05,2.07,0.0,2020-11-24 15:30:00+00:00,0.0,19.05,0.0,0.0
20201124:1630,0.0,0.0,0.0,0.0,18.08,1.79,0.0,2020-11-24 16:30:00+00:00,0.0,18.08,0.0,0.0
20201124:1730,0.0,0.0,0.0,0.0,17.04,1.79,0.0,2020-11-24 17:30:00+00:00,0.0,17.04,0.0,0.0
20201124:1830,0.0,0.0,0.0,0.0,16.25,1.93,0.0,2020-11-24 18:30:00+00:00,0.0,16.25,0.0,0.0
20201124:1930,0.0,0.0,0.0,0.0,16.15,2.0,0.0,2020-11-24 19:30:00+00:00,0.0,16.15,0.0,0.0
20201124:2030,0.0,0.0,0.0,0.0,15.99,2.14,0.0,2020-11-24 20:30:00+00:00,0.0,15.99,0.0,0.0
20201124:2130,0.0,0.0,0.0,0.0,15.9,2.34,0.0,2020-11-24 21:30:00+00:00,0.0,15.9,0.0,0.0
20201124:2230,0.0,0.0,0.0,0.0,15.92,2.41,0.0,2020-11-24 22:30:00+00:00,0.0,15.92,0.0,0.0
20201124:2330,0.0,0.0,0.0,0.0,15.87,2.41,0.0,2020-11-24 23:30:00+00:00,0.0,15.87,0.0,0.0
20201125:0030,0.0,0.0,0.0,-0.08,15.7,2.21,0.0,2020-11-25 00:30:00+00:00,0.0,15.7,0.0,0.0
20201125:0130,76.9,74.5,0.0,12.35,15.5,1.86,0.0,2020-11-25 01:30:00+00:00,151.4,20.23125,15.443235275000001,14.97993821675
20201125:0230,225.36,119.95,0.0,23.91,17.92,1.52,0.0,2020-11-25 02:30:00+00:00,345.31,28.7109375,33.992801992187495,32.97301793242187
20201125:0330,377.21,145.5,0.0,34.02,21.0,1.52,0.0,2020-11-25 03:30:00+00:00,522.71,37.3346875,49.5630649086875,48.07617296142688
20201125:0430,487.76,163.45,0.0,41.78,23.39,1.59,0.0,2020-11-25 04:30:00+00:00,651.21,43.7403125,59.99537086068751,58.19550973486688
20201125:0530,529.71,180.3,0.0,45.91,25.07,1.86,0.0,2020-11-25 05:30:00+00:00,710.01,47.2578125,64.3636268296875,62.43271802479688
20201125:0630,486.11,199.1,0.0,45.38,26.2,1.93,0.0,2020-11-25 06:30:00+00:00,685.21,47.612812500000004,62.0132993936875,60.15290041187687
20201125:0730,386.81,201.85,0.0,40.35,26.85,2.14,0.0,2020-11-25 07:30:00+00:00,588.66,45.245625000000004,53.860528362749996,52.2447125118675
20201125:0830,205.0,212.2,0.0,31.97,27.23,2.28,0.0,2020-11-25 08:30:00+00:00,417.2,40.2675,39.04476758,37.8734245526
20201125:0930,75.9,156.6,0.0,21.48,27.1,2.28,0.0,2020-11-25 09:30:00+00:00,232.5,34.365625,22.33544671875,21.665383317187498
20201125:1030,14.1,67.8,0.0,9.69,26.39,1.79,0.0,2020-11-25 10:30:00+00:00,81.89999999999999,28.949375,8.054149398749999,7.812524916787499
20201125:1130,0.0,0.0,0.0,-2.88,25.05,1.79,0.0,2020-11-25 11:30:00+00:00,0.0,25.05,0.0,0.0
20201125:1230,0.0,0.0,0.0,0.0,23.31,2.21,0.0,2020-11-25 12:30:00+00:00,0.0,23.31,0.0,0.0
20201125:1330,0.0,0.0,0.0,0.0,21.81,2.28,0.0,2020-11-25 13:30:00+00:00,0.0,21.81,0.0,0.0
20201125:1430,0.0,0.0,0.0,0.0,20.86,2.21,0.0,2020-11-25 14:30:00+00:00,0.0,20.86,0.0,0.0
20201125:1530,0.0,0.0,0.0,0.0,20.01,1.93,0.0,2020-11-25 15:30:00+00:00,0.0,20.01,0.0,0.0
20201125:1630,0.0,0.0,0.0,0.0,18.96,1.86,0.0,2020-11-25 16:30:00+00:00,0.0,18.96,0.0,0.0
20201125:1730,0.0,0.0,0.0,0.0,18.0,1.79,0.0,2020-11-25 17:30:00+00:00,0.0,18.0,0.0,0.0
20201125:1830,0.0,0.0,0.0,0.0,17.1,1.66,0.0,2020-11-25 18:30:00+00:00,0.0,17.1,0.0,0.0
20201125:1930,0.0,0.0,0.0,0.0,16.85,1.45,0.0,2020-11-25 19:30:00+00:00,0.0,16.85,0.0,0.0
20201125:2030,0.0,0.0,0.0,0.0,16.01,1.79,0.0,2020-11-25 20:30:00+00:00,0.0,16.01,0.0,0.0
20201125:2130,0.0,0.0,0.0,0.0,15.7,1.86,0.0,2020-11-25 21:30:00+00:00,0.0,15.7,0.0,0.0
20201125:2230,0.0,0.0,0.0,0.0,15.48,1.86,0.0,2020-11-25 22:30:00+00:00,0.0,15.48,0.0,0.0
20201125:2330,0.0,0.0,0.0,0.0,15.27,2.0,0.0,2020-11-25 23:30:00+00:00,0.0,15.27,0.0,0.0
20201126:0030,0.0,0.0,0.0,-0.23,15.07,2.07,0.0,2020-11-26 00:30:00+00:00,0.0,15.07,0.0,0.0
20201126:0130,54.25,85.6,0.0,12.19,15.15,1.86,0.0,2020-11-26 01:30:00+00:00,139.85,19.5203125,14.306860404687498,13.877654592546874
20201126:0230,161.95,150.8,0.0,23.73,18.29,1.59,0.0,2020-11-26 02:30:00+00:00,312.75,28.0634375,30.872602167187498,29.94642410217187
20201126:0330,245.05,218.75,0.0,33.83,21.47,1.72,0.0,2020-11-26 03:30:00+00:00,463.8,35.96375,44.244305355,42.91697619435
20201126:0430,284.41,258.25,0.0,41.58,23.9,1.93,0.0,2020-11-26 04:30:00+00:00,542.6600000000001,40.858125,50.65166055275,49.1321107361675
20201126:0530,220.6,293.5,0.0,45.71,25.52,2.34,0.0,2020-11-26 05:30:00+00:00,514.1,41.585625,47.82879867875,46.3939347183875
20201126:0630,365.26,243.75,0.0,45.21,26.28,2.21,0.0,2020-11-26 06:30:00+00:00,609.01,45.3115625,55.705623235187495,54.03445453813187
20201126:0730,256.05,259.15,0.0,40.22,26.95,2.21,0.0,2020-11-26 07:30:00+00:00,515.2,43.05,47.6142688,46.185840735999996
20201126:0830,130.25,196.0,0.0,31.88,27.23,2.34,0.0,2020-11-26 08:30:00+00:00,326.25,37.425312500000004,30.9224215546875,29.994748908046873
20201126:0930,15.35,146.9,0.0,21.42,26.97,2.28,0.0,2020-11-26 09:30:00+00:00,162.25,32.0403125,15.745237904687503,15.272880767546878
20201126:1030,0.3,51.8,0.0,9.66,26.35,1.72,0.0,2020-11-26 10:30:00+00:00,52.099999999999994,27.978125000000002,5.1448326687499994,4.990487688687499
20201126:1130,0.0,0.0,0.0,-2.89,25.07,1.79,0.0,2020-11-26 11:30:00+00:00,0.0,25.07,0.0,0.0
20201126:1230,0.0,0.0,0.0,0.0,23.77,1.93,0.0,2020-11-26 12:30:00+00:00,0.0,23.77,0.0,0.0
20201126:1330,0.0,0.0,0.0,0.0,22.83,1.86,0.0,2020-11-26 13:30:00+00:00,0.0,22.83,0.0,0.0
20201126:1430,0.0,0.0,0.0,0.0,22.08,1.79,0.0,2020-11-26 14:30:00+00:00,0.0,22.08,0.0,0.0
20201126:1530,0.0,0.0,0.0,0.0,21.36,1.86,0.0,2020-11-26 15:30:00+00:00,0.0,21.36,0.0,0.0
20201126:1630,0.0,0.0,0.0,0.0,20.83,1.79,0.0,2020-11-26 16:30:00+00:00,0.0,20.83,0.0,0.0
20201126:1730,0.0,0.0,0.0,0.0,20.33,1.79,0.0,2020-11-26 17:30:00+00:00,0.0,20.33,0.0,0.0
20201126:1830,0.0,0.0,0.0,0.0,19.78,1.86,0.0,2020-11-26 18:30:00+00:00,0.0,19.78,0.0,0.0
20201126:1930,0.0,0.0,0.0,0.0,19.52,1.86,0.0,2020-11-26 19:30:00+00:00,0.0,19.52,0.0,0.0
20201126:2030,0.0,0.0,0.0,0.0,19.38,1.79,0.0,2020-11-26 20:30:00+00:00,0.0,19.38,0.0,0.0
20201126:2130,0.0,0.0,0.0,0.0,19.24,1.79,0.0,2020-11-26 21:30:00+00:00,0.0,19.24,0.0,0.0
20201126:2230,0.0,0.0,0.0,0.0,19.1,1.86,0.0,2020-11-26 22:30:00+00:00,0.0,19.1,0.0,0.0
20201126:2330,0.0,0.0,0.0,0.0,18.99,2.07,0.0,2020-11-26 23:30:00+00:00,0.0,18.99,0.0,0.0
20201127:0030,0.0,0.0,0.0,-0.38,18.84,2.14,0.0,2020-11-27 00:30:00+00:00,0.0,18.84,0.0,0.0
20201127:0130,6.4,77.3,0.0,12.02,18.84,2.0,0.0,2020-11-27 01:30:00+00:00,83.7,21.455625,8.494598958749998,8.239760989987499
20201127:0230,32.3,170.8,0.0,23.55,20.06,1.86,0.0,2020-11-27 02:30:00+00:00,203.10000000000002,26.406875,20.189990748750002,19.584291026287502
20201127:0330,46.75,246.55,0.0,33.64,21.94,2.28,0.0,2020-11-27 03:30:00+00:00,293.3,31.105625000000003,28.57787247875,27.720536304387497
20201127:0430,59.7,270.65,0.0,41.37,23.46,2.62,0.0,2020-11-27 04:30:00+00:00,330.34999999999997,33.7834375,31.816324397187497,30.86183466527187
20201127:0530,33.8,257.6,0.0,45.51,24.35,2.9,0.0,2020-11-27 05:30:00+00:00,291.40000000000003,33.456250000000004,28.105056475000005,27.261904780750005
20201127:0630,295.06,258.95,0.0,45.04,24.47,2.9,0.0,2020-11-27 06:30:00+00:00,554.01,41.7828125,51.4959046996875,49.95102755869687
20201127:0730,271.9,222.5,0.0,40.09,26.18,3.38,0.0,2020-11-27 07:30:00+00:00,494.4,41.629999999999995,45.98681376,44.6072093472
20201127:0830,72.05,178.3,0.0,31.8,26.5,3.38,0.0,2020-11-27 08:30:00+00:00,250.35000000000002,34.3234375,24.054668517187498,23.333028461671873
20201127:0930,53.9,122.7,0.0,21.37,25.9,3.03,0.0,2020-11-27 09:30:00+00:00,176.6,31.41875,17.183908475,16.66839122075
20201127:1030,10.95,41.3,0.0,9.64,25.51,2.76,0.0,2020-11-27 10:30:00+00:00,52.25,27.1428125,5.177975979687499,5.022636700296874
20201127:1130,0.0,0.0,0.0,-2.9,24.28,2.62,0.0,2020-11-27 11:30:00+00:00,0.0,24.28,0.0,0.0
20201127:1230,0.0,0.0,0.0,0.0,23.14,2.48,0.0,2020-11-27 12:30:00+00:00,0.0,23.14,0.0,0.0
20201127:1330,0.0,0.0,0.0,0.0,22.48,2.34,0.0,2020-11-27 13:30:00+00:00,0.0,22.48,0.0,0.0
20201127:1430,0.0,0.0,0.0,0.0,21.74,2.14,0.0,2020-11-27 14:30:00+00:00,0.0,21.74,0.0,0.0
20201127:1530,0.0,0.0,0.0,0.0,20.93,2.14,0.0,2020-11-27 15:30:00+00:00,0.0,20.93,0.0,0.0
20201127:1630,0.0,0.0,0.0,0.0,20.08,2.34,0.0,2020-11-27 16:30:00+00:00,0.0,20.08,0.0,0.0
20201127:1730,0.0,0.0,0.0,0.0,19.62,2.48,0.0,2020-11-27 17:30:00+00:00,0.0,19.62,0.0,0.0
20201127:1830,0.0,0.0,0.0,0.0,19.28,2.55,0.0,2020-11-27 18:30:00+00:00,0.0,19.28,0.0,0.0
20201127:1930,0.0,0.0,0.0,0.0,19.95,2.69,0.0,2020-11-27 19:30:00+00:00,0.0,19.95,0.0,0.0
20201127:2030,0.0,0.0,0.0,0.0,19.75,2.69,0.0,2020-11-27 20:30:00+00:00,0.0,19.75,0.0,0.0
20201127:2130,0.0,0.0,0.0,0.0,18.86,2.48,0.0,2020-11-27 21:30:00+00:00,0.0,18.86,0.0,0.0
20201127:2230,0.0,0.0,0.0,0.0,18.13,2.34,0.0,2020-11-27 22:30:00+00:00,0.0,18.13,0.0,0.0
20201127:2330,0.0,0.0,0.0,0.0,17.57,2.21,0.0,2020-11-27 23:30:00+00:00,0.0,17.57,0.0,0.0
20201128:0030,0.0,0.0,0.0,-0.53,17.15,2.14,0.0,2020-11-28 00:30:00+00:00,0.0,17.15,0.0,0.0
20201128:0130,69.8,63.65,0.0,11.86,16.97,1.93,0.0,2020-11-28 01:30:00+00:00,133.45,21.1403125,13.5613316246875,13.154491675946876
20201128:0230,229.51,100.0,0.0,23.37,18.99,1.86,0.0,2020-11-28 02:30:00+00:00,329.51,29.287187499999998,32.3576781156875,31.38694777221687
20201128:0330,403.51,114.55,0.0,33.45,21.37,2.41,0.0,2020-11-28 03:30:00+00:00,518.06,37.559375,49.07326587875,47.6010679023875
20201128:0430,527.71,119.95,0.0,41.18,23.43,2.69,0.0,2020-11-28 04:30:00+00:00,647.6600000000001,43.669375,59.68760888675002,57.89698062014752
20201128:0530,588.01,125.05,0.0,45.32,25.19,2.97,0.0,2020-11-28 05:30:00+00:00,713.06,47.473124999999996,64.57563166474999,62.63836271480749
20201128:0630,570.76,129.1,0.0,44.88,26.52,3.03,0.0,2020-11-28 06:30:00+00:00,699.86,48.390625,63.11053161875001,61.21721567018751
20201128:0730,501.36,121.05,0.0,39.97,27.01,2.69,0.0,2020-11-28 07:30:00+00:00,622.41,46.4603125,56.6310124966875,54.93208212178687
20201128:0830,375.66,107.95,0.0,31.72,27.54,2.76,0.0,2020-11-28 08:30:00+00:00,483.61,42.652812499999996,44.77542780568751,43.43216497151688
20201128:0930,212.86,86.3,0.0,21.33,27.58,2.97,0.0,2020-11-28 09:30:00+00:00,299.16,36.92875,28.417185963,27.564670384110002
20201128:1030,59.6,46.6,0.0,9.62,27.03,2.62,0.0,2020-11-28 10:30:00+00:00,106.2,30.348750000000003,10.381424355,10.06998162435
20201128:1130,0.0,0.0,0.0,-2.9,25.33,2.34,0.0,2020-11-28 11:30:00+00:00,0.0,25.33,0.0,0.0
20201128:1230,0.0,0.0,0.0,0.0,23.41,2.48,0.0,2020-11-28 12:30:00+00:00,0.0,23.41,0.0,0.0
20201128:1330,0.0,0.0,0.0,0.0,22.21,2.41,0.0,2020-11-28 13:30:00+00:00,0.0,22.21,0.0,0.0
20201128:1430,0.0,0.0,0.0,0.0,21.3,2.34,0.0,2020-11-28 14:30:00+00:00,0.0,21.3,0.0,0.0
20201128:1530,0.0,0.0,0.0,0.0,20.51,2.34,0.0,2020-11-28 15:30:00+00:00,0.0,20.51,0.0,0.0
20201128:1630,0.0,0.0,0.0,0.0,19.79,2.34,0.0,2020-11-28 16:30:00+00:00,0.0,19.79,0.0,0.0
20201128:1730,0.0,0.0,0.0,0.0,19.16,2.41,0.0,2020-11-28 17:30:00+00:00,0.0,19.16,0.0,0.0
20201128:1830,0.0,0.0,0.0,0.0,18.62,2.41,0.0,2020-11-28 18:30:00+00:00,0.0,18.62,0.0,0.0
20201128:1930,0.0,0.0,0.0,0.0,18.27,2.28,0.0,2020-11-28 19:30:00+00:00,0.0,18.27,0.0,0.0
20201128:2030,0.0,0.0,0.0,0.0,17.7,2.28,0.0,2020-11-28 20:30:00+00:00,0.0,17.7,0.0,0.0
20201128:2130,0.0,0.0,0.0,0.0,17.13,2.28,0.0,2020-11-28 21:30:00+00:00,0.0,17.13,0.0,0.0
20201128:2230,0.0,0.0,0.0,0.0,16.68,2.34,0.0,2020-11-28 22:30:00+00:00,0.0,16.68,0.0,0.0
20201128:2330,0.0,0.0,0.0,0.0,16.32,2.41,0.0,2020-11-28 23:30:00+00:00,0.0,16.32,0.0,0.0
20201129:0030,0.0,0.0,0.0,-0.67,15.99,2.34,0.0,2020-11-29 00:30:00+00:00,0.0,15.99,0.0,0.0
20201129:0130,91.0,59.45,0.0,11.71,15.9,2.28,0.0,2020-11-29 01:30:00+00:00,150.45,20.6015625,15.3229328671875,14.863244881171875
20201129:0230,256.26,93.9,0.0,23.2,18.29,2.21,0.0,2020-11-29 02:30:00+00:00,350.15999999999997,29.232499999999998,34.393538076,33.361731933719994
20201129:0330,416.41,113.15,0.0,33.26,21.26,2.69,0.0,2020-11-29 03:30:00+00:00,529.5600000000001,37.80875,50.107139307,48.60392512779
20201129:0430,533.86,124.4,0.0,40.98,23.55,3.03,0.0,2020-11-29 04:30:00+00:00,658.26,44.120625000000004,60.53973610275,58.7235440196675
20201129:0530,592.71,129.2,0.0,45.14,25.27,3.17,0.0,2020-11-29 05:30:00+00:00,721.9100000000001,47.829687500000006,65.2689885246875,63.31091886894687
20201129:0630,580.76,129.0,0.0,44.73,26.45,3.03,0.0,2020-11-29 06:30:00+00:00,709.76,48.629999999999995,63.931915904,62.013958426879995
20201129:0730,510.16,122.1,0.0,39.86,27.01,2.76,0.0,2020-11-29 07:30:00+00:00,632.26,46.768125,57.44549182075001,55.722127066127506
20201129:0830,383.11,109.0,0.0,31.65,27.39,2.69,0.0,2020-11-29 08:30:00+00:00,492.11,42.768437500000005,45.5385091731875,44.172353897991876
20201129:0930,219.36,87.05,0.0,21.29,27.39,2.69,0.0,2020-11-29 09:30:00+00:00,306.41,36.9653125,29.1011576106875,28.228122882366876
20201129:1030,62.25,47.5,0.0,9.6,26.77,2.21,0.0,2020-11-29 10:30:00+00:00,109.75,30.1996875,10.735320404687501,10.413260792546875
20201129:1130,0.0,0.0,0.0,-2.89,25.08,2.07,0.0,2020-11-29 11:30:00+00:00,0.0,25.08,0.0,0.0
20201129:1230,0.0,0.0,0.0,0.0,23.02,2.41,0.0,2020-11-29 12:30:00+00:00,0.0,23.02,0.0,0.0
20201129:1330,0.0,0.0,0.0,0.0,21.5,2.41,0.0,2020-11-29 13:30:00+00:00,0.0,21.5,0.0,0.0
20201129:1430,0.0,0.0,0.0,0.0,20.35,2.34,0.0,2020-11-29 14:30:00+00:00,0.0,20.35,0.0,0.0
20201129:1530,0.0,0.0,0.0,0.0,19.41,2.34,0.0,2020-11-29 15:30:00+00:00,0.0,19.41,0.0,0.0
20201129:1630,0.0,0.0,0.0,0.0,18.53,2.34,0.0,2020-11-29 16:30:00+00:00,0.0,18.53,0.0,0.0
20201129:1730,0.0,0.0,0.0,0.0,17.82,2.41,0.0,2020-11-29 17:30:00+00:00,0.0,17.82,0.0,0.0
20201129:1830,0.0,0.0,0.0,0.0,17.25,2.41,0.0,2020-11-29 18:30:00+00:00,0.0,17.25,0.0,0.0
20201129:1930,0.0,0.0,0.0,0.0,16.87,2.14,0.0,2020-11-29 19:30:00+00:00,0.0,16.87,0.0,0.0
20201129:2030,0.0,0.0,0.0,0.0,16.24,2.21,0.0,2020-11-29 20:30:00+00:00,0.0,16.24,0.0,0.0
20201129:2130,0.0,0.0,0.0,0.0,15.72,2.21,0.0,2020-11-29 21:30:00+00:00,0.0,15.72,0.0,0.0
20201129:2230,0.0,0.0,0.0,0.0,15.31,2.28,0.0,2020-11-29 22:30:00+00:00,0.0,15.31,0.0,0.0
20201129:2330,0.0,0.0,0.0,0.0,14.94,2.21,0.0,2020-11-29 23:30:00+00:00,0.0,14.94,0.0,0.0
20201130:0030,0.0,0.0,0.0,-0.82,14.59,2.14,0.0,2020-11-30 00:30:00+00:00,0.0,14.59,0.0,0.0
20201130:0130,90.1,59.2,0.0,11.55,14.37,1.93,0.0,2020-11-30 01:30:00+00:00,149.3,19.035625,15.30400209875,14.844882035787501
20201130:0230,255.36,93.95,0.0,23.03,17.72,1.59,0.0,2020-11-30 02:30:00+00:00,349.31,28.635937499999997,34.3975708821875,33.36564375572188
20201130:0330,415.21,113.3,0.0,33.08,21.28,2.0,0.0,2020-11-30 03:30:00+00:00,528.51,37.7959375,50.01063201018751,48.51031304988188
20201130:0430,531.96,124.7,0.0,40.8,23.73,2.34,0.0,2020-11-30 04:30:00+00:00,656.6600000000001,44.250625,60.35673152675001,58.54602958094751
20201130:0530,589.51,129.85,0.0,44.96,25.4,2.55,0.0,2020-11-30 05:30:00+00:00,719.36,47.879999999999995,65.023238144,63.07254099968
20201130:0630,580.66,129.15,0.0,44.58,26.37,2.14,0.0,2020-11-30 06:30:00+00:00,709.81,48.5515625,63.95980347718749,62.04100937287187
20201130:0730,509.06,122.4,0.0,39.75,26.83,2.34,0.0,2020-11-30 07:30:00+00:00,631.46,46.563125,57.42717461675,55.7043593782475
20201130:0830,381.41,109.3,0.0,31.58,27.14,2.34,0.0,2020-11-30 08:30:00+00:00,490.71000000000004,42.4746875,45.4694983606875,44.10541340986688
20201130:0930,217.41,87.45,0.0,21.25,27.07,2.34,0.0,2020-11-30 09:30:00+00:00,304.86,36.596875,29.001122208750004,28.131088542487504
20201130:1030,61.6,47.55,0.0,9.59,26.56,2.0,0.0,2020-11-30 10:30:00+00:00,109.15,29.970937499999998,10.687117312187501,10.366503792821876
20201130:1130,0.0,0.0,0.0,-2.88,25.21,1.72,0.0,2020-11-30 11:30:00+00:00,0.0,25.21,0.0,0.0
20201130:1230,0.0,0.0,0.0,0.0,23.3,1.93,0.0,2020-11-30 12:30:00+00:00,0.0,23.3,0.0,0.0
20201130:1330,0.0,0.0,0.0,0.0,21.51,1.79,0.0,2020-11-30 13:30:00+00:00,0.0,21.51,0.0,0.0
20201130:1430,0.0,0.0,0.0,0.0,19.72,1.66,0.0,2020-11-30 14:30:00+00:00,0.0,19.72,0.0,0.0
20201130:1530,0.0,0.0,0.0,0.0,18.83,1.31,0.0,2020-11-30 15:30:00+00:00,0.0,18.83,0.0,0.0
20201130:1630,0.0,0.0,0.0,0.0,19.06,1.03,0.0,2020-11-30 16:30:00+00:00,0.0,19.06,0.0,0.0
20201130:1730,0.0,0.0,0.0,0.0,19.37,0.83,0.0,2020-11-30 17:30:00+00:00,0.0,19.37,0.0,0.0
20201130:1830,0.0,0.0,0.0,0.0,17.54,1.1,0.0,2020-11-30 18:30:00+00:00,0.0,17.54,0.0,0.0
20201130:1930,0.0,0.0,0.0,0.0,15.73,1.66,0.0,2020-11-30 19:30:00+00:00,0.0,15.73,0.0,0.0
20201130:2030,0.0,0.0,0.0,0.0,15.14,1.93,0.0,2020-11-30 20:30:00+00:00,0.0,15.14,0.0,0.0
20201130:2130,0.0,0.0,0.0,0.0,14.96,2.07,0.0,2020-11-30 21:30:00+00:00,0.0,14.96,0.0,0.0
20201130:2230,0.0,0.0,0.0,0.0,14.85,2.21,0.0,2020-11-30 22:30:00+00:00,0.0,14.85,0.0,0.0
20201130:2330,0.0,0.0,0.0,0.0,14.74,2.21,0.0,2020-11-30 23:30:00+00:00,0.0,14.74,0.0,0.0
20201201:0030,0.0,0.0,0.0,-0.96,14.55,2.21,0.0,2020-12-01 00:30:00+00:00,0.0,14.55,0.0,0.0
20201201:0130,87.5,58.6,0.0,11.39,14.39,2.0,0.0,2020-12-01 01:30:00+00:00,146.1,18.955625,14.980894938750001,14.5314680905875
20201201:0230,250.11,93.65,0.0,22.87,17.62,1.45,0.0,2020-12-01 02:30:00+00:00,343.76,28.3625,33.89052494,32.8738091918
20201201:0330,407.21,113.55,0.0,32.9,21.39,1.59,0.0,2020-12-01 03:30:00+00:00,520.76,37.66375,49.306194731000005,47.82700888907
20201201:0430,522.01,125.35,0.0,40.62,23.8,1.66,0.0,2020-12-01 04:30:00+00:00,647.36,44.03,59.56191046400001,57.775053150080005
20201201:0530,579.66,130.5,0.0,44.79,25.42,1.86,0.0,2020-12-01 05:30:00+00:00,710.16,47.6125,64.27143294,62.343289951799996
20201201:0630,570.26,130.0,0.0,44.44,26.28,1.59,0.0,2020-12-01 06:30:00+00:00,700.26,48.163125,63.21351183675,61.3171064816475
20201201:0730,500.06,122.95,0.0,39.66,26.84,1.31,0.0,2020-12-01 07:30:00+00:00,623.01,46.309062499999996,56.7251812081875,55.023425771941874
20201201:0830,374.11,109.7,0.0,31.52,27.18,1.31,0.0,2020-12-01 08:30:00+00:00,483.81,42.2990625,44.8658270401875,43.51985222898187
20201201:0930,212.51,87.5,0.0,21.22,27.18,1.59,0.0,2020-12-01 09:30:00+00:00,300.01,36.5553125,28.5449820926875,27.688632629906877
20201201:1030,59.75,47.35,0.0,9.59,26.77,1.66,0.0,2020-12-01 10:30:00+00:00,107.1,30.116875,10.47983272875,10.1654377468875
20201201:1130,0.0,0.0,0.0,-2.87,25.55,1.59,0.0,2020-12-01 11:30:00+00:00,0.0,25.55,0.0,0.0
20201201:1230,0.0,0.0,0.0,0.0,23.73,1.66,0.0,2020-12-01 12:30:00+00:00,0.0,23.73,0.0,0.0
20201201:1330,0.0,0.0,0.0,0.0,21.71,1.45,0.0,2020-12-01 13:30:00+00:00,0.0,21.71,0.0,0.0
20201201:1430,0.0,0.0,0.0,0.0,20.49,1.1,0.0,2020-12-01 14:30:00+00:00,0.0,20.49,0.0,0.0
20201201:1530,0.0,0.0,0.0,0.0,21.1,0.62,0.0,2020-12-01 15:30:00+00:00,0.0,21.1,0.0,0.0
20201201:1630,0.0,0.0,0.0,0.0,20.53,0.21,0.0,2020-12-01 16:30:00+00:00,0.0,20.53,0.0,0.0
20201201:1730,0.0,0.0,0.0,0.0,19.95,0.48,0.0,2020-12-01 17:30:00+00:00,0.0,19.95,0.0,0.0
20201201:1830,0.0,0.0,0.0,0.0,18.37,1.03,0.0,2020-12-01 18:30:00+00:00,0.0,18.37,0.0,0.0
20201201:1930,0.0,0.0,0.0,0.0,16.14,1.79,0.0,2020-12-01 19:30:00+00:00,0.0,16.14,0.0,0.0
20201201:2030,0.0,0.0,0.0,0.0,15.85,1.93,0.0,2020-12-01 20:30:00+00:00,0.0,15.85,0.0,0.0
20201201:2130,0.0,0.0,0.0,0.0,15.59,1.93,0.0,2020-12-01 21:30:00+00:00,0.0,15.59,0.0,0.0
20201201:2230,0.0,0.0,0.0,0.0,15.33,1.93,0.0,2020-12-01 22:30:00+00:00,0.0,15.33,0.0,0.0
20201201:2330,0.0,0.0,0.0,0.0,15.1,2.0,0.0,2020-12-01 23:30:00+00:00,0.0,15.1,0.0,0.0
20201202:0030,0.0,0.0,0.0,-1.11,14.91,1.93,0.0,2020-12-02 00:30:00+00:00,0.0,14.91,0.0,0.0
20201202:0130,82.2,57.75,0.0,11.24,14.82,1.79,0.0,2020-12-02 01:30:00+00:00,139.95,19.1934375,14.3363039371875,13.906214819071876
20201202:0230,240.81,93.4,0.0,22.7,18.22,1.17,0.0,2020-12-02 02:30:00+00:00,334.21000000000004,28.6640625,32.906682142187506,31.91948167792188
20201202:0330,396.21,113.7,0.0,32.73,21.84,1.24,0.0,2020-12-02 03:30:00+00:00,509.90999999999997,37.7746875,48.2551448206875,46.807490476066874
20201202:0430,511.51,125.4,0.0,40.44,24.29,1.45,0.0,2020-12-02 04:30:00+00:00,636.91,44.1934375,58.556713243187495,56.800011845891866
20201202:0530,569.36,130.55,0.0,44.63,25.94,1.66,0.0,2020-12-02 05:30:00+00:00,699.9100000000001,47.81218750000001,63.28507917568749,61.38652680041687
20201202:0630,551.16,134.8,0.0,44.3,26.75,1.66,0.0,2020-12-02 06:30:00+00:00,685.96,48.18625,61.915967179000006,60.05848816363
20201202:0730,476.51,126.25,0.0,39.56,27.21,1.52,0.0,2020-12-02 07:30:00+00:00,602.76,46.04625,54.947948186999994,53.29950974138999
20201202:0830,366.81,110.1,0.0,31.47,27.44,1.59,0.0,2020-12-02 08:30:00+00:00,476.90999999999997,42.3434375,44.217071313187496,42.89055917379187
20201202:0930,208.61,87.35,0.0,21.2,27.36,1.45,0.0,2020-12-02 09:30:00+00:00,295.96000000000004,36.60875,28.152995227000005,27.308405370190005
20201202:1030,58.6,47.05,0.0,9.59,26.96,1.24,0.0,2020-12-02 10:30:00+00:00,105.65,30.2615625,10.331528687187502,10.021582826571876
20201202:1130,0.0,0.0,0.0,-2.85,25.99,0.83,0.0,2020-12-02 11:30:00+00:00,0.0,25.99,0.0,0.0
20201202:1230,0.0,0.0,0.0,0.0,24.04,0.69,0.0,2020-12-02 12:30:00+00:00,0.0,24.04,0.0,0.0
20201202:1330,0.0,0.0,0.0,0.0,23.31,0.69,0.0,2020-12-02 13:30:00+00:00,0.0,23.31,0.0,0.0
20201202:1430,0.0,0.0,0.0,0.0,22.47,0.76,0.0,2020-12-02 14:30:00+00:00,0.0,22.47,0.0,0.0
20201202:1530,0.0,0.0,0.0,0.0,21.62,0.76,0.0,2020-12-02 15:30:00+00:00,0.0,21.62,0.0,0.0
20201202:1630,0.0,0.0,0.0,0.0,20.91,0.62,0.0,2020-12-02 16:30:00+00:00,0.0,20.91,0.0,0.0
20201202:1730,0.0,0.0,0.0,0.0,20.29,0.55,0.0,2020-12-02 17:30:00+00:00,0.0,20.29,0.0,0.0
20201202:1830,0.0,0.0,0.0,0.0,19.74,0.55,0.0,2020-12-02 18:30:00+00:00,0.0,19.74,0.0,0.0
20201202:1930,0.0,0.0,0.0,0.0,19.21,0.62,0.0,2020-12-02 19:30:00+00:00,0.0,19.21,0.0,0.0
20201202:2030,0.0,0.0,0.0,0.0,18.59,0.62,0.0,2020-12-02 20:30:00+00:00,0.0,18.59,0.0,0.0
20201202:2130,0.0,0.0,0.0,0.0,18.02,0.76,0.0,2020-12-02 21:30:00+00:00,0.0,18.02,0.0,0.0
20201202:2230,0.0,0.0,0.0,0.0,17.33,0.9,0.0,2020-12-02 22:30:00+00:00,0.0,17.33,0.0,0.0
20201202:2330,0.0,0.0,0.0,0.0,15.93,1.17,0.0,2020-12-02 23:30:00+00:00,0.0,15.93,0.0,0.0
20201203:0030,0.0,0.0,0.0,-1.25,14.94,1.45,0.0,2020-12-03 00:30:00+00:00,0.0,14.94,0.0,0.0
20201203:0130,78.1,57.6,0.0,11.09,14.58,1.59,0.0,2020-12-03 01:30:00+00:00,135.7,18.820625,13.92218729875,13.5045216797875
20201203:0230,232.61,94.75,0.0,22.54,18.16,0.9,0.0,2020-12-03 02:30:00+00:00,327.36,28.39,32.269904832,31.30180768704
20201203:0330,389.96,113.55,0.0,32.56,22.17,0.97,0.0,2020-12-03 03:30:00+00:00,503.51,37.9046875,47.621991534687496,46.19333178864687
20201203:0430,505.61,124.9,0.0,40.27,24.59,0.9,0.0,2020-12-03 04:30:00+00:00,630.51,44.293437499999996,57.9418237831875,56.20356906969187
20201203:0530,563.26,130.3,0.0,44.47,26.17,0.76,0.0,2020-12-03 05:30:00+00:00,693.56,47.84375,62.701725274999994,60.82067351674999
20201203:0630,522.81,145.55,0.0,44.18,26.99,0.41,0.0,2020-12-03 06:30:00+00:00,668.3599999999999,47.87625,60.414380411,58.601948998670004
20201203:0730,477.66,127.35,0.0,39.48,27.26,0.62,0.0,2020-12-03 07:30:00+00:00,605.01,46.1665625,55.12248756918749,53.46881294211187
20201203:0830,348.16,116.25,0.0,31.42,27.57,0.83,0.0,2020-12-03 08:30:00+00:00,464.41,42.0828125,43.10895983968751,41.81569104449688
20201203:0930,195.81,89.35,0.0,21.18,27.47,1.03,0.0,2020-12-03 09:30:00+00:00,285.15999999999997,36.381249999999994,27.152899554999998,26.33831256835
20201203:1030,54.45,48.85,0.0,9.59,27.11,1.17,0.0,2020-12-03 10:30:00+00:00,103.30000000000001,30.338124999999998,10.09840010875,9.7954481054875
20201203:1130,0.0,0.0,0.0,-2.83,26.15,0.97,0.0,2020-12-03 11:30:00+00:00,0.0,26.15,0.0,0.0
20201203:1230,0.0,0.0,0.0,0.0,24.04,0.9,0.0,2020-12-03 12:30:00+00:00,0.0,24.04,0.0,0.0
20201203:1330,0.0,0.0,0.0,0.0,23.27,0.69,0.0,2020-12-03 13:30:00+00:00,0.0,23.27,0.0,0.0
20201203:1430,0.0,0.0,0.0,0.0,22.65,0.48,0.0,2020-12-03 14:30:00+00:00,0.0,22.65,0.0,0.0
20201203:1530,0.0,0.0,0.0,0.0,21.93,0.48,0.0,2020-12-03 15:30:00+00:00,0.0,21.93,0.0,0.0
20201203:1630,0.0,0.0,0.0,0.0,21.21,0.55,0.0,2020-12-03 16:30:00+00:00,0.0,21.21,0.0,0.0
20201203:1730,0.0,0.0,0.0,0.0,20.52,0.69,0.0,2020-12-03 17:30:00+00:00,0.0,20.52,0.0,0.0
20201203:1830,0.0,0.0,0.0,0.0,18.93,1.03,0.0,2020-12-03 18:30:00+00:00,0.0,18.93,0.0,0.0
20201203:1930,0.0,0.0,0.0,0.0,19.06,0.83,0.0,2020-12-03 19:30:00+00:00,0.0,19.06,0.0,0.0
20201203:2030,0.0,0.0,0.0,0.0,18.44,0.83,0.0,2020-12-03 20:30:00+00:00,0.0,18.44,0.0,0.0
20201203:2130,0.0,0.0,0.0,0.0,18.14,0.62,0.0,2020-12-03 21:30:00+00:00,0.0,18.14,0.0,0.0
20201203:2230,0.0,0.0,0.0,0.0,17.65,0.69,0.0,2020-12-03 22:30:00+00:00,0.0,17.65,0.0,0.0
20201203:2330,0.0,0.0,0.0,0.0,17.24,0.76,0.0,2020-12-03 23:30:00+00:00,0.0,17.24,0.0,0.0
20201204:0030,0.0,0.0,0.0,-1.39,17.14,0.76,0.0,2020-12-04 00:30:00+00:00,0.0,17.14,0.0,0.0
20201204:0130,58.0,64.1,0.0,10.94,16.52,0.76,0.0,2020-12-04 01:30:00+00:00,122.1,20.335625,12.44919847875,12.0757225243875
20201204:0230,203.11,104.4,0.0,22.38,17.77,0.34,0.0,2020-12-04 02:30:00+00:00,307.51,27.3796875,30.443653364687503,29.530343763746878
20201204:0330,379.51,117.55,0.0,32.4,21.89,0.28,0.0,2020-12-04 03:30:00+00:00,497.06,37.423125,47.11248382475,45.6991093100075
20201204:0430,505.61,124.7,0.0,40.1,24.37,0.28,0.0,2020-12-04 04:30:00+00:00,630.3100000000001,44.0671875,57.98333963968751,56.24383945049688
20201204:0530,565.81,129.35,0.0,44.32,26.0,0.21,0.0,2020-12-04 05:30:00+00:00,695.16,47.723749999999995,62.88141033900001,60.99496802883001
20201204:0630,536.76,135.25,0.0,44.06,26.89,0.48,0.0,2020-12-04 06:30:00+00:00,672.01,47.8903125,60.740342060687496,58.91813179886687
20201204:0730,438.01,146.1,0.0,39.4,27.15,0.83,0.0,2020-12-04 07:30:00+00:00,584.11,45.403437499999995,53.4055022111875,51.803337144851874
20201204:0830,288.01,127.65,0.0,31.38,27.46,1.17,0.0,2020-12-04 08:30:00+00:00,415.65999999999997,40.449375,38.86889137075,37.7028246296275
20201204:0930,198.91,89.8,0.0,21.17,27.32,1.31,0.0,2020-12-04 09:30:00+00:00,288.71,36.3421875,27.495666759687495,26.67079675689687
20201204:1030,51.5,47.95,0.0,9.6,27.05,1.31,0.0,2020-12-04 10:30:00+00:00,99.45,30.157812500000002,9.7295633296875,9.437676429796873
20201204:1130,0.0,0.0,0.0,-2.8,26.13,0.97,0.0,2020-12-04 11:30:00+00:00,0.0,26.13,0.0,0.0
20201204:1230,0.0,0.0,0.0,0.0,24.22,1.03,0.0,2020-12-04 12:30:00+00:00,0.0,24.22,0.0,0.0
20201204:1330,0.0,0.0,0.0,0.0,22.23,1.1,0.0,2020-12-04 13:30:00+00:00,0.0,22.23,0.0,0.0
20201204:1430,0.0,0.0,0.0,0.0,20.91,1.24,0.0,2020-12-04 14:30:00+00:00,0.0,20.91,0.0,0.0
20201204:1530,0.0,0.0,0.0,0.0,20.16,1.31,0.0,2020-12-04 15:30:00+00:00,0.0,20.16,0.0,0.0
20201204:1630,0.0,0.0,0.0,0.0,19.86,1.1,0.0,2020-12-04 16:30:00+00:00,0.0,19.86,0.0,0.0
20201204:1730,0.0,0.0,0.0,0.0,20.63,0.69,0.0,2020-12-04 17:30:00+00:00,0.0,20.63,0.0,0.0
20201204:1830,0.0,0.0,0.0,0.0,20.2,0.34,0.0,2020-12-04 18:30:00+00:00,0.0,20.2,0.0,0.0
20201204:1930,0.0,0.0,0.0,0.0,19.71,0.83,0.0,2020-12-04 19:30:00+00:00,0.0,19.71,0.0,0.0
20201204:2030,0.0,0.0,0.0,0.0,18.79,0.9,0.0,2020-12-04 20:30:00+00:00,0.0,18.79,0.0,0.0
20201204:2130,0.0,0.0,0.0,0.0,17.99,0.97,0.0,2020-12-04 21:30:00+00:00,0.0,17.99,0.0,0.0
20201204:2230,0.0,0.0,0.0,0.0,17.76,0.9,0.0,2020-12-04 22:30:00+00:00,0.0,17.76,0.0,0.0
20201204:2330,0.0,0.0,0.0,0.0,17.05,0.97,0.0,2020-12-04 23:30:00+00:00,0.0,17.05,0.0,0.0
20201205:0030,0.0,0.0,0.0,-1.53,16.35,1.03,0.0,2020-12-05 00:30:00+00:00,0.0,16.35,0.0,0.0
20201205:0130,71.05,58.2,0.0,10.79,16.24,0.97,0.0,2020-12-05 01:30:00+00:00,129.25,20.2790625,13.181276092187503,12.785837809421878
20201205:0230,218.31,97.1,0.0,22.23,18.51,0.34,0.0,2020-12-05 02:30:00+00:00,315.40999999999997,28.3665625,31.095024059187494,30.16217333741187
20201205:0330,382.76,114.1,0.0,32.24,22.35,0.28,0.0,2020-12-05 03:30:00+00:00,496.86,37.876875,46.99883827275,45.5888731245675
20201205:0430,498.31,124.45,0.0,39.95,24.73,0.34,0.0,2020-12-05 04:30:00+00:00,622.76,44.19125,57.256352002999996,55.53866144291
20201205:0530,560.96,127.25,0.0,44.17,26.23,0.62,0.0,2020-12-05 05:30:00+00:00,688.21,47.736562500000005,62.2490375351875,60.38156640913187
20201205:0630,471.81,154.7,0.0,43.95,27.12,0.97,0.0,2020-12-05 06:30:00+00:00,626.51,46.6984375,56.9413990071875,55.233157036971875
20201205:0730,429.96,147.0,0.0,39.32,27.59,1.72,0.0,2020-12-05 07:30:00+00:00,576.96,45.620000000000005,52.699295616,51.11831674752
20201205:0830,248.16,149.8,0.0,31.34,27.8,2.07,0.0,2020-12-05 08:30:00+00:00,397.96000000000004,40.23625,37.24936441900001,36.131883486430006
20201205:0930,166.6,102.2,0.0,21.16,27.61,2.0,0.0,2020-12-05 09:30:00+00:00,268.8,36.01,25.63701504,24.867904588800002
20201205:1030,54.95,48.0,0.0,9.62,27.22,1.59,0.0,2020-12-05 10:30:00+00:00,102.95,30.4371875,10.0599014496875,9.758104406196875
20201205:1130,0.0,0.0,0.0,-2.77,26.19,1.24,0.0,2020-12-05 11:30:00+00:00,0.0,26.19,0.0,0.0
20201205:1230,0.0,0.0,0.0,0.0,24.34,1.45,0.0,2020-12-05 12:30:00+00:00,0.0,24.34,0.0,0.0
20201205:1330,0.0,0.0,0.0,0.0,22.55,1.79,0.0,2020-12-05 13:30:00+00:00,0.0,22.55,0.0,0.0
20201205:1430,0.0,0.0,0.0,0.0,21.23,2.0,0.0,2020-12-05 14:30:00+00:00,0.0,21.23,0.0,0.0
20201205:1530,0.0,0.0,0.0,0.0,20.15,2.0,0.0,2020-12-05 15:30:00+00:00,0.0,20.15,0.0,0.0
20201205:1630,0.0,0.0,0.0,0.0,19.13,1.72,0.0,2020-12-05 16:30:00+00:00,0.0,19.13,0.0,0.0
20201205:1730,0.0,0.0,0.0,0.0,18.31,1.38,0.0,2020-12-05 17:30:00+00:00,0.0,18.31,0.0,0.0
20201205:1830,0.0,0.0,0.0,0.0,18.21,1.03,0.0,2020-12-05 18:30:00+00:00,0.0,18.21,0.0,0.0
20201205:1930,0.0,0.0,0.0,0.0,17.22,1.45,0.0,2020-12-05 19:30:00+00:00,0.0,17.22,0.0,0.0
20201205:2030,0.0,0.0,0.0,0.0,17.43,1.17,0.0,2020-12-05 20:30:00+00:00,0.0,17.43,0.0,0.0
20201205:2130,0.0,0.0,0.0,0.0,18.55,0.69,0.0,2020-12-05 21:30:00+00:00,0.0,18.55,0.0,0.0
20201205:2230,0.0,0.0,0.0,0.0,18.15,0.69,0.0,2020-12-05 22:30:00+00:00,0.0,18.15,0.0,0.0
20201205:2330,0.0,0.0,0.0,0.0,15.9,1.38,0.0,2020-12-05 23:30:00+00:00,0.0,15.9,0.0,0.0
20201206:0030,0.0,0.0,0.0,-1.66,15.19,1.66,0.0,2020-12-06 00:30:00+00:00,0.0,15.19,0.0,0.0
20201206:0130,72.95,55.65,0.0,10.65,15.07,1.59,0.0,2020-12-06 01:30:00+00:00,128.6,19.08875,13.179278434999999,12.783900081949998
20201206:0230,226.56,93.15,0.0,22.08,18.51,0.83,0.0,2020-12-06 02:30:00+00:00,319.71000000000004,28.500937500000003,31.500900414187505,30.55587340176188
20201206:0330,379.66,115.55,0.0,32.08,22.59,0.76,0.0,2020-12-06 03:30:00+00:00,495.21000000000004,38.065312500000005,46.8035691706875,45.399462095566875
20201206:0430,502.01,123.7,0.0,39.79,25.02,0.69,0.0,2020-12-06 04:30:00+00:00,625.71,44.5734375,57.4271358571875,55.704321781471876
20201206:0530,561.71,128.95,0.0,44.04,26.45,0.41,0.0,2020-12-06 05:30:00+00:00,690.6600000000001,48.033125,62.38461559275,60.5130771249675
20201206:0630,550.26,131.45,0.0,43.84,27.19,0.62,0.0,2020-12-06 06:30:00+00:00,681.71,48.4934375,61.44440126318751,59.60106922529188
20201206:0730,462.71,135.0,0.0,39.26,27.53,1.03,0.0,2020-12-06 07:30:00+00:00,597.71,46.2084375,54.4468720251875,52.813465864431876
20201206:0830,352.41,111.1,0.0,31.31,27.78,1.38,0.0,2020-12-06 08:30:00+00:00,463.51,42.2646875,42.9900107726875,41.70031044950687
20201206:0930,197.06,89.85,0.0,21.16,27.73,1.45,0.0,2020-12-06 09:30:00+00:00,286.90999999999997,36.6959375,27.281613800187497,26.46316538618187
20201206:1030,58.75,47.25,0.0,9.64,27.33,1.24,0.0,2020-12-06 10:30:00+00:00,106.0,30.6425,10.3487959,10.038332023
20201206:1130,0.0,0.0,0.0,-2.73,26.39,0.83,0.0,2020-12-06 11:30:00+00:00,0.0,26.39,0.0,0.0
20201206:1230,0.0,0.0,0.0,0.0,24.38,0.83,0.0,2020-12-06 12:30:00+00:00,0.0,24.38,0.0,0.0
20201206:1330,0.0,0.0,0.0,0.0,23.47,0.69,0.0,2020-12-06 13:30:00+00:00,0.0,23.47,0.0,0.0
20201206:1430,0.0,0.0,0.0,0.0,22.8,0.55,0.0,2020-12-06 14:30:00+00:00,0.0,22.8,0.0,0.0
20201206:1530,0.0,0.0,0.0,0.0,22.0,0.55,0.0,2020-12-06 15:30:00+00:00,0.0,22.0,0.0,0.0
20201206:1630,0.0,0.0,0.0,0.0,21.3,0.41,0.0,2020-12-06 16:30:00+00:00,0.0,21.3,0.0,0.0
20201206:1730,0.0,0.0,0.0,0.0,20.61,0.41,0.0,2020-12-06 17:30:00+00:00,0.0,20.61,0.0,0.0
20201206:1830,0.0,0.0,0.0,0.0,19.98,0.14,0.0,2020-12-06 18:30:00+00:00,0.0,19.98,0.0,0.0
20201206:1930,0.0,0.0,0.0,0.0,19.53,0.14,0.0,2020-12-06 19:30:00+00:00,0.0,19.53,0.0,0.0
20201206:2030,0.0,0.0,0.0,0.0,19.01,0.28,0.0,2020-12-06 20:30:00+00:00,0.0,19.01,0.0,0.0
20201206:2130,0.0,0.0,0.0,0.0,18.42,0.48,0.0,2020-12-06 21:30:00+00:00,0.0,18.42,0.0,0.0
20201206:2230,0.0,0.0,0.0,0.0,17.89,0.62,0.0,2020-12-06 22:30:00+00:00,0.0,17.89,0.0,0.0
20201206:2330,0.0,0.0,0.0,0.0,17.51,0.62,0.0,2020-12-06 23:30:00+00:00,0.0,17.51,0.0,0.0
20201207:0030,0.0,0.0,0.0,-1.8,17.24,0.48,0.0,2020-12-07 00:30:00+00:00,0.0,17.24,0.0,0.0
20201207:0130,68.3,56.05,0.0,10.51,17.03,0.48,0.0,2020-12-07 01:30:00+00:00,124.35,20.915937500000002,12.6482983321875,12.268849382221873
20201207:0230,221.76,93.6,0.0,21.93,18.17,0.21,0.0,2020-12-07 02:30:00+00:00,315.36,28.025000000000002,31.135335120000004,30.201275066400004
20201207:0330,378.91,112.7,0.0,31.93,22.3,0.28,0.0,2020-12-07 03:30:00+00:00,491.61,37.6628125,46.5464305936875,45.150037675876874
20201207:0430,500.26,122.5,0.0,39.64,24.83,0.48,0.0,2020-12-07 04:30:00+00:00,622.76,44.29125,57.230196082999996,55.51329020050999
20201207:0530,559.41,128.0,0.0,43.9,26.35,0.55,0.0,2020-12-07 05:30:00+00:00,687.41,47.831562500000004,62.1492493611875,60.284771880351876
20201207:0630,552.71,128.1,0.0,43.74,27.31,0.83,0.0,2020-12-07 06:30:00+00:00,680.8100000000001,48.5853125,61.337011026687506,59.49690069588688
20201207:0730,485.76,121.4,0.0,39.2,27.75,1.1,0.0,2020-12-07 07:30:00+00:00,607.16,46.723749999999995,55.176287339,53.52099871882999
20201207:0830,365.31,109.05,0.0,31.29,28.06,1.31,0.0,2020-12-07 08:30:00+00:00,474.36,42.88375,43.872999027,42.55680905619
20201207:0930,204.31,88.7,0.0,21.16,28.03,1.45,0.0,2020-12-07 09:30:00+00:00,293.01,37.1865625,27.801270435187497,26.96723232213187
20201207:1030,59.7,47.25,0.0,9.66,27.61,1.38,0.0,2020-12-07 10:30:00+00:00,106.95,30.9521875,10.4276336896875,10.114804678996874
20201207:1130,0.0,0.0,0.0,-2.69,26.54,1.38,0.0,2020-12-07 11:30:00+00:00,0.0,26.54,0.0,0.0
20201207:1230,0.0,0.0,0.0,0.0,24.77,1.79,0.0,2020-12-07 12:30:00+00:00,0.0,24.77,0.0,0.0
20201207:1330,0.0,0.0,0.0,0.0,23.13,2.07,0.0,2020-12-07 13:30:00+00:00,0.0,23.13,0.0,0.0
20201207:1430,0.0,0.0,0.0,0.0,21.9,2.0,0.0,2020-12-07 14:30:00+00:00,0.0,21.9,0.0,0.0
20201207:1530,0.0,0.0,0.0,0.0,20.97,2.0,0.0,2020-12-07 15:30:00+00:00,0.0,20.97,0.0,0.0
20201207:1630,0.0,0.0,0.0,0.0,20.11,1.93,0.0,2020-12-07 16:30:00+00:00,0.0,20.11,0.0,0.0
20201207:1730,0.0,0.0,0.0,0.0,19.38,1.93,0.0,2020-12-07 17:30:00+00:00,0.0,19.38,0.0,0.0
20201207:1830,0.0,0.0,0.0,0.0,18.72,2.0,0.0,2020-12-07 18:30:00+00:00,0.0,18.72,0.0,0.0
20201207:1930,0.0,0.0,0.0,0.0,18.17,1.93,0.0,2020-12-07 19:30:00+00:00,0.0,18.17,0.0,0.0
20201207:2030,0.0,0.0,0.0,0.0,17.7,1.93,0.0,2020-12-07 20:30:00+00:00,0.0,17.7,0.0,0.0
20201207:2130,0.0,0.0,0.0,0.0,17.3,1.86,0.0,2020-12-07 21:30:00+00:00,0.0,17.3,0.0,0.0
20201207:2230,0.0,0.0,0.0,0.0,16.93,1.79,0.0,2020-12-07 22:30:00+00:00,0.0,16.93,0.0,0.0
20201207:2330,0.0,0.0,0.0,0.0,16.58,1.79,0.0,2020-12-07 23:30:00+00:00,0.0,16.58,0.0,0.0
20201208:0030,0.0,0.0,0.0,-1.93,16.23,1.66,0.0,2020-12-08 00:30:00+00:00,0.0,16.23,0.0,0.0
20201208:0130,69.65,54.1,0.0,10.37,15.98,1.59,0.0,2020-12-08 01:30:00+00:00,123.75,19.8471875,12.642817429687499,12.263532906796874
20201208:0230,218.61,92.65,0.0,21.78,18.81,0.97,0.0,2020-12-08 02:30:00+00:00,311.26,28.536875,30.663627160749996,29.743718345927494
20201208:0330,374.11,110.55,0.0,31.78,22.21,1.03,0.0,2020-12-08 03:30:00+00:00,484.66,37.355625,45.95092357075,44.5723958636275
20201208:0430,491.21,124.1,0.0,39.5,24.57,1.03,0.0,2020-12-08 04:30:00+00:00,615.31,43.7984375,56.6729160371875,54.97272855607187
20201208:0530,550.16,129.8,0.0,43.78,25.97,1.1,0.0,2020-12-08 05:30:00+00:00,679.96,47.21875,61.650698274999996,59.80117732674999
20201208:0630,360.56,152.6,0.0,43.65,26.82,1.31,0.0,2020-12-08 06:30:00+00:00,513.16,42.85625,47.467492435,46.04346766195
20201208:0730,276.66,169.95,0.0,39.15,26.5,1.66,0.0,2020-12-08 07:30:00+00:00,446.61,40.456562500000004,41.7617167411875,40.50886523895187
20201208:0830,172.75,149.95,0.0,31.27,26.78,2.0,0.0,2020-12-08 08:30:00+00:00,322.7,36.864375,30.661973798749997,29.742114584787497
20201208:0930,112.95,95.95,0.0,21.17,26.69,2.0,0.0,2020-12-08 09:30:00+00:00,208.9,33.218125,20.16895814875,19.5638894042875
20201208:1030,46.5,48.95,0.0,9.69,26.3,1.93,0.0,2020-12-08 10:30:00+00:00,95.45,29.282812500000002,9.3733063296875,9.092107139796875
20201208:1130,0.0,0.0,0.0,-2.65,25.37,1.66,0.0,2020-12-08 11:30:00+00:00,0.0,25.37,0.0,0.0
20201208:1230,0.0,0.0,0.0,0.0,23.83,2.0,0.0,2020-12-08 12:30:00+00:00,0.0,23.83,0.0,0.0
20201208:1330,0.0,0.0,0.0,0.0,22.66,2.0,0.0,2020-12-08 13:30:00+00:00,0.0,22.66,0.0,0.0
20201208:1430,0.0,0.0,0.0,0.0,21.74,2.0,0.0,2020-12-08 14:30:00+00:00,0.0,21.74,0.0,0.0
20201208:1530,0.0,0.0,0.0,0.0,20.96,2.0,0.0,2020-12-08 15:30:00+00:00,0.0,20.96,0.0,0.0
20201208:1630,0.0,0.0,0.0,0.0,20.49,1.93,0.0,2020-12-08 16:30:00+00:00,0.0,20.49,0.0,0.0
20201208:1730,0.0,0.0,0.0,0.0,19.84,2.07,0.0,2020-12-08 17:30:00+00:00,0.0,19.84,0.0,0.0
20201208:1830,0.0,0.0,0.0,0.0,19.26,2.07,0.0,2020-12-08 18:30:00+00:00,0.0,19.26,0.0,0.0
20201208:1930,0.0,0.0,0.0,0.0,18.76,1.79,0.0,2020-12-08 19:30:00+00:00,0.0,18.76,0.0,0.0
20201208:2030,0.0,0.0,0.0,0.0,18.08,1.79,0.0,2020-12-08 20:30:00+00:00,0.0,18.08,0.0,0.0
20201208:2130,0.0,0.0,0.0,0.0,17.43,1.79,0.0,2020-12-08 21:30:00+00:00,0.0,17.43,0.0,0.0
20201208:2230,0.0,0.0,0.0,0.0,16.86,1.66,0.0,2020-12-08 22:30:00+00:00,0.0,16.86,0.0,0.0
20201208:2330,0.0,0.0,0.0,0.0,16.32,1.59,0.0,2020-12-08 23:30:00+00:00,0.0,16.32,0.0,0.0
20201209:0030,0.0,0.0,0.0,-2.07,15.77,1.45,0.0,2020-12-09 00:30:00+00:00,0.0,15.77,0.0,0.0
20201209:0130,69.3,53.65,0.0,10.23,15.62,1.31,0.0,2020-12-09 01:30:00+00:00,122.94999999999999,19.4621875,12.580967099687497,12.203538086696872
20201209:0230,220.06,91.6,0.0,21.64,18.33,0.69,0.0,2020-12-09 02:30:00+00:00,311.65999999999997,28.069374999999997,30.76422740675,29.841300584547497
20201209:0330,377.71,111.85,0.0,31.64,21.65,0.9,0.0,2020-12-09 03:30:00+00:00,489.55999999999995,36.94875,46.499155378999994,45.104180717629994
20201209:0430,491.26,120.5,0.0,39.37,23.73,1.17,0.0,2020-12-09 04:30:00+00:00,611.76,42.8475,56.590277627999996,54.892569299159995
20201209:0530,559.11,127.95,0.0,43.66,25.06,1.66,0.0,2020-12-09 05:30:00+00:00,687.0600000000001,46.530625,62.49301089075,60.618220564027496
20201209:0630,361.51,190.8,0.0,43.57,25.96,2.28,0.0,2020-12-09 06:30:00+00:00,552.31,43.2196875,51.0045754466875,49.47443818328687
20201209:0730,242.5,200.6,0.0,39.1,25.7,2.62,0.0,2020-12-09 07:30:00+00:00,443.1,39.546875,41.60279746875,40.3547135446875
20201209:0830,169.05,154.95,0.0,31.26,25.65,2.55,0.0,2020-12-09 08:30:00+00:00,324.0,35.775,30.933737999999998,30.00572586
20201209:0930,95.05,107.25,0.0,21.19,25.46,2.62,0.0,2020-12-09 09:30:00+00:00,202.3,31.781875,19.65377120875,19.0641580724875
20201209:1030,30.55,53.35,0.0,9.73,25.02,2.55,0.0,2020-12-09 10:30:00+00:00,83.9,27.641875,8.29690560875,8.0479984404875
20201209:1130,0.0,0.0,0.0,-2.6,23.94,1.93,0.0,2020-12-09 11:30:00+00:00,0.0,23.94,0.0,0.0
20201209:1230,0.0,0.0,0.0,0.0,22.6,1.93,0.0,2020-12-09 12:30:00+00:00,0.0,22.6,0.0,0.0
20201209:1330,0.0,0.0,0.0,0.0,21.72,1.86,0.0,2020-12-09 13:30:00+00:00,0.0,21.72,0.0,0.0
20201209:1430,0.0,0.0,0.0,0.0,20.95,1.79,0.0,2020-12-09 14:30:00+00:00,0.0,20.95,0.0,0.0
20201209:1530,0.0,0.0,0.0,0.0,20.44,1.59,0.0,2020-12-09 15:30:00+00:00,0.0,20.44,0.0,0.0
20201209:1630,0.0,0.0,0.0,0.0,19.41,1.52,0.0,2020-12-09 16:30:00+00:00,0.0,19.41,0.0,0.0
20201209:1730,0.0,0.0,0.0,0.0,18.57,1.45,0.0,2020-12-09 17:30:00+00:00,0.0,18.57,0.0,0.0
20201209:1830,0.0,0.0,0.0,0.0,17.95,1.45,0.0,2020-12-09 18:30:00+00:00,0.0,17.95,0.0,0.0
20201209:1930,0.0,0.0,0.0,0.0,18.17,1.1,0.0,2020-12-09 19:30:00+00:00,0.0,18.17,0.0,0.0
20201209:2030,0.0,0.0,0.0,0.0,17.13,1.38,0.0,2020-12-09 20:30:00+00:00,0.0,17.13,0.0,0.0
20201209:2130,0.0,0.0,0.0,0.0,16.65,1.66,0.0,2020-12-09 21:30:00+00:00,0.0,16.65,0.0,0.0
20201209:2230,0.0,0.0,0.0,0.0,16.09,1.72,0.0,2020-12-09 22:30:00+00:00,0.0,16.09,0.0,0.0
20201209:2330,0.0,0.0,0.0,0.0,15.7,1.66,0.0,2020-12-09 23:30:00+00:00,0.0,15.7,0.0,0.0
20201210:0030,0.0,0.0,0.0,-2.2,15.64,1.38,0.0,2020-12-10 00:30:00+00:00,0.0,15.64,0.0,0.0
20201210:0130,68.1,53.25,0.0,10.1,15.79,1.17,0.0,2020-12-10 01:30:00+00:00,121.35,19.5821875,12.411129649687501,12.038795760196876
20201210:0230,221.86,90.3,0.0,21.51,18.09,0.55,0.0,2020-12-10 02:30:00+00:00,312.16,27.845,30.843000016000005,29.917710015520004
20201210:0330,368.26,115.85,0.0,31.5,21.89,0.62,0.0,2020-12-10 03:30:00+00:00,484.11,37.018437500000005,45.967336773187505,44.588316669991876
20201210:0430,494.76,122.9,0.0,39.24,23.99,0.9,0.0,2020-12-10 04:30:00+00:00,617.66,43.291875,57.020773004750005,55.310149814607506
20201210:0530,528.11,131.3,0.0,43.55,25.15,1.24,0.0,2020-12-10 05:30:00+00:00,659.4100000000001,45.7565625,60.192424351187505,58.386651620651875
20201210:0630,335.66,187.45,0.0,43.49,25.86,1.72,0.0,2020-12-10 06:30:00+00:00,523.11,42.2071875,48.53047422168749,47.074559995036864
20201210:0730,176.95,209.15,0.0,39.06,26.04,2.55,0.0,2020-12-10 07:30:00+00:00,386.1,38.105625,36.48476563875,35.390222669587494
20201210:0830,126.5,190.5,0.0,31.25,26.03,2.55,0.0,2020-12-10 08:30:00+00:00,317.0,35.93625,30.243947674999998,29.336629244749997
20201210:0930,84.05,116.2,0.0,21.21,26.08,2.48,0.0,2020-12-10 09:30:00+00:00,200.25,32.3378125,19.407853279687505,18.82561768129688
20201210:1030,35.05,54.15,0.0,9.76,25.67,2.07,0.0,2020-12-10 10:30:00+00:00,89.19999999999999,28.457500000000003,8.79046822,8.526754173399999
20201210:1130,0.0,0.0,0.0,-2.55,24.68,1.59,0.0,2020-12-10 11:30:00+00:00,0.0,24.68,0.0,0.0
20201210:1230,0.0,0.0,0.0,0.0,23.33,1.86,0.0,2020-12-10 12:30:00+00:00,0.0,23.33,0.0,0.0
20201210:1330,0.0,0.0,0.0,0.0,22.12,1.72,0.0,2020-12-10 13:30:00+00:00,0.0,22.12,0.0,0.0
20201210:1430,0.0,0.0,0.0,0.0,21.07,1.52,0.0,2020-12-10 14:30:00+00:00,0.0,21.07,0.0,0.0
20201210:1530,0.0,0.0,0.0,0.0,19.93,0.97,0.0,2020-12-10 15:30:00+00:00,0.0,19.93,0.0,0.0
20201210:1630,0.0,0.0,0.0,0.0,20.23,0.41,0.0,2020-12-10 16:30:00+00:00,0.0,20.23,0.0,0.0
20201210:1730,0.0,0.0,0.0,0.0,19.73,0.0,0.0,2020-12-10 17:30:00+00:00,0.0,19.73,0.0,0.0
20201210:1830,0.0,0.0,0.0,0.0,19.26,0.07,0.0,2020-12-10 18:30:00+00:00,0.0,19.26,0.0,0.0
20201210:1930,0.0,0.0,0.0,0.0,16.45,1.24,0.0,2020-12-10 19:30:00+00:00,0.0,16.45,0.0,0.0
20201210:2030,0.0,0.0,0.0,0.0,15.94,1.52,0.0,2020-12-10 20:30:00+00:00,0.0,15.94,0.0,0.0
20201210:2130,0.0,0.0,0.0,0.0,15.55,1.59,0.0,2020-12-10 21:30:00+00:00,0.0,15.55,0.0,0.0
20201210:2230,0.0,0.0,0.0,0.0,15.23,1.59,0.0,2020-12-10 22:30:00+00:00,0.0,15.23,0.0,0.0
20201210:2330,0.0,0.0,0.0,0.0,15.01,1.45,0.0,2020-12-10 23:30:00+00:00,0.0,15.01,0.0,0.0
20201211:0030,0.0,0.0,0.0,-2.32,14.93,1.31,0.0,2020-12-11 00:30:00+00:00,0.0,14.93,0.0,0.0
20201211:0130,67.5,51.8,0.0,9.96,14.93,1.24,0.0,2020-12-11 01:30:00+00:00,119.3,18.658125,12.247765988749999,11.880333009087499
20201211:0230,218.46,89.6,0.0,21.37,17.65,0.55,0.0,2020-12-11 02:30:00+00:00,308.06,27.276874999999997,30.511406072750002,29.596063890567503
20201211:0330,372.01,111.1,0.0,31.37,21.41,0.62,0.0,2020-12-11 03:30:00+00:00,483.11,36.5071875,45.97612031168751,44.59683670233688
20201211:0430,488.21,123.4,0.0,39.11,23.61,0.83,0.0,2020-12-11 04:30:00+00:00,611.61,42.7228125,56.6084312716875,54.91017833353688
20201211:0530,550.11,128.5,0.0,43.45,24.91,1.1,0.0,2020-12-11 05:30:00+00:00,678.61,46.1165625,61.8424375991875,59.98716447121187
20201211:0630,388.16,174.7,0.0,43.42,25.74,1.59,0.0,2020-12-11 06:30:00+00:00,562.86,43.329375,51.95291375475,50.3943263421075
20201211:0730,183.75,238.45,0.0,39.03,25.3,2.07,0.0,2020-12-11 07:30:00+00:00,422.2,38.49375,39.827234275,38.63241724675
20201211:0830,194.25,173.3,0.0,31.25,25.41,2.34,0.0,2020-12-11 08:30:00+00:00,367.55,36.8959375,34.91861223218749,33.87105386522187
20201211:0930,135.95,118.25,0.0,21.23,25.38,2.41,0.0,2020-12-11 09:30:00+00:00,254.2,33.32375,24.531323155,23.79538346035
20201211:1030,42.8,51.0,0.0,9.81,24.93,2.41,0.0,2020-12-11 10:30:00+00:00,93.8,27.86125,9.267278195,8.989259849149999
20201211:1130,0.0,0.0,0.0,-2.49,23.74,1.93,0.0,2020-12-11 11:30:00+00:00,0.0,23.74,0.0,0.0
20201211:1230,0.0,0.0,0.0,0.0,22.16,2.21,0.0,2020-12-11 12:30:00+00:00,0.0,22.16,0.0,0.0
20201211:1330,0.0,0.0,0.0,0.0,21.26,2.21,0.0,2020-12-11 13:30:00+00:00,0.0,21.26,0.0,0.0
20201211:1430,0.0,0.0,0.0,0.0,20.53,2.14,0.0,2020-12-11 14:30:00+00:00,0.0,20.53,0.0,0.0
20201211:1530,0.0,0.0,0.0,0.0,19.85,2.07,0.0,2020-12-11 15:30:00+00:00,0.0,19.85,0.0,0.0
20201211:1630,0.0,0.0,0.0,0.0,19.17,2.0,0.0,2020-12-11 16:30:00+00:00,0.0,19.17,0.0,0.0
20201211:1730,0.0,0.0,0.0,0.0,18.58,1.86,0.0,2020-12-11 17:30:00+00:00,0.0,18.58,0.0,0.0
20201211:1830,0.0,0.0,0.0,0.0,17.85,1.72,0.0,2020-12-11 18:30:00+00:00,0.0,17.85,0.0,0.0
20201211:1930,0.0,0.0,0.0,0.0,16.88,1.24,0.0,2020-12-11 19:30:00+00:00,0.0,16.88,0.0,0.0
20201211:2030,0.0,0.0,0.0,0.0,16.52,1.17,0.0,2020-12-11 20:30:00+00:00,0.0,16.52,0.0,0.0
20201211:2130,0.0,0.0,0.0,0.0,16.11,1.17,0.0,2020-12-11 21:30:00+00:00,0.0,16.11,0.0,0.0
20201211:2230,0.0,0.0,0.0,0.0,15.67,1.17,0.0,2020-12-11 22:30:00+00:00,0.0,15.67,0.0,0.0
20201211:2330,0.0,0.0,0.0,0.0,15.07,1.31,0.0,2020-12-11 23:30:00+00:00,0.0,15.07,0.0,0.0
20201212:0030,0.0,0.0,0.0,-2.45,14.57,1.45,0.0,2020-12-12 00:30:00+00:00,0.0,14.57,0.0,0.0
20201212:0130,66.3,50.7,0.0,9.84,14.38,1.59,0.0,2020-12-12 01:30:00+00:00,117.0,18.036250000000003,12.042198675,11.68093271475
20201212:0230,216.16,88.75,0.0,21.24,17.42,0.9,0.0,2020-12-12 02:30:00+00:00,304.90999999999997,26.9484375,30.241478807187494,29.33423444297187
20201212:0330,369.76,110.1,0.0,31.24,21.07,1.1,0.0,2020-12-12 03:30:00+00:00,479.86,36.065625,45.755820658750004,44.383146038987505
20201212:0430,486.41,122.25,0.0,39.0,23.12,1.59,0.0,2020-12-12 04:30:00+00:00,608.6600000000001,42.140625,56.484218618750006,54.789692060187505
20201212:0530,548.81,127.0,0.0,43.36,24.39,2.07,0.0,2020-12-12 05:30:00+00:00,675.81,45.5090625,61.75970359818749,59.906912490241865
20201212:0630,465.26,166.3,0.0,43.36,25.23,2.07,0.0,2020-12-12 06:30:00+00:00,631.56,44.96625,57.85984836299999,56.12405291210999
20201212:0730,413.66,150.1,0.0,39.01,25.05,2.14,0.0,2020-12-12 07:30:00+00:00,563.76,42.667500000000004,52.192703484000006,50.62692237948001
20201212:0830,343.86,109.85,0.0,31.26,25.29,2.14,0.0,2020-12-12 08:30:00+00:00,453.71000000000004,39.4684375,42.61392059318751,41.33550297539188
20201212:0930,179.11,95.65,0.0,21.26,25.38,2.9,0.0,2020-12-12 09:30:00+00:00,274.76,33.96625,26.441301922999997,25.648062865309996
20201212:1030,56.5,48.6,0.0,9.86,24.94,3.17,0.0,2020-12-12 10:30:00+00:00,105.1,28.224375000000002,10.36766963875,10.0566395495875
20201212:1130,0.0,0.0,0.0,-2.43,23.76,2.55,0.0,2020-12-12 11:30:00+00:00,0.0,23.76,0.0,0.0
20201212:1230,0.0,0.0,0.0,0.0,22.14,2.28,0.0,2020-12-12 12:30:00+00:00,0.0,22.14,0.0,0.0
20201212:1330,0.0,0.0,0.0,0.0,21.04,2.07,0.0,2020-12-12 13:30:00+00:00,0.0,21.04,0.0,0.0
20201212:1430,0.0,0.0,0.0,0.0,20.26,1.66,0.0,2020-12-12 14:30:00+00:00,0.0,20.26,0.0,0.0
20201212:1530,0.0,0.0,0.0,0.0,19.25,1.17,0.0,2020-12-12 15:30:00+00:00,0.0,19.25,0.0,0.0
20201212:1630,0.0,0.0,0.0,0.0,18.26,1.17,0.0,2020-12-12 16:30:00+00:00,0.0,18.26,0.0,0.0
20201212:1730,0.0,0.0,0.0,0.0,17.69,1.17,0.0,2020-12-12 17:30:00+00:00,0.0,17.69,0.0,0.0
20201212:1830,0.0,0.0,0.0,0.0,17.76,0.9,0.0,2020-12-12 18:30:00+00:00,0.0,17.76,0.0,0.0
20201212:1930,0.0,0.0,0.0,0.0,17.82,0.69,0.0,2020-12-12 19:30:00+00:00,0.0,17.82,0.0,0.0
20201212:2030,0.0,0.0,0.0,0.0,17.59,0.48,0.0,2020-12-12 20:30:00+00:00,0.0,17.59,0.0,0.0
20201212:2130,0.0,0.0,0.0,0.0,17.34,0.07,0.0,2020-12-12 21:30:00+00:00,0.0,17.34,0.0,0.0
20201212:2230,0.0,0.0,0.0,0.0,17.13,0.41,0.0,2020-12-12 22:30:00+00:00,0.0,17.13,0.0,0.0
20201212:2330,0.0,0.0,0.0,0.0,16.66,0.76,0.0,2020-12-12 23:30:00+00:00,0.0,16.66,0.0,0.0
20201213:0030,0.0,0.0,0.0,-2.57,15.88,0.97,0.0,2020-12-13 00:30:00+00:00,0.0,15.88,0.0,0.0
20201213:0130,62.3,49.6,0.0,9.71,15.84,0.9,0.0,2020-12-13 01:30:00+00:00,111.9,19.336875,11.45615554875,11.1124708822875
20201213:0230,208.01,87.75,0.0,21.12,18.03,0.41,0.0,2020-12-13 02:30:00+00:00,295.76,27.2725,29.293711868,28.41490051196
20201213:0330,360.91,108.8,0.0,31.12,21.67,0.41,0.0,2020-12-13 03:30:00+00:00,469.71000000000004,36.3484375,44.7322006771875,43.390234656871876
20201213:0430,468.16,123.45,0.0,38.88,23.77,0.97,0.0,2020-12-13 04:30:00+00:00,591.61,42.2578125,54.872844329687496,53.22665899979687
20201213:0530,520.66,135.2,0.0,43.27,25.14,1.72,0.0,2020-12-13 05:30:00+00:00,655.8599999999999,45.635625,59.90168597474999,58.104635395507486
20201213:0630,469.46,149.1,0.0,43.31,26.06,2.0,0.0,2020-12-13 06:30:00+00:00,618.56,45.39,56.558775872000005,54.86201259584001
20201213:0730,329.06,165.95,0.0,38.99,26.1,2.48,0.0,2020-12-13 07:30:00+00:00,495.01,41.5690625,46.0562223161875,44.67453564670188
20201213:0830,331.56,118.1,0.0,31.27,26.17,2.83,0.0,2020-12-13 08:30:00+00:00,449.65999999999997,40.221875,42.09123930875,40.8285021294875
20201213:0930,192.36,90.1,0.0,21.3,26.12,2.48,0.0,2020-12-13 09:30:00+00:00,282.46000000000004,34.946875000000006,27.065970388750003,26.2539912770875
20201213:1030,58.05,48.45,0.0,9.91,25.66,2.55,0.0,2020-12-13 10:30:00+00:00,106.5,28.988125,10.471611168750002,10.157462833687502
20201213:1130,0.0,0.0,0.0,-2.36,24.39,1.93,0.0,2020-12-13 11:30:00+00:00,0.0,24.39,0.0,0.0
20201213:1230,0.0,0.0,0.0,0.0,22.77,2.07,0.0,2020-12-13 12:30:00+00:00,0.0,22.77,0.0,0.0
20201213:1330,0.0,0.0,0.0,0.0,21.86,1.93,0.0,2020-12-13 13:30:00+00:00,0.0,21.86,0.0,0.0
20201213:1430,0.0,0.0,0.0,0.0,21.01,2.07,0.0,2020-12-13 14:30:00+00:00,0.0,21.01,0.0,0.0
20201213:1530,0.0,0.0,0.0,0.0,20.26,2.14,0.0,2020-12-13 15:30:00+00:00,0.0,20.26,0.0,0.0
20201213:1630,0.0,0.0,0.0,0.0,19.69,2.07,0.0,2020-12-13 16:30:00+00:00,0.0,19.69,0.0,0.0
20201213:1730,0.0,0.0,0.0,0.0,19.16,1.86,0.0,2020-12-13 17:30:00+00:00,0.0,19.16,0.0,0.0
20201213:1830,0.0,0.0,0.0,0.0,18.68,1.66,0.0,2020-12-13 18:30:00+00:00,0.0,18.68,0.0,0.0
20201213:1930,0.0,0.0,0.0,0.0,18.25,1.66,0.0,2020-12-13 19:30:00+00:00,0.0,18.25,0.0,0.0
20201213:2030,0.0,0.0,0.0,0.0,17.82,1.72,0.0,2020-12-13 20:30:00+00:00,0.0,17.82,0.0,0.0
20201213:2130,0.0,0.0,0.0,0.0,17.47,1.66,0.0,2020-12-13 21:30:00+00:00,0.0,17.47,0.0,0.0
20201213:2230,0.0,0.0,0.0,0.0,17.03,1.52,0.0,2020-12-13 22:30:00+00:00,0.0,17.03,0.0,0.0
20201213:2330,0.0,0.0,0.0,0.0,16.57,1.31,0.0,2020-12-13 23:30:00+00:00,0.0,16.57,0.0,0.0
20201214:0030,0.0,0.0,0.0,-2.69,16.65,0.97,0.0,2020-12-14 00:30:00+00:00,0.0,16.65,0.0,0.0
20201214:0130,61.15,49.35,0.0,9.59,16.99,0.76,0.0,2020-12-14 01:30:00+00:00,110.5,20.443125,11.261484568750001,10.923640031687501
20201214:0230,205.61,88.45,0.0,20.99,18.42,0.41,0.0,2020-12-14 02:30:00+00:00,294.06,27.609375,29.083728618749998,28.211216760187497
20201214:0330,358.86,109.4,0.0,31.0,21.6,0.69,0.0,2020-12-14 03:30:00+00:00,468.26,36.233125,44.616790292750004,43.2782865839675
20201214:0430,476.56,121.5,0.0,38.78,23.68,1.24,0.0,2020-12-14 04:30:00+00:00,598.06,42.369375,55.443070066749996,53.779777964747495
20201214:0530,531.61,132.5,0.0,43.19,24.97,1.86,0.0,2020-12-14 05:30:00+00:00,664.11,45.7234375,60.6306903271875,58.81176961737187
20201214:0630,446.81,147.8,0.0,43.26,25.84,2.21,0.0,2020-12-14 06:30:00+00:00,594.61,44.4215625,54.610732783187494,52.972410799691865
20201214:0730,453.06,130.85,0.0,38.98,26.03,2.83,0.0,2020-12-14 07:30:00+00:00,583.91,44.2771875,53.663420127687495,52.05351752385687
20201214:0830,323.31,126.75,0.0,31.29,26.45,3.1,0.0,2020-12-14 08:30:00+00:00,450.06,40.514375,42.07339216275,40.8111903978675
20201214:0930,207.56,86.5,0.0,21.34,26.42,3.24,0.0,2020-12-14 09:30:00+00:00,294.06,35.609375,28.09568701875,27.2528164081875
20201214:1030,61.65,48.2,0.0,9.97,25.95,2.97,0.0,2020-12-14 10:30:00+00:00,109.85,29.3828125,10.782790179687499,10.459306474296874
20201214:1130,0.0,0.0,0.0,-2.29,24.61,2.0,0.0,2020-12-14 11:30:00+00:00,0.0,24.61,0.0,0.0
20201214:1230,0.0,0.0,0.0,0.0,22.97,2.07,0.0,2020-12-14 12:30:00+00:00,0.0,22.97,0.0,0.0
20201214:1330,0.0,0.0,0.0,0.0,21.8,2.0,0.0,2020-12-14 13:30:00+00:00,0.0,21.8,0.0,0.0
20201214:1430,0.0,0.0,0.0,0.0,20.95,1.93,0.0,2020-12-14 14:30:00+00:00,0.0,20.95,0.0,0.0
20201214:1530,0.0,0.0,0.0,0.0,20.24,1.86,0.0,2020-12-14 15:30:00+00:00,0.0,20.24,0.0,0.0
20201214:1630,0.0,0.0,0.0,0.0,19.56,1.86,0.0,2020-12-14 16:30:00+00:00,0.0,19.56,0.0,0.0
20201214:1730,0.0,0.0,0.0,0.0,18.97,1.79,0.0,2020-12-14 17:30:00+00:00,0.0,18.97,0.0,0.0
20201214:1830,0.0,0.0,0.0,0.0,18.44,1.79,0.0,2020-12-14 18:30:00+00:00,0.0,18.44,0.0,0.0
20201214:1930,0.0,0.0,0.0,0.0,17.98,1.93,0.0,2020-12-14 19:30:00+00:00,0.0,17.98,0.0,0.0
20201214:2030,0.0,0.0,0.0,0.0,17.74,1.93,0.0,2020-12-14 20:30:00+00:00,0.0,17.74,0.0,0.0
20201214:2130,0.0,0.0,0.0,0.0,17.51,2.07,0.0,2020-12-14 21:30:00+00:00,0.0,17.51,0.0,0.0
20201214:2230,0.0,0.0,0.0,0.0,17.4,2.07,0.0,2020-12-14 22:30:00+00:00,0.0,17.4,0.0,0.0
20201214:2330,0.0,0.0,0.0,0.0,17.46,2.0,0.0,2020-12-14 23:30:00+00:00,0.0,17.46,0.0,0.0
20201215:0030,0.0,0.0,0.0,-2.81,17.93,1.86,0.0,2020-12-15 00:30:00+00:00,0.0,17.93,0.0,0.0
20201215:0130,58.2,48.4,0.0,9.47,17.87,1.79,0.0,2020-12-15 01:30:00+00:00,106.6,21.20125,10.830077634999999,10.505175305949999
20201215:0230,206.01,86.7,0.0,20.88,19.19,1.66,0.0,2020-12-15 02:30:00+00:00,292.71,28.3371875,28.8607321756875,27.994910210416872
20201215:0330,359.21,107.05,0.0,30.89,21.6,2.14,0.0,2020-12-15 03:30:00+00:00,466.26,36.170625,44.438465442749994,43.105311479467495
20201215:0430,469.11,123.6,0.0,38.68,23.57,2.62,0.0,2020-12-15 04:30:00+00:00,592.71,42.0921875,55.0161016096875,53.36561856139688
20201215:0530,512.91,134.2,0.0,43.11,25.0,2.76,0.0,2020-12-15 05:30:00+00:00,647.1099999999999,45.2221875,59.21488850368748,57.43844184857686
20201215:0630,484.81,140.4,0.0,43.22,25.94,2.69,0.0,2020-12-15 06:30:00+00:00,625.21,45.4778125,57.143768075687504,55.42945503341688
20201215:0730,408.51,135.15,0.0,38.97,25.94,2.41,0.0,2020-12-15 07:30:00+00:00,543.66,42.929375,50.27205671474999,48.76389501330749
20201215:0830,275.81,134.0,0.0,31.32,26.22,2.69,0.0,2020-12-15 08:30:00+00:00,409.81,39.0265625,38.566745257187506,37.40974289947188
20201215:0930,144.55,86.7,0.0,21.38,26.07,2.97,0.0,2020-12-15 09:30:00+00:00,231.25,33.2965625,22.319196367187498,21.649620476171872
20201215:1030,57.15,48.55,0.0,10.03,25.49,2.83,0.0,2020-12-15 10:30:00+00:00,105.69999999999999,28.793124999999996,10.40160800875,10.089559768487499
20201215:1130,0.0,0.0,0.0,-2.22,24.36,2.28,0.0,2020-12-15 11:30:00+00:00,0.0,24.36,0.0,0.0
20201215:1230,0.0,0.0,0.0,0.0,22.75,2.28,0.0,2020-12-15 12:30:00+00:00,0.0,22.75,0.0,0.0
20201215:1330,0.0,0.0,0.0,0.0,21.77,2.14,0.0,2020-12-15 13:30:00+00:00,0.0,21.77,0.0,0.0
20201215:1430,0.0,0.0,0.0,0.0,21.09,1.86,0.0,2020-12-15 14:30:00+00:00,0.0,21.09,0.0,0.0
20201215:1530,0.0,0.0,0.0,0.0,20.49,1.86,0.0,2020-12-15 15:30:00+00:00,0.0,20.49,0.0,0.0
20201215:1630,0.0,0.0,0.0,0.0,20.03,1.72,0.0,2020-12-15 16:30:00+00:00,0.0,20.03,0.0,0.0
20201215:1730,0.0,0.0,0.0,0.0,19.63,1.59,0.0,2020-12-15 17:30:00+00:00,0.0,19.63,0.0,0.0
20201215:1830,0.0,0.0,0.0,0.0,19.07,1.66,0.0,2020-12-15 18:30:00+00:00,0.0,19.07,0.0,0.0
20201215:1930,0.0,0.0,0.0,0.0,18.29,1.52,0.0,2020-12-15 19:30:00+00:00,0.0,18.29,0.0,0.0
20201215:2030,0.0,0.0,0.0,0.0,17.9,1.86,0.0,2020-12-15 20:30:00+00:00,0.0,17.9,0.0,0.0
20201215:2130,0.0,0.0,0.0,0.0,17.72,2.07,0.0,2020-12-15 21:30:00+00:00,0.0,17.72,0.0,0.0
20201215:2230,0.0,0.0,0.0,0.0,17.83,2.14,0.0,2020-12-15 22:30:00+00:00,0.0,17.83,0.0,0.0
20201215:2330,0.0,0.0,0.0,0.0,17.59,2.28,0.0,2020-12-15 23:30:00+00:00,0.0,17.59,0.0,0.0
20201216:0030,0.0,0.0,0.0,-2.93,17.4,2.21,0.0,2020-12-16 00:30:00+00:00,0.0,17.4,0.0,0.0
20201216:0130,57.0,47.15,0.0,9.35,17.37,2.07,0.0,2020-12-16 01:30:00+00:00,104.15,20.6246875,10.606389294687501,10.288197615846876
20201216:0230,204.31,86.4,0.0,20.76,18.86,1.72,0.0,2020-12-16 02:30:00+00:00,290.71000000000004,27.9446875,28.7114589566875,27.850115187986876
20201216:0330,357.71,106.85,0.0,30.79,21.32,1.93,0.0,2020-12-16 03:30:00+00:00,464.55999999999995,35.8375,44.341439019999996,43.011195849399996
20201216:0430,474.21,119.8,0.0,38.59,23.3,2.14,0.0,2020-12-16 04:30:00+00:00,594.01,41.862812500000004,55.1939947136875,53.538174872276876
20201216:0530,536.46,125.9,0.0,43.05,24.66,2.07,0.0,2020-12-16 05:30:00+00:00,662.36,45.35875,60.572374907000004,58.755203659790006
20201216:0630,534.31,127.1,0.0,43.19,25.68,1.93,0.0,2020-12-16 06:30:00+00:00,661.41,46.3490625,60.210396960187495,58.40408505138187
20201216:0730,474.11,120.9,0.0,38.98,26.24,2.21,0.0,2020-12-16 07:30:00+00:00,595.01,44.8340625,54.5443844781875,52.908052943841874
20201216:0830,359.31,108.2,0.0,31.35,26.62,2.55,0.0,2020-12-16 08:30:00+00:00,467.51,41.2296875,43.564232694687504,42.257305713846876
20201216:0930,208.81,86.8,0.0,21.44,26.56,2.76,0.0,2020-12-16 09:30:00+00:00,295.61,35.7978125,28.220384631687505,27.37377309273688
20201216:1030,62.7,48.8,0.0,10.09,26.08,2.55,0.0,2020-12-16 10:30:00+00:00,111.5,29.564375,10.93625031875,10.6081628091875
20201216:1130,0.0,0.0,0.0,-2.15,24.78,1.86,0.0,2020-12-16 11:30:00+00:00,0.0,24.78,0.0,0.0
20201216:1230,0.0,0.0,0.0,0.0,23.08,2.14,0.0,2020-12-16 12:30:00+00:00,0.0,23.08,0.0,0.0
20201216:1330,0.0,0.0,0.0,0.0,21.91,2.07,0.0,2020-12-16 13:30:00+00:00,0.0,21.91,0.0,0.0
20201216:1430,0.0,0.0,0.0,0.0,21.06,2.0,0.0,2020-12-16 14:30:00+00:00,0.0,21.06,0.0,0.0
20201216:1530,0.0,0.0,0.0,0.0,20.35,1.86,0.0,2020-12-16 15:30:00+00:00,0.0,20.35,0.0,0.0
20201216:1630,0.0,0.0,0.0,0.0,19.73,1.66,0.0,2020-12-16 16:30:00+00:00,0.0,19.73,0.0,0.0
20201216:1730,0.0,0.0,0.0,0.0,18.87,1.45,0.0,2020-12-16 17:30:00+00:00,0.0,18.87,0.0,0.0
20201216:1830,0.0,0.0,0.0,0.0,17.99,1.45,0.0,2020-12-16 18:30:00+00:00,0.0,17.99,0.0,0.0
20201216:1930,0.0,0.0,0.0,0.0,19.17,0.69,0.0,2020-12-16 19:30:00+00:00,0.0,19.17,0.0,0.0
20201216:2030,0.0,0.0,0.0,0.0,16.94,1.66,0.0,2020-12-16 20:30:00+00:00,0.0,16.94,0.0,0.0
20201216:2130,0.0,0.0,0.0,0.0,16.98,2.0,0.0,2020-12-16 21:30:00+00:00,0.0,16.98,0.0,0.0
20201216:2230,0.0,0.0,0.0,0.0,17.02,2.41,0.0,2020-12-16 22:30:00+00:00,0.0,17.02,0.0,0.0
20201216:2330,0.0,0.0,0.0,0.0,16.95,2.55,0.0,2020-12-16 23:30:00+00:00,0.0,16.95,0.0,0.0
20201217:0030,0.0,0.0,0.0,-3.04,16.72,2.41,0.0,2020-12-17 00:30:00+00:00,0.0,16.72,0.0,0.0
20201217:0130,59.6,47.85,0.0,9.24,16.46,2.21,0.0,2020-12-17 01:30:00+00:00,107.45,19.817812500000002,10.978866939687501,10.649500931496876
20201217:0230,204.96,87.55,0.0,20.66,17.93,2.07,0.0,2020-12-17 02:30:00+00:00,292.51,27.0709375,28.996576630187498,28.12667933128187
20201217:0330,357.46,109.65,0.0,30.69,20.13,2.55,0.0,2020-12-17 03:30:00+00:00,467.11,34.7271875,44.8026600476875,43.45858024625688
20201217:0430,476.21,122.05,0.0,38.5,22.03,2.76,0.0,2020-12-17 04:30:00+00:00,598.26,40.725625,55.87463478675,54.1983957431475
20201217:0530,541.16,127.65,0.0,42.99,23.6,2.83,0.0,2020-12-17 05:30:00+00:00,668.81,44.5003125,61.40335831868749,59.56125756912686
20201217:0630,536.66,127.85,0.0,43.16,24.73,2.9,0.0,2020-12-17 06:30:00+00:00,664.51,45.4959375,60.73070272018751,58.90878163858188
20201217:0730,478.51,121.9,0.0,38.99,25.26,2.34,0.0,2020-12-17 07:30:00+00:00,600.41,44.0228125,55.243975521687496,53.58665625603687
20201217:0830,359.46,111.35,0.0,31.38,25.69,2.48,0.0,2020-12-17 08:30:00+00:00,470.80999999999995,40.402812499999996,44.035244775687495,42.71418743241687
20201217:0930,204.96,89.0,0.0,21.49,25.65,2.48,0.0,2020-12-17 09:30:00+00:00,293.96000000000004,34.83625,28.181585099000003,27.336137546030002
20201217:1030,63.55,49.95,0.0,10.16,25.22,2.34,0.0,2020-12-17 10:30:00+00:00,113.5,28.766875,11.17043306875,10.8353200766875
20201217:1130,0.0,0.0,0.0,-2.07,24.05,1.72,0.0,2020-12-17 11:30:00+00:00,0.0,24.05,0.0,0.0
20201217:1230,0.0,0.0,0.0,0.0,22.55,1.86,0.0,2020-12-17 12:30:00+00:00,0.0,22.55,0.0,0.0
20201217:1330,0.0,0.0,0.0,0.0,21.36,1.72,0.0,2020-12-17 13:30:00+00:00,0.0,21.36,0.0,0.0
20201217:1430,0.0,0.0,0.0,0.0,20.35,1.45,0.0,2020-12-17 14:30:00+00:00,0.0,20.35,0.0,0.0
20201217:1530,0.0,0.0,0.0,0.0,19.27,1.52,0.0,2020-12-17 15:30:00+00:00,0.0,19.27,0.0,0.0
20201217:1630,0.0,0.0,0.0,0.0,18.34,1.66,0.0,2020-12-17 16:30:00+00:00,0.0,18.34,0.0,0.0
20201217:1730,0.0,0.0,0.0,0.0,17.71,1.79,0.0,2020-12-17 17:30:00+00:00,0.0,17.71,0.0,0.0
20201217:1830,0.0,0.0,0.0,0.0,17.28,1.93,0.0,2020-12-17 18:30:00+00:00,0.0,17.28,0.0,0.0
20201217:1930,0.0,0.0,0.0,0.0,16.52,1.86,0.0,2020-12-17 19:30:00+00:00,0.0,16.52,0.0,0.0
20201217:2030,0.0,0.0,0.0,0.0,16.17,2.14,0.0,2020-12-17 20:30:00+00:00,0.0,16.17,0.0,0.0
20201217:2130,0.0,0.0,0.0,0.0,16.08,2.34,0.0,2020-12-17 21:30:00+00:00,0.0,16.08,0.0,0.0
20201217:2230,0.0,0.0,0.0,0.0,16.05,2.55,0.0,2020-12-17 22:30:00+00:00,0.0,16.05,0.0,0.0
20201217:2330,0.0,0.0,0.0,0.0,16.01,2.62,0.0,2020-12-17 23:30:00+00:00,0.0,16.01,0.0,0.0
20201218:0030,0.0,0.0,0.0,-3.15,15.96,2.69,0.0,2020-12-18 00:30:00+00:00,0.0,15.96,0.0,0.0
20201218:0130,55.25,52.05,0.0,9.13,15.77,2.69,0.0,2020-12-18 01:30:00+00:00,107.3,19.123124999999998,10.99484724875,10.6650018312875
20201218:0230,204.26,92.45,0.0,20.55,17.14,2.55,0.0,2020-12-18 02:30:00+00:00,296.71,26.4121875,29.495015735687495,28.61016526361687
20201218:0330,360.51,113.75,0.0,30.59,19.21,3.24,0.0,2020-12-18 03:30:00+00:00,474.26,34.030625,45.62719703075,44.2583811198275
20201218:0430,475.91,132.5,0.0,38.43,20.82,3.66,0.0,2020-12-18 04:30:00+00:00,608.4100000000001,39.8328125,57.05073878968751,55.33921662599688
20201218:0530,556.41,128.35,0.0,42.94,21.98,3.45,0.0,2020-12-18 05:30:00+00:00,684.76,43.37875,63.190286203,61.29457761691
20201218:0630,535.11,134.8,0.0,43.15,22.87,3.24,0.0,2020-12-18 06:30:00+00:00,669.9100000000001,43.8046875,61.700071754687514,59.84906960204689
20201218:0730,488.71,120.3,0.0,39.0,23.31,2.69,0.0,2020-12-18 07:30:00+00:00,609.01,42.341562499999995,56.4653023091875,54.77134323991187
20201218:0830,382.46,108.8,0.0,31.43,23.64,2.62,0.0,2020-12-18 08:30:00+00:00,491.26,38.991875,46.23906762475,44.8518955960075
20201218:0930,226.06,88.2,0.0,21.55,23.63,2.48,0.0,2020-12-18 09:30:00+00:00,314.26,33.450625,30.310608766749997,29.401290503747497
20201218:1030,70.75,51.0,0.0,10.24,23.16,2.28,0.0,2020-12-18 10:30:00+00:00,121.75,26.9646875,12.074535704687499,11.712299633546873
20201218:1130,0.0,0.0,0.0,-1.98,21.87,1.79,0.0,2020-12-18 11:30:00+00:00,0.0,21.87,0.0,0.0
20201218:1230,0.0,0.0,0.0,0.0,20.07,2.21,0.0,2020-12-18 12:30:00+00:00,0.0,20.07,0.0,0.0
20201218:1330,0.0,0.0,0.0,0.0,18.59,2.21,0.0,2020-12-18 13:30:00+00:00,0.0,18.59,0.0,0.0
20201218:1430,0.0,0.0,0.0,0.0,17.41,2.21,0.0,2020-12-18 14:30:00+00:00,0.0,17.41,0.0,0.0
20201218:1530,0.0,0.0,0.0,0.0,16.4,2.21,0.0,2020-12-18 15:30:00+00:00,0.0,16.4,0.0,0.0
20201218:1630,0.0,0.0,0.0,0.0,15.52,2.28,0.0,2020-12-18 16:30:00+00:00,0.0,15.52,0.0,0.0
20201218:1730,0.0,0.0,0.0,0.0,14.78,2.28,0.0,2020-12-18 17:30:00+00:00,0.0,14.78,0.0,0.0
20201218:1830,0.0,0.0,0.0,0.0,14.14,2.28,0.0,2020-12-18 18:30:00+00:00,0.0,14.14,0.0,0.0
20201218:1930,0.0,0.0,0.0,0.0,13.98,2.41,0.0,2020-12-18 19:30:00+00:00,0.0,13.98,0.0,0.0
20201218:2030,0.0,0.0,0.0,0.0,13.6,2.41,0.0,2020-12-18 20:30:00+00:00,0.0,13.6,0.0,0.0
20201218:2130,0.0,0.0,0.0,0.0,13.16,2.34,0.0,2020-12-18 21:30:00+00:00,0.0,13.16,0.0,0.0
20201218:2230,0.0,0.0,0.0,0.0,12.68,2.14,0.0,2020-12-18 22:30:00+00:00,0.0,12.68,0.0,0.0
20201218:2330,0.0,0.0,0.0,0.0,12.16,2.0,0.0,2020-12-18 23:30:00+00:00,0.0,12.16,0.0,0.0
20201219:0030,0.0,0.0,0.0,-3.26,11.64,1.93,0.0,2020-12-19 00:30:00+00:00,0.0,11.64,0.0,0.0
20201219:0130,66.05,47.9,0.0,9.03,11.2,1.93,0.0,2020-12-19 01:30:00+00:00,113.94999999999999,14.760937499999999,11.885031292187499,11.528480353421873
20201219:0230,225.26,86.25,0.0,20.45,13.29,1.66,0.0,2020-12-19 02:30:00+00:00,311.51,23.0246875,31.409438430687498,30.46715527776687
20201219:0330,390.51,106.55,0.0,30.5,16.42,2.21,0.0,2020-12-19 03:30:00+00:00,497.06,31.953125,48.254429468750004,46.806796584687504
20201219:0430,517.81,117.9,0.0,38.35,18.59,2.97,0.0,2020-12-19 04:30:00+00:00,635.7099999999999,38.4559375,59.97828890818749,58.17894024094186
20201219:0530,586.26,123.7,0.0,42.89,20.07,3.1,0.0,2020-12-19 05:30:00+00:00,709.96,42.25625,65.85047615500001,63.874961870350006
20201219:0630,587.76,124.05,0.0,43.14,21.2,3.03,0.0,2020-12-19 06:30:00+00:00,711.81,43.4440625,65.6669593861875,63.696950604601874
20201219:0730,525.61,118.3,0.0,39.03,21.76,3.17,0.0,2020-12-19 07:30:00+00:00,643.91,41.8821875,59.825344071687496,58.030583749536866
20201219:0830,404.96,106.5,0.0,31.48,22.18,3.1,0.0,2020-12-19 08:30:00+00:00,511.46,38.163125,48.31838699675,46.8688353868475
20201219:0930,243.01,86.7,0.0,21.62,22.21,3.03,0.0,2020-12-19 09:30:00+00:00,329.71,32.5134375,31.9305526991875,30.972636118211874
20201219:1030,78.1,51.25,0.0,10.32,21.71,2.83,0.0,2020-12-19 10:30:00+00:00,129.35,25.7521875,12.894135909687499,12.507311832396873
20201219:1130,0.0,0.0,0.0,-1.9,20.18,2.07,0.0,2020-12-19 11:30:00+00:00,0.0,20.18,0.0,0.0
20201219:1230,0.0,0.0,0.0,0.0,18.22,2.41,0.0,2020-12-19 12:30:00+00:00,0.0,18.22,0.0,0.0
20201219:1330,0.0,0.0,0.0,0.0,16.76,2.41,0.0,2020-12-19 13:30:00+00:00,0.0,16.76,0.0,0.0
20201219:1430,0.0,0.0,0.0,0.0,15.69,2.41,0.0,2020-12-19 14:30:00+00:00,0.0,15.69,0.0,0.0
20201219:1530,0.0,0.0,0.0,0.0,14.91,2.48,0.0,2020-12-19 15:30:00+00:00,0.0,14.91,0.0,0.0
20201219:1630,0.0,0.0,0.0,0.0,14.28,2.48,0.0,2020-12-19 16:30:00+00:00,0.0,14.28,0.0,0.0
20201219:1730,0.0,0.0,0.0,0.0,13.75,2.41,0.0,2020-12-19 17:30:00+00:00,0.0,13.75,0.0,0.0
20201219:1830,0.0,0.0,0.0,0.0,13.25,2.41,0.0,2020-12-19 18:30:00+00:00,0.0,13.25,0.0,0.0
20201219:1930,0.0,0.0,0.0,0.0,12.73,2.48,0.0,2020-12-19 19:30:00+00:00,0.0,12.73,0.0,0.0
20201219:2030,0.0,0.0,0.0,0.0,12.39,2.41,0.0,2020-12-19 20:30:00+00:00,0.0,12.39,0.0,0.0
20201219:2130,0.0,0.0,0.0,0.0,12.04,2.41,0.0,2020-12-19 21:30:00+00:00,0.0,12.04,0.0,0.0
20201219:2230,0.0,0.0,0.0,0.0,11.67,2.41,0.0,2020-12-19 22:30:00+00:00,0.0,11.67,0.0,0.0
20201219:2330,0.0,0.0,0.0,0.0,11.29,2.34,0.0,2020-12-19 23:30:00+00:00,0.0,11.29,0.0,0.0
20201220:0030,0.0,0.0,0.0,-3.37,10.92,2.28,0.0,2020-12-20 00:30:00+00:00,0.0,10.92,0.0,0.0
20201220:0130,66.0,47.7,0.0,8.92,10.63,2.21,0.0,2020-12-20 01:30:00+00:00,113.7,14.183125,11.886549048750002,11.529952577287501
20201220:0230,225.11,86.5,0.0,20.36,12.7,1.93,0.0,2020-12-20 02:30:00+00:00,311.61,22.4378125,31.4963293636875,30.551439482776875
20201220:0330,388.46,107.35,0.0,30.42,15.93,2.34,0.0,2020-12-20 03:30:00+00:00,495.80999999999995,31.424062499999998,48.2432519401875,46.79595438198187
20201220:0430,512.96,119.45,0.0,38.29,18.37,2.62,0.0,2020-12-20 04:30:00+00:00,632.4100000000001,38.1328125,59.7527647796875,57.960181836296876
20201220:0530,580.86,124.95,0.0,42.85,20.24,2.9,0.0,2020-12-20 05:30:00+00:00,705.8100000000001,42.2965625,65.4536035531875,63.48999544659188
20201220:0630,580.86,125.55,0.0,43.13,21.51,2.83,0.0,2020-12-20 06:30:00+00:00,706.41,43.5853125,65.12688274668749,63.173076264286856
20201220:0730,519.51,119.35,0.0,39.06,21.93,2.76,0.0,2020-12-20 07:30:00+00:00,638.86,41.894375,59.35288102675,57.5722945959475
20201220:0830,399.26,107.5,0.0,31.53,22.48,2.76,0.0,2020-12-20 08:30:00+00:00,506.76,38.31625,47.841780003000004,46.406526602910006
20201220:0930,238.56,87.6,0.0,21.69,22.56,2.69,0.0,2020-12-20 09:30:00+00:00,326.15999999999997,32.7525,31.554006731999994,30.607386530039992
20201220:1030,76.4,51.75,0.0,10.4,22.14,2.69,0.0,2020-12-20 10:30:00+00:00,128.15,26.1446875,12.753389484687501,12.370787800146875
20201220:1130,0.0,0.0,0.0,-1.81,20.7,2.07,0.0,2020-12-20 11:30:00+00:00,0.0,20.7,0.0,0.0
20201220:1230,0.0,0.0,0.0,0.0,18.73,2.41,0.0,2020-12-20 12:30:00+00:00,0.0,18.73,0.0,0.0
20201220:1330,0.0,0.0,0.0,0.0,17.29,2.34,0.0,2020-12-20 13:30:00+00:00,0.0,17.29,0.0,0.0
20201220:1430,0.0,0.0,0.0,0.0,16.29,2.28,0.0,2020-12-20 14:30:00+00:00,0.0,16.29,0.0,0.0
20201220:1530,0.0,0.0,0.0,0.0,15.46,2.28,0.0,2020-12-20 15:30:00+00:00,0.0,15.46,0.0,0.0
20201220:1630,0.0,0.0,0.0,0.0,14.78,2.28,0.0,2020-12-20 16:30:00+00:00,0.0,14.78,0.0,0.0
20201220:1730,0.0,0.0,0.0,0.0,14.21,2.28,0.0,2020-12-20 17:30:00+00:00,0.0,14.21,0.0,0.0
20201220:1830,0.0,0.0,0.0,0.0,13.76,2.34,0.0,2020-12-20 18:30:00+00:00,0.0,13.76,0.0,0.0
20201220:1930,0.0,0.0,0.0,0.0,13.44,2.34,0.0,2020-12-20 19:30:00+00:00,0.0,13.44,0.0,0.0
20201220:2030,0.0,0.0,0.0,0.0,13.1,2.34,0.0,2020-12-20 20:30:00+00:00,0.0,13.1,0.0,0.0
20201220:2130,0.0,0.0,0.0,0.0,12.73,2.28,0.0,2020-12-20 21:30:00+00:00,0.0,12.73,0.0,0.0
20201220:2230,0.0,0.0,0.0,0.0,12.32,2.21,0.0,2020-12-20 22:30:00+00:00,0.0,12.32,0.0,0.0
20201220:2330,0.0,0.0,0.0,0.0,11.92,2.14,0.0,2020-12-20 23:30:00+00:00,0.0,11.92,0.0,0.0
20201221:0030,0.0,0.0,0.0,-3.47,11.57,2.14,0.0,2020-12-21 00:30:00+00:00,0.0,11.57,0.0,0.0
20201221:0130,60.45,46.95,0.0,8.83,11.3,2.07,0.0,2020-12-21 01:30:00+00:00,107.4,14.65625,11.206585875,10.87038829875
20201221:0230,212.16,86.9,0.0,20.26,13.02,1.66,0.0,2020-12-21 02:30:00+00:00,299.06,22.365625,30.236891198749994,29.329784462787494
20201221:0330,372.01,108.35,0.0,30.34,16.43,2.0,0.0,2020-12-21 03:30:00+00:00,480.36,31.44125,46.736470083,45.334375980509996
20201221:0430,495.66,120.65,0.0,38.23,18.82,2.14,0.0,2020-12-21 04:30:00+00:00,616.3100000000001,38.079687500000006,58.245320274687494,56.497960666446865
20201221:0530,563.31,126.45,0.0,42.82,20.8,2.21,0.0,2020-12-21 05:30:00+00:00,689.76,42.355000000000004,63.948270384,62.02982227248
20201221:0630,567.86,126.6,0.0,43.14,22.11,2.14,0.0,2020-12-21 06:30:00+00:00,694.46,43.811875,63.95908022075001,62.04030781412751
20201221:0730,506.91,120.85,0.0,39.1,22.71,2.28,0.0,2020-12-21 07:30:00+00:00,627.76,42.3275,58.207445211999996,56.46122185564
20201221:0830,385.31,111.4,0.0,31.6,23.15,2.28,0.0,2020-12-21 08:30:00+00:00,496.71000000000004,38.6721875,46.81873285368751,45.41417086807688
20201221:0930,229.41,90.0,0.0,21.77,23.28,2.34,0.0,2020-12-21 09:30:00+00:00,319.40999999999997,33.2615625,30.832693215187494,29.90771241873187
20201221:1030,74.7,51.95,0.0,10.49,22.91,2.41,0.0,2020-12-21 10:30:00+00:00,126.65,26.8678125,12.565645449687501,12.188676086196876
20201221:1130,0.0,0.0,0.0,-1.71,21.66,1.79,0.0,2020-12-21 11:30:00+00:00,0.0,21.66,0.0,0.0
20201221:1230,0.0,0.0,0.0,0.0,20.0,2.07,0.0,2020-12-21 12:30:00+00:00,0.0,20.0,0.0,0.0
20201221:1330,0.0,0.0,0.0,0.0,18.44,2.07,0.0,2020-12-21 13:30:00+00:00,0.0,18.44,0.0,0.0
20201221:1430,0.0,0.0,0.0,0.0,17.31,1.86,0.0,2020-12-21 14:30:00+00:00,0.0,17.31,0.0,0.0
20201221:1530,0.0,0.0,0.0,0.0,16.23,1.66,0.0,2020-12-21 15:30:00+00:00,0.0,16.23,0.0,0.0
20201221:1630,0.0,0.0,0.0,0.0,15.24,1.86,0.0,2020-12-21 16:30:00+00:00,0.0,15.24,0.0,0.0
20201221:1730,0.0,0.0,0.0,0.0,14.49,2.07,0.0,2020-12-21 17:30:00+00:00,0.0,14.49,0.0,0.0
20201221:1830,0.0,0.0,0.0,0.0,13.99,2.14,0.0,2020-12-21 18:30:00+00:00,0.0,13.99,0.0,0.0
20201221:1930,0.0,0.0,0.0,0.0,13.72,2.14,0.0,2020-12-21 19:30:00+00:00,0.0,13.72,0.0,0.0
20201221:2030,0.0,0.0,0.0,0.0,13.46,2.21,0.0,2020-12-21 20:30:00+00:00,0.0,13.46,0.0,0.0
20201221:2130,0.0,0.0,0.0,0.0,13.23,2.28,0.0,2020-12-21 21:30:00+00:00,0.0,13.23,0.0,0.0
20201221:2230,0.0,0.0,0.0,0.0,13.0,2.21,0.0,2020-12-21 22:30:00+00:00,0.0,13.0,0.0,0.0
20201221:2330,0.0,0.0,0.0,0.0,12.71,2.14,0.0,2020-12-21 23:30:00+00:00,0.0,12.71,0.0,0.0
20201222:0030,0.0,0.0,0.0,-3.57,12.38,2.0,0.0,2020-12-22 00:30:00+00:00,0.0,12.38,0.0,0.0
20201222:0130,59.7,46.5,0.0,8.73,12.03,1.86,0.0,2020-12-22 01:30:00+00:00,106.2,15.348749999999999,11.050484355000002,10.718969824350001
20201222:0230,211.11,86.85,0.0,20.18,13.71,1.24,0.0,2020-12-22 02:30:00+00:00,297.96000000000004,23.021250000000002,30.043627107000002,29.14231829379
20201222:0330,371.66,108.3,0.0,30.26,17.33,1.31,0.0,2020-12-22 03:30:00+00:00,479.96000000000004,32.32875,46.518647123,45.12308770931
20201222:0430,495.16,120.85,0.0,38.18,19.79,1.31,0.0,2020-12-22 04:30:00+00:00,616.01,39.0403125,57.96843138068749,56.22937843926687
20201222:0530,563.11,126.8,0.0,42.8,21.74,1.38,0.0,2020-12-22 05:30:00+00:00,689.91,43.2996875,63.6884422906875,61.77778902196687
20201222:0630,566.61,127.85,0.0,43.15,22.84,1.38,0.0,2020-12-22 06:30:00+00:00,694.46,44.541875000000005,63.74615878475001,61.8337740212075
20201222:0730,506.86,121.7,0.0,39.14,23.47,1.66,0.0,2020-12-22 07:30:00+00:00,628.5600000000001,43.1125,58.074386940000004,56.3321553318
20201222:0830,390.51,108.95,0.0,31.66,23.9,1.86,0.0,2020-12-22 08:30:00+00:00,499.46,39.508125,46.90258419275,45.4955066669675
20201222:0930,234.16,88.4,0.0,21.85,23.97,1.93,0.0,2020-12-22 09:30:00+00:00,322.56,34.05,31.02994944,30.0990509568
20201222:1030,75.6,52.5,0.0,10.58,23.61,2.0,0.0,2020-12-22 10:30:00+00:00,128.1,27.613125,12.669408648749998,12.289326389287497
20201222:1130,0.0,0.0,0.0,-1.61,22.47,1.59,0.0,2020-12-22 11:30:00+00:00,0.0,22.47,0.0,0.0
20201222:1230,0.0,0.0,0.0,0.0,20.81,2.0,0.0,2020-12-22 12:30:00+00:00,0.0,20.81,0.0,0.0
20201222:1330,0.0,0.0,0.0,0.0,19.17,2.0,0.0,2020-12-22 13:30:00+00:00,0.0,19.17,0.0,0.0
20201222:1430,0.0,0.0,0.0,0.0,17.93,1.93,0.0,2020-12-22 14:30:00+00:00,0.0,17.93,0.0,0.0
20201222:1530,0.0,0.0,0.0,0.0,16.88,1.79,0.0,2020-12-22 15:30:00+00:00,0.0,16.88,0.0,0.0
20201222:1630,0.0,0.0,0.0,0.0,15.72,1.59,0.0,2020-12-22 16:30:00+00:00,0.0,15.72,0.0,0.0
20201222:1730,0.0,0.0,0.0,0.0,14.66,1.45,0.0,2020-12-22 17:30:00+00:00,0.0,14.66,0.0,0.0
20201222:1830,0.0,0.0,0.0,0.0,13.91,1.52,0.0,2020-12-22 18:30:00+00:00,0.0,13.91,0.0,0.0
20201222:1930,0.0,0.0,0.0,0.0,13.23,1.72,0.0,2020-12-22 19:30:00+00:00,0.0,13.23,0.0,0.0
20201222:2030,0.0,0.0,0.0,0.0,12.81,1.79,0.0,2020-12-22 20:30:00+00:00,0.0,12.81,0.0,0.0
20201222:2130,0.0,0.0,0.0,0.0,12.53,1.93,0.0,2020-12-22 21:30:00+00:00,0.0,12.53,0.0,0.0
20201222:2230,0.0,0.0,0.0,0.0,12.29,1.93,0.0,2020-12-22 22:30:00+00:00,0.0,12.29,0.0,0.0
20201222:2330,0.0,0.0,0.0,0.0,12.04,1.93,0.0,2020-12-22 23:30:00+00:00,0.0,12.04,0.0,0.0
20201223:0030,0.0,0.0,0.0,-3.67,11.8,1.93,0.0,2020-12-23 00:30:00+00:00,0.0,11.8,0.0,0.0
20201223:0130,59.8,45.95,0.0,8.64,11.54,1.86,0.0,2020-12-23 01:30:00+00:00,105.75,14.8446875,11.0260482046875,10.695266758546875
20201223:0230,213.41,85.9,0.0,20.1,13.74,1.1,0.0,2020-12-23 02:30:00+00:00,299.31,23.0934375,30.1706743531875,29.265554122591876
20201223:0330,375.41,107.1,0.0,30.2,18.18,1.17,0.0,2020-12-23 03:30:00+00:00,482.51,33.2584375,46.5773929551875,45.180071166531874
20201223:0430,499.86,119.35,0.0,38.13,20.95,1.45,0.0,2020-12-23 04:30:00+00:00,619.21,40.300312500000004,57.941875268687504,56.20361901062688
20201223:0530,567.76,125.5,0.0,42.79,22.64,1.72,0.0,2020-12-23 05:30:00+00:00,693.26,44.304375,63.70516057474999,61.794005757507485
20201223:0630,557.61,133.3,0.0,43.17,23.51,1.66,0.0,2020-12-23 06:30:00+00:00,690.9100000000001,45.1009375,63.25806573418751,61.36032376216188
20201223:0730,503.61,122.3,0.0,39.19,23.98,1.86,0.0,2020-12-23 07:30:00+00:00,625.91,43.5396875,57.717246162687495,55.98572877780687
20201223:0830,392.61,108.65,0.0,31.74,24.35,2.07,0.0,2020-12-23 08:30:00+00:00,501.26,40.014375,46.96503564275,45.5560845734675
20201223:0930,235.51,88.65,0.0,21.94,24.39,2.28,0.0,2020-12-23 09:30:00+00:00,324.15999999999997,34.519999999999996,31.119878655999997,30.186282296319998
20201223:1030,76.8,52.85,0.0,10.67,23.99,2.34,0.0,2020-12-23 10:30:00+00:00,129.65,28.041562499999998,12.799377797187502,12.415396463271875
20201223:1130,0.0,0.0,0.0,-1.51,22.68,1.79,0.0,2020-12-23 11:30:00+00:00,0.0,22.68,0.0,0.0
20201223:1230,0.0,0.0,0.0,0.0,20.94,2.07,0.0,2020-12-23 12:30:00+00:00,0.0,20.94,0.0,0.0
20201223:1330,0.0,0.0,0.0,0.0,19.39,2.07,0.0,2020-12-23 13:30:00+00:00,0.0,19.39,0.0,0.0
20201223:1430,0.0,0.0,0.0,0.0,18.2,2.07,0.0,2020-12-23 14:30:00+00:00,0.0,18.2,0.0,0.0
20201223:1530,0.0,0.0,0.0,0.0,17.31,2.0,0.0,2020-12-23 15:30:00+00:00,0.0,17.31,0.0,0.0
20201223:1630,0.0,0.0,0.0,0.0,16.55,1.93,0.0,2020-12-23 16:30:00+00:00,0.0,16.55,0.0,0.0
20201223:1730,0.0,0.0,0.0,0.0,15.8,2.0,0.0,2020-12-23 17:30:00+00:00,0.0,15.8,0.0,0.0
20201223:1830,0.0,0.0,0.0,0.0,15.13,2.0,0.0,2020-12-23 18:30:00+00:00,0.0,15.13,0.0,0.0
20201223:1930,0.0,0.0,0.0,0.0,14.45,1.86,0.0,2020-12-23 19:30:00+00:00,0.0,14.45,0.0,0.0
20201223:2030,0.0,0.0,0.0,0.0,13.95,1.93,0.0,2020-12-23 20:30:00+00:00,0.0,13.95,0.0,0.0
20201223:2130,0.0,0.0,0.0,0.0,13.58,2.0,0.0,2020-12-23 21:30:00+00:00,0.0,13.58,0.0,0.0
20201223:2230,0.0,0.0,0.0,0.0,13.37,2.0,0.0,2020-12-23 22:30:00+00:00,0.0,13.37,0.0,0.0
20201223:2330,0.0,0.0,0.0,0.0,13.28,2.0,0.0,2020-12-23 23:30:00+00:00,0.0,13.28,0.0,0.0
20201224:0030,0.0,0.0,0.0,-3.76,13.18,1.93,0.0,2020-12-24 00:30:00+00:00,0.0,13.18,0.0,0.0
20201224:0130,55.7,46.5,0.0,8.55,13.01,1.93,0.0,2020-12-24 01:30:00+00:00,102.2,16.20375,10.597570235,10.27964312795
20201224:0230,206.96,87.7,0.0,20.02,14.83,1.52,0.0,2020-12-24 02:30:00+00:00,294.66,24.038125,29.58503895675,28.6974877880475
20201224:0330,360.56,114.75,0.0,30.13,18.73,1.72,0.0,2020-12-24 03:30:00+00:00,475.31,33.5834375,45.817486655187494,44.442962055531865
20201224:0430,496.71,120.05,0.0,38.09,21.35,2.0,0.0,2020-12-24 04:30:00+00:00,616.76,40.62375,57.628836299,55.899971210029996
20201224:0530,553.51,134.35,0.0,42.78,22.87,2.14,0.0,2020-12-24 05:30:00+00:00,687.86,44.365625,63.19124769875,61.2955102677875
20201224:0630,569.01,126.35,0.0,43.2,23.85,2.14,0.0,2020-12-24 06:30:00+00:00,695.36,45.58,63.525586304,61.61981871488
20201224:0730,510.46,120.3,0.0,39.25,24.46,2.28,0.0,2020-12-24 07:30:00+00:00,630.76,44.17125,57.997167786999995,56.25725275338999
20201224:0830,383.41,113.1,0.0,31.82,24.83,2.21,0.0,2020-12-24 08:30:00+00:00,496.51,40.3459375,46.4508472001875,45.05732178418188
20201224:0930,237.31,88.35,0.0,22.03,24.82,2.0,0.0,2020-12-24 09:30:00+00:00,325.65999999999997,34.996875,31.198655428749998,30.262695765887496
20201224:1030,78.2,53.15,0.0,10.77,24.44,1.72,0.0,2020-12-24 10:30:00+00:00,131.35,28.544687500000002,12.9394502246875,12.551266717946874
20201224:1130,0.0,0.0,0.0,-1.41,23.39,1.38,0.0,2020-12-24 11:30:00+00:00,0.0,23.39,0.0,0.0
20201224:1230,0.0,0.0,0.0,0.0,21.73,1.72,0.0,2020-12-24 12:30:00+00:00,0.0,21.73,0.0,0.0
20201224:1330,0.0,0.0,0.0,0.0,20.05,2.07,0.0,2020-12-24 13:30:00+00:00,0.0,20.05,0.0,0.0
20201224:1430,0.0,0.0,0.0,0.0,18.75,2.14,0.0,2020-12-24 14:30:00+00:00,0.0,18.75,0.0,0.0
20201224:1530,0.0,0.0,0.0,0.0,17.82,2.14,0.0,2020-12-24 15:30:00+00:00,0.0,17.82,0.0,0.0
20201224:1630,0.0,0.0,0.0,0.0,17.13,2.21,0.0,2020-12-24 16:30:00+00:00,0.0,17.13,0.0,0.0
20201224:1730,0.0,0.0,0.0,0.0,16.43,2.21,0.0,2020-12-24 17:30:00+00:00,0.0,16.43,0.0,0.0
20201224:1830,0.0,0.0,0.0,0.0,15.88,2.21,0.0,2020-12-24 18:30:00+00:00,0.0,15.88,0.0,0.0
20201224:1930,0.0,0.0,0.0,0.0,15.44,2.21,0.0,2020-12-24 19:30:00+00:00,0.0,15.44,0.0,0.0
20201224:2030,0.0,0.0,0.0,0.0,15.05,2.28,0.0,2020-12-24 20:30:00+00:00,0.0,15.05,0.0,0.0
20201224:2130,0.0,0.0,0.0,0.0,14.67,2.28,0.0,2020-12-24 21:30:00+00:00,0.0,14.67,0.0,0.0
20201224:2230,0.0,0.0,0.0,0.0,14.27,2.21,0.0,2020-12-24 22:30:00+00:00,0.0,14.27,0.0,0.0
20201224:2330,0.0,0.0,0.0,0.0,13.89,2.14,0.0,2020-12-24 23:30:00+00:00,0.0,13.89,0.0,0.0
20201225:0030,0.0,0.0,0.0,-3.85,13.47,2.07,0.0,2020-12-25 00:30:00+00:00,0.0,13.47,0.0,0.0
20201225:0130,58.8,45.05,0.0,8.47,13.04,2.0,0.0,2020-12-25 01:30:00+00:00,103.85,16.2853125,10.765108524687498,10.442155268946873
20201225:0230,212.41,85.35,0.0,19.95,14.55,1.31,0.0,2020-12-25 02:30:00+00:00,297.76,23.855,29.919192784,29.02161700048
20201225:0330,375.91,106.5,0.0,30.08,18.54,1.52,0.0,2020-12-25 03:30:00+00:00,482.41,33.6153125,46.4954325806875,45.10056960326687
20201225:0430,501.96,119.05,0.0,38.06,21.05,1.72,0.0,2020-12-25 04:30:00+00:00,621.01,40.456562500000004,58.06955445118749,56.327467817651865
20201225:0530,572.86,124.85,0.0,42.78,22.62,2.07,0.0,2020-12-25 05:30:00+00:00,697.71,44.423437500000006,64.0791908371875,62.15681511207187
20201225:0630,578.41,125.0,0.0,43.24,23.66,2.14,0.0,2020-12-25 06:30:00+00:00,703.41,45.6415625,64.24281777918749,62.315533245811864
20201225:0730,520.71,119.05,0.0,39.32,24.41,2.21,0.0,2020-12-25 07:30:00+00:00,639.76,44.4025,58.762563772,56.99968685884
20201225:0830,403.41,107.6,0.0,31.9,24.88,2.28,0.0,2020-12-25 08:30:00+00:00,511.01,40.8490625,47.6994076401875,46.26842541098188
20201225:0930,244.96,88.15,0.0,22.13,24.91,2.34,0.0,2020-12-25 09:30:00+00:00,333.11,35.3196875,31.867211736687498,30.911195384586872
20201225:1030,82.25,53.5,0.0,10.88,24.48,2.34,0.0,2020-12-25 10:30:00+00:00,135.75,28.7221875,13.362779479687502,12.961896095296877
20201225:1130,0.0,0.0,0.0,-1.3,23.06,1.86,0.0,2020-12-25 11:30:00+00:00,0.0,23.06,0.0,0.0
20201225:1230,0.0,0.0,0.0,0.0,21.08,2.28,0.0,2020-12-25 12:30:00+00:00,0.0,21.08,0.0,0.0
20201225:1330,0.0,0.0,0.0,0.0,19.39,2.21,0.0,2020-12-25 13:30:00+00:00,0.0,19.39,0.0,0.0
20201225:1430,0.0,0.0,0.0,0.0,18.3,2.0,0.0,2020-12-25 14:30:00+00:00,0.0,18.3,0.0,0.0
20201225:1530,0.0,0.0,0.0,0.0,17.25,1.86,0.0,2020-12-25 15:30:00+00:00,0.0,17.25,0.0,0.0
20201225:1630,0.0,0.0,0.0,0.0,16.0,1.66,0.0,2020-12-25 16:30:00+00:00,0.0,16.0,0.0,0.0
20201225:1730,0.0,0.0,0.0,0.0,14.82,1.72,0.0,2020-12-25 17:30:00+00:00,0.0,14.82,0.0,0.0
20201225:1830,0.0,0.0,0.0,0.0,13.96,1.86,0.0,2020-12-25 18:30:00+00:00,0.0,13.96,0.0,0.0
20201225:1930,0.0,0.0,0.0,0.0,13.54,2.21,0.0,2020-12-25 19:30:00+00:00,0.0,13.54,0.0,0.0
20201225:2030,0.0,0.0,0.0,0.0,13.41,2.34,0.0,2020-12-25 20:30:00+00:00,0.0,13.41,0.0,0.0
20201225:2130,0.0,0.0,0.0,0.0,13.29,2.34,0.0,2020-12-25 21:30:00+00:00,0.0,13.29,0.0,0.0
20201225:2230,0.0,0.0,0.0,0.0,13.06,2.28,0.0,2020-12-25 22:30:00+00:00,0.0,13.06,0.0,0.0
20201225:2330,0.0,0.0,0.0,0.0,12.73,2.21,0.0,2020-12-25 23:30:00+00:00,0.0,12.73,0.0,0.0
20201226:0030,0.0,0.0,0.0,-3.94,12.32,2.14,0.0,2020-12-26 00:30:00+00:00,0.0,12.32,0.0,0.0
20201226:0130,60.95,44.65,0.0,8.39,11.86,2.0,0.0,2020-12-26 01:30:00+00:00,105.6,15.16,10.996423680000001,10.6665309696
20201226:0230,219.71,84.25,0.0,19.88,13.37,1.24,0.0,2020-12-26 02:30:00+00:00,303.96000000000004,22.86875,30.668082195000007,29.748039729150005
20201226:0330,386.06,105.3,0.0,30.03,17.97,1.45,0.0,2020-12-26 03:30:00+00:00,491.36,33.325,47.41795976,45.9954209672
20201226:0430,514.66,117.25,0.0,38.03,20.59,1.93,0.0,2020-12-26 04:30:00+00:00,631.91,40.3371875,59.12047669568749,57.34686239481687
20201226:0530,586.51,122.85,0.0,42.79,22.19,2.34,0.0,2020-12-26 05:30:00+00:00,709.36,44.3575,65.168796796,63.21373289211999
20201226:0630,590.21,123.7,0.0,43.28,23.28,2.48,0.0,2020-12-26 06:30:00+00:00,713.9100000000001,45.589687500000004,65.2173428026875,63.26082251860687
20201226:0730,531.01,118.35,0.0,39.39,23.88,2.62,0.0,2020-12-26 07:30:00+00:00,649.36,44.1725,59.70706106800001,57.91584923596001
20201226:0830,413.06,106.95,0.0,31.99,24.38,2.69,0.0,2020-12-26 08:30:00+00:00,520.01,40.6303125,48.587274102687495,47.129655879606865
20201226:0930,252.61,87.9,0.0,22.23,24.38,2.69,0.0,2020-12-26 09:30:00+00:00,340.51,35.0209375,32.617863640187494,31.63932773098187
20201226:1030,86.4,54.0,0.0,10.98,23.91,2.55,0.0,2020-12-26 10:30:00+00:00,140.4,28.2975,13.84555302,13.4301864294
20201226:1130,0.0,0.0,0.0,-1.19,22.37,2.07,0.0,2020-12-26 11:30:00+00:00,0.0,22.37,0.0,0.0
20201226:1230,0.0,0.0,0.0,0.0,20.28,2.41,0.0,2020-12-26 12:30:00+00:00,0.0,20.28,0.0,0.0
20201226:1330,0.0,0.0,0.0,0.0,18.64,2.34,0.0,2020-12-26 13:30:00+00:00,0.0,18.64,0.0,0.0
20201226:1430,0.0,0.0,0.0,0.0,17.42,2.28,0.0,2020-12-26 14:30:00+00:00,0.0,17.42,0.0,0.0
20201226:1530,0.0,0.0,0.0,0.0,16.41,2.28,0.0,2020-12-26 15:30:00+00:00,0.0,16.41,0.0,0.0
20201226:1630,0.0,0.0,0.0,0.0,15.55,2.28,0.0,2020-12-26 16:30:00+00:00,0.0,15.55,0.0,0.0
20201226:1730,0.0,0.0,0.0,0.0,14.75,2.28,0.0,2020-12-26 17:30:00+00:00,0.0,14.75,0.0,0.0
20201226:1830,0.0,0.0,0.0,0.0,14.06,2.28,0.0,2020-12-26 18:30:00+00:00,0.0,14.06,0.0,0.0
20201226:1930,0.0,0.0,0.0,0.0,13.46,2.14,0.0,2020-12-26 19:30:00+00:00,0.0,13.46,0.0,0.0
20201226:2030,0.0,0.0,0.0,0.0,12.87,2.07,0.0,2020-12-26 20:30:00+00:00,0.0,12.87,0.0,0.0
20201226:2130,0.0,0.0,0.0,0.0,12.28,2.07,0.0,2020-12-26 21:30:00+00:00,0.0,12.28,0.0,0.0
20201226:2230,0.0,0.0,0.0,0.0,11.76,2.14,0.0,2020-12-26 22:30:00+00:00,0.0,11.76,0.0,0.0
20201226:2330,0.0,0.0,0.0,0.0,11.35,2.07,0.0,2020-12-26 23:30:00+00:00,0.0,11.35,0.0,0.0
20201227:0030,0.0,0.0,0.0,-4.02,10.95,2.07,0.0,2020-12-27 00:30:00+00:00,0.0,10.95,0.0,0.0
20201227:0130,61.2,44.35,0.0,8.32,10.6,2.0,0.0,2020-12-27 01:30:00+00:00,105.55000000000001,13.8984375,11.0471433671875,10.715729066171875
20201227:0230,221.41,84.0,0.0,19.82,12.47,1.38,0.0,2020-12-27 02:30:00+00:00,305.40999999999997,22.0140625,30.9240127721875,29.996292389021875
20201227:0330,390.01,104.8,0.0,29.98,17.19,1.72,0.0,2020-12-27 03:30:00+00:00,494.81,32.6528125,47.8905909756875,46.453873246416876
20201227:0430,520.91,116.55,0.0,38.02,19.93,2.41,0.0,2020-12-27 04:30:00+00:00,637.4599999999999,39.850624999999994,59.76999464675,57.9768948073475
20201227:0530,592.71,122.55,0.0,42.8,21.61,2.83,0.0,2020-12-27 05:30:00+00:00,715.26,43.961875,65.82967830074999,63.85478795172749
20201227:0630,598.01,123.25,0.0,43.33,22.71,2.62,0.0,2020-12-27 06:30:00+00:00,721.26,45.249375,65.99187303075,64.0121168398275
20201227:0730,538.41,117.85,0.0,39.47,23.15,2.28,0.0,2020-12-27 07:30:00+00:00,656.26,43.658125,60.48327593274999,58.66877765476749
20201227:0830,420.11,106.35,0.0,32.09,23.58,2.14,0.0,2020-12-27 08:30:00+00:00,526.46,40.031875,49.32225401675,47.8425863962475
20201227:0930,258.01,87.75,0.0,22.34,23.62,2.21,0.0,2020-12-27 09:30:00+00:00,345.76,34.425,33.20730904,32.2110897688
20201227:1030,89.35,54.4,0.0,11.09,23.19,2.14,0.0,2020-12-27 10:30:00+00:00,143.75,27.6821875,14.213062929687498,13.786671041796872
20201227:1130,0.0,0.0,0.0,-1.08,21.8,1.79,0.0,2020-12-27 11:30:00+00:00,0.0,21.8,0.0,0.0
20201227:1230,0.0,0.0,0.0,0.0,19.94,2.14,0.0,2020-12-27 12:30:00+00:00,0.0,19.94,0.0,0.0
20201227:1330,0.0,0.0,0.0,0.0,18.23,2.07,0.0,2020-12-27 13:30:00+00:00,0.0,18.23,0.0,0.0
20201227:1430,0.0,0.0,0.0,0.0,16.88,1.93,0.0,2020-12-27 14:30:00+00:00,0.0,16.88,0.0,0.0
20201227:1530,0.0,0.0,0.0,0.0,15.46,1.72,0.0,2020-12-27 15:30:00+00:00,0.0,15.46,0.0,0.0
20201227:1630,0.0,0.0,0.0,0.0,14.03,1.66,0.0,2020-12-27 16:30:00+00:00,0.0,14.03,0.0,0.0
20201227:1730,0.0,0.0,0.0,0.0,12.98,1.72,0.0,2020-12-27 17:30:00+00:00,0.0,12.98,0.0,0.0
20201227:1830,0.0,0.0,0.0,0.0,12.26,1.93,0.0,2020-12-27 18:30:00+00:00,0.0,12.26,0.0,0.0
20201227:1930,0.0,0.0,0.0,0.0,11.8,1.79,0.0,2020-12-27 19:30:00+00:00,0.0,11.8,0.0,0.0
20201227:2030,0.0,0.0,0.0,0.0,11.4,1.79,0.0,2020-12-27 20:30:00+00:00,0.0,11.4,0.0,0.0
20201227:2130,0.0,0.0,0.0,0.0,10.89,1.93,0.0,2020-12-27 21:30:00+00:00,0.0,10.89,0.0,0.0
20201227:2230,0.0,0.0,0.0,0.0,10.62,2.14,0.0,2020-12-27 22:30:00+00:00,0.0,10.62,0.0,0.0
20201227:2330,0.0,0.0,0.0,0.0,10.48,2.21,0.0,2020-12-27 23:30:00+00:00,0.0,10.48,0.0,0.0
20201228:0030,0.0,0.0,0.0,-4.1,10.29,2.14,0.0,2020-12-28 00:30:00+00:00,0.0,10.29,0.0,0.0
20201228:0130,59.95,43.6,0.0,8.25,10.04,2.0,0.0,2020-12-28 01:30:00+00:00,103.55000000000001,13.2759375,10.864891202187502,10.538944466121878
20201228:0230,217.96,83.15,0.0,19.76,12.68,1.03,0.0,2020-12-28 02:30:00+00:00,301.11,22.0896875,30.479056162687495,29.56468447780687
20201228:0330,384.01,103.95,0.0,29.95,17.35,0.97,0.0,2020-12-28 03:30:00+00:00,487.96,32.59875,47.238687859,45.82152722323
20201228:0430,512.21,116.1,0.0,38.0,20.27,1.1,0.0,2020-12-28 04:30:00+00:00,628.3100000000001,39.9046875,58.8977990346875,57.13086506364687
20201228:0530,584.06,121.85,0.0,42.83,22.06,1.45,0.0,2020-12-28 05:30:00+00:00,705.91,44.1196875,64.9223529866875,62.97468239708687
20201228:0630,588.96,122.65,0.0,43.39,23.36,1.86,0.0,2020-12-28 06:30:00+00:00,711.61,45.5978125,65.0048040716875,63.05465994953688
20201228:0730,528.61,117.9,0.0,39.55,24.09,2.21,0.0,2020-12-28 07:30:00+00:00,646.51,44.293437499999996,59.4121718831875,57.62980672669187
20201228:0830,410.66,106.95,0.0,32.19,24.56,2.41,0.0,2020-12-28 08:30:00+00:00,517.61,40.7353125,48.340202856687505,46.889996770986876
20201228:0930,251.76,88.05,0.0,22.45,24.59,2.34,0.0,2020-12-28 09:30:00+00:00,339.81,35.2090625,32.5239605581875,31.54824174144187
20201228:1030,87.15,54.5,0.0,11.21,24.16,2.21,0.0,2020-12-28 10:30:00+00:00,141.65,28.5865625,13.9516246371875,13.533075898071875
20201228:1130,0.0,0.0,0.0,-0.96,22.85,1.72,0.0,2020-12-28 11:30:00+00:00,0.0,22.85,0.0,0.0
20201228:1230,0.0,0.0,0.0,0.0,20.98,2.07,0.0,2020-12-28 12:30:00+00:00,0.0,20.98,0.0,0.0
20201228:1330,0.0,0.0,0.0,0.0,19.14,2.14,0.0,2020-12-28 13:30:00+00:00,0.0,19.14,0.0,0.0
20201228:1430,0.0,0.0,0.0,0.0,17.75,2.07,0.0,2020-12-28 14:30:00+00:00,0.0,17.75,0.0,0.0
20201228:1530,0.0,0.0,0.0,0.0,16.61,2.0,0.0,2020-12-28 15:30:00+00:00,0.0,16.61,0.0,0.0
20201228:1630,0.0,0.0,0.0,0.0,15.54,1.93,0.0,2020-12-28 16:30:00+00:00,0.0,15.54,0.0,0.0
20201228:1730,0.0,0.0,0.0,0.0,14.44,1.86,0.0,2020-12-28 17:30:00+00:00,0.0,14.44,0.0,0.0
20201228:1830,0.0,0.0,0.0,0.0,13.44,1.79,0.0,2020-12-28 18:30:00+00:00,0.0,13.44,0.0,0.0
20201228:1930,0.0,0.0,0.0,0.0,12.64,1.52,0.0,2020-12-28 19:30:00+00:00,0.0,12.64,0.0,0.0
20201228:2030,0.0,0.0,0.0,0.0,11.99,1.59,0.0,2020-12-28 20:30:00+00:00,0.0,11.99,0.0,0.0
20201228:2130,0.0,0.0,0.0,0.0,11.38,1.72,0.0,2020-12-28 21:30:00+00:00,0.0,11.38,0.0,0.0
20201228:2230,0.0,0.0,0.0,0.0,11.02,1.86,0.0,2020-12-28 22:30:00+00:00,0.0,11.02,0.0,0.0
20201228:2330,0.0,0.0,0.0,0.0,10.74,1.79,0.0,2020-12-28 23:30:00+00:00,0.0,10.74,0.0,0.0
20201229:0030,0.0,0.0,0.0,-4.18,10.54,1.72,0.0,2020-12-29 00:30:00+00:00,0.0,10.54,0.0,0.0
20201229:0130,58.1,42.8,0.0,8.18,10.45,1.59,0.0,2020-12-29 01:30:00+00:00,100.9,13.603124999999999,10.57297676875,10.255787465687499
20201229:0230,213.46,82.65,0.0,19.71,13.41,0.76,0.0,2020-12-29 02:30:00+00:00,296.11,22.6634375,29.901589399187504,29.00454171721188
20201229:0330,378.46,103.6,0.0,29.91,17.74,0.83,0.0,2020-12-29 03:30:00+00:00,482.05999999999995,32.80437499999999,46.62588565475,45.2271090851075
20201229:0430,507.16,115.65,0.0,38.0,20.79,1.17,0.0,2020-12-29 04:30:00+00:00,622.8100000000001,40.252812500000005,58.29116625568751,56.542431268016884
20201229:0530,579.01,121.8,0.0,42.86,22.61,1.72,0.0,2020-12-29 05:30:00+00:00,700.81,44.5103125,64.3383307166875,62.408180795186865
20201229:0630,583.71,123.05,0.0,43.46,23.76,2.07,0.0,2020-12-29 06:30:00+00:00,706.76,45.84625,64.488015827,62.553375352189995
20201229:0730,526.71,117.8,0.0,39.65,24.36,2.41,0.0,2020-12-29 07:30:00+00:00,644.51,44.5009375,59.172209324187506,57.39704304446188
20201229:0830,411.16,106.8,0.0,32.3,24.82,2.55,0.0,2020-12-29 08:30:00+00:00,517.96,41.00625,48.313949155,46.86453068035
20201229:0930,253.51,87.95,0.0,22.56,24.89,2.69,0.0,2020-12-29 09:30:00+00:00,341.46,35.560625,32.631466974750005,31.652522965507504
20201229:1030,88.65,54.85,0.0,11.33,24.42,2.69,0.0,2020-12-29 10:30:00+00:00,143.5,28.904375,14.11468331875,13.691242819187499
20201229:1130,0.0,0.0,0.0,-0.85,22.83,2.07,0.0,2020-12-29 11:30:00+00:00,0.0,22.83,0.0,0.0
20201229:1230,0.0,0.0,0.0,0.0,20.74,2.41,0.0,2020-12-29 12:30:00+00:00,0.0,20.74,0.0,0.0
20201229:1330,0.0,0.0,0.0,0.0,19.08,2.28,0.0,2020-12-29 13:30:00+00:00,0.0,19.08,0.0,0.0
20201229:1430,0.0,0.0,0.0,0.0,17.92,2.21,0.0,2020-12-29 14:30:00+00:00,0.0,17.92,0.0,0.0
20201229:1530,0.0,0.0,0.0,0.0,16.97,2.14,0.0,2020-12-29 15:30:00+00:00,0.0,16.97,0.0,0.0
20201229:1630,0.0,0.0,0.0,0.0,16.14,2.14,0.0,2020-12-29 16:30:00+00:00,0.0,16.14,0.0,0.0
20201229:1730,0.0,0.0,0.0,0.0,15.39,2.28,0.0,2020-12-29 17:30:00+00:00,0.0,15.39,0.0,0.0
20201229:1830,0.0,0.0,0.0,0.0,14.85,2.34,0.0,2020-12-29 18:30:00+00:00,0.0,14.85,0.0,0.0
20201229:1930,0.0,0.0,0.0,0.0,14.4,2.34,0.0,2020-12-29 19:30:00+00:00,0.0,14.4,0.0,0.0
20201229:2030,0.0,0.0,0.0,0.0,14.15,2.34,0.0,2020-12-29 20:30:00+00:00,0.0,14.15,0.0,0.0
20201229:2130,0.0,0.0,0.0,0.0,13.86,2.34,0.0,2020-12-29 21:30:00+00:00,0.0,13.86,0.0,0.0
20201229:2230,0.0,0.0,0.0,0.0,13.56,2.34,0.0,2020-12-29 22:30:00+00:00,0.0,13.56,0.0,0.0
20201229:2330,0.0,0.0,0.0,0.0,13.23,2.34,0.0,2020-12-29 23:30:00+00:00,0.0,13.23,0.0,0.0
20201230:0030,0.0,0.0,0.0,-4.25,12.88,2.34,0.0,2020-12-30 00:30:00+00:00,0.0,12.88,0.0,0.0
20201230:0130,55.6,42.45,0.0,8.12,12.63,2.28,0.0,2020-12-30 01:30:00+00:00,98.05000000000001,15.694062500000001,10.1882278121875,9.882580977821876
20201230:0230,207.76,83.15,0.0,19.66,14.46,1.79,0.0,2020-12-30 02:30:00+00:00,290.90999999999997,23.5509375,29.268049644187496,28.39000815486187
20201230:0330,371.76,104.5,0.0,29.89,18.05,2.14,0.0,2020-12-30 03:30:00+00:00,476.26,32.933125000000004,46.03914335275,44.6579690521675
20201230:0430,499.66,117.1,0.0,38.0,20.82,2.34,0.0,2020-12-30 04:30:00+00:00,616.76,40.09375,57.76612707499999,56.033143262749995
20201230:0530,572.66,123.0,0.0,42.89,22.92,2.83,0.0,2020-12-30 05:30:00+00:00,695.66,44.659375,63.82197885874999,61.90731949298749
20201230:0630,581.16,124.0,0.0,43.53,24.38,3.59,0.0,2020-12-30 06:30:00+00:00,705.16,46.41625,64.17320920300001,62.24801292691001
20201230:0730,525.61,118.75,0.0,39.75,24.93,3.79,0.0,2020-12-30 07:30:00+00:00,644.36,45.06625,59.00544668300001,57.23528328251001
20201230:0830,410.81,107.7,0.0,32.41,25.29,4.14,0.0,2020-12-30 08:30:00+00:00,518.51,41.4934375,48.259154843187495,46.81138019789187
20201230:0930,253.61,88.85,0.0,22.68,25.19,4.14,0.0,2020-12-30 09:30:00+00:00,342.46000000000004,35.891875,32.67938676475001,31.699005161807506
20201230:1030,89.3,55.6,0.0,11.45,24.63,3.79,0.0,2020-12-30 10:30:00+00:00,144.9,29.158125,14.236944828750001,13.809836483887501
20201230:1130,0.0,0.0,0.0,-0.73,23.1,2.69,0.0,2020-12-30 11:30:00+00:00,0.0,23.1,0.0,0.0
20201230:1230,0.0,0.0,0.0,0.0,20.76,2.62,0.0,2020-12-30 12:30:00+00:00,0.0,20.76,0.0,0.0
20201230:1330,0.0,0.0,0.0,0.0,19.28,2.62,0.0,2020-12-30 13:30:00+00:00,0.0,19.28,0.0,0.0
20201230:1430,0.0,0.0,0.0,0.0,18.24,2.62,0.0,2020-12-30 14:30:00+00:00,0.0,18.24,0.0,0.0
20201230:1530,0.0,0.0,0.0,0.0,17.46,2.62,0.0,2020-12-30 15:30:00+00:00,0.0,17.46,0.0,0.0
20201230:1630,0.0,0.0,0.0,0.0,16.73,2.55,0.0,2020-12-30 16:30:00+00:00,0.0,16.73,0.0,0.0
20201230:1730,0.0,0.0,0.0,0.0,16.03,2.48,0.0,2020-12-30 17:30:00+00:00,0.0,16.03,0.0,0.0
20201230:1830,0.0,0.0,0.0,0.0,15.35,2.48,0.0,2020-12-30 18:30:00+00:00,0.0,15.35,0.0,0.0
20201230:1930,0.0,0.0,0.0,0.0,14.92,2.41,0.0,2020-12-30 19:30:00+00:00,0.0,14.92,0.0,0.0
20201230:2030,0.0,0.0,0.0,0.0,14.52,2.41,0.0,2020-12-30 20:30:00+00:00,0.0,14.52,0.0,0.0
20201230:2130,0.0,0.0,0.0,0.0,14.17,2.48,0.0,2020-12-30 21:30:00+00:00,0.0,14.17,0.0,0.0
20201230:2230,0.0,0.0,0.0,0.0,13.81,2.48,0.0,2020-12-30 22:30:00+00:00,0.0,13.81,0.0,0.0
20201230:2330,0.0,0.0,0.0,0.0,13.4,2.34,0.0,2020-12-30 23:30:00+00:00,0.0,13.4,0.0,0.0
20201231:0030,0.0,0.0,0.0,-4.32,12.94,2.28,0.0,2020-12-31 00:30:00+00:00,0.0,12.94,0.0,0.0
20201231:0130,57.2,42.7,0.0,8.06,12.53,2.21,0.0,2020-12-31 01:30:00+00:00,99.9,15.651875,10.382228628750001,10.0707617698875
20201231:0230,213.31,83.45,0.0,19.62,13.94,1.72,0.0,2020-12-31 02:30:00+00:00,296.76,23.213749999999997,29.898636770999996,29.001677667869995
20201231:0330,379.61,104.95,0.0,29.87,17.9,2.21,0.0,2020-12-31 03:30:00+00:00,484.56,33.0425,46.819229004,45.41465213388
20201231:0430,509.86,117.15,0.0,38.01,20.55,2.62,0.0,2020-12-31 04:30:00+00:00,627.01,40.144062500000004,58.712898976187496,56.95151200690187
20201231:0530,583.71,123.1,0.0,42.94,22.5,2.97,0.0,2020-12-31 05:30:00+00:00,706.8100000000001,44.5878125,64.86615806368751,62.92017332177688
20201231:0630,590.01,123.85,0.0,43.61,23.76,3.03,0.0,2020-12-31 06:30:00+00:00,713.86,46.068125,65.06932948075001,63.11724959632751
20201231:0730,534.36,118.65,0.0,39.85,24.55,3.24,0.0,2020-12-31 07:30:00+00:00,653.01,44.956562500000004,59.8276293511875,58.03280047065187
20201231:0830,419.71,107.45,0.0,32.53,24.98,3.52,0.0,2020-12-31 08:30:00+00:00,527.16,41.45375,49.073021282999996,47.60083064451
20201231:0930,261.46,88.7,0.0,22.81,24.94,3.59,0.0,2020-12-31 09:30:00+00:00,350.15999999999997,35.8825,33.415541196,32.41307496012
20201231:1030,93.8,56.2,0.0,11.57,24.42,3.38,0.0,2020-12-31 10:30:00+00:00,150.0,29.1075,14.7412275,14.298990675
20201231:1130,0.0,0.0,0.0,-0.6,22.79,2.41,0.0,2020-12-31 11:30:00+00:00,0.0,22.79,0.0,0.0
20201231:1230,0.0,0.0,0.0,0.0,20.44,2.55,0.0,2020-12-31 12:30:00+00:00,0.0,20.44,0.0,0.0
20201231:1330,0.0,0.0,0.0,0.0,18.87,2.48,0.0,2020-12-31 13:30:00+00:00,0.0,18.87,0.0,0.0
20201231:1430,0.0,0.0,0.0,0.0,17.71,2.41,0.0,2020-12-31 14:30:00+00:00,0.0,17.71,0.0,0.0
20201231:1530,0.0,0.0,0.0,0.0,16.78,2.41,0.0,2020-12-31 15:30:00+00:00,0.0,16.78,0.0,0.0
20201231:1630,0.0,0.0,0.0,0.0,15.98,2.41,0.0,2020-12-31 16:30:00+00:00,0.0,15.98,0.0,0.0
20201231:1730,0.0,0.0,0.0,0.0,15.31,2.41,0.0,2020-12-31 17:30:00+00:00,0.0,15.31,0.0,0.0
20201231:1830,0.0,0.0,0.0,0.0,14.69,2.41,0.0,2020-12-31 18:30:00+00:00,0.0,14.69,0.0,0.0
20201231:1930,0.0,0.0,0.0,0.0,14.26,2.34,0.0,2020-12-31 19:30:00+00:00,0.0,14.26,0.0,0.0
20201231:2030,0.0,0.0,0.0,0.0,13.81,2.41,0.0,2020-12-31 20:30:00+00:00,0.0,13.81,0.0,0.0
20201231:2130,0.0,0.0,0.0,0.0,13.43,2.48,0.0,2020-12-31 21:30:00+00:00,0.0,13.43,0.0,0.0
20201231:2230,0.0,0.0,0.0,0.0,13.08,2.48,0.0,2020-12-31 22:30:00+00:00,0.0,13.08,0.0,0.0
20201231:2330,0.0,0.0,0.0,0.0,12.73,2.34,0.0,2020-12-31 23:30:00+00:00,0.0,12.73,0.0,0.0
