time,Gb(i),Gd(i),Gr(i),H_sun,T2m,WS10m,Int,ts
20200101:0030,0.0,0.0,0.0,-4.4,12.45,1.45,0.0,2020-01-01 00:30:00+00:00
20200101:0130,54.6,42.1,0.0,8.0,12.02,1.38,0.0,2020-01-01 01:30:00+00:00
20200101:0230,204.86,83.85,0.0,19.57,13.77,1.1,0.0,2020-01-01 02:30:00+00:00
20200101:0330,364.26,108.4,0.0,29.85,18.2,1.66,0.0,2020-01-01 03:30:00+00:00
20200101:0430,464.71,113.65,0.0,38.03,20.84,1.86,0.0,2020-01-01 04:30:00+00:00
20200101:0530,552.01,130.35,0.0,43.0,22.61,2.0,0.0,2020-01-01 05:30:00+00:00
20200101:0630,536.61,120.15,0.0,43.72,23.57,1.79,0.0,2020-01-01 06:30:00+00:00
20200101:0730,484.81,121.0,0.0,39.99,24.13,2.0,0.0,2020-01-01 07:30:00+00:00
20200101:0830,397.81,110.8,0.0,32.69,24.47,1.86,0.0,2020-01-01 08:30:00+00:00
20200101:0930,241.61,86.55,0.0,22.97,24.56,1.66,0.0,2020-01-01 09:30:00+00:00
20200101:1030,83.3,55.15,0.0,11.73,24.27,1.86,0.0,2020-01-01 10:30:00+00:00
20200101:1130,0.0,0.0,0.0,-0.44,23.2,1.59,0.0,2020-01-01 11:30:00+00:00
20200101:1230,0.0,0.0,0.0,0.0,21.65,1.93,0.0,2020-01-01 12:30:00+00:00
20200101:1330,0.0,0.0,0.0,0.0,20.1,1.79,0.0,2020-01-01 13:30:00+00:00
20200101:1430,0.0,0.0,0.0,0.0,18.76,1.72,0.0,2020-01-01 14:30:00+00:00
20200101:1530,0.0,0.0,0.0,0.0,17.7,1.79,0.0,2020-01-01 15:30:00+00:00
20200101:1630,0.0,0.0,0.0,0.0,16.9,2.0,0.0,2020-01-01 16:30:00+00:00
20200101:1730,0.0,0.0,0.0,0.0,16.44,2.28,0.0,2020-01-01 17:30:00+00:00
20200101:1830,0.0,0.0,0.0,0.0,16.25,2.41,0.0,2020-01-01 18:30:00+00:00
20200101:1930,0.0,0.0,0.0,0.0,16.38,2.28,0.0,2020-01-01 19:30:00+00:00
20200101:2030,0.0,0.0,0.0,0.0,16.14,2.21,0.0,2020-01-01 20:30:00+00:00
20200101:2130,0.0,0.0,0.0,0.0,15.83,2.07,0.0,2020-01-01 21:30:00+00:00
20200101:2230,0.0,0.0,0.0,0.0,15.79,1.86,0.0,2020-01-01 22:30:00+00:00
20200101:2330,0.0,0.0,0.0,0.0,15.51,1.86,0.0,2020-01-01 23:30:00+00:00
20200102:0030,0.0,0.0,0.0,-4.46,15.32,1.86,0.0,2020-01-02 00:30:00+00:00
20200102:0130,37.65,47.1,0.0,7.95,15.24,1.86,0.0,2020-01-02 01:30:00+00:00
20200102:0230,162.0,99.45,0.0,19.54,16.29,1.72,0.0,2020-01-02 02:30:00+00:00
20200102:0330,327.86,120.25,0.0,29.84,18.9,2.14,0.0,2020-01-02 03:30:00+00:00
20200102:0430,462.71,124.3,0.0,38.05,21.35,2.21,0.0,2020-01-02 04:30:00+00:00
20200102:0530,505.51,138.2,0.0,43.07,23.39,2.07,0.0,2020-01-02 05:30:00+00:00
20200102:0630,510.81,150.7,0.0,43.82,24.69,1.93,0.0,2020-01-02 06:30:00+00:00
20200102:0730,360.86,135.1,0.0,40.11,25.27,1.38,0.0,2020-01-02 07:30:00+00:00
20200102:0830,285.36,123.7,0.0,32.82,25.53,1.31,0.0,2020-01-02 08:30:00+00:00
20200102:0930,195.81,100.5,0.0,23.1,25.55,1.24,0.0,2020-01-02 09:30:00+00:00
20200102:1030,77.8,53.9,0.0,11.87,25.36,1.17,0.0,2020-01-02 10:30:00+00:00
20200102:1130,0.0,0.0,0.0,-0.31,24.56,0.69,0.0,2020-01-02 11:30:00+00:00
20200102:1230,0.0,0.0,0.0,0.0,22.8,0.83,0.0,2020-01-02 12:30:00+00:00
20200102:1330,0.0,0.0,0.0,0.0,20.78,1.03,0.0,2020-01-02 13:30:00+00:00
20200102:1430,0.0,0.0,0.0,0.0,19.8,1.1,0.0,2020-01-02 14:30:00+00:00
20200102:1530,0.0,0.0,0.0,0.0,19.63,0.83,0.0,2020-01-02 15:30:00+00:00
20200102:1630,0.0,0.0,0.0,0.0,17.96,1.59,0.0,2020-01-02 16:30:00+00:00
20200102:1730,0.0,0.0,0.0,0.0,18.43,1.86,0.0,2020-01-02 17:30:00+00:00
20200102:1830,0.0,0.0,0.0,0.0,18.43,2.41,0.0,2020-01-02 18:30:00+00:00
20200102:1930,0.0,0.0,0.0,0.0,18.52,2.34,0.0,2020-01-02 19:30:00+00:00
20200102:2030,0.0,0.0,0.0,0.0,18.14,2.34,0.0,2020-01-02 20:30:00+00:00
20200102:2130,0.0,0.0,0.0,0.0,18.06,2.41,0.0,2020-01-02 21:30:00+00:00
20200102:2230,0.0,0.0,0.0,0.0,17.86,2.55,0.0,2020-01-02 22:30:00+00:00
20200102:2330,0.0,0.0,0.0,0.0,17.62,2.83,0.0,2020-01-02 23:30:00+00:00
20200103:0030,0.0,0.0,0.0,-4.52,17.66,3.03,0.0,2020-01-03 00:30:00+00:00
20200103:0130,18.55,33.65,0.0,7.9,17.39,3.03,0.0,2020-01-03 01:30:00+00:00
20200103:0230,37.65,90.95,0.0,19.52,17.7,2.83,0.0,2020-01-03 02:30:00+00:00
20200103:0330,113.4,119.9,0.0,29.84,18.63,3.03,0.0,2020-01-03 03:30:00+00:00
20200103:0430,55.45,197.15,0.0,38.09,19.99,3.66,0.0,2020-01-03 04:30:00+00:00
20200103:0530,21.15,126.8,0.0,43.13,20.75,3.17,0.0,2020-01-03 05:30:00+00:00
20200103:0630,51.75,117.0,0.0,43.92,20.32,2.28,0.0,2020-01-03 06:30:00+00:00
20200103:0730,66.45,119.55,0.0,40.24,19.98,1.79,0.0,2020-01-03 07:30:00+00:00
20200103:0830,10.95,119.45,0.0,32.96,20.01,1.86,0.0,2020-01-03 08:30:00+00:00
20200103:0930,63.15,65.0,0.0,23.24,20.06,1.86,0.0,2020-01-03 09:30:00+00:00
20200103:1030,4.75,25.0,0.0,12.0,20.07,1.31,0.0,2020-01-03 10:30:00+00:00
20200103:1130,0.0,0.0,0.0,-0.18,19.49,1.24,0.0,2020-01-03 11:30:00+00:00
20200103:1230,0.0,0.0,0.0,0.0,18.95,1.31,0.0,2020-01-03 12:30:00+00:00
20200103:1330,0.0,0.0,0.0,0.0,18.39,1.17,0.0,2020-01-03 13:30:00+00:00
20200103:1430,0.0,0.0,0.0,0.0,17.85,1.52,0.0,2020-01-03 14:30:00+00:00
20200103:1530,0.0,0.0,0.0,0.0,17.38,1.66,0.0,2020-01-03 15:30:00+00:00
20200103:1630,0.0,0.0,0.0,0.0,17.08,1.52,0.0,2020-01-03 16:30:00+00:00
20200103:1730,0.0,0.0,0.0,0.0,16.84,1.59,0.0,2020-01-03 17:30:00+00:00
20200103:1830,0.0,0.0,0.0,0.0,16.76,1.66,0.0,2020-01-03 18:30:00+00:00
20200103:1930,0.0,0.0,0.0,0.0,16.91,0.34,0.0,2020-01-03 19:30:00+00:00
20200103:2030,0.0,0.0,0.0,0.0,15.95,1.31,0.0,2020-01-03 20:30:00+00:00
20200103:2130,0.0,0.0,0.0,0.0,15.44,1.59,0.0,2020-01-03 21:30:00+00:00
20200103:2230,0.0,0.0,0.0,0.0,15.31,1.31,0.0,2020-01-03 22:30:00+00:00
20200103:2330,0.0,0.0,0.0,0.0,15.22,1.1,0.0,2020-01-03 23:30:00+00:00
20200104:0030,0.0,0.0,0.0,-4.57,15.29,0.83,0.0,2020-01-04 00:30:00+00:00
20200104:0130,3.55,34.6,0.0,7.87,15.29,0.9,0.0,2020-01-04 01:30:00+00:00
20200104:0230,15.95,104.45,0.0,19.5,16.19,1.52,0.0,2020-01-04 02:30:00+00:00
20200104:0330,114.95,177.65,0.0,29.85,16.79,1.52,0.0,2020-01-04 03:30:00+00:00
20200104:0430,217.75,155.3,0.0,38.12,18.91,1.45,0.0,2020-01-04 04:30:00+00:00
20200104:0530,246.15,172.35,0.0,43.21,20.29,1.31,0.0,2020-01-04 05:30:00+00:00
20200104:0630,165.9,205.5,0.0,44.03,21.16,1.1,0.0,2020-01-04 06:30:00+00:00
20200104:0730,131.45,213.95,0.0,40.37,21.47,0.48,0.0,2020-01-04 07:30:00+00:00
20200104:0830,17.95,141.6,0.0,33.1,21.91,0.34,0.0,2020-01-04 08:30:00+00:00
20200104:0930,31.1,124.55,0.0,23.38,21.81,0.41,0.0,2020-01-04 09:30:00+00:00
20200104:1030,8.75,47.45,0.0,12.14,21.8,0.55,0.0,2020-01-04 10:30:00+00:00
20200104:1130,0.0,0.0,0.0,-0.05,21.4,0.55,0.0,2020-01-04 11:30:00+00:00
20200104:1230,0.0,0.0,0.0,0.0,20.92,0.97,0.0,2020-01-04 12:30:00+00:00
20200104:1330,0.0,0.0,0.0,0.0,20.22,1.24,0.0,2020-01-04 13:30:00+00:00
20200104:1430,0.0,0.0,0.0,0.0,19.6,1.31,0.0,2020-01-04 14:30:00+00:00
20200104:1530,0.0,0.0,0.0,0.0,19.15,1.31,0.0,2020-01-04 15:30:00+00:00
20200104:1630,0.0,0.0,0.0,0.0,18.82,1.24,0.0,2020-01-04 16:30:00+00:00
20200104:1730,0.0,0.0,0.0,0.0,18.53,1.24,0.0,2020-01-04 17:30:00+00:00
20200104:1830,0.0,0.0,0.0,0.0,18.33,1.1,0.0,2020-01-04 18:30:00+00:00
20200104:1930,0.0,0.0,0.0,0.0,16.65,0.83,0.0,2020-01-04 19:30:00+00:00
20200104:2030,0.0,0.0,0.0,0.0,15.92,0.83,0.0,2020-01-04 20:30:00+00:00
20200104:2130,0.0,0.0,0.0,0.0,16.25,0.48,0.0,2020-01-04 21:30:00+00:00
20200104:2230,0.0,0.0,0.0,0.0,16.28,0.41,0.0,2020-01-04 22:30:00+00:00
20200104:2330,0.0,0.0,0.0,0.0,15.53,0.9,0.0,2020-01-04 23:30:00+00:00
20200105:0030,0.0,0.0,0.0,-4.62,15.55,1.17,0.0,2020-01-05 00:30:00+00:00
20200105:0130,3.15,37.25,0.0,7.83,15.93,1.31,0.0,2020-01-05 01:30:00+00:00
20200105:0230,8.25,98.05,0.0,19.48,17.01,1.52,0.0,2020-01-05 02:30:00+00:00
20200105:0330,46.6,115.65,0.0,29.86,17.98,2.14,0.0,2020-01-05 03:30:00+00:00
20200105:0430,50.25,142.0,0.0,38.17,18.56,2.69,0.0,2020-01-05 04:30:00+00:00
20200105:0530,37.7,197.35,0.0,43.29,19.1,2.9,0.0,2020-01-05 05:30:00+00:00
20200105:0630,89.05,244.55,0.0,44.15,19.96,2.76,0.0,2020-01-05 06:30:00+00:00
20200105:0730,184.05,204.9,0.0,40.51,20.71,2.48,0.0,2020-01-05 07:30:00+00:00
20200105:0830,289.11,143.75,0.0,33.25,21.41,2.55,0.0,2020-01-05 08:30:00+00:00
20200105:0930,172.2,100.8,0.0,23.53,21.83,2.76,0.0,2020-01-05 09:30:00+00:00
20200105:1030,53.35,65.25,0.0,12.28,21.58,2.97,0.0,2020-01-05 10:30:00+00:00
20200105:1130,0.0,8.3,0.0,0.09,20.75,2.41,0.0,2020-01-05 11:30:00+00:00
20200105:1230,0.0,0.0,0.0,0.0,19.26,2.0,0.0,2020-01-05 12:30:00+00:00
20200105:1330,0.0,0.0,0.0,0.0,18.17,1.86,0.0,2020-01-05 13:30:00+00:00
20200105:1430,0.0,0.0,0.0,0.0,17.28,1.86,0.0,2020-01-05 14:30:00+00:00
20200105:1530,0.0,0.0,0.0,0.0,16.21,1.79,0.0,2020-01-05 15:30:00+00:00
20200105:1630,0.0,0.0,0.0,0.0,15.11,1.86,0.0,2020-01-05 16:30:00+00:00
20200105:1730,0.0,0.0,0.0,0.0,14.3,1.93,0.0,2020-01-05 17:30:00+00:00
20200105:1830,0.0,0.0,0.0,0.0,13.67,2.07,0.0,2020-01-05 18:30:00+00:00
20200105:1930,0.0,0.0,0.0,0.0,13.15,1.79,0.0,2020-01-05 19:30:00+00:00
20200105:2030,0.0,0.0,0.0,0.0,12.55,1.79,0.0,2020-01-05 20:30:00+00:00
20200105:2130,0.0,0.0,0.0,0.0,12.02,1.72,0.0,2020-01-05 21:30:00+00:00
20200105:2230,0.0,0.0,0.0,0.0,11.61,1.86,0.0,2020-01-05 22:30:00+00:00
20200105:2330,0.0,0.0,0.0,0.0,11.22,1.66,0.0,2020-01-05 23:30:00+00:00
20200106:0030,0.0,0.0,0.0,-4.66,11.04,1.52,0.0,2020-01-06 00:30:00+00:00
20200106:0130,51.5,41.3,0.0,7.8,10.75,1.59,0.0,2020-01-06 01:30:00+00:00
20200106:0230,201.01,84.15,0.0,19.47,13.07,0.83,0.0,2020-01-06 02:30:00+00:00
20200106:0330,366.41,106.35,0.0,29.87,16.71,1.1,0.0,2020-01-06 03:30:00+00:00
20200106:0430,497.11,119.05,0.0,38.22,18.92,1.86,0.0,2020-01-06 04:30:00+00:00
20200106:0530,566.96,128.75,0.0,43.38,20.34,2.76,0.0,2020-01-06 05:30:00+00:00
20200106:0630,452.96,159.05,0.0,44.28,21.14,2.83,0.0,2020-01-06 06:30:00+00:00
20200106:0730,426.16,167.3,0.0,40.66,21.45,2.76,0.0,2020-01-06 07:30:00+00:00
20200106:0830,322.76,142.95,0.0,33.4,21.78,2.97,0.0,2020-01-06 08:30:00+00:00
20200106:0930,229.76,97.2,0.0,23.68,21.68,2.97,0.0,2020-01-06 09:30:00+00:00
20200106:1030,82.95,62.6,0.0,12.43,21.28,2.69,0.0,2020-01-06 10:30:00+00:00
20200106:1130,0.0,7.85,0.0,0.23,20.2,1.93,0.0,2020-01-06 11:30:00+00:00
20200106:1230,0.0,0.0,0.0,0.0,18.54,2.14,0.0,2020-01-06 12:30:00+00:00
20200106:1330,0.0,0.0,0.0,0.0,17.26,2.14,0.0,2020-01-06 13:30:00+00:00
20200106:1430,0.0,0.0,0.0,0.0,16.3,2.14,0.0,2020-01-06 14:30:00+00:00
20200106:1530,0.0,0.0,0.0,0.0,15.52,2.07,0.0,2020-01-06 15:30:00+00:00
20200106:1630,0.0,0.0,0.0,0.0,14.85,2.07,0.0,2020-01-06 16:30:00+00:00
20200106:1730,0.0,0.0,0.0,0.0,14.3,2.07,0.0,2020-01-06 17:30:00+00:00
20200106:1830,0.0,0.0,0.0,0.0,13.82,2.0,0.0,2020-01-06 18:30:00+00:00
20200106:1930,0.0,0.0,0.0,0.0,13.32,2.0,0.0,2020-01-06 19:30:00+00:00
20200106:2030,0.0,0.0,0.0,0.0,12.96,2.07,0.0,2020-01-06 20:30:00+00:00
20200106:2130,0.0,0.0,0.0,0.0,12.61,2.0,0.0,2020-01-06 21:30:00+00:00
20200106:2230,0.0,0.0,0.0,0.0,12.3,1.93,0.0,2020-01-06 22:30:00+00:00
20200106:2330,0.0,0.0,0.0,0.0,11.98,1.79,0.0,2020-01-06 23:30:00+00:00
20200107:0030,0.0,0.0,0.0,-4.71,11.62,1.72,0.0,2020-01-07 00:30:00+00:00
20200107:0130,49.5,40.15,0.0,7.78,11.3,1.79,0.0,2020-01-07 01:30:00+00:00
20200107:0230,195.11,83.05,0.0,19.47,13.0,1.1,0.0,2020-01-07 02:30:00+00:00
20200107:0330,357.51,105.35,0.0,29.9,16.73,1.1,0.0,2020-01-07 03:30:00+00:00
20200107:0430,486.41,118.65,0.0,38.28,18.9,1.59,0.0,2020-01-07 04:30:00+00:00
20200107:0530,561.46,125.45,0.0,43.48,20.27,2.34,0.0,2020-01-07 05:30:00+00:00
20200107:0630,561.16,131.95,0.0,44.41,21.22,2.76,0.0,2020-01-07 06:30:00+00:00
20200107:0730,512.61,124.05,0.0,40.81,21.76,2.76,0.0,2020-01-07 07:30:00+00:00
20200107:0830,383.91,121.1,0.0,33.55,22.27,2.9,0.0,2020-01-07 08:30:00+00:00
20200107:0930,245.41,95.3,0.0,23.83,22.33,2.76,0.0,2020-01-07 09:30:00+00:00
20200107:1030,92.8,59.6,0.0,12.57,22.06,2.41,0.0,2020-01-07 10:30:00+00:00
20200107:1130,0.0,9.3,0.0,0.37,21.12,1.59,0.0,2020-01-07 11:30:00+00:00
20200107:1230,0.0,0.0,0.0,0.0,19.69,1.86,0.0,2020-01-07 12:30:00+00:00
20200107:1330,0.0,0.0,0.0,0.0,18.21,1.86,0.0,2020-01-07 13:30:00+00:00
20200107:1430,0.0,0.0,0.0,0.0,17.05,1.86,0.0,2020-01-07 14:30:00+00:00
20200107:1530,0.0,0.0,0.0,0.0,16.08,1.72,0.0,2020-01-07 15:30:00+00:00
20200107:1630,0.0,0.0,0.0,0.0,15.17,1.66,0.0,2020-01-07 16:30:00+00:00
20200107:1730,0.0,0.0,0.0,0.0,14.35,1.66,0.0,2020-01-07 17:30:00+00:00
20200107:1830,0.0,0.0,0.0,0.0,13.69,1.66,0.0,2020-01-07 18:30:00+00:00
20200107:1930,0.0,0.0,0.0,0.0,13.15,1.59,0.0,2020-01-07 19:30:00+00:00
20200107:2030,0.0,0.0,0.0,0.0,12.77,1.66,0.0,2020-01-07 20:30:00+00:00
20200107:2130,0.0,0.0,0.0,0.0,12.46,1.66,0.0,2020-01-07 21:30:00+00:00
20200107:2230,0.0,0.0,0.0,0.0,12.18,1.66,0.0,2020-01-07 22:30:00+00:00
20200107:2330,0.0,0.0,0.0,0.0,11.96,1.59,0.0,2020-01-07 23:30:00+00:00
20200108:0030,0.0,0.0,0.0,-4.74,11.84,1.45,0.0,2020-01-08 00:30:00+00:00
20200108:0130,44.2,42.1,0.0,7.76,11.87,1.38,0.0,2020-01-08 01:30:00+00:00
20200108:0230,185.31,88.45,0.0,19.47,14.17,0.69,0.0,2020-01-08 02:30:00+00:00
20200108:0330,359.16,104.9,0.0,29.92,17.94,0.83,0.0,2020-01-08 03:30:00+00:00
20200108:0430,460.26,132.85,0.0,38.34,20.06,1.45,0.0,2020-01-08 04:30:00+00:00
20200108:0530,552.51,133.45,0.0,43.59,21.37,1.79,0.0,2020-01-08 05:30:00+00:00
20200108:0630,581.11,125.7,0.0,44.55,22.42,1.93,0.0,2020-01-08 06:30:00+00:00
20200108:0730,482.96,142.5,0.0,40.97,23.12,2.0,0.0,2020-01-08 07:30:00+00:00
20200108:0830,357.56,132.8,0.0,33.72,23.49,2.0,0.0,2020-01-08 08:30:00+00:00
20200108:0930,237.11,104.85,0.0,23.99,23.52,2.28,0.0,2020-01-08 09:30:00+00:00
20200108:1030,89.65,63.0,0.0,12.72,23.15,2.28,0.0,2020-01-08 10:30:00+00:00
20200108:1130,0.0,9.05,0.0,0.51,22.16,1.59,0.0,2020-01-08 11:30:00+00:00
20200108:1230,0.0,0.0,0.0,0.0,20.58,2.07,0.0,2020-01-08 12:30:00+00:00
20200108:1330,0.0,0.0,0.0,0.0,19.27,2.0,0.0,2020-01-08 13:30:00+00:00
20200108:1430,0.0,0.0,0.0,0.0,17.99,2.21,0.0,2020-01-08 14:30:00+00:00
20200108:1530,0.0,0.0,0.0,0.0,17.28,2.07,0.0,2020-01-08 15:30:00+00:00
20200108:1630,0.0,0.0,0.0,0.0,16.73,2.0,0.0,2020-01-08 16:30:00+00:00
20200108:1730,0.0,0.0,0.0,0.0,16.38,1.79,0.0,2020-01-08 17:30:00+00:00
20200108:1830,0.0,0.0,0.0,0.0,15.95,1.66,0.0,2020-01-08 18:30:00+00:00
20200108:1930,0.0,0.0,0.0,0.0,15.83,1.31,0.0,2020-01-08 19:30:00+00:00
20200108:2030,0.0,0.0,0.0,0.0,15.69,1.31,0.0,2020-01-08 20:30:00+00:00
20200108:2130,0.0,0.0,0.0,0.0,15.4,1.59,0.0,2020-01-08 21:30:00+00:00
20200108:2230,0.0,0.0,0.0,0.0,15.36,1.79,0.0,2020-01-08 22:30:00+00:00
20200108:2330,0.0,0.0,0.0,0.0,15.17,1.86,0.0,2020-01-08 23:30:00+00:00
20200109:0030,0.0,0.0,0.0,-4.78,15.32,1.79,0.0,2020-01-09 00:30:00+00:00
20200109:0130,13.8,40.05,0.0,7.74,15.42,2.0,0.0,2020-01-09 01:30:00+00:00
20200109:0230,111.2,80.15,0.0,19.48,16.58,1.59,0.0,2020-01-09 02:30:00+00:00
20200109:0330,204.25,110.15,0.0,29.96,18.19,1.79,0.0,2020-01-09 03:30:00+00:00
20200109:0430,305.86,104.75,0.0,38.41,19.53,1.93,0.0,2020-01-09 04:30:00+00:00
20200109:0530,411.01,137.9,0.0,43.7,20.45,1.72,0.0,2020-01-09 05:30:00+00:00
20200109:0630,170.6,204.55,0.0,44.69,21.63,1.31,0.0,2020-01-09 06:30:00+00:00
20200109:0730,189.55,176.1,0.0,41.14,21.11,1.38,0.0,2020-01-09 07:30:00+00:00
20200109:0830,167.2,126.8,0.0,33.88,21.2,0.62,0.0,2020-01-09 08:30:00+00:00
20200109:0930,80.1,121.25,0.0,24.15,21.26,0.83,0.0,2020-01-09 09:30:00+00:00
20200109:1030,38.7,53.05,0.0,12.88,20.96,0.83,0.0,2020-01-09 10:30:00+00:00
20200109:1130,0.0,7.55,0.0,0.65,20.56,1.03,0.0,2020-01-09 11:30:00+00:00
20200109:1230,0.0,0.0,0.0,0.0,19.65,1.52,0.0,2020-01-09 12:30:00+00:00
20200109:1330,0.0,0.0,0.0,0.0,19.02,1.17,0.0,2020-01-09 13:30:00+00:00
20200109:1430,0.0,0.0,0.0,0.0,18.24,0.83,0.0,2020-01-09 14:30:00+00:00
20200109:1530,0.0,0.0,0.0,0.0,17.65,0.76,0.0,2020-01-09 15:30:00+00:00
20200109:1630,0.0,0.0,0.0,0.0,16.89,0.97,0.0,2020-01-09 16:30:00+00:00
20200109:1730,0.0,0.0,0.0,0.0,16.46,0.97,0.0,2020-01-09 17:30:00+00:00
20200109:1830,0.0,0.0,0.0,0.0,16.18,1.31,0.0,2020-01-09 18:30:00+00:00
20200109:1930,0.0,0.0,0.0,0.0,15.88,1.45,0.0,2020-01-09 19:30:00+00:00
20200109:2030,0.0,0.0,0.0,0.0,15.44,1.59,0.0,2020-01-09 20:30:00+00:00
20200109:2130,0.0,0.0,0.0,0.0,15.26,1.52,0.0,2020-01-09 21:30:00+00:00
20200109:2230,0.0,0.0,0.0,0.0,14.97,1.59,0.0,2020-01-09 22:30:00+00:00
20200109:2330,0.0,0.0,0.0,0.0,14.87,1.66,0.0,2020-01-09 23:30:00+00:00
20200110:0030,0.0,0.0,0.0,-4.8,15.24,1.66,0.0,2020-01-10 00:30:00+00:00
20200110:0130,17.85,42.05,0.0,7.73,15.62,1.86,0.0,2020-01-10 01:30:00+00:00
20200110:0230,117.0,93.35,0.0,19.49,16.77,2.0,0.0,2020-01-10 02:30:00+00:00
20200110:0330,232.71,151.25,0.0,30.0,18.13,3.59,0.0,2020-01-10 03:30:00+00:00
20200110:0430,249.7,198.25,0.0,38.49,19.43,3.86,0.0,2020-01-10 04:30:00+00:00
20200110:0530,267.95,196.2,0.0,43.82,20.38,3.66,0.0,2020-01-10 05:30:00+00:00
20200110:0630,53.35,271.15,0.0,44.85,21.23,3.52,0.0,2020-01-10 06:30:00+00:00
20200110:0730,136.4,259.5,0.0,41.31,21.57,3.1,0.0,2020-01-10 07:30:00+00:00
20200110:0830,167.6,161.25,0.0,34.05,21.96,2.97,0.0,2020-01-10 08:30:00+00:00
20200110:0930,152.4,125.3,0.0,24.31,21.97,2.83,0.0,2020-01-10 09:30:00+00:00
20200110:1030,66.85,66.9,0.0,13.03,21.84,2.62,0.0,2020-01-10 10:30:00+00:00
20200110:1130,0.0,9.85,0.0,0.8,20.94,2.0,0.0,2020-01-10 11:30:00+00:00
20200110:1230,0.0,0.0,0.0,0.0,19.25,2.21,0.0,2020-01-10 12:30:00+00:00
20200110:1330,0.0,0.0,0.0,0.0,18.08,2.21,0.0,2020-01-10 13:30:00+00:00
20200110:1430,0.0,0.0,0.0,0.0,16.99,2.34,0.0,2020-01-10 14:30:00+00:00
20200110:1530,0.0,0.0,0.0,0.0,16.08,2.48,0.0,2020-01-10 15:30:00+00:00
20200110:1630,0.0,0.0,0.0,0.0,15.27,2.55,0.0,2020-01-10 16:30:00+00:00
20200110:1730,0.0,0.0,0.0,0.0,14.71,2.62,0.0,2020-01-10 17:30:00+00:00
20200110:1830,0.0,0.0,0.0,0.0,14.17,2.62,0.0,2020-01-10 18:30:00+00:00
20200110:1930,0.0,0.0,0.0,0.0,13.82,2.76,0.0,2020-01-10 19:30:00+00:00
20200110:2030,0.0,0.0,0.0,0.0,13.43,2.62,0.0,2020-01-10 20:30:00+00:00
20200110:2130,0.0,0.0,0.0,0.0,12.84,2.41,0.0,2020-01-10 21:30:00+00:00
20200110:2230,0.0,0.0,0.0,0.0,12.38,2.34,0.0,2020-01-10 22:30:00+00:00
20200110:2330,0.0,0.0,0.0,0.0,12.29,2.21,0.0,2020-01-10 23:30:00+00:00
20200111:0030,0.0,0.0,0.0,-4.83,11.79,2.34,0.0,2020-01-11 00:30:00+00:00
20200111:0130,52.6,41.0,0.0,7.72,11.51,2.41,0.0,2020-01-11 01:30:00+00:00
20200111:0230,192.41,84.65,0.0,19.5,13.1,2.28,0.0,2020-01-11 02:30:00+00:00
20200111:0330,342.11,118.65,0.0,30.05,15.5,3.1,0.0,2020-01-11 03:30:00+00:00
20200111:0430,416.91,154.85,0.0,38.57,17.29,3.17,0.0,2020-01-11 04:30:00+00:00
20200111:0530,454.06,183.15,0.0,43.94,18.83,3.52,0.0,2020-01-11 05:30:00+00:00
20200111:0630,187.15,294.55,0.0,45.01,19.79,3.17,0.0,2020-01-11 06:30:00+00:00
20200111:0730,229.05,251.45,0.0,41.48,19.66,3.17,0.0,2020-01-11 07:30:00+00:00
20200111:0830,162.25,209.8,0.0,34.23,19.95,3.17,0.0,2020-01-11 08:30:00+00:00
20200111:0930,106.7,154.0,0.0,24.48,19.94,3.17,0.0,2020-01-11 09:30:00+00:00
20200111:1030,55.05,79.15,0.0,13.19,19.72,3.17,0.0,2020-01-11 10:30:00+00:00
20200111:1130,0.0,10.35,0.0,0.94,19.23,2.55,0.0,2020-01-11 11:30:00+00:00
20200111:1230,0.0,0.0,0.0,0.0,17.91,2.14,0.0,2020-01-11 12:30:00+00:00
20200111:1330,0.0,0.0,0.0,0.0,17.03,2.07,0.0,2020-01-11 13:30:00+00:00
20200111:1430,0.0,0.0,0.0,0.0,16.14,2.21,0.0,2020-01-11 14:30:00+00:00
20200111:1530,0.0,0.0,0.0,0.0,15.75,2.14,0.0,2020-01-11 15:30:00+00:00
20200111:1630,0.0,0.0,0.0,0.0,15.27,2.21,0.0,2020-01-11 16:30:00+00:00
20200111:1730,0.0,0.0,0.0,0.0,15.15,2.14,0.0,2020-01-11 17:30:00+00:00
20200111:1830,0.0,0.0,0.0,0.0,14.43,2.21,0.0,2020-01-11 18:30:00+00:00
20200111:1930,0.0,0.0,0.0,0.0,13.55,2.62,0.0,2020-01-11 19:30:00+00:00
20200111:2030,0.0,0.0,0.0,0.0,13.2,2.62,0.0,2020-01-11 20:30:00+00:00
20200111:2130,0.0,0.0,0.0,0.0,12.82,2.69,0.0,2020-01-11 21:30:00+00:00
20200111:2230,0.0,0.0,0.0,0.0,12.47,2.55,0.0,2020-01-11 22:30:00+00:00
20200111:2330,0.0,0.0,0.0,0.0,12.13,2.41,0.0,2020-01-11 23:30:00+00:00
20200112:0030,0.0,0.0,0.0,-4.85,11.82,2.28,0.0,2020-01-12 00:30:00+00:00
20200112:0130,50.45,40.6,0.0,7.72,11.51,2.14,0.0,2020-01-12 01:30:00+00:00
20200112:0230,199.71,84.8,0.0,19.53,12.69,1.86,0.0,2020-01-12 02:30:00+00:00
20200112:0330,366.66,108.0,0.0,30.1,15.38,2.41,0.0,2020-01-12 03:30:00+00:00
20200112:0430,501.51,120.75,0.0,38.67,17.48,2.55,0.0,2020-01-12 04:30:00+00:00
20200112:0530,581.61,126.75,0.0,44.08,19.34,2.62,0.0,2020-01-12 05:30:00+00:00
20200112:0630,590.41,128.9,0.0,45.18,20.6,2.62,0.0,2020-01-12 06:30:00+00:00
20200112:0730,532.86,127.3,0.0,41.66,21.49,2.69,0.0,2020-01-12 07:30:00+00:00
20200112:0830,413.96,122.0,0.0,34.41,21.97,2.55,0.0,2020-01-12 08:30:00+00:00
20200112:0930,266.26,98.4,0.0,24.65,22.08,2.55,0.0,2020-01-12 09:30:00+00:00
20200112:1030,106.55,63.35,0.0,13.35,21.82,2.55,0.0,2020-01-12 10:30:00+00:00
20200112:1130,0.0,11.5,0.0,1.09,20.82,1.93,0.0,2020-01-12 11:30:00+00:00
20200112:1230,0.0,0.0,0.0,0.0,18.97,2.28,0.0,2020-01-12 12:30:00+00:00
20200112:1330,0.0,0.0,0.0,0.0,17.41,2.28,0.0,2020-01-12 13:30:00+00:00
20200112:1430,0.0,0.0,0.0,0.0,16.31,2.21,0.0,2020-01-12 14:30:00+00:00
20200112:1530,0.0,0.0,0.0,0.0,15.41,2.14,0.0,2020-01-12 15:30:00+00:00
20200112:1630,0.0,0.0,0.0,0.0,14.61,2.07,0.0,2020-01-12 16:30:00+00:00
20200112:1730,0.0,0.0,0.0,0.0,13.9,2.14,0.0,2020-01-12 17:30:00+00:00
20200112:1830,0.0,0.0,0.0,0.0,13.36,2.14,0.0,2020-01-12 18:30:00+00:00
20200112:1930,0.0,0.0,0.0,0.0,12.92,2.14,0.0,2020-01-12 19:30:00+00:00
20200112:2030,0.0,0.0,0.0,0.0,12.54,2.21,0.0,2020-01-12 20:30:00+00:00
20200112:2130,0.0,0.0,0.0,0.0,12.22,2.14,0.0,2020-01-12 21:30:00+00:00
20200112:2230,0.0,0.0,0.0,0.0,11.91,2.07,0.0,2020-01-12 22:30:00+00:00
20200112:2330,0.0,0.0,0.0,0.0,11.59,2.0,0.0,2020-01-12 23:30:00+00:00
20200113:0030,0.0,0.0,0.0,-4.86,11.27,1.93,0.0,2020-01-13 00:30:00+00:00
20200113:0130,51.7,39.9,0.0,7.72,10.97,1.86,0.0,2020-01-13 01:30:00+00:00
20200113:0230,203.71,82.75,0.0,19.55,12.4,1.38,0.0,2020-01-13 02:30:00+00:00
20200113:0330,372.31,105.15,0.0,30.16,15.73,1.72,0.0,2020-01-13 03:30:00+00:00
20200113:0430,507.31,117.9,0.0,38.76,17.94,1.93,0.0,2020-01-13 04:30:00+00:00
20200113:0530,586.96,124.4,0.0,44.22,19.57,2.0,0.0,2020-01-13 05:30:00+00:00
20200113:0630,604.36,124.95,0.0,45.35,20.72,2.07,0.0,2020-01-13 06:30:00+00:00
20200113:0730,552.81,120.55,0.0,41.85,21.25,2.34,0.0,2020-01-13 07:30:00+00:00
20200113:0830,436.81,111.85,0.0,34.59,21.74,2.41,0.0,2020-01-13 08:30:00+00:00
20200113:0930,282.11,93.55,0.0,24.83,21.83,2.28,0.0,2020-01-13 09:30:00+00:00
20200113:1030,112.5,62.55,0.0,13.51,21.57,2.0,0.0,2020-01-13 10:30:00+00:00
20200113:1130,0.0,11.9,0.0,1.24,20.72,1.45,0.0,2020-01-13 11:30:00+00:00
20200113:1230,0.0,0.0,0.0,0.0,19.33,1.66,0.0,2020-01-13 12:30:00+00:00
20200113:1330,0.0,0.0,0.0,0.0,17.75,1.66,0.0,2020-01-13 13:30:00+00:00
20200113:1430,0.0,0.0,0.0,0.0,16.18,1.59,0.0,2020-01-13 14:30:00+00:00
20200113:1530,0.0,0.0,0.0,0.0,14.84,1.72,0.0,2020-01-13 15:30:00+00:00
20200113:1630,0.0,0.0,0.0,0.0,13.87,1.59,0.0,2020-01-13 16:30:00+00:00
20200113:1730,0.0,0.0,0.0,0.0,13.39,1.52,0.0,2020-01-13 17:30:00+00:00
20200113:1830,0.0,0.0,0.0,0.0,12.77,1.59,0.0,2020-01-13 18:30:00+00:00
20200113:1930,0.0,0.0,0.0,0.0,12.02,1.66,0.0,2020-01-13 19:30:00+00:00
20200113:2030,0.0,0.0,0.0,0.0,11.64,1.66,0.0,2020-01-13 20:30:00+00:00
20200113:2130,0.0,0.0,0.0,0.0,11.23,1.72,0.0,2020-01-13 21:30:00+00:00
20200113:2230,0.0,0.0,0.0,0.0,10.94,1.66,0.0,2020-01-13 22:30:00+00:00
20200113:2330,0.0,0.0,0.0,0.0,10.76,1.59,0.0,2020-01-13 23:30:00+00:00
20200114:0030,0.0,0.0,0.0,-4.87,10.53,1.59,0.0,2020-01-14 00:30:00+00:00
20200114:0130,53.0,39.8,0.0,7.73,10.34,1.52,0.0,2020-01-14 01:30:00+00:00
20200114:0230,207.31,82.2,0.0,19.59,13.03,0.76,0.0,2020-01-14 02:30:00+00:00
20200114:0330,377.21,104.25,0.0,30.22,16.95,0.76,0.0,2020-01-14 03:30:00+00:00
20200114:0430,511.36,117.65,0.0,38.87,19.56,0.97,0.0,2020-01-14 04:30:00+00:00
20200114:0530,590.96,124.35,0.0,44.37,21.06,0.9,0.0,2020-01-14 05:30:00+00:00
20200114:0630,604.31,124.85,0.0,45.53,22.13,0.9,0.0,2020-01-14 06:30:00+00:00
20200114:0730,552.26,120.75,0.0,42.04,22.77,0.9,0.0,2020-01-14 07:30:00+00:00
20200114:0830,440.26,110.4,0.0,34.78,23.27,1.03,0.0,2020-01-14 08:30:00+00:00
20200114:0930,283.81,92.9,0.0,25.0,23.44,1.1,0.0,2020-01-14 09:30:00+00:00
20200114:1030,114.35,62.5,0.0,13.67,23.27,1.1,0.0,2020-01-14 10:30:00+00:00
20200114:1130,0.0,12.2,0.0,1.39,22.53,0.83,0.0,2020-01-14 11:30:00+00:00
20200114:1230,0.0,0.0,0.0,0.0,21.03,0.76,0.0,2020-01-14 12:30:00+00:00
20200114:1330,0.0,0.0,0.0,0.0,20.03,0.55,0.0,2020-01-14 13:30:00+00:00
20200114:1430,0.0,0.0,0.0,0.0,19.07,0.48,0.0,2020-01-14 14:30:00+00:00
20200114:1530,0.0,0.0,0.0,0.0,18.24,0.48,0.0,2020-01-14 15:30:00+00:00
20200114:1630,0.0,0.0,0.0,0.0,17.48,0.41,0.0,2020-01-14 16:30:00+00:00
20200114:1730,0.0,0.0,0.0,0.0,16.79,0.62,0.0,2020-01-14 17:30:00+00:00
20200114:1830,0.0,0.0,0.0,0.0,15.53,0.97,0.0,2020-01-14 18:30:00+00:00
20200114:1930,0.0,0.0,0.0,0.0,14.19,1.24,0.0,2020-01-14 19:30:00+00:00
20200114:2030,0.0,0.0,0.0,0.0,13.08,1.38,0.0,2020-01-14 20:30:00+00:00
20200114:2130,0.0,0.0,0.0,0.0,12.37,1.52,0.0,2020-01-14 21:30:00+00:00
20200114:2230,0.0,0.0,0.0,0.0,12.09,1.45,0.0,2020-01-14 22:30:00+00:00
20200114:2330,0.0,0.0,0.0,0.0,12.05,1.31,0.0,2020-01-14 23:30:00+00:00
20200115:0030,0.0,0.0,0.0,-4.88,12.78,0.97,0.0,2020-01-15 00:30:00+00:00
20200115:0130,46.1,42.5,0.0,7.74,13.1,0.62,0.0,2020-01-15 01:30:00+00:00
20200115:0230,176.5,98.7,0.0,19.62,13.88,0.21,0.0,2020-01-15 02:30:00+00:00
20200115:0330,372.16,106.1,0.0,30.29,17.77,0.34,0.0,2020-01-15 03:30:00+00:00
20200115:0430,514.06,117.2,0.0,38.98,20.81,0.55,0.0,2020-01-15 04:30:00+00:00
20200115:0530,595.71,123.2,0.0,44.52,22.54,1.1,0.0,2020-01-15 05:30:00+00:00
20200115:0630,608.31,124.25,0.0,45.72,23.74,1.38,0.0,2020-01-15 06:30:00+00:00
20200115:0730,558.16,119.45,0.0,42.24,24.48,1.52,0.0,2020-01-15 07:30:00+00:00
20200115:0830,447.11,109.25,0.0,34.97,25.03,1.59,0.0,2020-01-15 08:30:00+00:00
20200115:0930,290.16,92.05,0.0,25.18,25.17,1.72,0.0,2020-01-15 09:30:00+00:00
20200115:1030,118.5,62.55,0.0,13.84,24.89,1.79,0.0,2020-01-15 10:30:00+00:00
20200115:1130,0.0,12.65,0.0,1.55,23.87,1.45,0.0,2020-01-15 11:30:00+00:00
20200115:1230,0.0,0.0,0.0,0.0,22.16,1.79,0.0,2020-01-15 12:30:00+00:00
20200115:1330,0.0,0.0,0.0,0.0,20.28,1.79,0.0,2020-01-15 13:30:00+00:00
20200115:1430,0.0,0.0,0.0,0.0,18.67,1.79,0.0,2020-01-15 14:30:00+00:00
20200115:1530,0.0,0.0,0.0,0.0,17.17,1.59,0.0,2020-01-15 15:30:00+00:00
20200115:1630,0.0,0.0,0.0,0.0,15.94,1.59,0.0,2020-01-15 16:30:00+00:00
20200115:1730,0.0,0.0,0.0,0.0,15.12,1.66,0.0,2020-01-15 17:30:00+00:00
20200115:1830,0.0,0.0,0.0,0.0,14.5,1.79,0.0,2020-01-15 18:30:00+00:00
20200115:1930,0.0,0.0,0.0,0.0,14.19,1.59,0.0,2020-01-15 19:30:00+00:00
20200115:2030,0.0,0.0,0.0,0.0,13.76,1.66,0.0,2020-01-15 20:30:00+00:00
20200115:2130,0.0,0.0,0.0,0.0,13.4,1.72,0.0,2020-01-15 21:30:00+00:00
20200115:2230,0.0,0.0,0.0,0.0,13.16,1.86,0.0,2020-01-15 22:30:00+00:00
20200115:2330,0.0,0.0,0.0,0.0,12.96,1.86,0.0,2020-01-15 23:30:00+00:00
20200116:0030,0.0,0.0,0.0,-4.88,12.78,1.86,0.0,2020-01-16 00:30:00+00:00
20200116:0130,52.45,39.5,0.0,7.76,12.57,1.72,0.0,2020-01-16 01:30:00+00:00
20200116:0230,207.56,80.6,0.0,19.67,15.07,0.9,0.0,2020-01-16 02:30:00+00:00
20200116:0330,377.21,102.6,0.0,30.37,19.32,0.9,0.0,2020-01-16 03:30:00+00:00
20200116:0430,510.21,116.85,0.0,39.09,22.01,0.97,0.0,2020-01-16 04:30:00+00:00
20200116:0530,590.31,123.7,0.0,44.68,23.72,1.03,0.0,2020-01-16 05:30:00+00:00
20200116:0630,601.86,125.1,0.0,45.91,24.88,1.03,0.0,2020-01-16 06:30:00+00:00
20200116:0730,551.41,120.95,0.0,42.45,25.7,0.97,0.0,2020-01-16 07:30:00+00:00
20200116:0830,442.16,110.55,0.0,35.17,26.21,0.9,0.0,2020-01-16 08:30:00+00:00
20200116:0930,286.81,93.35,0.0,25.36,26.39,1.03,0.0,2020-01-16 09:30:00+00:00
20200116:1030,117.2,63.55,0.0,14.01,26.19,1.24,0.0,2020-01-16 10:30:00+00:00
20200116:1130,0.0,13.1,0.0,1.7,25.35,1.17,0.0,2020-01-16 11:30:00+00:00
20200116:1230,0.0,0.0,0.0,0.0,23.78,1.66,0.0,2020-01-16 12:30:00+00:00
20200116:1330,0.0,0.0,0.0,0.0,21.92,1.93,0.0,2020-01-16 13:30:00+00:00
20200116:1430,0.0,0.0,0.0,0.0,20.4,2.0,0.0,2020-01-16 14:30:00+00:00
20200116:1530,0.0,0.0,0.0,0.0,19.18,1.93,0.0,2020-01-16 15:30:00+00:00
20200116:1630,0.0,0.0,0.0,0.0,18.14,1.93,0.0,2020-01-16 16:30:00+00:00
20200116:1730,0.0,0.0,0.0,0.0,17.22,1.86,0.0,2020-01-16 17:30:00+00:00
20200116:1830,0.0,0.0,0.0,0.0,16.53,1.86,0.0,2020-01-16 18:30:00+00:00
20200116:1930,0.0,0.0,0.0,0.0,15.97,1.38,0.0,2020-01-16 19:30:00+00:00
20200116:2030,0.0,0.0,0.0,0.0,15.74,1.17,0.0,2020-01-16 20:30:00+00:00
20200116:2130,0.0,0.0,0.0,0.0,15.93,0.97,0.0,2020-01-16 21:30:00+00:00
20200116:2230,0.0,0.0,0.0,0.0,15.83,0.83,0.0,2020-01-16 22:30:00+00:00
20200116:2330,0.0,0.0,0.0,0.0,14.39,0.9,0.0,2020-01-16 23:30:00+00:00
20200117:0030,0.0,0.0,0.0,-4.88,13.89,0.55,0.0,2020-01-17 00:30:00+00:00
20200117:0130,19.5,41.65,0.0,7.79,13.87,0.69,0.0,2020-01-17 01:30:00+00:00
20200117:0230,59.1,125.8,0.0,19.71,15.17,0.41,0.0,2020-01-17 02:30:00+00:00
20200117:0330,172.8,190.45,0.0,30.45,17.15,0.34,0.0,2020-01-17 03:30:00+00:00
20200117:0430,300.76,184.65,0.0,39.22,20.11,0.48,0.0,2020-01-17 04:30:00+00:00
20200117:0530,577.56,133.1,0.0,44.85,22.64,0.55,0.0,2020-01-17 05:30:00+00:00
20200117:0630,616.91,122.25,0.0,46.11,24.81,0.69,0.0,2020-01-17 06:30:00+00:00
20200117:0730,570.31,116.4,0.0,42.66,26.24,0.62,0.0,2020-01-17 07:30:00+00:00
20200117:0830,455.51,109.1,0.0,35.37,26.88,0.62,0.0,2020-01-17 08:30:00+00:00
20200117:0930,298.76,92.15,0.0,25.55,27.07,0.41,0.0,2020-01-17 09:30:00+00:00
20200117:1030,124.6,63.5,0.0,14.18,26.85,0.41,0.0,2020-01-17 10:30:00+00:00
20200117:1130,0.0,13.55,0.0,1.85,25.83,0.48,0.0,2020-01-17 11:30:00+00:00
20200117:1230,0.0,0.0,0.0,0.0,23.98,0.83,0.0,2020-01-17 12:30:00+00:00
20200117:1330,0.0,0.0,0.0,0.0,21.8,0.97,0.0,2020-01-17 13:30:00+00:00
20200117:1430,0.0,0.0,0.0,0.0,20.07,1.24,0.0,2020-01-17 14:30:00+00:00
20200117:1530,0.0,0.0,0.0,0.0,18.65,1.38,0.0,2020-01-17 15:30:00+00:00
20200117:1630,0.0,0.0,0.0,0.0,18.06,1.24,0.0,2020-01-17 16:30:00+00:00
20200117:1730,0.0,0.0,0.0,0.0,18.63,0.9,0.0,2020-01-17 17:30:00+00:00
20200117:1830,0.0,0.0,0.0,0.0,18.14,0.55,0.0,2020-01-17 18:30:00+00:00
20200117:1930,0.0,0.0,0.0,0.0,17.92,0.69,0.0,2020-01-17 19:30:00+00:00
20200117:2030,0.0,0.0,0.0,0.0,17.41,0.62,0.0,2020-01-17 20:30:00+00:00
20200117:2130,0.0,0.0,0.0,0.0,16.8,0.62,0.0,2020-01-17 21:30:00+00:00
20200117:2230,0.0,0.0,0.0,0.0,16.2,0.62,0.0,2020-01-17 22:30:00+00:00
20200117:2330,0.0,0.0,0.0,0.0,15.83,0.62,0.0,2020-01-17 23:30:00+00:00
20200118:0030,0.0,0.0,0.0,-4.87,15.16,0.62,0.0,2020-01-18 00:30:00+00:00
20200118:0130,12.05,50.35,0.0,7.81,14.34,0.69,0.0,2020-01-18 01:30:00+00:00
20200118:0230,47.35,136.05,0.0,19.77,14.97,0.21,0.0,2020-01-18 02:30:00+00:00
20200118:0330,95.35,235.15,0.0,30.54,17.27,0.14,0.0,2020-01-18 03:30:00+00:00
20200118:0430,400.76,171.9,0.0,39.35,20.25,0.21,0.0,2020-01-18 04:30:00+00:00
20200118:0530,536.01,160.35,0.0,45.02,23.39,0.14,0.0,2020-01-18 05:30:00+00:00
20200118:0630,619.56,121.5,0.0,46.32,24.98,0.0,0.0,2020-01-18 06:30:00+00:00
20200118:0730,566.56,119.55,0.0,42.87,26.41,0.55,0.0,2020-01-18 07:30:00+00:00
20200118:0830,450.11,105.5,0.0,35.58,26.92,0.76,0.0,2020-01-18 08:30:00+00:00
20200118:0930,298.81,92.15,0.0,25.74,27.01,0.9,0.0,2020-01-18 09:30:00+00:00
20200118:1030,125.3,64.1,0.0,14.35,26.8,0.9,0.0,2020-01-18 10:30:00+00:00
20200118:1130,0.0,14.05,0.0,2.01,25.81,0.55,0.0,2020-01-18 11:30:00+00:00
20200118:1230,0.0,0.0,0.0,0.0,24.43,0.41,0.0,2020-01-18 12:30:00+00:00
20200118:1330,0.0,0.0,0.0,0.0,23.37,0.14,0.0,2020-01-18 13:30:00+00:00
20200118:1430,0.0,0.0,0.0,0.0,22.29,0.14,0.0,2020-01-18 14:30:00+00:00
20200118:1530,0.0,0.0,0.0,0.0,21.26,0.21,0.0,2020-01-18 15:30:00+00:00
20200118:1630,0.0,0.0,0.0,0.0,20.34,0.48,0.0,2020-01-18 16:30:00+00:00
20200118:1730,0.0,0.0,0.0,0.0,18.79,1.03,0.0,2020-01-18 17:30:00+00:00
20200118:1830,0.0,0.0,0.0,0.0,16.22,1.59,0.0,2020-01-18 18:30:00+00:00
20200118:1930,0.0,0.0,0.0,0.0,15.26,2.14,0.0,2020-01-18 19:30:00+00:00
20200118:2030,0.0,0.0,0.0,0.0,14.95,2.21,0.0,2020-01-18 20:30:00+00:00
20200118:2130,0.0,0.0,0.0,0.0,14.68,2.14,0.0,2020-01-18 21:30:00+00:00
20200118:2230,0.0,0.0,0.0,0.0,14.48,2.14,0.0,2020-01-18 22:30:00+00:00
20200118:2330,0.0,0.0,0.0,0.0,14.26,2.0,0.0,2020-01-18 23:30:00+00:00
20200119:0030,0.0,0.0,0.0,-4.86,14.14,2.07,0.0,2020-01-19 00:30:00+00:00
20200119:0130,46.05,39.35,0.0,7.84,14.09,2.0,0.0,2020-01-19 01:30:00+00:00
20200119:0230,183.7,90.0,0.0,19.83,15.9,1.59,0.0,2020-01-19 02:30:00+00:00
20200119:0330,351.51,109.2,0.0,30.63,19.26,1.93,0.0,2020-01-19 03:30:00+00:00
20200119:0430,485.71,126.45,0.0,39.48,21.63,1.86,0.0,2020-01-19 04:30:00+00:00
20200119:0530,578.96,127.5,0.0,45.2,23.73,1.79,0.0,2020-01-19 05:30:00+00:00
20200119:0630,553.86,141.05,0.0,46.53,24.99,1.59,0.0,2020-01-19 06:30:00+00:00
20200119:0730,536.66,129.55,0.0,43.09,25.89,0.9,0.0,2020-01-19 07:30:00+00:00
20200119:0830,433.46,118.5,0.0,35.78,26.35,1.03,0.0,2020-01-19 08:30:00+00:00
20200119:0930,253.46,96.6,0.0,25.93,26.42,1.1,0.0,2020-01-19 09:30:00+00:00
20200119:1030,100.3,62.3,0.0,14.52,26.12,1.45,0.0,2020-01-19 10:30:00+00:00
20200119:1130,0.0,13.3,0.0,2.17,24.86,1.93,0.0,2020-01-19 11:30:00+00:00
20200119:1230,0.0,0.0,0.0,0.0,22.98,2.62,0.0,2020-01-19 12:30:00+00:00
20200119:1330,0.0,0.0,0.0,0.0,21.84,2.83,0.0,2020-01-19 13:30:00+00:00
20200119:1430,0.0,0.0,0.0,0.0,20.95,2.9,0.0,2020-01-19 14:30:00+00:00
20200119:1530,0.0,0.0,0.0,0.0,20.05,3.03,0.0,2020-01-19 15:30:00+00:00
20200119:1630,0.0,0.0,0.0,0.0,19.24,2.9,0.0,2020-01-19 16:30:00+00:00
20200119:1730,0.0,0.0,0.0,0.0,18.53,2.69,0.0,2020-01-19 17:30:00+00:00
20200119:1830,0.0,0.0,0.0,0.0,17.99,2.41,0.0,2020-01-19 18:30:00+00:00
20200119:1930,0.0,0.0,0.0,0.0,17.73,2.34,0.0,2020-01-19 19:30:00+00:00
20200119:2030,0.0,0.0,0.0,0.0,17.6,2.14,0.0,2020-01-19 20:30:00+00:00
20200119:2130,0.0,0.0,0.0,0.0,17.59,2.28,0.0,2020-01-19 21:30:00+00:00
20200119:2230,0.0,0.0,0.0,0.0,17.75,2.14,0.0,2020-01-19 22:30:00+00:00
20200119:2330,0.0,0.0,0.0,0.0,17.78,2.28,0.0,2020-01-19 23:30:00+00:00
20200120:0030,0.0,0.0,0.0,-4.85,17.76,2.21,0.0,2020-01-20 00:30:00+00:00
20200120:0130,7.8,24.6,0.0,7.88,17.69,2.34,0.0,2020-01-20 01:30:00+00:00
20200120:0230,32.35,81.0,0.0,19.89,17.84,2.55,0.0,2020-01-20 02:30:00+00:00
20200120:0330,127.1,177.75,0.0,30.73,18.3,2.76,0.0,2020-01-20 03:30:00+00:00
20200120:0430,186.25,167.35,0.0,39.62,19.22,2.97,0.0,2020-01-20 04:30:00+00:00
20200120:0530,184.75,217.7,0.0,45.39,19.44,2.97,0.0,2020-01-20 05:30:00+00:00
20200120:0630,326.31,233.55,0.0,46.75,19.87,2.97,0.0,2020-01-20 06:30:00+00:00
20200120:0730,378.21,187.85,0.0,43.31,21.55,2.76,0.0,2020-01-20 07:30:00+00:00
20200120:0830,332.36,145.3,0.0,36.0,22.11,2.76,0.0,2020-01-20 08:30:00+00:00
20200120:0930,228.36,109.9,0.0,26.12,22.24,2.62,0.0,2020-01-20 09:30:00+00:00
20200120:1030,99.65,68.45,0.0,14.69,22.07,2.34,0.0,2020-01-20 10:30:00+00:00
20200120:1130,9.7,12.54,0.0,2.32,21.35,1.79,0.0,2020-01-20 11:30:00+00:00
20200120:1230,0.0,0.0,0.0,0.0,20.02,1.79,0.0,2020-01-20 12:30:00+00:00
20200120:1330,0.0,0.0,0.0,0.0,18.97,1.52,0.0,2020-01-20 13:30:00+00:00
20200120:1430,0.0,0.0,0.0,0.0,17.72,1.31,0.0,2020-01-20 14:30:00+00:00
20200120:1530,0.0,0.0,0.0,0.0,16.61,1.03,0.0,2020-01-20 15:30:00+00:00
20200120:1630,0.0,0.0,0.0,0.0,16.13,0.97,0.0,2020-01-20 16:30:00+00:00
20200120:1730,0.0,0.0,0.0,0.0,15.19,1.1,0.0,2020-01-20 17:30:00+00:00
20200120:1830,0.0,0.0,0.0,0.0,14.47,1.1,0.0,2020-01-20 18:30:00+00:00
20200120:1930,0.0,0.0,0.0,0.0,12.66,1.86,0.0,2020-01-20 19:30:00+00:00
20200120:2030,0.0,0.0,0.0,0.0,12.31,1.86,0.0,2020-01-20 20:30:00+00:00
20200120:2130,0.0,0.0,0.0,0.0,11.99,1.93,0.0,2020-01-20 21:30:00+00:00
20200120:2230,0.0,0.0,0.0,0.0,11.79,1.86,0.0,2020-01-20 22:30:00+00:00
20200120:2330,0.0,0.0,0.0,0.0,11.61,1.72,0.0,2020-01-20 23:30:00+00:00
20200121:0030,0.0,0.0,0.0,-4.83,11.4,1.66,0.0,2020-01-21 00:30:00+00:00
20200121:0130,44.55,45.1,0.0,7.92,11.21,1.52,0.0,2020-01-21 01:30:00+00:00
20200121:0230,177.75,84.0,0.0,19.96,13.5,0.9,0.0,2020-01-21 02:30:00+00:00
20200121:0330,366.71,112.0,0.0,30.83,17.38,0.9,0.0,2020-01-21 03:30:00+00:00
20200121:0430,513.51,121.6,0.0,39.77,19.92,1.31,0.0,2020-01-21 04:30:00+00:00
20200121:0530,590.21,131.8,0.0,45.58,21.24,1.38,0.0,2020-01-21 05:30:00+00:00
20200121:0630,590.36,142.95,0.0,46.97,22.22,1.52,0.0,2020-01-21 06:30:00+00:00
20200121:0730,540.01,140.55,0.0,43.54,22.85,1.66,0.0,2020-01-21 07:30:00+00:00
20200121:0830,446.81,119.65,0.0,36.21,23.35,1.93,0.0,2020-01-21 08:30:00+00:00
20200121:0930,298.01,98.2,0.0,26.31,23.5,2.07,0.0,2020-01-21 09:30:00+00:00
20200121:1030,125.4,68.3,0.0,14.87,23.23,2.07,0.0,2020-01-21 10:30:00+00:00
20200121:1130,12.9,12.42,0.0,2.48,22.44,1.52,0.0,2020-01-21 11:30:00+00:00
20200121:1230,0.0,0.0,0.0,0.0,21.04,1.52,0.0,2020-01-21 12:30:00+00:00
20200121:1330,0.0,0.0,0.0,0.0,19.49,1.38,0.0,2020-01-21 13:30:00+00:00
20200121:1430,0.0,0.0,0.0,0.0,17.82,1.38,0.0,2020-01-21 14:30:00+00:00
20200121:1530,0.0,0.0,0.0,0.0,16.54,1.45,0.0,2020-01-21 15:30:00+00:00
20200121:1630,0.0,0.0,0.0,0.0,15.34,1.59,0.0,2020-01-21 16:30:00+00:00
20200121:1730,0.0,0.0,0.0,0.0,14.47,1.59,0.0,2020-01-21 17:30:00+00:00
20200121:1830,0.0,0.0,0.0,0.0,13.93,1.52,0.0,2020-01-21 18:30:00+00:00
20200121:1930,0.0,0.0,0.0,0.0,13.16,1.79,0.0,2020-01-21 19:30:00+00:00
20200121:2030,0.0,0.0,0.0,0.0,12.66,1.72,0.0,2020-01-21 20:30:00+00:00
20200121:2130,0.0,0.0,0.0,0.0,12.21,1.72,0.0,2020-01-21 21:30:00+00:00
20200121:2230,0.0,0.0,0.0,0.0,11.81,1.66,0.0,2020-01-21 22:30:00+00:00
20200121:2330,0.0,0.0,0.0,0.0,11.5,1.66,0.0,2020-01-21 23:30:00+00:00
20200122:0030,0.0,0.0,0.0,-4.8,11.36,1.59,0.0,2020-01-22 00:30:00+00:00
20200122:0130,52.6,41.4,0.0,7.97,11.57,1.31,0.0,2020-01-22 01:30:00+00:00
20200122:0230,208.06,84.95,0.0,20.03,14.35,0.62,0.0,2020-01-22 02:30:00+00:00
20200122:0330,381.36,107.0,0.0,30.94,17.84,0.62,0.0,2020-01-22 03:30:00+00:00
20200122:0430,516.71,122.0,0.0,39.92,20.47,0.69,0.0,2020-01-22 04:30:00+00:00
20200122:0530,595.96,130.6,0.0,45.78,22.04,0.41,0.0,2020-01-22 05:30:00+00:00
20200122:0630,615.46,130.25,0.0,47.2,23.18,0.62,0.0,2020-01-22 06:30:00+00:00
20200122:0730,565.76,126.0,0.0,43.78,23.7,1.03,0.0,2020-01-22 07:30:00+00:00
20200122:0830,454.56,116.1,0.0,36.43,24.28,1.31,0.0,2020-01-22 08:30:00+00:00
20200122:0930,299.86,97.4,0.0,26.51,24.5,1.31,0.0,2020-01-22 09:30:00+00:00
20200122:1030,127.5,67.75,0.0,15.04,24.34,1.24,0.0,2020-01-22 10:30:00+00:00
20200122:1130,13.4,12.74,0.0,2.64,23.7,0.83,0.0,2020-01-22 11:30:00+00:00
20200122:1230,0.0,0.0,0.0,0.0,22.47,0.48,0.0,2020-01-22 12:30:00+00:00
20200122:1330,0.0,0.0,0.0,0.0,21.38,0.28,0.0,2020-01-22 13:30:00+00:00
20200122:1430,0.0,0.0,0.0,0.0,20.64,0.28,0.0,2020-01-22 14:30:00+00:00
20200122:1530,0.0,0.0,0.0,0.0,19.73,0.83,0.0,2020-01-22 15:30:00+00:00
20200122:1630,0.0,0.0,0.0,0.0,17.3,1.31,0.0,2020-01-22 16:30:00+00:00
20200122:1730,0.0,0.0,0.0,0.0,16.28,1.52,0.0,2020-01-22 17:30:00+00:00
20200122:1830,0.0,0.0,0.0,0.0,15.82,1.59,0.0,2020-01-22 18:30:00+00:00
20200122:1930,0.0,0.0,0.0,0.0,15.44,1.38,0.0,2020-01-22 19:30:00+00:00
20200122:2030,0.0,0.0,0.0,0.0,15.34,1.24,0.0,2020-01-22 20:30:00+00:00
20200122:2130,0.0,0.0,0.0,0.0,15.27,1.1,0.0,2020-01-22 21:30:00+00:00
20200122:2230,0.0,0.0,0.0,0.0,16.22,0.62,0.0,2020-01-22 22:30:00+00:00
20200122:2330,0.0,0.0,0.0,0.0,15.97,0.0,0.0,2020-01-22 23:30:00+00:00
20200123:0030,0.0,0.0,0.0,-4.77,15.68,0.55,0.0,2020-01-23 00:30:00+00:00
20200123:0130,38.75,43.6,0.0,8.02,15.46,0.69,0.0,2020-01-23 01:30:00+00:00
20200123:0230,139.6,106.0,0.0,20.11,16.11,0.34,0.0,2020-01-23 02:30:00+00:00
20200123:0330,236.6,131.85,0.0,31.06,19.28,0.41,0.0,2020-01-23 03:30:00+00:00
20200123:0430,359.41,155.75,0.0,40.08,21.02,0.9,0.0,2020-01-23 04:30:00+00:00
20200123:0530,449.21,170.15,0.0,45.99,22.44,1.52,0.0,2020-01-23 05:30:00+00:00
20200123:0630,425.01,173.7,0.0,47.44,23.32,2.07,0.0,2020-01-23 06:30:00+00:00
20200123:0730,225.9,214.3,0.0,44.01,23.85,1.86,0.0,2020-01-23 07:30:00+00:00
20200123:0830,53.05,239.85,0.0,36.65,23.81,2.28,0.0,2020-01-23 08:30:00+00:00
20200123:0930,53.3,116.3,0.0,26.71,23.63,2.41,0.0,2020-01-23 09:30:00+00:00
20200123:1030,51.05,66.9,0.0,15.22,23.03,2.48,0.0,2020-01-23 10:30:00+00:00
20200123:1130,6.75,12.72,0.0,2.8,22.38,2.28,0.0,2020-01-23 11:30:00+00:00
20200123:1230,0.0,0.0,0.0,0.0,20.91,1.93,0.0,2020-01-23 12:30:00+00:00
20200123:1330,0.0,0.0,0.0,0.0,19.87,1.52,0.0,2020-01-23 13:30:00+00:00
20200123:1430,0.0,0.0,0.0,0.0,18.89,0.97,0.0,2020-01-23 14:30:00+00:00
20200123:1530,0.0,0.0,0.0,0.0,18.92,0.62,0.0,2020-01-23 15:30:00+00:00
20200123:1630,0.0,0.0,0.0,0.0,16.77,1.59,0.0,2020-01-23 16:30:00+00:00
20200123:1730,0.0,0.0,0.0,0.0,16.67,1.86,0.0,2020-01-23 17:30:00+00:00
20200123:1830,0.0,0.0,0.0,0.0,16.36,2.0,0.0,2020-01-23 18:30:00+00:00
20200123:1930,0.0,0.0,0.0,0.0,15.88,1.38,0.0,2020-01-23 19:30:00+00:00
20200123:2030,0.0,0.0,0.0,0.0,16.44,0.97,0.0,2020-01-23 20:30:00+00:00
20200123:2130,0.0,0.0,0.0,0.0,15.72,1.1,0.0,2020-01-23 21:30:00+00:00
20200123:2230,0.0,0.0,0.0,0.0,14.37,1.66,0.0,2020-01-23 22:30:00+00:00
20200123:2330,0.0,0.0,0.0,0.0,13.88,1.93,0.0,2020-01-23 23:30:00+00:00
20200124:0030,0.0,0.0,0.0,-4.73,13.29,1.93,0.0,2020-01-24 00:30:00+00:00
20200124:0130,44.85,43.9,0.0,8.08,12.9,1.86,0.0,2020-01-24 01:30:00+00:00
20200124:0230,167.35,103.95,0.0,20.2,14.39,1.66,0.0,2020-01-24 02:30:00+00:00
20200124:0330,372.21,111.85,0.0,31.18,17.36,1.93,0.0,2020-01-24 03:30:00+00:00
20200124:0430,539.41,118.75,0.0,40.25,19.96,2.48,0.0,2020-01-24 04:30:00+00:00
20200124:0530,632.11,124.45,0.0,46.2,21.41,2.41,0.0,2020-01-24 05:30:00+00:00
20200124:0630,647.36,126.6,0.0,47.68,22.36,2.14,0.0,2020-01-24 06:30:00+00:00
20200124:0730,598.81,125.1,0.0,44.26,23.09,2.0,0.0,2020-01-24 07:30:00+00:00
20200124:0830,496.31,111.9,0.0,36.87,23.59,2.34,0.0,2020-01-24 08:30:00+00:00
20200124:0930,331.96,96.75,0.0,26.91,23.72,2.48,0.0,2020-01-24 09:30:00+00:00
20200124:1030,148.9,68.5,0.0,15.4,23.37,2.41,0.0,2020-01-24 10:30:00+00:00
20200124:1130,17.3,13.68,0.0,2.95,22.24,1.79,0.0,2020-01-24 11:30:00+00:00
20200124:1230,0.0,0.0,0.0,0.0,20.52,2.07,0.0,2020-01-24 12:30:00+00:00
20200124:1330,0.0,0.0,0.0,0.0,18.74,1.86,0.0,2020-01-24 13:30:00+00:00
20200124:1430,0.0,0.0,0.0,0.0,17.06,1.86,0.0,2020-01-24 14:30:00+00:00
20200124:1530,0.0,0.0,0.0,0.0,15.55,2.0,0.0,2020-01-24 15:30:00+00:00
20200124:1630,0.0,0.0,0.0,0.0,14.48,2.28,0.0,2020-01-24 16:30:00+00:00
20200124:1730,0.0,0.0,0.0,0.0,13.78,2.41,0.0,2020-01-24 17:30:00+00:00
20200124:1830,0.0,0.0,0.0,0.0,13.4,2.55,0.0,2020-01-24 18:30:00+00:00
20200124:1930,0.0,0.0,0.0,0.0,12.96,2.41,0.0,2020-01-24 19:30:00+00:00
20200124:2030,0.0,0.0,0.0,0.0,12.52,2.21,0.0,2020-01-24 20:30:00+00:00
20200124:2130,0.0,0.0,0.0,0.0,12.02,2.07,0.0,2020-01-24 21:30:00+00:00
20200124:2230,0.0,0.0,0.0,0.0,11.39,1.86,0.0,2020-01-24 22:30:00+00:00
20200124:2330,0.0,0.0,0.0,0.0,10.67,1.79,0.0,2020-01-24 23:30:00+00:00
20200125:0030,0.0,0.0,0.0,-4.7,10.05,1.79,0.0,2020-01-25 00:30:00+00:00
20200125:0130,58.45,41.85,0.0,8.14,9.62,1.79,0.0,2020-01-25 01:30:00+00:00
20200125:0230,223.66,83.75,0.0,20.29,11.81,1.1,0.0,2020-01-25 02:30:00+00:00
20200125:0330,402.66,105.8,0.0,31.31,16.52,1.17,0.0,2020-01-25 03:30:00+00:00
20200125:0430,545.51,119.0,0.0,40.42,19.26,1.31,0.0,2020-01-25 04:30:00+00:00
20200125:0530,631.26,126.15,0.0,46.42,21.01,1.93,0.0,2020-01-25 05:30:00+00:00
20200125:0630,646.26,128.45,0.0,47.93,22.04,2.48,0.0,2020-01-25 06:30:00+00:00
20200125:0730,598.06,124.25,0.0,44.5,22.48,2.69,0.0,2020-01-25 07:30:00+00:00
20200125:0830,486.61,114.45,0.0,37.1,22.83,2.62,0.0,2020-01-25 08:30:00+00:00
20200125:0930,325.71,97.7,0.0,27.11,22.89,2.55,0.0,2020-01-25 09:30:00+00:00
20200125:1030,144.2,69.55,0.0,15.57,22.61,2.41,0.0,2020-01-25 10:30:00+00:00
20200125:1130,17.05,14.03,0.0,3.11,21.71,1.59,0.0,2020-01-25 11:30:00+00:00
20200125:1230,0.0,0.0,0.0,0.0,20.26,1.59,0.0,2020-01-25 12:30:00+00:00
20200125:1330,0.0,0.0,0.0,0.0,18.53,1.52,0.0,2020-01-25 13:30:00+00:00
20200125:1430,0.0,0.0,0.0,0.0,16.62,1.24,0.0,2020-01-25 14:30:00+00:00
20200125:1530,0.0,0.0,0.0,0.0,15.61,1.1,0.0,2020-01-25 15:30:00+00:00
20200125:1630,0.0,0.0,0.0,0.0,14.32,1.31,0.0,2020-01-25 16:30:00+00:00
20200125:1730,0.0,0.0,0.0,0.0,12.99,1.72,0.0,2020-01-25 17:30:00+00:00
20200125:1830,0.0,0.0,0.0,0.0,12.41,1.93,0.0,2020-01-25 18:30:00+00:00
20200125:1930,0.0,0.0,0.0,0.0,11.99,1.93,0.0,2020-01-25 19:30:00+00:00
20200125:2030,0.0,0.0,0.0,0.0,11.55,1.72,0.0,2020-01-25 20:30:00+00:00
20200125:2130,0.0,0.0,0.0,0.0,11.35,1.52,0.0,2020-01-25 21:30:00+00:00
20200125:2230,0.0,0.0,0.0,0.0,11.3,1.38,0.0,2020-01-25 22:30:00+00:00
20200125:2330,0.0,0.0,0.0,0.0,11.24,1.24,0.0,2020-01-25 23:30:00+00:00
20200126:0030,0.0,0.0,0.0,-4.65,11.22,1.17,0.0,2020-01-26 00:30:00+00:00
20200126:0130,54.2,42.55,0.0,8.21,11.43,1.03,0.0,2020-01-26 01:30:00+00:00
20200126:0230,211.86,86.2,0.0,20.38,13.64,0.41,0.0,2020-01-26 02:30:00+00:00
20200126:0330,387.06,109.7,0.0,31.44,17.37,0.41,0.0,2020-01-26 03:30:00+00:00
20200126:0430,530.91,121.7,0.0,40.6,20.1,0.62,0.0,2020-01-26 04:30:00+00:00
20200126:0530,616.46,128.85,0.0,46.64,21.55,1.38,0.0,2020-01-26 05:30:00+00:00
20200126:0630,640.61,129.7,0.0,48.18,22.53,2.0,0.0,2020-01-26 06:30:00+00:00
20200126:0730,584.16,130.1,0.0,44.76,23.21,2.41,0.0,2020-01-26 07:30:00+00:00
20200126:0830,482.26,115.3,0.0,37.33,23.61,2.55,0.0,2020-01-26 08:30:00+00:00
20200126:0930,322.81,98.5,0.0,27.31,23.72,2.55,0.0,2020-01-26 09:30:00+00:00
20200126:1030,141.95,70.35,0.0,15.75,23.44,2.48,0.0,2020-01-26 10:30:00+00:00
20200126:1130,17.15,14.36,0.0,3.27,22.56,1.86,0.0,2020-01-26 11:30:00+00:00
20200126:1230,0.0,0.0,0.0,0.0,20.87,2.0,0.0,2020-01-26 12:30:00+00:00
20200126:1330,0.0,0.0,0.0,0.0,19.22,1.93,0.0,2020-01-26 13:30:00+00:00
20200126:1430,0.0,0.0,0.0,0.0,17.88,1.79,0.0,2020-01-26 14:30:00+00:00
20200126:1530,0.0,0.0,0.0,0.0,16.59,1.79,0.0,2020-01-26 15:30:00+00:00
20200126:1630,0.0,0.0,0.0,0.0,15.49,2.0,0.0,2020-01-26 16:30:00+00:00
20200126:1730,0.0,0.0,0.0,0.0,14.67,2.14,0.0,2020-01-26 17:30:00+00:00
20200126:1830,0.0,0.0,0.0,0.0,14.03,2.14,0.0,2020-01-26 18:30:00+00:00
20200126:1930,0.0,0.0,0.0,0.0,13.31,1.72,0.0,2020-01-26 19:30:00+00:00
20200126:2030,0.0,0.0,0.0,0.0,12.65,1.79,0.0,2020-01-26 20:30:00+00:00
20200126:2130,0.0,0.0,0.0,0.0,12.1,1.72,0.0,2020-01-26 21:30:00+00:00
20200126:2230,0.0,0.0,0.0,0.0,11.65,1.52,0.0,2020-01-26 22:30:00+00:00
20200126:2330,0.0,0.0,0.0,0.0,12.2,1.03,0.0,2020-01-26 23:30:00+00:00
20200127:0030,0.0,0.0,0.0,-4.6,13.0,0.55,0.0,2020-01-27 00:30:00+00:00
20200127:0130,42.05,46.5,0.0,8.28,12.98,0.28,0.0,2020-01-27 01:30:00+00:00
20200127:0230,171.15,105.6,0.0,20.48,13.67,0.21,0.0,2020-01-27 02:30:00+00:00
20200127:0330,373.91,115.6,0.0,31.58,17.55,0.41,0.0,2020-01-27 03:30:00+00:00
20200127:0430,529.26,123.9,0.0,40.78,20.37,0.97,0.0,2020-01-27 04:30:00+00:00
20200127:0530,615.46,130.65,0.0,46.87,21.82,1.93,0.0,2020-01-27 05:30:00+00:00
20200127:0630,626.76,135.95,0.0,48.44,22.79,2.55,0.0,2020-01-27 06:30:00+00:00
20200127:0730,569.86,136.85,0.0,45.01,23.13,3.03,0.0,2020-01-27 07:30:00+00:00
20200127:0830,478.26,118.45,0.0,37.56,23.55,2.76,0.0,2020-01-27 08:30:00+00:00
20200127:0930,323.36,99.05,0.0,27.52,23.67,2.55,0.0,2020-01-27 09:30:00+00:00
20200127:1030,143.35,71.25,0.0,15.93,23.44,2.34,0.0,2020-01-27 10:30:00+00:00
20200127:1130,17.8,15.03,0.0,3.43,22.64,1.52,0.0,2020-01-27 11:30:00+00:00
20200127:1230,0.0,0.0,0.0,0.0,21.31,1.45,0.0,2020-01-27 12:30:00+00:00
20200127:1330,0.0,0.0,0.0,0.0,19.6,1.66,0.0,2020-01-27 13:30:00+00:00
20200127:1430,0.0,0.0,0.0,0.0,17.79,1.31,0.0,2020-01-27 14:30:00+00:00
20200127:1530,0.0,0.0,0.0,0.0,18.16,0.69,0.0,2020-01-27 15:30:00+00:00
20200127:1630,0.0,0.0,0.0,0.0,17.59,0.48,0.0,2020-01-27 16:30:00+00:00
20200127:1730,0.0,0.0,0.0,0.0,16.07,0.97,0.0,2020-01-27 17:30:00+00:00
20200127:1830,0.0,0.0,0.0,0.0,13.59,1.93,0.0,2020-01-27 18:30:00+00:00
20200127:1930,0.0,0.0,0.0,0.0,13.2,2.07,0.0,2020-01-27 19:30:00+00:00
20200127:2030,0.0,0.0,0.0,0.0,12.97,2.0,0.0,2020-01-27 20:30:00+00:00
20200127:2130,0.0,0.0,0.0,0.0,12.6,1.79,0.0,2020-01-27 21:30:00+00:00
20200127:2230,0.0,0.0,0.0,0.0,12.2,1.72,0.0,2020-01-27 22:30:00+00:00
20200127:2330,0.0,0.0,0.0,0.0,11.95,1.86,0.0,2020-01-27 23:30:00+00:00
20200128:0030,0.0,0.0,0.0,-4.55,11.84,1.79,0.0,2020-01-28 00:30:00+00:00
20200128:0130,48.35,43.95,0.0,8.35,11.83,1.86,0.0,2020-01-28 01:30:00+00:00
20200128:0230,181.35,96.45,0.0,20.59,14.13,1.24,0.0,2020-01-28 02:30:00+00:00
20200128:0330,356.81,119.95,0.0,31.72,18.93,1.45,0.0,2020-01-28 03:30:00+00:00
20200128:0430,519.86,122.1,0.0,40.97,21.41,1.72,0.0,2020-01-28 04:30:00+00:00
20200128:0530,598.46,132.0,0.0,47.1,22.95,1.52,0.0,2020-01-28 05:30:00+00:00
20200128:0630,597.41,143.95,0.0,48.7,23.99,0.97,0.0,2020-01-28 06:30:00+00:00
20200128:0730,558.06,135.8,0.0,45.27,24.58,0.62,0.0,2020-01-28 07:30:00+00:00
20200128:0830,399.46,142.6,0.0,37.8,25.12,0.41,0.0,2020-01-28 08:30:00+00:00
20200128:0930,285.91,109.45,0.0,27.72,25.23,0.14,0.0,2020-01-28 09:30:00+00:00
20200128:1030,135.6,71.2,0.0,16.11,25.1,0.48,0.0,2020-01-28 10:30:00+00:00
20200128:1130,16.9,15.48,0.0,3.59,24.59,0.9,0.0,2020-01-28 11:30:00+00:00
20200128:1230,0.0,0.0,0.0,0.0,23.23,1.66,0.0,2020-01-28 12:30:00+00:00
20200128:1330,0.0,0.0,0.0,0.0,21.42,2.07,0.0,2020-01-28 13:30:00+00:00
20200128:1430,0.0,0.0,0.0,0.0,20.06,2.21,0.0,2020-01-28 14:30:00+00:00
20200128:1530,0.0,0.0,0.0,0.0,19.08,2.28,0.0,2020-01-28 15:30:00+00:00
20200128:1630,0.0,0.0,0.0,0.0,18.54,2.14,0.0,2020-01-28 16:30:00+00:00
20200128:1730,0.0,0.0,0.0,0.0,18.17,2.21,0.0,2020-01-28 17:30:00+00:00
20200128:1830,0.0,0.0,0.0,0.0,17.91,2.21,0.0,2020-01-28 18:30:00+00:00
20200128:1930,0.0,0.0,0.0,0.0,17.69,2.07,0.0,2020-01-28 19:30:00+00:00
20200128:2030,0.0,0.0,0.0,0.0,17.58,1.79,0.0,2020-01-28 20:30:00+00:00
20200128:2130,0.0,0.0,0.0,0.0,17.38,1.59,0.0,2020-01-28 21:30:00+00:00
20200128:2230,0.0,0.0,0.0,0.0,17.14,1.38,0.0,2020-01-28 22:30:00+00:00
20200128:2330,0.0,0.0,0.0,0.0,17.24,1.59,0.0,2020-01-28 23:30:00+00:00
20200129:0030,0.0,0.0,0.0,-4.49,16.99,1.66,0.0,2020-01-29 00:30:00+00:00
20200129:0130,12.25,34.85,0.0,8.44,17.1,1.72,0.0,2020-01-29 01:30:00+00:00
20200129:0230,73.9,92.15,0.0,20.7,18.03,1.45,0.0,2020-01-29 02:30:00+00:00
20200129:0330,79.35,146.55,0.0,31.87,19.95,1.31,0.0,2020-01-29 03:30:00+00:00
20200129:0430,191.85,205.15,0.0,41.16,21.03,1.1,0.0,2020-01-29 04:30:00+00:00
20200129:0530,98.9,222.75,0.0,47.35,22.16,1.17,0.0,2020-01-29 05:30:00+00:00
20200129:0630,25.2,187.15,0.0,48.97,22.39,0.97,0.0,2020-01-29 06:30:00+00:00
20200129:0730,25.35,148.85,0.0,45.53,21.98,1.93,0.0,2020-01-29 07:30:00+00:00
20200129:0830,9.1,100.9,0.0,38.03,22.24,2.28,0.0,2020-01-29 08:30:00+00:00
20200129:0930,7.9,83.6,0.0,27.93,22.25,2.28,0.0,2020-01-29 09:30:00+00:00
20200129:1030,0.0,36.35,0.0,16.29,22.2,2.28,0.0,2020-01-29 10:30:00+00:00
20200129:1130,0.0,6.6,0.0,3.75,21.86,2.07,0.0,2020-01-29 11:30:00+00:00
20200129:1230,0.0,0.0,0.0,0.0,21.34,2.07,0.0,2020-01-29 12:30:00+00:00
20200129:1330,0.0,0.0,0.0,0.0,20.98,2.07,0.0,2020-01-29 13:30:00+00:00
20200129:1430,0.0,0.0,0.0,0.0,20.7,1.86,0.0,2020-01-29 14:30:00+00:00
20200129:1530,0.0,0.0,0.0,0.0,20.43,1.59,0.0,2020-01-29 15:30:00+00:00
20200129:1630,0.0,0.0,0.0,0.0,20.18,1.52,0.0,2020-01-29 16:30:00+00:00
20200129:1730,0.0,0.0,0.0,0.0,19.96,1.59,0.0,2020-01-29 17:30:00+00:00
20200129:1830,0.0,0.0,0.0,0.0,19.72,1.52,0.0,2020-01-29 18:30:00+00:00
20200129:1930,0.0,0.0,0.0,0.0,18.83,1.86,0.0,2020-01-29 19:30:00+00:00
20200129:2030,0.0,0.0,0.0,0.0,18.54,1.79,0.0,2020-01-29 20:30:00+00:00
20200129:2130,0.0,0.0,0.0,0.0,18.44,1.52,0.0,2020-01-29 21:30:00+00:00
20200129:2230,0.0,0.0,0.0,0.0,18.24,1.45,0.0,2020-01-29 22:30:00+00:00
20200129:2330,0.0,0.0,0.0,0.0,17.86,1.17,0.0,2020-01-29 23:30:00+00:00
20200130:0030,0.0,0.0,0.0,-4.43,17.84,0.76,0.0,2020-01-30 00:30:00+00:00
20200130:0130,10.15,30.2,0.0,8.52,18.15,0.9,0.0,2020-01-30 01:30:00+00:00
20200130:0230,19.75,81.25,0.0,20.81,18.97,1.03,0.0,2020-01-30 02:30:00+00:00
20200130:0330,9.7,110.6,0.0,32.02,19.83,0.34,0.0,2020-01-30 03:30:00+00:00
20200130:0430,0.15,104.65,0.0,41.36,20.02,0.69,0.0,2020-01-30 04:30:00+00:00
20200130:0530,12.5,146.0,0.0,47.59,20.18,1.03,0.0,2020-01-30 05:30:00+00:00
20200130:0630,48.7,177.6,0.0,49.24,20.77,1.17,0.0,2020-01-30 06:30:00+00:00
20200130:0730,26.1,165.65,0.0,45.8,22.61,0.69,0.0,2020-01-30 07:30:00+00:00
20200130:0830,24.55,100.9,0.0,38.27,22.82,0.9,0.0,2020-01-30 08:30:00+00:00
20200130:0930,29.3,87.35,0.0,28.14,22.61,0.9,0.0,2020-01-30 09:30:00+00:00
20200130:1030,8.8,67.3,0.0,16.47,22.25,1.17,0.0,2020-01-30 10:30:00+00:00
20200130:1130,3.15,11.99,0.0,3.91,21.55,1.38,0.0,2020-01-30 11:30:00+00:00
20200130:1230,0.0,0.0,0.0,0.0,19.93,1.38,0.0,2020-01-30 12:30:00+00:00
20200130:1330,0.0,0.0,0.0,0.0,19.76,0.97,0.0,2020-01-30 13:30:00+00:00
20200130:1430,0.0,0.0,0.0,0.0,19.34,0.97,0.0,2020-01-30 14:30:00+00:00
20200130:1530,0.0,0.0,0.0,0.0,18.63,0.9,0.0,2020-01-30 15:30:00+00:00
20200130:1630,0.0,0.0,0.0,0.0,18.02,1.24,0.0,2020-01-30 16:30:00+00:00
20200130:1730,0.0,0.0,0.0,0.0,18.17,1.52,0.0,2020-01-30 17:30:00+00:00
20200130:1830,0.0,0.0,0.0,0.0,18.21,1.72,0.0,2020-01-30 18:30:00+00:00
20200130:1930,0.0,0.0,0.0,0.0,18.33,1.66,0.0,2020-01-30 19:30:00+00:00
20200130:2030,0.0,0.0,0.0,0.0,18.32,2.07,0.0,2020-01-30 20:30:00+00:00
20200130:2130,0.0,0.0,0.0,0.0,18.19,2.28,0.0,2020-01-30 21:30:00+00:00
20200130:2230,0.0,0.0,0.0,0.0,17.86,2.55,0.0,2020-01-30 22:30:00+00:00
20200130:2330,0.0,0.0,0.0,0.0,17.27,2.55,0.0,2020-01-30 23:30:00+00:00
20200131:0030,0.0,0.0,0.0,-4.36,16.58,2.28,0.0,2020-01-31 00:30:00+00:00
20200131:0130,49.15,46.5,0.0,8.61,16.05,2.0,0.0,2020-01-31 01:30:00+00:00
20200131:0230,205.95,89.45,0.0,20.93,16.51,1.72,0.0,2020-01-31 02:30:00+00:00
20200131:0330,381.11,118.9,0.0,32.18,18.33,2.34,0.0,2020-01-31 03:30:00+00:00
20200131:0430,480.31,144.45,0.0,41.57,20.18,2.76,0.0,2020-01-31 04:30:00+00:00
20200131:0530,603.81,141.05,0.0,47.85,21.58,2.69,0.0,2020-01-31 05:30:00+00:00
20200131:0630,609.81,149.45,0.0,49.52,22.65,2.55,0.0,2020-01-31 06:30:00+00:00
20200131:0730,569.06,143.55,0.0,46.07,23.72,2.55,0.0,2020-01-31 07:30:00+00:00
20200131:0830,469.26,131.0,0.0,38.51,24.11,2.41,0.0,2020-01-31 08:30:00+00:00
20200131:0930,334.06,101.4,0.0,28.35,24.12,2.28,0.0,2020-01-31 09:30:00+00:00
20200131:1030,150.25,74.25,0.0,16.65,23.83,2.21,0.0,2020-01-31 10:30:00+00:00
20200131:1130,20.2,17.35,0.0,4.07,22.98,1.59,0.0,2020-01-31 11:30:00+00:00
20200131:1230,0.0,0.0,0.0,0.0,21.54,1.72,0.0,2020-01-31 12:30:00+00:00
20200131:1330,0.0,0.0,0.0,0.0,19.89,1.72,0.0,2020-01-31 13:30:00+00:00
20200131:1430,0.0,0.0,0.0,0.0,18.28,1.52,0.0,2020-01-31 14:30:00+00:00
20200131:1530,0.0,0.0,0.0,0.0,16.63,1.38,0.0,2020-01-31 15:30:00+00:00
20200131:1630,0.0,0.0,0.0,0.0,15.53,1.45,0.0,2020-01-31 16:30:00+00:00
20200131:1730,0.0,0.0,0.0,0.0,14.36,1.72,0.0,2020-01-31 17:30:00+00:00
20200131:1830,0.0,0.0,0.0,0.0,13.72,1.93,0.0,2020-01-31 18:30:00+00:00
20200131:1930,0.0,0.0,0.0,0.0,13.26,1.93,0.0,2020-01-31 19:30:00+00:00
20200131:2030,0.0,0.0,0.0,0.0,12.87,1.93,0.0,2020-01-31 20:30:00+00:00
20200131:2130,0.0,0.0,0.0,0.0,12.54,2.0,0.0,2020-01-31 21:30:00+00:00
20200131:2230,0.0,0.0,0.0,0.0,12.26,2.0,0.0,2020-01-31 22:30:00+00:00
20200131:2330,0.0,0.0,0.0,0.0,12.02,2.0,0.0,2020-01-31 23:30:00+00:00
20200201:0030,0.0,0.0,0.0,-4.29,11.77,2.0,0.0,2020-02-01 00:30:00+00:00
20200201:0130,59.0,44.85,0.0,8.71,11.54,1.93,0.0,2020-02-01 01:30:00+00:00
20200201:0230,222.76,87.45,0.0,21.06,13.68,1.24,0.0,2020-02-01 02:30:00+00:00
20200201:0330,401.36,110.35,0.0,32.34,18.25,1.38,0.0,2020-02-01 03:30:00+00:00
20200201:0430,544.71,124.2,0.0,41.78,20.85,1.72,0.0,2020-02-01 04:30:00+00:00
20200201:0530,632.01,131.5,0.0,48.1,22.33,1.66,0.0,2020-02-01 05:30:00+00:00
20200201:0630,649.21,133.8,0.0,49.81,23.23,1.52,0.0,2020-02-01 06:30:00+00:00
20200201:0730,601.06,129.9,0.0,46.35,23.77,2.21,0.0,2020-02-01 07:30:00+00:00
20200201:0830,489.96,120.15,0.0,38.76,24.14,2.55,0.0,2020-02-01 08:30:00+00:00
20200201:0930,331.06,102.95,0.0,28.56,24.13,2.69,0.0,2020-02-01 09:30:00+00:00
20200201:1030,151.55,74.5,0.0,16.84,23.77,2.62,0.0,2020-02-01 10:30:00+00:00
20200201:1130,21.3,17.48,0.0,4.22,22.9,1.86,0.0,2020-02-01 11:30:00+00:00
20200201:1230,0.0,0.0,0.0,0.0,21.35,2.0,0.0,2020-02-01 12:30:00+00:00
20200201:1330,0.0,0.0,0.0,0.0,19.74,2.07,0.0,2020-02-01 13:30:00+00:00
20200201:1430,0.0,0.0,0.0,0.0,18.38,2.0,0.0,2020-02-01 14:30:00+00:00
20200201:1530,0.0,0.0,0.0,0.0,17.19,1.72,0.0,2020-02-01 15:30:00+00:00
20200201:1630,0.0,0.0,0.0,0.0,15.85,1.66,0.0,2020-02-01 16:30:00+00:00
20200201:1730,0.0,0.0,0.0,0.0,14.73,1.45,0.0,2020-02-01 17:30:00+00:00
20200201:1830,0.0,0.0,0.0,0.0,14.44,1.17,0.0,2020-02-01 18:30:00+00:00
20200201:1930,0.0,0.0,0.0,0.0,14.47,1.17,0.0,2020-02-01 19:30:00+00:00
20200201:2030,0.0,0.0,0.0,0.0,14.0,1.24,0.0,2020-02-01 20:30:00+00:00
20200201:2130,0.0,0.0,0.0,0.0,12.83,1.66,0.0,2020-02-01 21:30:00+00:00
20200201:2230,0.0,0.0,0.0,0.0,12.52,2.0,0.0,2020-02-01 22:30:00+00:00
20200201:2330,0.0,0.0,0.0,0.0,12.52,2.21,0.0,2020-02-01 23:30:00+00:00
20200202:0030,0.0,0.0,0.0,-4.21,12.49,2.21,0.0,2020-02-02 00:30:00+00:00
20200202:0130,55.65,44.95,0.0,8.81,12.36,2.14,0.0,2020-02-02 01:30:00+00:00
20200202:0230,201.4,91.4,0.0,21.19,14.44,1.66,0.0,2020-02-02 02:30:00+00:00
20200202:0330,389.56,114.3,0.0,32.51,17.84,1.79,0.0,2020-02-02 03:30:00+00:00
20200202:0430,529.01,127.65,0.0,41.99,20.34,2.28,0.0,2020-02-02 04:30:00+00:00
20200202:0530,612.11,139.3,0.0,48.37,21.84,2.83,0.0,2020-02-02 05:30:00+00:00
20200202:0630,614.71,149.65,0.0,50.1,22.75,2.83,0.0,2020-02-02 06:30:00+00:00
20200202:0730,569.26,144.75,0.0,46.62,23.05,2.62,0.0,2020-02-02 07:30:00+00:00
20200202:0830,483.21,123.55,0.0,39.0,23.34,2.55,0.0,2020-02-02 08:30:00+00:00
20200202:0930,307.76,107.9,0.0,28.77,23.37,2.34,0.0,2020-02-02 09:30:00+00:00
20200202:1030,155.3,74.75,0.0,17.02,23.01,2.14,0.0,2020-02-02 10:30:00+00:00
20200202:1130,22.7,17.94,0.0,4.38,22.3,1.52,0.0,2020-02-02 11:30:00+00:00
20200202:1230,0.0,0.0,0.0,0.0,20.97,1.66,0.0,2020-02-02 12:30:00+00:00
20200202:1330,0.0,0.0,0.0,0.0,19.09,1.17,0.0,2020-02-02 13:30:00+00:00
20200202:1430,0.0,0.0,0.0,0.0,18.42,0.69,0.0,2020-02-02 14:30:00+00:00
20200202:1530,0.0,0.0,0.0,0.0,17.5,0.83,0.0,2020-02-02 15:30:00+00:00
20200202:1630,0.0,0.0,0.0,0.0,15.36,1.17,0.0,2020-02-02 16:30:00+00:00
20200202:1730,0.0,0.0,0.0,0.0,13.71,1.59,0.0,2020-02-02 17:30:00+00:00
20200202:1830,0.0,0.0,0.0,0.0,12.63,1.79,0.0,2020-02-02 18:30:00+00:00
20200202:1930,0.0,0.0,0.0,0.0,12.12,1.86,0.0,2020-02-02 19:30:00+00:00
20200202:2030,0.0,0.0,0.0,0.0,11.64,1.86,0.0,2020-02-02 20:30:00+00:00
20200202:2130,0.0,0.0,0.0,0.0,11.32,2.0,0.0,2020-02-02 21:30:00+00:00
20200202:2230,0.0,0.0,0.0,0.0,11.07,2.0,0.0,2020-02-02 22:30:00+00:00
20200202:2330,0.0,0.0,0.0,0.0,10.83,2.07,0.0,2020-02-02 23:30:00+00:00
20200203:0030,0.0,0.0,0.0,-4.13,10.58,2.07,0.0,2020-02-03 00:30:00+00:00
20200203:0130,62.2,46.15,0.0,8.91,10.34,2.0,0.0,2020-02-03 01:30:00+00:00
20200203:0230,230.71,88.25,0.0,21.32,12.6,1.24,0.0,2020-02-03 02:30:00+00:00
20200203:0330,412.86,110.95,0.0,32.68,17.72,1.31,0.0,2020-02-03 03:30:00+00:00
20200203:0430,559.66,124.45,0.0,42.22,20.26,1.93,0.0,2020-02-03 04:30:00+00:00
20200203:0530,649.31,131.5,0.0,48.64,21.58,2.21,0.0,2020-02-03 05:30:00+00:00
20200203:0630,673.46,132.85,0.0,50.39,22.44,2.34,0.0,2020-02-03 06:30:00+00:00
20200203:0730,627.41,128.35,0.0,46.9,22.94,2.76,0.0,2020-02-03 07:30:00+00:00
20200203:0830,515.86,118.75,0.0,39.25,23.3,2.9,0.0,2020-02-03 08:30:00+00:00
20200203:0930,353.36,102.15,0.0,28.98,23.34,2.97,0.0,2020-02-03 09:30:00+00:00
20200203:1030,166.3,75.05,0.0,17.2,22.98,2.83,0.0,2020-02-03 10:30:00+00:00
20200203:1130,25.05,18.21,0.0,4.54,22.07,2.0,0.0,2020-02-03 11:30:00+00:00
20200203:1230,0.0,0.0,0.0,0.0,20.43,1.93,0.0,2020-02-03 12:30:00+00:00
20200203:1330,0.0,0.0,0.0,0.0,18.61,2.0,0.0,2020-02-03 13:30:00+00:00
20200203:1430,0.0,0.0,0.0,0.0,17.1,2.0,0.0,2020-02-03 14:30:00+00:00
20200203:1530,0.0,0.0,0.0,0.0,15.84,2.14,0.0,2020-02-03 15:30:00+00:00
20200203:1630,0.0,0.0,0.0,0.0,14.8,2.21,0.0,2020-02-03 16:30:00+00:00
20200203:1730,0.0,0.0,0.0,0.0,13.98,2.34,0.0,2020-02-03 17:30:00+00:00
20200203:1830,0.0,0.0,0.0,0.0,13.4,2.41,0.0,2020-02-03 18:30:00+00:00
20200203:1930,0.0,0.0,0.0,0.0,12.96,2.28,0.0,2020-02-03 19:30:00+00:00
20200203:2030,0.0,0.0,0.0,0.0,12.52,2.28,0.0,2020-02-03 20:30:00+00:00
20200203:2130,0.0,0.0,0.0,0.0,12.02,2.21,0.0,2020-02-03 21:30:00+00:00
20200203:2230,0.0,0.0,0.0,0.0,11.49,2.14,0.0,2020-02-03 22:30:00+00:00
20200203:2330,0.0,0.0,0.0,0.0,10.88,2.0,0.0,2020-02-03 23:30:00+00:00
20200204:0030,0.0,0.0,0.0,-4.04,10.23,1.86,0.0,2020-02-04 00:30:00+00:00
20200204:0130,65.7,46.65,0.0,9.02,9.7,1.72,0.0,2020-02-04 01:30:00+00:00
20200204:0230,238.51,87.95,0.0,21.46,12.57,0.97,0.0,2020-02-04 02:30:00+00:00
20200204:0330,422.56,110.1,0.0,32.86,17.34,1.1,0.0,2020-02-04 03:30:00+00:00
20200204:0430,568.96,123.5,0.0,42.44,20.09,1.66,0.0,2020-02-04 04:30:00+00:00
20200204:0530,656.76,130.7,0.0,48.91,21.78,2.14,0.0,2020-02-04 05:30:00+00:00
20200204:0630,679.51,131.75,0.0,50.69,22.93,2.34,0.0,2020-02-04 06:30:00+00:00
20200204:0730,631.26,127.65,0.0,47.19,23.78,2.21,0.0,2020-02-04 07:30:00+00:00
20200204:0830,518.96,117.95,0.0,39.5,24.28,2.28,0.0,2020-02-04 08:30:00+00:00
20200204:0930,356.41,101.45,0.0,29.19,24.36,2.28,0.0,2020-02-04 09:30:00+00:00
20200204:1030,167.6,75.1,0.0,17.38,24.07,2.21,0.0,2020-02-04 10:30:00+00:00
20200204:1130,25.7,18.4,0.0,4.69,23.14,1.52,0.0,2020-02-04 11:30:00+00:00
20200204:1230,0.0,0.0,0.0,0.0,21.62,1.72,0.0,2020-02-04 12:30:00+00:00
20200204:1330,0.0,0.0,0.0,0.0,19.71,2.0,0.0,2020-02-04 13:30:00+00:00
20200204:1430,0.0,0.0,0.0,0.0,18.6,1.86,0.0,2020-02-04 14:30:00+00:00
20200204:1530,0.0,0.0,0.0,0.0,17.96,1.79,0.0,2020-02-04 15:30:00+00:00
20200204:1630,0.0,0.0,0.0,0.0,17.67,1.66,0.0,2020-02-04 16:30:00+00:00
20200204:1730,0.0,0.0,0.0,0.0,17.53,1.52,0.0,2020-02-04 17:30:00+00:00
20200204:1830,0.0,0.0,0.0,0.0,17.51,1.52,0.0,2020-02-04 18:30:00+00:00
20200204:1930,0.0,0.0,0.0,0.0,17.52,1.31,0.0,2020-02-04 19:30:00+00:00
20200204:2030,0.0,0.0,0.0,0.0,17.36,1.17,0.0,2020-02-04 20:30:00+00:00
20200204:2130,0.0,0.0,0.0,0.0,17.24,1.03,0.0,2020-02-04 21:30:00+00:00
20200204:2230,0.0,0.0,0.0,0.0,17.09,0.83,0.0,2020-02-04 22:30:00+00:00
20200204:2330,0.0,0.0,0.0,0.0,16.85,0.9,0.0,2020-02-04 23:30:00+00:00
20200205:0030,0.0,0.0,0.0,-3.95,16.28,0.83,0.0,2020-02-05 00:30:00+00:00
20200205:0130,48.65,40.8,0.0,9.13,15.39,1.24,0.0,2020-02-05 01:30:00+00:00
20200205:0230,100.85,86.05,0.0,21.6,17.16,0.69,0.0,2020-02-05 02:30:00+00:00
20200205:0330,147.5,115.2,0.0,33.04,19.28,0.62,0.0,2020-02-05 03:30:00+00:00
20200205:0430,212.35,149.45,0.0,42.67,20.82,0.55,0.0,2020-02-05 04:30:00+00:00
20200205:0530,183.8,213.8,0.0,49.19,22.21,0.69,0.0,2020-02-05 05:30:00+00:00
20200205:0630,203.85,202.65,0.0,50.99,22.96,0.97,0.0,2020-02-05 06:30:00+00:00
20200205:0730,381.06,168.8,0.0,47.47,23.64,1.1,0.0,2020-02-05 07:30:00+00:00
20200205:0830,338.01,147.75,0.0,39.74,24.52,1.1,0.0,2020-02-05 08:30:00+00:00
20200205:0930,233.05,123.9,0.0,29.4,24.58,1.24,0.0,2020-02-05 09:30:00+00:00
20200205:1030,125.1,68.4,0.0,17.55,24.5,1.45,0.0,2020-02-05 10:30:00+00:00
20200205:1130,16.1,17.72,0.0,4.85,24.01,1.1,0.0,2020-02-05 11:30:00+00:00
20200205:1230,0.0,0.0,0.0,0.0,23.08,1.03,0.0,2020-02-05 12:30:00+00:00
20200205:1330,0.0,0.0,0.0,0.0,22.09,1.31,0.0,2020-02-05 13:30:00+00:00
20200205:1430,0.0,0.0,0.0,0.0,21.11,1.52,0.0,2020-02-05 14:30:00+00:00
20200205:1530,0.0,0.0,0.0,0.0,19.51,1.79,0.0,2020-02-05 15:30:00+00:00
20200205:1630,0.0,0.0,0.0,0.0,18.16,1.79,0.0,2020-02-05 16:30:00+00:00
20200205:1730,0.0,0.0,0.0,0.0,17.2,1.72,0.0,2020-02-05 17:30:00+00:00
20200205:1830,0.0,0.0,0.0,0.0,16.56,1.66,0.0,2020-02-05 18:30:00+00:00
20200205:1930,0.0,0.0,0.0,0.0,16.05,1.45,0.0,2020-02-05 19:30:00+00:00
20200205:2030,0.0,0.0,0.0,0.0,15.62,1.38,0.0,2020-02-05 20:30:00+00:00
20200205:2130,0.0,0.0,0.0,0.0,15.13,1.38,0.0,2020-02-05 21:30:00+00:00
20200205:2230,0.0,0.0,0.0,0.0,14.88,1.38,0.0,2020-02-05 22:30:00+00:00
20200205:2330,0.0,0.0,0.0,0.0,15.1,1.1,0.0,2020-02-05 23:30:00+00:00
20200206:0030,0.0,0.0,0.0,-3.85,15.71,0.76,0.0,2020-02-06 00:30:00+00:00
20200206:0130,36.2,42.75,0.0,9.25,15.1,0.97,0.0,2020-02-06 01:30:00+00:00
20200206:0230,122.9,103.3,0.0,21.75,16.86,0.83,0.0,2020-02-06 02:30:00+00:00
20200206:0330,240.15,158.65,0.0,33.23,19.94,1.31,0.0,2020-02-06 03:30:00+00:00
20200206:0430,480.11,141.5,0.0,42.91,22.15,1.79,0.0,2020-02-06 04:30:00+00:00
20200206:0530,524.91,160.95,0.0,49.47,24.08,2.07,0.0,2020-02-06 05:30:00+00:00
20200206:0630,530.81,176.85,0.0,51.3,25.05,1.59,0.0,2020-02-06 06:30:00+00:00
20200206:0730,467.21,170.4,0.0,47.76,25.54,1.38,0.0,2020-02-06 07:30:00+00:00
20200206:0830,414.21,151.9,0.0,39.99,25.8,1.52,0.0,2020-02-06 08:30:00+00:00
20200206:0930,263.05,125.6,0.0,29.61,25.87,1.86,0.0,2020-02-06 09:30:00+00:00
20200206:1030,145.7,81.75,0.0,17.73,25.51,2.0,0.0,2020-02-06 10:30:00+00:00
20200206:1130,22.95,20.11,0.0,5.0,24.71,1.66,0.0,2020-02-06 11:30:00+00:00
20200206:1230,0.0,0.0,0.0,0.0,22.94,2.14,0.0,2020-02-06 12:30:00+00:00
20200206:1330,0.0,0.0,0.0,0.0,21.1,2.14,0.0,2020-02-06 13:30:00+00:00
20200206:1430,0.0,0.0,0.0,0.0,19.97,2.14,0.0,2020-02-06 14:30:00+00:00
20200206:1530,0.0,0.0,0.0,0.0,19.42,2.28,0.0,2020-02-06 15:30:00+00:00
20200206:1630,0.0,0.0,0.0,0.0,19.22,2.55,0.0,2020-02-06 16:30:00+00:00
20200206:1730,0.0,0.0,0.0,0.0,18.89,2.14,0.0,2020-02-06 17:30:00+00:00
20200206:1830,0.0,0.0,0.0,0.0,18.31,1.72,0.0,2020-02-06 18:30:00+00:00
20200206:1930,0.0,0.0,0.0,0.0,18.25,1.31,0.0,2020-02-06 19:30:00+00:00
20200206:2030,0.0,0.0,0.0,0.0,17.59,1.03,0.0,2020-02-06 20:30:00+00:00
20200206:2130,0.0,0.0,0.0,0.0,17.42,0.9,0.0,2020-02-06 21:30:00+00:00
20200206:2230,0.0,0.0,0.0,0.0,16.93,1.72,0.0,2020-02-06 22:30:00+00:00
20200206:2330,0.0,0.0,0.0,0.0,16.32,1.86,0.0,2020-02-06 23:30:00+00:00
20200207:0030,0.0,0.0,0.0,-3.75,15.55,2.07,0.0,2020-02-07 00:30:00+00:00
20200207:0130,55.6,47.25,0.0,9.38,15.11,2.07,0.0,2020-02-07 01:30:00+00:00
20200207:0230,207.35,96.15,0.0,21.9,16.59,1.93,0.0,2020-02-07 02:30:00+00:00
20200207:0330,370.21,121.7,0.0,33.42,19.5,2.41,0.0,2020-02-07 03:30:00+00:00
20200207:0430,514.41,141.05,0.0,43.15,21.8,2.9,0.0,2020-02-07 04:30:00+00:00
20200207:0530,521.61,175.0,0.0,49.76,23.58,2.76,0.0,2020-02-07 05:30:00+00:00
20200207:0630,30.35,165.4,0.0,51.61,24.64,2.14,0.0,2020-02-07 06:30:00+00:00
20200207:0730,2.3,172.2,0.0,48.06,22.85,1.38,0.0,2020-02-07 07:30:00+00:00
20200207:0830,2.7,111.25,0.0,40.25,22.74,1.24,0.0,2020-02-07 08:30:00+00:00
20200207:0930,9.55,86.65,0.0,29.82,22.44,0.9,0.0,2020-02-07 09:30:00+00:00
20200207:1030,0.5,39.75,0.0,17.91,22.32,0.9,0.0,2020-02-07 10:30:00+00:00
20200207:1130,0.1,11.49,0.0,5.15,21.65,1.03,0.0,2020-02-07 11:30:00+00:00
20200207:1230,0.0,0.0,0.0,0.0,20.92,1.45,0.0,2020-02-07 12:30:00+00:00
20200207:1330,0.0,0.0,0.0,0.0,19.98,1.59,0.0,2020-02-07 13:30:00+00:00
20200207:1430,0.0,0.0,0.0,0.0,19.37,1.59,0.0,2020-02-07 14:30:00+00:00
20200207:1530,0.0,0.0,0.0,0.0,18.83,1.66,0.0,2020-02-07 15:30:00+00:00
20200207:1630,0.0,0.0,0.0,0.0,18.5,1.59,0.0,2020-02-07 16:30:00+00:00
20200207:1730,0.0,0.0,0.0,0.0,18.21,1.66,0.0,2020-02-07 17:30:00+00:00
20200207:1830,0.0,0.0,0.0,0.0,17.99,2.0,0.0,2020-02-07 18:30:00+00:00
20200207:1930,0.0,0.0,0.0,0.0,17.64,1.72,0.0,2020-02-07 19:30:00+00:00
20200207:2030,0.0,0.0,0.0,0.0,17.0,1.79,0.0,2020-02-07 20:30:00+00:00
20200207:2130,0.0,0.0,0.0,0.0,16.67,2.0,0.0,2020-02-07 21:30:00+00:00
20200207:2230,0.0,0.0,0.0,0.0,16.55,2.14,0.0,2020-02-07 22:30:00+00:00
20200207:2330,0.0,0.0,0.0,0.0,16.25,2.07,0.0,2020-02-07 23:30:00+00:00
20200208:0030,0.0,0.0,0.0,-3.64,16.11,2.0,0.0,2020-02-08 00:30:00+00:00
20200208:0130,30.05,36.55,0.0,9.5,16.0,1.86,0.0,2020-02-08 01:30:00+00:00
20200208:0230,42.2,106.35,0.0,22.06,17.03,1.93,0.0,2020-02-08 02:30:00+00:00
20200208:0330,5.55,184.7,0.0,33.61,18.26,2.28,0.0,2020-02-08 03:30:00+00:00
20200208:0430,62.75,223.4,0.0,43.39,19.23,2.55,0.0,2020-02-08 04:30:00+00:00
20200208:0530,18.55,215.1,0.0,50.06,20.2,2.9,0.0,2020-02-08 05:30:00+00:00
20200208:0630,38.2,184.1,0.0,51.93,20.56,3.17,0.0,2020-02-08 06:30:00+00:00
20200208:0730,25.35,155.1,0.0,48.35,21.02,2.48,0.0,2020-02-08 07:30:00+00:00
20200208:0830,20.45,97.75,0.0,40.5,21.13,2.41,0.0,2020-02-08 08:30:00+00:00
20200208:0930,3.15,86.45,0.0,30.03,20.98,2.48,0.0,2020-02-08 09:30:00+00:00
20200208:1030,2.55,38.05,0.0,18.09,20.77,2.62,0.0,2020-02-08 10:30:00+00:00
20200208:1130,0.7,11.39,0.0,5.31,20.09,2.41,0.0,2020-02-08 11:30:00+00:00
20200208:1230,0.0,0.0,0.0,0.0,19.35,2.41,0.0,2020-02-08 12:30:00+00:00
20200208:1330,0.0,0.0,0.0,0.0,18.53,2.34,0.0,2020-02-08 13:30:00+00:00
20200208:1430,0.0,0.0,0.0,0.0,18.1,2.41,0.0,2020-02-08 14:30:00+00:00
20200208:1530,0.0,0.0,0.0,0.0,17.75,2.55,0.0,2020-02-08 15:30:00+00:00
20200208:1630,0.0,0.0,0.0,0.0,17.45,2.48,0.0,2020-02-08 16:30:00+00:00
20200208:1730,0.0,0.0,0.0,0.0,17.2,2.28,0.0,2020-02-08 17:30:00+00:00
20200208:1830,0.0,0.0,0.0,0.0,16.86,2.28,0.0,2020-02-08 18:30:00+00:00
20200208:1930,0.0,0.0,0.0,0.0,17.04,2.28,0.0,2020-02-08 19:30:00+00:00
20200208:2030,0.0,0.0,0.0,0.0,16.81,2.41,0.0,2020-02-08 20:30:00+00:00
20200208:2130,0.0,0.0,0.0,0.0,16.44,2.07,0.0,2020-02-08 21:30:00+00:00
20200208:2230,0.0,0.0,0.0,0.0,16.03,1.72,0.0,2020-02-08 22:30:00+00:00
20200208:2330,0.0,0.0,0.0,0.0,15.4,1.66,0.0,2020-02-08 23:30:00+00:00
20200209:0030,0.0,0.0,0.0,-3.53,14.96,1.59,0.0,2020-02-09 00:30:00+00:00
20200209:0130,43.85,45.4,0.0,9.63,14.6,1.59,0.0,2020-02-09 01:30:00+00:00
20200209:0230,187.1,92.2,0.0,22.22,16.12,1.45,0.0,2020-02-09 02:30:00+00:00
20200209:0330,290.75,153.65,0.0,33.81,18.92,2.0,0.0,2020-02-09 03:30:00+00:00
20200209:0430,492.66,142.65,0.0,43.64,20.92,2.48,0.0,2020-02-09 04:30:00+00:00
20200209:0530,545.31,151.35,0.0,50.35,22.89,3.31,0.0,2020-02-09 05:30:00+00:00
20200209:0630,533.86,168.35,0.0,52.25,23.78,3.59,0.0,2020-02-09 06:30:00+00:00
20200209:0730,508.16,156.2,0.0,48.65,24.45,3.31,0.0,2020-02-09 07:30:00+00:00
20200209:0830,479.21,132.65,0.0,40.75,24.8,2.97,0.0,2020-02-09 08:30:00+00:00
20200209:0930,328.66,114.7,0.0,30.24,25.05,2.76,0.0,2020-02-09 09:30:00+00:00
20200209:1030,167.0,79.55,0.0,18.27,24.83,2.69,0.0,2020-02-09 10:30:00+00:00
20200209:1130,27.85,21.33,0.0,5.46,24.1,2.21,0.0,2020-02-09 11:30:00+00:00
20200209:1230,0.0,0.0,0.0,0.0,22.28,2.14,0.0,2020-02-09 12:30:00+00:00
20200209:1330,0.0,0.0,0.0,0.0,20.48,2.21,0.0,2020-02-09 13:30:00+00:00
20200209:1430,0.0,0.0,0.0,0.0,19.24,2.14,0.0,2020-02-09 14:30:00+00:00
20200209:1530,0.0,0.0,0.0,0.0,18.17,2.14,0.0,2020-02-09 15:30:00+00:00
20200209:1630,0.0,0.0,0.0,0.0,17.18,2.14,0.0,2020-02-09 16:30:00+00:00
20200209:1730,0.0,0.0,0.0,0.0,16.28,2.21,0.0,2020-02-09 17:30:00+00:00
20200209:1830,0.0,0.0,0.0,0.0,15.45,2.21,0.0,2020-02-09 18:30:00+00:00
20200209:1930,0.0,0.0,0.0,0.0,14.91,2.28,0.0,2020-02-09 19:30:00+00:00
20200209:2030,0.0,0.0,0.0,0.0,14.36,2.34,0.0,2020-02-09 20:30:00+00:00
20200209:2130,0.0,0.0,0.0,0.0,13.85,2.34,0.0,2020-02-09 21:30:00+00:00
20200209:2230,0.0,0.0,0.0,0.0,13.31,2.28,0.0,2020-02-09 22:30:00+00:00
20200209:2330,0.0,0.0,0.0,0.0,12.8,2.21,0.0,2020-02-09 23:30:00+00:00
20200210:0030,0.0,0.0,0.0,-3.42,12.29,2.14,0.0,2020-02-10 00:30:00+00:00
20200210:0130,72.35,50.25,0.0,9.77,11.82,2.07,0.0,2020-02-10 01:30:00+00:00
20200210:0230,250.55,90.45,0.0,22.39,14.0,1.38,0.0,2020-02-10 02:30:00+00:00
20200210:0330,437.71,112.4,0.0,34.02,18.31,1.59,0.0,2020-02-10 03:30:00+00:00
20200210:0430,586.46,126.0,0.0,43.9,21.26,1.93,0.0,2020-02-10 04:30:00+00:00
20200210:0530,676.86,133.35,0.0,50.66,23.2,2.28,0.0,2020-02-10 05:30:00+00:00
20200210:0630,695.81,135.4,0.0,52.57,24.17,2.28,0.0,2020-02-10 06:30:00+00:00
20200210:0730,648.51,131.45,0.0,48.95,24.7,2.28,0.0,2020-02-10 07:30:00+00:00
20200210:0830,536.96,121.55,0.0,41.0,25.04,2.41,0.0,2020-02-10 08:30:00+00:00
20200210:0930,373.26,105.05,0.0,30.45,25.08,2.48,0.0,2020-02-10 09:30:00+00:00
20200210:1030,182.5,78.7,0.0,18.44,24.7,2.41,0.0,2020-02-10 10:30:00+00:00
20200210:1130,31.85,21.34,0.0,5.61,23.76,1.93,0.0,2020-02-10 11:30:00+00:00
20200210:1230,0.0,0.0,0.0,0.0,21.76,2.28,0.0,2020-02-10 12:30:00+00:00
20200210:1330,0.0,0.0,0.0,0.0,19.75,2.28,0.0,2020-02-10 13:30:00+00:00
20200210:1430,0.0,0.0,0.0,0.0,18.42,1.93,0.0,2020-02-10 14:30:00+00:00
20200210:1530,0.0,0.0,0.0,0.0,16.95,1.59,0.0,2020-02-10 15:30:00+00:00
20200210:1630,0.0,0.0,0.0,0.0,15.32,1.45,0.0,2020-02-10 16:30:00+00:00
20200210:1730,0.0,0.0,0.0,0.0,14.07,1.59,0.0,2020-02-10 17:30:00+00:00
20200210:1830,0.0,0.0,0.0,0.0,13.11,1.86,0.0,2020-02-10 18:30:00+00:00
20200210:1930,0.0,0.0,0.0,0.0,12.42,1.79,0.0,2020-02-10 19:30:00+00:00
20200210:2030,0.0,0.0,0.0,0.0,11.89,1.86,0.0,2020-02-10 20:30:00+00:00
20200210:2130,0.0,0.0,0.0,0.0,11.67,1.72,0.0,2020-02-10 21:30:00+00:00
20200210:2230,0.0,0.0,0.0,0.0,11.56,1.66,0.0,2020-02-10 22:30:00+00:00
20200210:2330,0.0,0.0,0.0,0.0,11.39,1.59,0.0,2020-02-10 23:30:00+00:00
20200211:0030,0.0,0.0,0.0,-3.3,10.77,1.79,0.0,2020-02-11 00:30:00+00:00
20200211:0130,74.4,51.35,0.0,9.91,10.33,1.93,0.0,2020-02-11 01:30:00+00:00
20200211:0230,254.5,91.55,0.0,22.56,13.71,1.24,0.0,2020-02-11 02:30:00+00:00
20200211:0330,442.51,113.75,0.0,34.23,19.41,1.52,0.0,2020-02-11 03:30:00+00:00
20200211:0430,592.61,127.35,0.0,44.15,22.32,2.21,0.0,2020-02-11 04:30:00+00:00
20200211:0530,685.11,133.9,0.0,50.97,23.68,2.55,0.0,2020-02-11 05:30:00+00:00
20200211:0630,702.61,136.1,0.0,52.9,24.58,2.41,0.0,2020-02-11 06:30:00+00:00
20200211:0730,655.51,131.7,0.0,49.25,25.24,2.28,0.0,2020-02-11 07:30:00+00:00
20200211:0830,542.41,121.9,0.0,41.26,25.68,2.28,0.0,2020-02-11 08:30:00+00:00
20200211:0930,376.71,105.6,0.0,30.66,25.81,2.34,0.0,2020-02-11 09:30:00+00:00
20200211:1030,184.7,79.15,0.0,18.62,25.5,2.55,0.0,2020-02-11 10:30:00+00:00
20200211:1130,32.65,28.35,0.0,5.76,24.54,2.14,0.0,2020-02-11 11:30:00+00:00
20200211:1230,0.0,0.0,0.0,0.0,22.47,2.28,0.0,2020-02-11 12:30:00+00:00
20200211:1330,0.0,0.0,0.0,0.0,20.51,2.21,0.0,2020-02-11 13:30:00+00:00
20200211:1430,0.0,0.0,0.0,0.0,19.08,1.93,0.0,2020-02-11 14:30:00+00:00
20200211:1530,0.0,0.0,0.0,0.0,17.58,1.72,0.0,2020-02-11 15:30:00+00:00
20200211:1630,0.0,0.0,0.0,0.0,15.89,1.72,0.0,2020-02-11 16:30:00+00:00
20200211:1730,0.0,0.0,0.0,0.0,14.65,1.93,0.0,2020-02-11 17:30:00+00:00
20200211:1830,0.0,0.0,0.0,0.0,13.8,2.14,0.0,2020-02-11 18:30:00+00:00
20200211:1930,0.0,0.0,0.0,0.0,13.35,2.21,0.0,2020-02-11 19:30:00+00:00
20200211:2030,0.0,0.0,0.0,0.0,13.01,2.28,0.0,2020-02-11 20:30:00+00:00
20200211:2130,0.0,0.0,0.0,0.0,12.71,2.34,0.0,2020-02-11 21:30:00+00:00
20200211:2230,0.0,0.0,0.0,0.0,12.43,2.34,0.0,2020-02-11 22:30:00+00:00
20200211:2330,0.0,0.0,0.0,0.0,12.11,2.34,0.0,2020-02-11 23:30:00+00:00
20200212:0030,0.0,0.0,0.0,-3.18,11.78,2.34,0.0,2020-02-12 00:30:00+00:00
20200212:0130,77.05,51.65,0.0,10.06,11.46,2.28,0.0,2020-02-12 01:30:00+00:00
20200212:0230,259.2,91.2,0.0,22.73,14.13,1.52,0.0,2020-02-12 02:30:00+00:00
20200212:0330,448.51,112.95,0.0,34.44,19.3,1.86,0.0,2020-02-12 03:30:00+00:00
20200212:0430,598.41,126.75,0.0,44.42,22.1,2.34,0.0,2020-02-12 04:30:00+00:00
20200212:0530,691.41,133.35,0.0,51.28,23.95,2.83,0.0,2020-02-12 05:30:00+00:00
20200212:0630,711.26,135.05,0.0,53.23,25.06,3.24,0.0,2020-02-12 06:30:00+00:00
20200212:0730,663.46,131.0,0.0,49.55,25.86,3.03,0.0,2020-02-12 07:30:00+00:00
20200212:0830,549.31,121.45,0.0,41.51,26.31,3.03,0.0,2020-02-12 08:30:00+00:00
20200212:0930,382.16,105.4,0.0,30.87,26.4,3.03,0.0,2020-02-12 09:30:00+00:00
20200212:1030,188.25,79.55,0.0,18.79,26.04,2.9,0.0,2020-02-12 10:30:00+00:00
20200212:1130,34.0,28.9,0.0,5.9,25.05,2.14,0.0,2020-02-12 11:30:00+00:00
20200212:1230,0.0,0.0,0.0,0.0,23.15,2.21,0.0,2020-02-12 12:30:00+00:00
20200212:1330,0.0,0.0,0.0,0.0,21.23,2.21,0.0,2020-02-12 13:30:00+00:00
20200212:1430,0.0,0.0,0.0,0.0,19.63,2.07,0.0,2020-02-12 14:30:00+00:00
20200212:1530,0.0,0.0,0.0,0.0,18.13,1.86,0.0,2020-02-12 15:30:00+00:00
20200212:1630,0.0,0.0,0.0,0.0,16.54,1.72,0.0,2020-02-12 16:30:00+00:00
20200212:1730,0.0,0.0,0.0,0.0,15.41,1.45,0.0,2020-02-12 17:30:00+00:00
20200212:1830,0.0,0.0,0.0,0.0,14.58,1.52,0.0,2020-02-12 18:30:00+00:00
20200212:1930,0.0,0.0,0.0,0.0,13.75,1.66,0.0,2020-02-12 19:30:00+00:00
20200212:2030,0.0,0.0,0.0,0.0,13.8,1.31,0.0,2020-02-12 20:30:00+00:00
20200212:2130,0.0,0.0,0.0,0.0,14.77,0.9,0.0,2020-02-12 21:30:00+00:00
20200212:2230,0.0,0.0,0.0,0.0,12.52,1.45,0.0,2020-02-12 22:30:00+00:00
20200212:2330,0.0,0.0,0.0,0.0,11.65,1.66,0.0,2020-02-12 23:30:00+00:00
20200213:0030,0.0,0.0,0.0,-3.05,11.59,1.52,0.0,2020-02-13 00:30:00+00:00
20200213:0130,73.8,51.95,0.0,10.2,11.48,1.45,0.0,2020-02-13 01:30:00+00:00
20200213:0230,250.05,92.25,0.0,22.91,14.38,0.76,0.0,2020-02-13 02:30:00+00:00
20200213:0330,435.41,114.4,0.0,34.66,19.92,0.9,0.0,2020-02-13 03:30:00+00:00
20200213:0430,583.51,128.0,0.0,44.68,22.88,1.24,0.0,2020-02-13 04:30:00+00:00
20200213:0530,673.91,135.15,0.0,51.59,24.49,2.07,0.0,2020-02-13 05:30:00+00:00
20200213:0630,692.01,136.8,0.0,53.56,25.53,2.83,0.0,2020-02-13 06:30:00+00:00
20200213:0730,644.46,132.55,0.0,49.85,26.1,2.97,0.0,2020-02-13 07:30:00+00:00
20200213:0830,531.96,122.95,0.0,41.76,26.46,2.97,0.0,2020-02-13 08:30:00+00:00
20200213:0930,368.76,106.55,0.0,31.07,26.49,2.97,0.0,2020-02-13 09:30:00+00:00
20200213:1030,180.55,79.9,0.0,18.96,26.19,2.83,0.0,2020-02-13 10:30:00+00:00
20200213:1130,32.5,29.0,0.0,6.05,25.38,2.14,0.0,2020-02-13 11:30:00+00:00
20200213:1230,0.0,0.0,0.0,0.0,23.75,1.72,0.0,2020-02-13 12:30:00+00:00
20200213:1330,0.0,0.0,0.0,0.0,22.09,1.17,0.0,2020-02-13 13:30:00+00:00
20200213:1430,0.0,0.0,0.0,0.0,20.7,0.76,0.0,2020-02-13 14:30:00+00:00
20200213:1530,0.0,0.0,0.0,0.0,19.33,0.97,0.0,2020-02-13 15:30:00+00:00
20200213:1630,0.0,0.0,0.0,0.0,17.84,1.31,0.0,2020-02-13 16:30:00+00:00
20200213:1730,0.0,0.0,0.0,0.0,16.93,1.38,0.0,2020-02-13 17:30:00+00:00
20200213:1830,0.0,0.0,0.0,0.0,16.49,1.24,0.0,2020-02-13 18:30:00+00:00
20200213:1930,0.0,0.0,0.0,0.0,15.15,1.52,0.0,2020-02-13 19:30:00+00:00
20200213:2030,0.0,0.0,0.0,0.0,14.48,1.86,0.0,2020-02-13 20:30:00+00:00
20200213:2130,0.0,0.0,0.0,0.0,14.08,1.86,0.0,2020-02-13 21:30:00+00:00
20200213:2230,0.0,0.0,0.0,0.0,13.84,1.59,0.0,2020-02-13 22:30:00+00:00
20200213:2330,0.0,0.0,0.0,0.0,14.03,1.31,0.0,2020-02-13 23:30:00+00:00
20200214:0030,0.0,0.0,0.0,-2.91,13.88,1.31,0.0,2020-02-14 00:30:00+00:00
20200214:0130,71.65,52.65,0.0,10.36,13.09,1.66,0.0,2020-02-14 01:30:00+00:00
20200214:0230,243.35,93.4,0.0,23.09,16.41,1.17,0.0,2020-02-14 02:30:00+00:00
20200214:0330,422.96,116.65,0.0,34.88,20.91,1.52,0.0,2020-02-14 03:30:00+00:00
20200214:0430,571.51,129.9,0.0,44.95,23.95,2.0,0.0,2020-02-14 04:30:00+00:00
20200214:0530,604.21,136.45,0.0,51.91,26.35,2.83,0.0,2020-02-14 05:30:00+00:00
20200214:0630,677.11,139.6,0.0,53.9,27.37,3.38,0.0,2020-02-14 06:30:00+00:00
20200214:0730,630.31,136.7,0.0,50.16,28.08,3.24,0.0,2020-02-14 07:30:00+00:00
20200214:0830,519.21,127.8,0.0,42.02,28.62,3.31,0.0,2020-02-14 08:30:00+00:00
20200214:0930,359.21,108.7,0.0,31.28,28.81,3.24,0.0,2020-02-14 09:30:00+00:00
20200214:1030,168.65,82.9,0.0,19.13,28.61,2.9,0.0,2020-02-14 10:30:00+00:00
20200214:1130,31.75,29.3,0.0,6.19,27.82,1.79,0.0,2020-02-14 11:30:00+00:00
20200214:1230,0.0,0.0,0.0,0.0,26.44,0.97,0.0,2020-02-14 12:30:00+00:00
20200214:1330,0.0,0.0,0.0,0.0,25.08,0.34,0.0,2020-02-14 13:30:00+00:00
20200214:1430,0.0,0.0,0.0,0.0,22.72,1.03,0.0,2020-02-14 14:30:00+00:00
20200214:1530,0.0,0.0,0.0,0.0,20.53,1.72,0.0,2020-02-14 15:30:00+00:00
20200214:1630,0.0,0.0,0.0,0.0,19.36,2.0,0.0,2020-02-14 16:30:00+00:00
20200214:1730,0.0,0.0,0.0,0.0,18.7,2.34,0.0,2020-02-14 17:30:00+00:00
20200214:1830,0.0,0.0,0.0,0.0,18.26,2.41,0.0,2020-02-14 18:30:00+00:00
20200214:1930,0.0,0.0,0.0,0.0,17.75,2.14,0.0,2020-02-14 19:30:00+00:00
20200214:2030,0.0,0.0,0.0,0.0,17.0,1.72,0.0,2020-02-14 20:30:00+00:00
20200214:2130,0.0,0.0,0.0,0.0,16.2,1.59,0.0,2020-02-14 21:30:00+00:00
20200214:2230,0.0,0.0,0.0,0.0,15.76,1.31,0.0,2020-02-14 22:30:00+00:00
20200214:2330,0.0,0.0,0.0,0.0,16.2,0.9,0.0,2020-02-14 23:30:00+00:00
20200215:0030,0.0,0.0,0.0,-2.78,16.29,0.62,0.0,2020-02-15 00:30:00+00:00
20200215:0130,74.25,53.1,0.0,10.51,15.65,0.83,0.0,2020-02-15 01:30:00+00:00
20200215:0230,250.25,93.05,0.0,23.28,17.13,0.62,0.0,2020-02-15 02:30:00+00:00
20200215:0330,435.06,114.9,0.0,35.1,21.88,0.97,0.0,2020-02-15 03:30:00+00:00
20200215:0430,583.51,128.65,0.0,45.23,25.27,1.38,0.0,2020-02-15 04:30:00+00:00
20200215:0530,674.41,135.05,0.0,52.24,27.52,2.14,0.0,2020-02-15 05:30:00+00:00
20200215:0630,687.51,142.05,0.0,54.24,28.36,2.28,0.0,2020-02-15 06:30:00+00:00
20200215:0730,648.56,134.55,0.0,50.47,28.42,2.83,0.0,2020-02-15 07:30:00+00:00
20200215:0830,539.06,124.0,0.0,42.27,28.79,2.9,0.0,2020-02-15 08:30:00+00:00
20200215:0930,377.21,107.35,0.0,31.49,28.85,2.97,0.0,2020-02-15 09:30:00+00:00
20200215:1030,187.55,80.85,0.0,19.3,28.5,2.97,0.0,2020-02-15 10:30:00+00:00
20200215:1130,35.25,30.2,0.0,6.34,27.53,2.14,0.0,2020-02-15 11:30:00+00:00
20200215:1230,0.0,0.0,0.0,0.0,25.59,2.14,0.0,2020-02-15 12:30:00+00:00
20200215:1330,0.0,0.0,0.0,0.0,23.63,2.21,0.0,2020-02-15 13:30:00+00:00
20200215:1430,0.0,0.0,0.0,0.0,22.06,2.21,0.0,2020-02-15 14:30:00+00:00
20200215:1530,0.0,0.0,0.0,0.0,20.79,2.21,0.0,2020-02-15 15:30:00+00:00
20200215:1630,0.0,0.0,0.0,0.0,19.67,2.28,0.0,2020-02-15 16:30:00+00:00
20200215:1730,0.0,0.0,0.0,0.0,18.64,2.41,0.0,2020-02-15 17:30:00+00:00
20200215:1830,0.0,0.0,0.0,0.0,17.88,2.34,0.0,2020-02-15 18:30:00+00:00
20200215:1930,0.0,0.0,0.0,0.0,17.38,2.0,0.0,2020-02-15 19:30:00+00:00
20200215:2030,0.0,0.0,0.0,0.0,16.41,1.59,0.0,2020-02-15 20:30:00+00:00
20200215:2130,0.0,0.0,0.0,0.0,16.22,1.17,0.0,2020-02-15 21:30:00+00:00
20200215:2230,0.0,0.0,0.0,0.0,16.52,0.97,0.0,2020-02-15 22:30:00+00:00
20200215:2330,0.0,0.0,0.0,0.0,15.89,0.97,0.0,2020-02-15 23:30:00+00:00
20200216:0030,0.0,0.0,0.0,-2.64,15.23,1.03,0.0,2020-02-16 00:30:00+00:00
20200216:0130,75.6,53.7,0.0,10.68,14.37,1.17,0.0,2020-02-16 01:30:00+00:00
20200216:0230,250.7,93.85,0.0,23.47,17.0,0.48,0.0,2020-02-16 02:30:00+00:00
20200216:0330,434.91,116.25,0.0,35.33,21.43,0.34,0.0,2020-02-16 03:30:00+00:00
20200216:0430,581.96,130.2,0.0,45.51,24.45,0.34,0.0,2020-02-16 04:30:00+00:00
20200216:0530,672.71,137.1,0.0,52.57,26.58,0.41,0.0,2020-02-16 05:30:00+00:00
20200216:0630,693.26,139.4,0.0,54.58,27.75,0.41,0.0,2020-02-16 06:30:00+00:00
20200216:0730,646.61,134.8,0.0,50.77,28.22,1.03,0.0,2020-02-16 07:30:00+00:00
20200216:0830,535.56,124.65,0.0,42.52,28.72,1.66,0.0,2020-02-16 08:30:00+00:00
20200216:0930,373.06,107.9,0.0,31.69,28.9,1.93,0.0,2020-02-16 09:30:00+00:00
20200216:1030,184.6,81.3,0.0,19.47,28.69,2.0,0.0,2020-02-16 10:30:00+00:00
20200216:1130,35.05,30.5,0.0,6.48,27.91,1.59,0.0,2020-02-16 11:30:00+00:00
20200216:1230,0.0,0.0,0.0,0.0,26.25,1.93,0.0,2020-02-16 12:30:00+00:00
20200216:1330,0.0,0.0,0.0,0.0,24.16,2.21,0.0,2020-02-16 13:30:00+00:00
20200216:1430,0.0,0.0,0.0,0.0,22.53,2.21,0.0,2020-02-16 14:30:00+00:00
20200216:1530,0.0,0.0,0.0,0.0,21.28,2.28,0.0,2020-02-16 15:30:00+00:00
20200216:1630,0.0,0.0,0.0,0.0,20.38,2.07,0.0,2020-02-16 16:30:00+00:00
20200216:1730,0.0,0.0,0.0,0.0,19.33,1.72,0.0,2020-02-16 17:30:00+00:00
20200216:1830,0.0,0.0,0.0,0.0,18.27,1.1,0.0,2020-02-16 18:30:00+00:00
20200216:1930,0.0,0.0,0.0,0.0,18.24,0.83,0.0,2020-02-16 19:30:00+00:00
20200216:2030,0.0,0.0,0.0,0.0,18.27,0.41,0.0,2020-02-16 20:30:00+00:00
20200216:2130,0.0,0.0,0.0,0.0,17.83,0.62,0.0,2020-02-16 21:30:00+00:00
20200216:2230,0.0,0.0,0.0,0.0,15.86,1.17,0.0,2020-02-16 22:30:00+00:00
20200216:2330,0.0,0.0,0.0,0.0,14.62,1.59,0.0,2020-02-16 23:30:00+00:00
20200217:0030,0.0,0.0,0.0,-2.49,14.22,1.79,0.0,2020-02-17 00:30:00+00:00
20200217:0130,77.75,54.55,0.0,10.84,14.05,1.79,0.0,2020-02-17 01:30:00+00:00
20200217:0230,255.85,94.05,0.0,23.66,17.44,0.97,0.0,2020-02-17 02:30:00+00:00
20200217:0330,441.96,116.25,0.0,35.56,22.23,0.9,0.0,2020-02-17 03:30:00+00:00
20200217:0430,590.61,130.0,0.0,45.79,25.18,0.9,0.0,2020-02-17 04:30:00+00:00
20200217:0530,681.66,137.2,0.0,52.9,27.0,0.69,0.0,2020-02-17 05:30:00+00:00
20200217:0630,700.36,139.2,0.0,54.93,28.05,0.83,0.0,2020-02-17 06:30:00+00:00
20200217:0730,652.11,135.5,0.0,51.08,28.54,1.24,0.0,2020-02-17 07:30:00+00:00
20200217:0830,540.46,125.35,0.0,42.77,29.01,1.66,0.0,2020-02-17 08:30:00+00:00
20200217:0930,377.36,108.6,0.0,31.89,29.13,1.86,0.0,2020-02-17 09:30:00+00:00
20200217:1030,188.3,81.95,0.0,19.63,28.86,1.93,0.0,2020-02-17 10:30:00+00:00
20200217:1130,36.45,31.35,0.0,6.62,28.06,1.59,0.0,2020-02-17 11:30:00+00:00
20200217:1230,0.0,0.0,0.0,0.0,26.41,1.93,0.0,2020-02-17 12:30:00+00:00
20200217:1330,0.0,0.0,0.0,0.0,24.36,2.21,0.0,2020-02-17 13:30:00+00:00
20200217:1430,0.0,0.0,0.0,0.0,22.62,2.28,0.0,2020-02-17 14:30:00+00:00
20200217:1530,0.0,0.0,0.0,0.0,21.42,2.28,0.0,2020-02-17 15:30:00+00:00
20200217:1630,0.0,0.0,0.0,0.0,20.39,2.14,0.0,2020-02-17 16:30:00+00:00
20200217:1730,0.0,0.0,0.0,0.0,19.27,1.72,0.0,2020-02-17 17:30:00+00:00
20200217:1830,0.0,0.0,0.0,0.0,18.51,0.97,0.0,2020-02-17 18:30:00+00:00
20200217:1930,0.0,0.0,0.0,0.0,17.45,1.24,0.0,2020-02-17 19:30:00+00:00
20200217:2030,0.0,0.0,0.0,0.0,16.14,1.52,0.0,2020-02-17 20:30:00+00:00
20200217:2130,0.0,0.0,0.0,0.0,16.04,1.38,0.0,2020-02-17 21:30:00+00:00
20200217:2230,0.0,0.0,0.0,0.0,16.13,1.1,0.0,2020-02-17 22:30:00+00:00
20200217:2330,0.0,0.0,0.0,0.0,15.69,1.1,0.0,2020-02-17 23:30:00+00:00
20200218:0030,0.0,0.0,0.0,-2.34,15.19,1.17,0.0,2020-02-18 00:30:00+00:00
20200218:0130,54.7,65.4,0.0,11.01,15.13,1.03,0.0,2020-02-18 01:30:00+00:00
20200218:0230,206.0,122.6,0.0,23.86,17.46,0.41,0.0,2020-02-18 02:30:00+00:00
20200218:0330,407.66,131.9,0.0,35.8,21.89,0.41,0.0,2020-02-18 03:30:00+00:00
20200218:0430,570.21,143.6,0.0,46.08,25.11,0.28,0.0,2020-02-18 04:30:00+00:00
20200218:0530,689.21,136.2,0.0,53.24,26.88,0.55,0.0,2020-02-18 05:30:00+00:00
20200218:0630,710.06,138.3,0.0,55.28,27.93,1.31,0.0,2020-02-18 06:30:00+00:00
20200218:0730,660.76,135.05,0.0,51.39,28.32,1.38,0.0,2020-02-18 07:30:00+00:00
20200218:0830,544.46,127.15,0.0,43.03,28.84,1.52,0.0,2020-02-18 08:30:00+00:00
20200218:0930,378.86,111.0,0.0,32.09,29.04,1.72,0.0,2020-02-18 09:30:00+00:00
20200218:1030,191.7,82.35,0.0,19.8,28.89,1.86,0.0,2020-02-18 10:30:00+00:00
20200218:1130,37.6,31.9,0.0,6.76,28.17,1.38,0.0,2020-02-18 11:30:00+00:00
20200218:1230,0.0,0.0,0.0,0.0,26.8,1.38,0.0,2020-02-18 12:30:00+00:00
20200218:1330,0.0,0.0,0.0,0.0,24.73,1.72,0.0,2020-02-18 13:30:00+00:00
20200218:1430,0.0,0.0,0.0,0.0,22.76,1.59,0.0,2020-02-18 14:30:00+00:00
20200218:1530,0.0,0.0,0.0,0.0,21.97,0.76,0.0,2020-02-18 15:30:00+00:00
20200218:1630,0.0,0.0,0.0,0.0,19.48,1.52,0.0,2020-02-18 16:30:00+00:00
20200218:1730,0.0,0.0,0.0,0.0,18.36,2.07,0.0,2020-02-18 17:30:00+00:00
20200218:1830,0.0,0.0,0.0,0.0,17.74,2.07,0.0,2020-02-18 18:30:00+00:00
20200218:1930,0.0,0.0,0.0,0.0,17.37,1.86,0.0,2020-02-18 19:30:00+00:00
20200218:2030,0.0,0.0,0.0,0.0,16.85,1.72,0.0,2020-02-18 20:30:00+00:00
20200218:2130,0.0,0.0,0.0,0.0,16.32,1.66,0.0,2020-02-18 21:30:00+00:00
20200218:2230,0.0,0.0,0.0,0.0,15.92,1.86,0.0,2020-02-18 22:30:00+00:00
20200218:2330,0.0,0.0,0.0,0.0,15.68,1.72,0.0,2020-02-18 23:30:00+00:00
20200219:0030,0.0,0.0,0.0,-2.19,15.9,1.31,0.0,2020-02-19 00:30:00+00:00
20200219:0130,9.75,57.7,0.0,11.18,16.69,0.97,0.0,2020-02-19 01:30:00+00:00
20200219:0230,22.0,157.15,0.0,24.06,18.62,1.1,0.0,2020-02-19 02:30:00+00:00
20200219:0330,149.4,258.6,0.0,36.04,19.69,1.17,0.0,2020-02-19 03:30:00+00:00
20200219:0430,540.31,158.75,0.0,46.37,22.58,0.97,0.0,2020-02-19 04:30:00+00:00
20200219:0530,662.76,144.35,0.0,53.57,26.03,1.17,0.0,2020-02-19 05:30:00+00:00
20200219:0630,706.31,139.35,0.0,55.64,28.13,1.45,0.0,2020-02-19 06:30:00+00:00
20200219:0730,650.41,139.3,0.0,51.71,28.8,1.72,0.0,2020-02-19 07:30:00+00:00
20200219:0830,506.16,130.95,0.0,43.28,29.35,1.59,0.0,2020-02-19 08:30:00+00:00
20200219:0930,328.55,125.95,0.0,32.29,29.45,1.52,0.0,2020-02-19 09:30:00+00:00
20200219:1030,162.25,90.15,0.0,19.96,29.27,1.38,0.0,2020-02-19 10:30:00+00:00
20200219:1130,31.25,30.85,0.0,6.9,28.67,0.76,0.0,2020-02-19 11:30:00+00:00
20200219:1230,0.0,0.0,0.0,0.0,27.19,0.62,0.0,2020-02-19 12:30:00+00:00
20200219:1330,0.0,0.0,0.0,0.0,25.6,1.72,0.0,2020-02-19 13:30:00+00:00
20200219:1430,0.0,0.0,0.0,0.0,23.7,2.28,0.0,2020-02-19 14:30:00+00:00
20200219:1530,0.0,0.0,0.0,0.0,22.65,2.48,0.0,2020-02-19 15:30:00+00:00
20200219:1630,0.0,0.0,0.0,0.0,21.82,2.48,0.0,2020-02-19 16:30:00+00:00
20200219:1730,0.0,0.0,0.0,0.0,21.05,2.21,0.0,2020-02-19 17:30:00+00:00
20200219:1830,0.0,0.0,0.0,0.0,20.3,2.07,0.0,2020-02-19 18:30:00+00:00
20200219:1930,0.0,0.0,0.0,0.0,19.62,2.0,0.0,2020-02-19 19:30:00+00:00
20200219:2030,0.0,0.0,0.0,0.0,19.06,1.93,0.0,2020-02-19 20:30:00+00:00
20200219:2130,0.0,0.0,0.0,0.0,18.71,1.86,0.0,2020-02-19 21:30:00+00:00
20200219:2230,0.0,0.0,0.0,0.0,18.42,1.86,0.0,2020-02-19 22:30:00+00:00
20200219:2330,0.0,0.0,0.0,0.0,18.2,1.86,0.0,2020-02-19 23:30:00+00:00
20200220:0030,0.0,0.0,0.0,-2.03,18.04,1.79,0.0,2020-02-20 00:30:00+00:00
20200220:0130,17.1,71.6,0.0,11.36,17.99,1.45,0.0,2020-02-20 01:30:00+00:00
20200220:0230,69.4,162.45,0.0,24.26,19.9,2.0,0.0,2020-02-20 02:30:00+00:00
20200220:0330,280.1,193.5,0.0,36.28,22.0,2.41,0.0,2020-02-20 03:30:00+00:00
20200220:0430,462.66,203.55,0.0,46.66,24.51,1.93,0.0,2020-02-20 04:30:00+00:00
20200220:0530,657.86,150.0,0.0,53.92,26.73,1.86,0.0,2020-02-20 05:30:00+00:00
20200220:0630,650.06,164.75,0.0,55.99,28.38,1.86,0.0,2020-02-20 06:30:00+00:00
20200220:0730,585.66,168.0,0.0,52.02,28.93,1.66,0.0,2020-02-20 07:30:00+00:00
20200220:0830,413.81,150.1,0.0,43.53,29.44,1.31,0.0,2020-02-20 08:30:00+00:00
20200220:0930,290.1,139.75,0.0,32.49,29.44,0.9,0.0,2020-02-20 09:30:00+00:00
20200220:1030,149.35,87.8,0.0,20.12,29.29,0.62,0.0,2020-02-20 10:30:00+00:00
20200220:1130,32.65,31.0,0.0,7.03,28.78,0.55,0.0,2020-02-20 11:30:00+00:00
20200220:1230,0.0,0.0,0.0,0.0,27.58,1.59,0.0,2020-02-20 12:30:00+00:00
20200220:1330,0.0,0.0,0.0,0.0,25.49,2.21,0.0,2020-02-20 13:30:00+00:00
20200220:1430,0.0,0.0,0.0,0.0,23.89,2.28,0.0,2020-02-20 14:30:00+00:00
20200220:1530,0.0,0.0,0.0,0.0,22.92,2.28,0.0,2020-02-20 15:30:00+00:00
20200220:1630,0.0,0.0,0.0,0.0,21.94,2.21,0.0,2020-02-20 16:30:00+00:00
20200220:1730,0.0,0.0,0.0,0.0,21.11,2.0,0.0,2020-02-20 17:30:00+00:00
20200220:1830,0.0,0.0,0.0,0.0,20.4,1.66,0.0,2020-02-20 18:30:00+00:00
20200220:1930,0.0,0.0,0.0,0.0,19.43,1.24,0.0,2020-02-20 19:30:00+00:00
20200220:2030,0.0,0.0,0.0,0.0,19.24,0.97,0.0,2020-02-20 20:30:00+00:00
20200220:2130,0.0,0.0,0.0,0.0,19.67,0.55,0.0,2020-02-20 21:30:00+00:00
20200220:2230,0.0,0.0,0.0,0.0,19.21,0.34,0.0,2020-02-20 22:30:00+00:00
20200220:2330,0.0,0.0,0.0,0.0,18.83,0.41,0.0,2020-02-20 23:30:00+00:00
20200221:0030,0.0,0.0,0.0,-1.87,18.54,0.41,0.0,2020-02-21 00:30:00+00:00
20200221:0130,75.35,61.6,0.0,11.54,18.33,0.62,0.0,2020-02-21 01:30:00+00:00
20200221:0230,260.7,96.2,0.0,24.47,19.86,0.28,0.0,2020-02-21 02:30:00+00:00
20200221:0330,445.26,118.35,0.0,36.53,23.7,0.14,0.0,2020-02-21 03:30:00+00:00
20200221:0430,591.91,131.8,0.0,46.95,26.15,0.28,0.0,2020-02-21 04:30:00+00:00
20200221:0530,677.51,141.3,0.0,54.26,27.69,0.62,0.0,2020-02-21 05:30:00+00:00
20200221:0630,698.61,143.15,0.0,56.35,28.7,0.9,0.0,2020-02-21 06:30:00+00:00
20200221:0730,633.26,146.45,0.0,52.33,29.46,1.24,0.0,2020-02-21 07:30:00+00:00
20200221:0830,532.81,129.2,0.0,43.78,29.87,1.31,0.0,2020-02-21 08:30:00+00:00
20200221:0930,337.75,118.25,0.0,32.69,29.94,1.38,0.0,2020-02-21 09:30:00+00:00
20200221:1030,170.4,93.25,0.0,20.28,29.7,1.52,0.0,2020-02-21 10:30:00+00:00
20200221:1130,38.4,33.4,0.0,7.16,29.11,1.52,0.0,2020-02-21 11:30:00+00:00
20200221:1230,0.0,0.0,0.0,0.0,27.63,1.86,0.0,2020-02-21 12:30:00+00:00
20200221:1330,0.0,0.0,0.0,0.0,25.67,2.14,0.0,2020-02-21 13:30:00+00:00
20200221:1430,0.0,0.0,0.0,0.0,24.17,2.21,0.0,2020-02-21 14:30:00+00:00
20200221:1530,0.0,0.0,0.0,0.0,23.13,2.28,0.0,2020-02-21 15:30:00+00:00
20200221:1630,0.0,0.0,0.0,0.0,22.33,2.34,0.0,2020-02-21 16:30:00+00:00
20200221:1730,0.0,0.0,0.0,0.0,21.69,2.21,0.0,2020-02-21 17:30:00+00:00
20200221:1830,0.0,0.0,0.0,0.0,21.02,2.21,0.0,2020-02-21 18:30:00+00:00
20200221:1930,0.0,0.0,0.0,0.0,20.44,2.0,0.0,2020-02-21 19:30:00+00:00
20200221:2030,0.0,0.0,0.0,0.0,19.77,1.93,0.0,2020-02-21 20:30:00+00:00
20200221:2130,0.0,0.0,0.0,0.0,19.15,1.86,0.0,2020-02-21 21:30:00+00:00
20200221:2230,0.0,0.0,0.0,0.0,18.49,1.79,0.0,2020-02-21 22:30:00+00:00
20200221:2330,0.0,0.0,0.0,0.0,17.84,1.72,0.0,2020-02-21 23:30:00+00:00
20200222:0030,0.0,0.0,0.0,-1.71,17.18,1.59,0.0,2020-02-22 00:30:00+00:00
20200222:0130,84.1,59.0,0.0,11.72,17.0,1.38,0.0,2020-02-22 01:30:00+00:00
20200222:0230,267.6,95.4,0.0,24.68,20.16,0.69,0.0,2020-02-22 02:30:00+00:00
20200222:0330,443.41,119.5,0.0,36.78,23.94,0.62,0.0,2020-02-22 03:30:00+00:00
20200222:0430,571.66,141.05,0.0,47.25,26.64,0.76,0.0,2020-02-22 04:30:00+00:00
20200222:0530,691.31,137.5,0.0,54.61,28.31,1.31,0.0,2020-02-22 05:30:00+00:00
20200222:0630,701.36,144.95,0.0,56.71,29.49,2.0,0.0,2020-02-22 06:30:00+00:00
20200222:0730,630.56,147.7,0.0,52.64,29.94,2.34,0.0,2020-02-22 07:30:00+00:00
20200222:0830,522.56,140.25,0.0,44.02,30.21,2.48,0.0,2020-02-22 08:30:00+00:00
20200222:0930,376.21,114.3,0.0,32.88,30.19,2.41,0.0,2020-02-22 09:30:00+00:00
20200222:1030,187.7,86.05,0.0,20.44,29.91,2.41,0.0,2020-02-22 10:30:00+00:00
20200222:1130,38.8,34.5,0.0,7.3,29.12,2.0,0.0,2020-02-22 11:30:00+00:00
20200222:1230,0.0,0.0,0.0,0.0,27.43,2.0,0.0,2020-02-22 12:30:00+00:00
20200222:1330,0.0,0.0,0.0,0.0,25.61,2.21,0.0,2020-02-22 13:30:00+00:00
20200222:1430,0.0,0.0,0.0,0.0,24.29,2.07,0.0,2020-02-22 14:30:00+00:00
20200222:1530,0.0,0.0,0.0,0.0,23.35,1.86,0.0,2020-02-22 15:30:00+00:00
20200222:1630,0.0,0.0,0.0,0.0,22.4,1.86,0.0,2020-02-22 16:30:00+00:00
20200222:1730,0.0,0.0,0.0,0.0,21.54,2.0,0.0,2020-02-22 17:30:00+00:00
20200222:1830,0.0,0.0,0.0,0.0,20.8,2.14,0.0,2020-02-22 18:30:00+00:00
20200222:1930,0.0,0.0,0.0,0.0,20.14,2.21,0.0,2020-02-22 19:30:00+00:00
20200222:2030,0.0,0.0,0.0,0.0,19.73,2.28,0.0,2020-02-22 20:30:00+00:00
20200222:2130,0.0,0.0,0.0,0.0,19.4,2.21,0.0,2020-02-22 21:30:00+00:00
20200222:2230,0.0,0.0,0.0,0.0,19.0,2.07,0.0,2020-02-22 22:30:00+00:00
20200222:2330,0.0,0.0,0.0,0.0,18.56,1.93,0.0,2020-02-22 23:30:00+00:00
20200223:0030,0.0,0.0,0.0,-1.54,18.16,1.93,0.0,2020-02-23 00:30:00+00:00
20200223:0130,81.05,55.55,0.0,11.91,17.9,1.72,0.0,2020-02-23 01:30:00+00:00
20200223:0230,253.0,96.15,0.0,24.89,20.29,1.38,0.0,2020-02-23 02:30:00+00:00
20200223:0330,439.96,117.95,0.0,37.03,23.56,1.59,0.0,2020-02-23 03:30:00+00:00
20200223:0430,580.51,132.55,0.0,47.56,26.2,1.79,0.0,2020-02-23 04:30:00+00:00
20200223:0530,654.46,140.95,0.0,54.97,28.02,2.07,0.0,2020-02-23 05:30:00+00:00
20200223:0630,645.36,143.15,0.0,57.07,29.01,2.14,0.0,2020-02-23 06:30:00+00:00
20200223:0730,552.06,172.65,0.0,52.96,29.55,1.52,0.0,2020-02-23 07:30:00+00:00
20200223:0830,517.11,128.15,0.0,44.27,29.74,1.66,0.0,2020-02-23 08:30:00+00:00
20200223:0930,302.65,128.15,0.0,33.08,29.86,1.59,0.0,2020-02-23 09:30:00+00:00
20200223:1030,141.75,83.3,0.0,20.6,29.38,1.45,0.0,2020-02-23 10:30:00+00:00
20200223:1130,33.65,32.45,0.0,7.43,28.84,1.38,0.0,2020-02-23 11:30:00+00:00
20200223:1230,0.0,0.0,0.0,-6.12,27.47,1.72,0.0,2020-02-23 12:30:00+00:00
20200223:1330,0.0,0.0,0.0,0.0,25.72,1.79,0.0,2020-02-23 13:30:00+00:00
20200223:1430,0.0,0.0,0.0,0.0,24.6,1.52,0.0,2020-02-23 14:30:00+00:00
20200223:1530,0.0,0.0,0.0,0.0,23.64,1.52,0.0,2020-02-23 15:30:00+00:00
20200223:1630,0.0,0.0,0.0,0.0,22.72,1.66,0.0,2020-02-23 16:30:00+00:00
20200223:1730,0.0,0.0,0.0,0.0,21.96,1.45,0.0,2020-02-23 17:30:00+00:00
20200223:1830,0.0,0.0,0.0,0.0,21.05,1.1,0.0,2020-02-23 18:30:00+00:00
20200223:1930,0.0,0.0,0.0,0.0,20.81,0.69,0.0,2020-02-23 19:30:00+00:00
20200223:2030,0.0,0.0,0.0,0.0,20.76,0.28,0.0,2020-02-23 20:30:00+00:00
20200223:2130,0.0,0.0,0.0,0.0,20.39,0.14,0.0,2020-02-23 21:30:00+00:00
20200223:2230,0.0,0.0,0.0,0.0,19.58,0.83,0.0,2020-02-23 22:30:00+00:00
20200223:2330,0.0,0.0,0.0,0.0,18.24,1.24,0.0,2020-02-23 23:30:00+00:00
20200224:0030,0.0,0.0,0.0,-1.36,18.06,1.38,0.0,2020-02-24 00:30:00+00:00
20200224:0130,79.25,59.1,0.0,12.1,19.7,0.55,0.0,2020-02-24 01:30:00+00:00
20200224:0230,202.1,112.3,0.0,25.11,21.32,0.69,0.0,2020-02-24 02:30:00+00:00
20200224:0330,266.85,184.25,0.0,37.28,23.93,1.17,0.0,2020-02-24 03:30:00+00:00
20200224:0430,319.45,250.85,0.0,47.86,25.73,1.66,0.0,2020-02-24 04:30:00+00:00
20200224:0530,402.05,216.6,0.0,55.32,27.05,1.93,0.0,2020-02-24 05:30:00+00:00
20200224:0630,75.85,278.05,0.0,57.44,27.75,2.07,0.0,2020-02-24 06:30:00+00:00
20200224:0730,177.7,266.25,0.0,53.27,25.51,2.14,0.0,2020-02-24 07:30:00+00:00
20200224:0830,85.0,278.75,0.0,44.51,26.31,1.93,0.0,2020-02-24 08:30:00+00:00
20200224:0930,68.55,190.15,0.0,33.27,26.34,1.45,0.0,2020-02-24 09:30:00+00:00
20200224:1030,5.05,118.2,0.0,20.75,26.12,0.97,0.0,2020-02-24 10:30:00+00:00
20200224:1130,19.85,37.0,0.0,7.55,25.61,0.34,0.0,2020-02-24 11:30:00+00:00
20200224:1230,0.0,0.0,0.0,-6.01,24.46,1.38,0.0,2020-02-24 12:30:00+00:00
20200224:1330,0.0,0.0,0.0,0.0,23.1,1.79,0.0,2020-02-24 13:30:00+00:00
20200224:1430,0.0,0.0,0.0,0.0,22.27,1.79,0.0,2020-02-24 14:30:00+00:00
20200224:1530,0.0,0.0,0.0,0.0,21.53,1.66,0.0,2020-02-24 15:30:00+00:00
20200224:1630,0.0,0.0,0.0,0.0,20.86,1.79,0.0,2020-02-24 16:30:00+00:00
20200224:1730,0.0,0.0,0.0,0.0,20.22,1.93,0.0,2020-02-24 17:30:00+00:00
20200224:1830,0.0,0.0,0.0,0.0,19.77,1.93,0.0,2020-02-24 18:30:00+00:00
20200224:1930,0.0,0.0,0.0,0.0,19.51,1.79,0.0,2020-02-24 19:30:00+00:00
20200224:2030,0.0,0.0,0.0,0.0,19.17,1.72,0.0,2020-02-24 20:30:00+00:00
20200224:2130,0.0,0.0,0.0,0.0,18.82,1.72,0.0,2020-02-24 21:30:00+00:00
20200224:2230,0.0,0.0,0.0,0.0,18.61,1.66,0.0,2020-02-24 22:30:00+00:00
20200224:2330,0.0,0.0,0.0,0.0,18.45,1.1,0.0,2020-02-24 23:30:00+00:00
20200225:0030,0.0,0.0,0.0,-1.19,19.35,0.28,0.0,2020-02-25 00:30:00+00:00
20200225:0130,23.2,50.35,0.0,12.29,19.05,0.69,0.0,2020-02-25 01:30:00+00:00
20200225:0230,8.25,84.45,0.0,25.33,20.29,0.83,0.0,2020-02-25 02:30:00+00:00
20200225:0330,0.0,96.55,0.0,37.54,20.91,1.03,0.0,2020-02-25 03:30:00+00:00
20200225:0430,25.0,156.75,0.0,48.17,21.25,1.24,0.0,2020-02-25 04:30:00+00:00
20200225:0530,111.45,272.85,0.0,55.68,22.1,1.1,0.0,2020-02-25 05:30:00+00:00
20200225:0630,240.25,263.25,0.0,57.81,23.99,1.45,0.0,2020-02-25 06:30:00+00:00
20200225:0730,166.45,240.8,0.0,53.58,23.38,2.48,0.0,2020-02-25 07:30:00+00:00
20200225:0830,46.25,213.25,0.0,44.76,24.13,3.17,0.0,2020-02-25 08:30:00+00:00
20200225:0930,63.85,155.7,0.0,33.46,23.95,3.59,0.0,2020-02-25 09:30:00+00:00
20200225:1030,57.35,93.2,0.0,20.9,23.55,3.72,0.0,2020-02-25 10:30:00+00:00
20200225:1130,20.15,32.25,0.0,7.68,22.9,3.24,0.0,2020-02-25 11:30:00+00:00
20200225:1230,0.0,0.0,0.0,-5.9,21.78,2.07,0.0,2020-02-25 12:30:00+00:00
20200225:1330,0.0,0.0,0.0,0.0,20.5,1.86,0.0,2020-02-25 13:30:00+00:00
20200225:1430,0.0,0.0,0.0,0.0,19.64,1.93,0.0,2020-02-25 14:30:00+00:00
20200225:1530,0.0,0.0,0.0,0.0,19.02,1.72,0.0,2020-02-25 15:30:00+00:00
20200225:1630,0.0,0.0,0.0,0.0,18.65,1.45,0.0,2020-02-25 16:30:00+00:00
20200225:1730,0.0,0.0,0.0,0.0,18.34,1.52,0.0,2020-02-25 17:30:00+00:00
20200225:1830,0.0,0.0,0.0,0.0,18.14,1.72,0.0,2020-02-25 18:30:00+00:00
20200225:1930,0.0,0.0,0.0,0.0,17.63,1.31,0.0,2020-02-25 19:30:00+00:00
20200225:2030,0.0,0.0,0.0,0.0,17.07,1.31,0.0,2020-02-25 20:30:00+00:00
20200225:2130,0.0,0.0,0.0,0.0,16.85,1.52,0.0,2020-02-25 21:30:00+00:00
20200225:2230,0.0,0.0,0.0,0.0,16.56,1.52,0.0,2020-02-25 22:30:00+00:00
20200225:2330,0.0,0.0,0.0,0.0,16.35,1.03,0.0,2020-02-25 23:30:00+00:00
20200226:0030,0.0,0.0,0.0,-1.01,16.39,0.83,0.0,2020-02-26 00:30:00+00:00
20200226:0130,20.9,67.6,0.0,12.49,16.17,1.1,0.0,2020-02-26 01:30:00+00:00
20200226:0230,89.75,149.3,0.0,25.55,18.04,0.55,0.0,2020-02-26 02:30:00+00:00
20200226:0330,372.4,139.15,0.0,37.8,20.16,0.76,0.0,2020-02-26 03:30:00+00:00
20200226:0430,558.41,149.35,0.0,48.48,22.52,1.1,0.0,2020-02-26 04:30:00+00:00
20200226:0530,535.66,185.9,0.0,56.05,24.35,1.1,0.0,2020-02-26 05:30:00+00:00
20200226:0630,611.01,182.0,0.0,58.18,25.34,1.31,0.0,2020-02-26 06:30:00+00:00
20200226:0730,391.0,194.55,0.0,53.9,26.37,0.48,0.0,2020-02-26 07:30:00+00:00
20200226:0830,351.8,150.1,0.0,45.0,26.32,0.62,0.0,2020-02-26 08:30:00+00:00
20200226:0930,249.75,112.2,0.0,33.64,26.39,0.41,0.0,2020-02-26 09:30:00+00:00
20200226:1030,153.25,93.7,0.0,21.05,26.15,0.41,0.0,2020-02-26 10:30:00+00:00
20200226:1130,26.15,36.2,0.0,7.81,25.33,0.9,0.0,2020-02-26 11:30:00+00:00
20200226:1230,0.0,0.0,0.0,-5.79,23.63,1.66,0.0,2020-02-26 12:30:00+00:00
20200226:1330,0.0,0.0,0.0,0.0,22.03,1.24,0.0,2020-02-26 13:30:00+00:00
20200226:1430,0.0,0.0,0.0,0.0,20.28,1.52,0.0,2020-02-26 14:30:00+00:00
20200226:1530,0.0,0.0,0.0,0.0,19.73,0.9,0.0,2020-02-26 15:30:00+00:00
20200226:1630,0.0,0.0,0.0,0.0,19.44,0.62,0.0,2020-02-26 16:30:00+00:00
20200226:1730,0.0,0.0,0.0,0.0,18.96,0.34,0.0,2020-02-26 17:30:00+00:00
20200226:1830,0.0,0.0,0.0,0.0,18.38,0.97,0.0,2020-02-26 18:30:00+00:00
20200226:1930,0.0,0.0,0.0,0.0,18.09,0.83,0.0,2020-02-26 19:30:00+00:00
20200226:2030,0.0,0.0,0.0,0.0,18.2,0.62,0.0,2020-02-26 20:30:00+00:00
20200226:2130,0.0,0.0,0.0,0.0,17.42,0.83,0.0,2020-02-26 21:30:00+00:00
20200226:2230,0.0,0.0,0.0,0.0,16.94,0.9,0.0,2020-02-26 22:30:00+00:00
20200226:2330,0.0,0.0,0.0,0.0,16.61,0.76,0.0,2020-02-26 23:30:00+00:00
20200227:0030,0.0,0.0,0.0,-0.83,16.24,0.76,0.0,2020-02-27 00:30:00+00:00
20200227:0130,24.95,72.9,0.0,12.69,16.27,0.41,0.0,2020-02-27 01:30:00+00:00
20200227:0230,92.1,172.3,0.0,25.77,17.68,0.34,0.0,2020-02-27 02:30:00+00:00
20200227:0330,227.1,218.2,0.0,38.06,19.79,0.55,0.0,2020-02-27 03:30:00+00:00
20200227:0430,439.2,205.45,0.0,48.79,21.55,1.24,0.0,2020-02-27 04:30:00+00:00
20200227:0530,667.71,158.1,0.0,56.41,23.62,1.52,0.0,2020-02-27 05:30:00+00:00
20200227:0630,580.26,174.85,0.0,58.55,25.27,1.52,0.0,2020-02-27 06:30:00+00:00
20200227:0730,396.7,179.55,0.0,54.21,26.24,1.31,0.0,2020-02-27 07:30:00+00:00
20200227:0830,286.8,194.85,0.0,45.24,26.12,1.17,0.0,2020-02-27 08:30:00+00:00
20200227:0930,225.15,132.8,0.0,33.83,26.31,1.1,0.0,2020-02-27 09:30:00+00:00
20200227:1030,133.25,86.75,0.0,21.2,26.11,1.38,0.0,2020-02-27 10:30:00+00:00
20200227:1130,32.75,33.8,0.0,7.93,25.63,1.66,0.0,2020-02-27 11:30:00+00:00
20200227:1230,0.0,0.0,0.0,-5.68,24.28,1.86,0.0,2020-02-27 12:30:00+00:00
20200227:1330,0.0,0.0,0.0,0.0,22.73,2.14,0.0,2020-02-27 13:30:00+00:00
20200227:1430,0.0,0.0,0.0,0.0,21.53,2.21,0.0,2020-02-27 14:30:00+00:00
20200227:1530,0.0,0.0,0.0,0.0,20.74,2.21,0.0,2020-02-27 15:30:00+00:00
20200227:1630,0.0,0.0,0.0,0.0,20.1,2.14,0.0,2020-02-27 16:30:00+00:00
20200227:1730,0.0,0.0,0.0,0.0,19.5,2.07,0.0,2020-02-27 17:30:00+00:00
20200227:1830,0.0,0.0,0.0,0.0,18.94,2.07,0.0,2020-02-27 18:30:00+00:00
20200227:1930,0.0,0.0,0.0,0.0,18.43,1.93,0.0,2020-02-27 19:30:00+00:00
20200227:2030,0.0,0.0,0.0,0.0,17.97,1.93,0.0,2020-02-27 20:30:00+00:00
20200227:2130,0.0,0.0,0.0,0.0,17.53,1.93,0.0,2020-02-27 21:30:00+00:00
20200227:2230,0.0,0.0,0.0,0.0,17.08,1.79,0.0,2020-02-27 22:30:00+00:00
20200227:2330,0.0,0.0,0.0,0.0,16.53,1.72,0.0,2020-02-27 23:30:00+00:00
20200228:0030,0.0,0.0,0.0,-0.64,15.95,1.72,0.0,2020-02-28 00:30:00+00:00
20200228:0130,95.65,63.05,0.0,12.89,15.69,1.52,0.0,2020-02-28 01:30:00+00:00
20200228:0230,279.5,100.65,0.0,26.0,19.14,1.03,0.0,2020-02-28 02:30:00+00:00
20200228:0330,465.21,122.8,0.0,38.33,22.31,1.24,0.0,2020-02-28 03:30:00+00:00
20200228:0430,611.56,136.9,0.0,49.11,24.41,1.31,0.0,2020-02-28 04:30:00+00:00
20200228:0530,699.91,144.25,0.0,56.78,25.8,1.38,0.0,2020-02-28 05:30:00+00:00
20200228:0630,488.26,214.9,0.0,58.92,26.94,1.72,0.0,2020-02-28 06:30:00+00:00
20200228:0730,227.0,262.1,0.0,54.52,27.33,1.66,0.0,2020-02-28 07:30:00+00:00
20200228:0830,256.9,199.75,0.0,45.48,27.28,1.72,0.0,2020-02-28 08:30:00+00:00
20200228:0930,138.05,182.1,0.0,34.01,27.33,1.86,0.0,2020-02-28 09:30:00+00:00
20200228:1030,110.8,99.2,0.0,21.34,27.16,2.07,0.0,2020-02-28 10:30:00+00:00
20200228:1130,31.05,37.55,0.0,8.05,26.68,2.0,0.0,2020-02-28 11:30:00+00:00
20200228:1230,0.0,0.0,0.0,-5.57,25.31,1.93,0.0,2020-02-28 12:30:00+00:00
20200228:1330,0.0,0.0,0.0,0.0,23.47,2.21,0.0,2020-02-28 13:30:00+00:00
20200228:1430,0.0,0.0,0.0,0.0,22.17,2.34,0.0,2020-02-28 14:30:00+00:00
20200228:1530,0.0,0.0,0.0,0.0,21.33,2.41,0.0,2020-02-28 15:30:00+00:00
20200228:1630,0.0,0.0,0.0,0.0,20.6,2.34,0.0,2020-02-28 16:30:00+00:00
20200228:1730,0.0,0.0,0.0,0.0,19.91,2.34,0.0,2020-02-28 17:30:00+00:00
20200228:1830,0.0,0.0,0.0,0.0,19.25,2.28,0.0,2020-02-28 18:30:00+00:00
20200228:1930,0.0,0.0,0.0,0.0,18.98,2.07,0.0,2020-02-28 19:30:00+00:00
20200228:2030,0.0,0.0,0.0,0.0,18.51,2.07,0.0,2020-02-28 20:30:00+00:00
20200228:2130,0.0,0.0,0.0,0.0,17.97,2.07,0.0,2020-02-28 21:30:00+00:00
20200228:2230,0.0,0.0,0.0,0.0,17.46,2.0,0.0,2020-02-28 22:30:00+00:00
20200228:2330,0.0,0.0,0.0,0.0,16.89,1.86,0.0,2020-02-28 23:30:00+00:00
20200229:0030,0.0,0.0,0.0,-0.64,16.33,1.86,0.0,2020-02-29 00:30:00+00:00
20200229:0130,101.6,63.15,0.0,12.89,15.97,1.59,0.0,2020-02-29 01:30:00+00:00
20200229:0230,289.2,99.65,0.0,26.0,19.45,0.97,0.0,2020-02-29 02:30:00+00:00
20200229:0330,476.76,121.1,0.0,38.33,22.79,0.76,0.0,2020-02-29 03:30:00+00:00
20200229:0430,624.76,134.4,0.0,49.11,25.28,0.76,0.0,2020-02-29 04:30:00+00:00
20200229:0530,712.66,142.1,0.0,56.78,26.69,0.41,0.0,2020-02-29 05:30:00+00:00
20200229:0630,721.81,145.6,0.0,58.92,27.7,1.03,0.0,2020-02-29 06:30:00+00:00
20200229:0730,660.41,145.35,0.0,54.52,28.56,1.86,0.0,2020-02-29 07:30:00+00:00
20200229:0830,562.16,137.35,0.0,45.48,29.07,2.07,0.0,2020-02-29 08:30:00+00:00
20200229:0930,377.95,122.95,0.0,34.01,29.23,2.34,0.0,2020-02-29 09:30:00+00:00
20200229:1030,158.75,94.2,0.0,21.34,29.06,2.28,0.0,2020-02-29 10:30:00+00:00
20200229:1130,46.0,37.55,0.0,8.05,28.36,1.93,0.0,2020-02-29 11:30:00+00:00
20200229:1230,0.0,0.0,0.0,-5.57,26.71,1.93,0.0,2020-02-29 12:30:00+00:00
20200229:1330,0.0,0.0,0.0,0.0,24.73,2.0,0.0,2020-02-29 13:30:00+00:00
20200229:1430,0.0,0.0,0.0,0.0,23.25,2.14,0.0,2020-02-29 14:30:00+00:00
20200229:1530,0.0,0.0,0.0,0.0,22.19,2.34,0.0,2020-02-29 15:30:00+00:00
20200229:1630,0.0,0.0,0.0,0.0,21.51,2.41,0.0,2020-02-29 16:30:00+00:00
20200229:1730,0.0,0.0,0.0,0.0,20.92,2.34,0.0,2020-02-29 17:30:00+00:00
20200229:1830,0.0,0.0,0.0,0.0,20.25,2.14,0.0,2020-02-29 18:30:00+00:00
20200229:1930,0.0,0.0,0.0,0.0,19.67,1.52,0.0,2020-02-29 19:30:00+00:00
20200229:2030,0.0,0.0,0.0,0.0,18.69,1.52,0.0,2020-02-29 20:30:00+00:00
20200229:2130,0.0,0.0,0.0,0.0,18.0,1.38,0.0,2020-02-29 21:30:00+00:00
20200229:2230,0.0,0.0,0.0,0.0,17.73,1.31,0.0,2020-02-29 22:30:00+00:00
20200229:2330,0.0,0.0,0.0,0.0,17.64,1.1,0.0,2020-02-29 23:30:00+00:00
20200301:0030,0.0,0.0,0.0,-0.45,18.49,0.69,0.0,2020-03-01 00:30:00+00:00
20200301:0130,99.45,63.85,0.0,13.09,18.24,0.48,0.0,2020-03-01 01:30:00+00:00
20200301:0230,283.25,100.45,0.0,26.23,20.75,0.41,0.0,2020-03-01 02:30:00+00:00
20200301:0330,463.66,124.75,0.0,38.59,24.2,0.62,0.0,2020-03-01 03:30:00+00:00
20200301:0430,613.56,135.7,0.0,49.43,26.59,0.69,0.0,2020-03-01 04:30:00+00:00
20200301:0530,700.86,143.15,0.0,57.15,28.14,0.76,0.0,2020-03-01 05:30:00+00:00
20200301:0630,577.41,208.15,0.0,59.3,29.17,0.55,0.0,2020-03-01 06:30:00+00:00
20200301:0730,266.85,297.8,0.0,54.83,29.77,1.72,0.0,2020-03-01 07:30:00+00:00
20200301:0830,255.5,248.45,0.0,45.71,29.78,1.93,0.0,2020-03-01 08:30:00+00:00
20200301:0930,136.15,203.95,0.0,34.19,29.77,1.93,0.0,2020-03-01 09:30:00+00:00
20200301:1030,128.8,114.75,0.0,21.49,29.5,1.93,0.0,2020-03-01 10:30:00+00:00
20200301:1130,46.0,38.2,0.0,8.17,29.07,1.72,0.0,2020-03-01 11:30:00+00:00
20200301:1230,0.0,0.0,0.0,-5.47,27.51,1.79,0.0,2020-03-01 12:30:00+00:00
20200301:1330,0.0,0.0,0.0,0.0,25.52,2.07,0.0,2020-03-01 13:30:00+00:00
20200301:1430,0.0,0.0,0.0,0.0,24.04,2.14,0.0,2020-03-01 14:30:00+00:00
20200301:1530,0.0,0.0,0.0,0.0,23.09,2.21,0.0,2020-03-01 15:30:00+00:00
20200301:1630,0.0,0.0,0.0,0.0,22.36,2.14,0.0,2020-03-01 16:30:00+00:00
20200301:1730,0.0,0.0,0.0,0.0,21.62,1.93,0.0,2020-03-01 17:30:00+00:00
20200301:1830,0.0,0.0,0.0,0.0,20.59,1.31,0.0,2020-03-01 18:30:00+00:00
20200301:1930,0.0,0.0,0.0,0.0,20.93,0.62,0.0,2020-03-01 19:30:00+00:00
20200301:2030,0.0,0.0,0.0,0.0,19.04,1.31,0.0,2020-03-01 20:30:00+00:00
20200301:2130,0.0,0.0,0.0,0.0,18.33,1.45,0.0,2020-03-01 21:30:00+00:00
20200301:2230,0.0,0.0,0.0,0.0,18.26,1.24,0.0,2020-03-01 22:30:00+00:00
20200301:2330,0.0,0.0,0.0,0.0,19.49,0.76,0.0,2020-03-01 23:30:00+00:00
20200302:0030,0.0,0.0,0.0,-0.26,19.34,0.28,0.0,2020-03-02 00:30:00+00:00
20200302:0130,96.8,67.3,0.0,13.3,19.19,0.55,0.0,2020-03-02 01:30:00+00:00
20200302:0230,286.5,100.4,0.0,26.46,21.56,0.41,0.0,2020-03-02 02:30:00+00:00
20200302:0330,470.11,122.05,0.0,38.86,25.16,0.55,0.0,2020-03-02 03:30:00+00:00
20200302:0430,618.36,135.05,0.0,49.74,27.44,0.69,0.0,2020-03-02 04:30:00+00:00
20200302:0530,702.71,142.45,0.0,57.52,28.93,1.03,0.0,2020-03-02 05:30:00+00:00
20200302:0630,660.31,170.65,0.0,59.67,29.96,1.24,0.0,2020-03-02 06:30:00+00:00
20200302:0730,547.71,198.75,0.0,55.14,30.14,1.66,0.0,2020-03-02 07:30:00+00:00
20200302:0830,429.5,165.3,0.0,45.95,30.52,1.86,0.0,2020-03-02 08:30:00+00:00
20200302:0930,288.95,146.85,0.0,34.37,30.43,1.79,0.0,2020-03-02 09:30:00+00:00
20200302:1030,175.55,93.35,0.0,21.63,30.0,1.59,0.0,2020-03-02 10:30:00+00:00
20200302:1130,31.6,38.55,0.0,8.29,29.4,1.24,0.0,2020-03-02 11:30:00+00:00
20200302:1230,0.0,0.0,0.0,-5.36,28.13,0.55,0.0,2020-03-02 12:30:00+00:00
20200302:1330,0.0,0.0,0.0,0.0,26.64,0.69,0.0,2020-03-02 13:30:00+00:00
20200302:1430,0.0,0.0,0.0,0.0,25.09,1.38,0.0,2020-03-02 14:30:00+00:00
20200302:1530,0.0,0.0,0.0,0.0,23.74,1.66,0.0,2020-03-02 15:30:00+00:00
20200302:1630,0.0,0.0,0.0,0.0,22.94,1.52,0.0,2020-03-02 16:30:00+00:00
20200302:1730,0.0,0.0,0.0,0.0,22.36,1.31,0.0,2020-03-02 17:30:00+00:00
20200302:1830,0.0,0.0,0.0,0.0,22.16,0.97,0.0,2020-03-02 18:30:00+00:00
20200302:1930,0.0,0.0,0.0,0.0,20.9,1.45,0.0,2020-03-02 19:30:00+00:00
20200302:2030,0.0,0.0,0.0,0.0,20.15,1.45,0.0,2020-03-02 20:30:00+00:00
20200302:2130,0.0,0.0,0.0,0.0,19.55,1.45,0.0,2020-03-02 21:30:00+00:00
20200302:2230,0.0,0.0,0.0,0.0,19.21,1.31,0.0,2020-03-02 22:30:00+00:00
20200302:2330,0.0,0.0,0.0,0.0,19.06,1.17,0.0,2020-03-02 23:30:00+00:00
20200303:0030,0.0,0.0,0.0,-0.06,19.41,0.83,0.0,2020-03-03 00:30:00+00:00
20200303:0130,96.5,62.35,0.0,13.51,19.01,0.97,0.0,2020-03-03 01:30:00+00:00
20200303:0230,283.55,101.7,0.0,26.69,22.14,0.28,0.0,2020-03-03 02:30:00+00:00
20200303:0330,424.45,132.55,0.0,39.13,25.18,0.07,0.0,2020-03-03 03:30:00+00:00
20200303:0430,598.56,137.85,0.0,50.07,27.34,0.48,0.0,2020-03-03 04:30:00+00:00
20200303:0530,703.16,143.2,0.0,57.89,29.03,0.83,0.0,2020-03-03 05:30:00+00:00
20200303:0630,665.36,164.65,0.0,60.05,30.2,1.31,0.0,2020-03-03 06:30:00+00:00
20200303:0730,603.36,176.65,0.0,55.45,29.8,1.52,0.0,2020-03-03 07:30:00+00:00
20200303:0830,490.26,157.95,0.0,46.18,30.4,1.79,0.0,2020-03-03 08:30:00+00:00
20200303:0930,287.75,115.35,0.0,34.55,30.42,1.93,0.0,2020-03-03 09:30:00+00:00
20200303:1030,129.7,105.55,0.0,21.77,29.7,1.72,0.0,2020-03-03 10:30:00+00:00
20200303:1130,23.05,40.05,0.0,8.4,27.81,2.14,0.0,2020-03-03 11:30:00+00:00
20200303:1230,0.0,0.0,0.0,-5.26,24.5,2.76,0.0,2020-03-03 12:30:00+00:00
20200303:1330,0.0,0.0,0.0,0.0,22.94,2.07,0.0,2020-03-03 13:30:00+00:00
20200303:1430,0.0,0.0,0.0,0.0,22.53,1.79,0.0,2020-03-03 14:30:00+00:00
20200303:1530,0.0,0.0,0.0,0.0,22.2,1.59,0.0,2020-03-03 15:30:00+00:00
20200303:1630,0.0,0.0,0.0,0.0,22.02,1.59,0.0,2020-03-03 16:30:00+00:00
20200303:1730,0.0,0.0,0.0,0.0,21.86,1.59,0.0,2020-03-03 17:30:00+00:00
20200303:1830,0.0,0.0,0.0,0.0,21.62,1.66,0.0,2020-03-03 18:30:00+00:00
20200303:1930,0.0,0.0,0.0,0.0,21.23,2.14,0.0,2020-03-03 19:30:00+00:00
20200303:2030,0.0,0.0,0.0,0.0,20.63,2.07,0.0,2020-03-03 20:30:00+00:00
20200303:2130,0.0,0.0,0.0,0.0,20.33,1.1,0.0,2020-03-03 21:30:00+00:00
20200303:2230,0.0,0.0,0.0,0.0,20.08,0.9,0.0,2020-03-03 22:30:00+00:00
20200303:2330,0.0,0.0,0.0,0.0,19.72,1.17,0.0,2020-03-03 23:30:00+00:00
20200304:0030,0.0,9.45,0.0,0.13,19.41,1.52,0.0,2020-03-04 00:30:00+00:00
20200304:0130,70.05,65.3,0.0,13.72,19.48,1.52,0.0,2020-03-04 01:30:00+00:00
20200304:0230,152.4,124.6,0.0,26.93,21.04,1.79,0.0,2020-03-04 02:30:00+00:00
20200304:0330,293.7,129.75,0.0,39.4,22.4,2.07,0.0,2020-03-04 03:30:00+00:00
20200304:0430,438.2,176.05,0.0,50.39,24.4,2.21,0.0,2020-03-04 04:30:00+00:00
20200304:0530,478.35,193.25,0.0,58.27,26.02,2.14,0.0,2020-03-04 05:30:00+00:00
20200304:0630,501.25,212.4,0.0,60.43,27.05,2.28,0.0,2020-03-04 06:30:00+00:00
20200304:0730,522.31,172.3,0.0,55.76,28.2,1.86,0.0,2020-03-04 07:30:00+00:00
20200304:0830,373.35,156.5,0.0,46.41,28.32,1.86,0.0,2020-03-04 08:30:00+00:00
20200304:0930,304.3,123.85,0.0,34.72,28.11,1.79,0.0,2020-03-04 09:30:00+00:00
20200304:1030,180.65,87.85,0.0,21.9,28.04,1.52,0.0,2020-03-04 10:30:00+00:00
20200304:1130,41.45,37.85,0.0,8.52,27.12,1.59,0.0,2020-03-04 11:30:00+00:00
20200304:1230,0.0,0.0,0.0,-5.16,25.63,1.52,0.0,2020-03-04 12:30:00+00:00
20200304:1330,0.0,0.0,0.0,0.0,24.25,1.66,0.0,2020-03-04 13:30:00+00:00
20200304:1430,0.0,0.0,0.0,0.0,23.18,1.79,0.0,2020-03-04 14:30:00+00:00
20200304:1530,0.0,0.0,0.0,0.0,22.58,1.38,0.0,2020-03-04 15:30:00+00:00
20200304:1630,0.0,0.0,0.0,0.0,21.72,0.83,0.0,2020-03-04 16:30:00+00:00
20200304:1730,0.0,0.0,0.0,0.0,21.4,0.69,0.0,2020-03-04 17:30:00+00:00
20200304:1830,0.0,0.0,0.0,0.0,20.43,1.24,0.0,2020-03-04 18:30:00+00:00
20200304:1930,0.0,0.0,0.0,0.0,20.31,1.72,0.0,2020-03-04 19:30:00+00:00
20200304:2030,0.0,0.0,0.0,0.0,20.52,2.07,0.0,2020-03-04 20:30:00+00:00
20200304:2130,0.0,0.0,0.0,0.0,20.44,1.66,0.0,2020-03-04 21:30:00+00:00
20200304:2230,0.0,0.0,0.0,0.0,20.1,0.97,0.0,2020-03-04 22:30:00+00:00
20200304:2330,0.0,0.0,0.0,0.0,19.71,1.24,0.0,2020-03-04 23:30:00+00:00
20200305:0030,0.0,10.35,0.0,0.33,19.36,1.45,0.0,2020-03-05 00:30:00+00:00
20200305:0130,70.35,70.85,0.0,13.93,19.55,1.1,0.0,2020-03-05 01:30:00+00:00
20200305:0230,213.65,117.45,0.0,27.17,21.44,1.03,0.0,2020-03-05 02:30:00+00:00
20200305:0330,197.1,209.2,0.0,39.68,23.97,1.24,0.0,2020-03-05 03:30:00+00:00
20200305:0430,289.65,246.8,0.0,50.71,25.25,1.24,0.0,2020-03-05 04:30:00+00:00
20200305:0530,473.0,218.5,0.0,58.65,26.37,1.03,0.0,2020-03-05 05:30:00+00:00
20200305:0630,541.41,208.45,0.0,60.81,27.42,0.9,0.0,2020-03-05 06:30:00+00:00
20200305:0730,508.0,197.1,0.0,56.06,28.23,0.9,0.0,2020-03-05 07:30:00+00:00
20200305:0830,430.15,196.2,0.0,46.64,28.65,0.76,0.0,2020-03-05 08:30:00+00:00
20200305:0930,184.75,179.4,0.0,34.89,28.67,0.41,0.0,2020-03-05 09:30:00+00:00
20200305:1030,132.6,97.4,0.0,22.04,28.06,0.48,0.0,2020-03-05 10:30:00+00:00
20200305:1130,13.35,26.45,0.0,8.63,25.88,2.34,0.0,2020-03-05 11:30:00+00:00
20200305:1230,0.0,0.0,0.0,-5.06,23.02,2.48,0.0,2020-03-05 12:30:00+00:00
20200305:1330,0.0,0.0,0.0,0.0,22.57,0.69,0.0,2020-03-05 13:30:00+00:00
20200305:1430,0.0,0.0,0.0,0.0,22.18,1.03,0.0,2020-03-05 14:30:00+00:00
20200305:1530,0.0,0.0,0.0,0.0,21.72,1.1,0.0,2020-03-05 15:30:00+00:00
20200305:1630,0.0,0.0,0.0,0.0,20.94,0.9,0.0,2020-03-05 16:30:00+00:00
20200305:1730,0.0,0.0,0.0,0.0,20.4,1.1,0.0,2020-03-05 17:30:00+00:00
20200305:1830,0.0,0.0,0.0,0.0,20.35,1.79,0.0,2020-03-05 18:30:00+00:00
20200305:1930,0.0,0.0,0.0,0.0,20.81,1.72,0.0,2020-03-05 19:30:00+00:00
20200305:2030,0.0,0.0,0.0,0.0,20.61,1.45,0.0,2020-03-05 20:30:00+00:00
20200305:2130,0.0,0.0,0.0,0.0,20.37,1.17,0.0,2020-03-05 21:30:00+00:00
20200305:2230,0.0,0.0,0.0,0.0,20.16,1.17,0.0,2020-03-05 22:30:00+00:00
20200305:2330,0.0,0.0,0.0,0.0,20.08,1.31,0.0,2020-03-05 23:30:00+00:00
20200306:0030,0.0,10.2,0.0,0.54,20.36,1.03,0.0,2020-03-06 00:30:00+00:00
20200306:0130,63.7,65.25,0.0,14.15,20.52,1.45,0.0,2020-03-06 01:30:00+00:00
20200306:0230,237.55,122.75,0.0,27.41,22.51,1.72,0.0,2020-03-06 02:30:00+00:00
20200306:0330,356.1,177.75,0.0,39.95,24.6,1.66,0.0,2020-03-06 03:30:00+00:00
20200306:0430,559.26,158.25,0.0,51.04,26.34,1.38,0.0,2020-03-06 04:30:00+00:00
20200306:0530,672.71,151.2,0.0,59.03,27.79,1.24,0.0,2020-03-06 05:30:00+00:00
20200306:0630,451.75,269.95,0.0,61.19,28.93,1.59,0.0,2020-03-06 06:30:00+00:00
20200306:0730,358.25,237.2,0.0,56.37,28.94,3.52,0.0,2020-03-06 07:30:00+00:00
20200306:0830,356.7,173.4,0.0,46.86,28.8,3.79,0.0,2020-03-06 08:30:00+00:00
20200306:0930,294.05,147.2,0.0,35.06,28.86,4.14,0.0,2020-03-06 09:30:00+00:00
20200306:1030,149.8,102.6,0.0,22.17,28.36,3.93,0.0,2020-03-06 10:30:00+00:00
20200306:1130,41.55,42.85,0.0,8.74,27.57,3.72,0.0,2020-03-06 11:30:00+00:00
20200306:1230,0.0,0.0,0.0,-4.96,26.12,3.45,0.0,2020-03-06 12:30:00+00:00
20200306:1330,0.0,0.0,0.0,0.0,24.39,3.17,0.0,2020-03-06 13:30:00+00:00
20200306:1430,0.0,0.0,0.0,0.0,23.43,2.76,0.0,2020-03-06 14:30:00+00:00
20200306:1530,0.0,0.0,0.0,0.0,22.4,2.34,0.0,2020-03-06 15:30:00+00:00
20200306:1630,0.0,0.0,0.0,0.0,21.98,2.21,0.0,2020-03-06 16:30:00+00:00
20200306:1730,0.0,0.0,0.0,0.0,21.58,2.28,0.0,2020-03-06 17:30:00+00:00
20200306:1830,0.0,0.0,0.0,0.0,21.62,2.21,0.0,2020-03-06 18:30:00+00:00
20200306:1930,0.0,0.0,0.0,0.0,21.72,1.72,0.0,2020-03-06 19:30:00+00:00
20200306:2030,0.0,0.0,0.0,0.0,21.67,1.38,0.0,2020-03-06 20:30:00+00:00
20200306:2130,0.0,0.0,0.0,0.0,21.7,1.31,0.0,2020-03-06 21:30:00+00:00
20200306:2230,0.0,0.0,0.0,0.0,21.64,1.59,0.0,2020-03-06 22:30:00+00:00
20200306:2330,0.0,0.0,0.0,0.0,21.64,1.66,0.0,2020-03-06 23:30:00+00:00
20200307:0030,0.0,6.25,0.0,0.74,21.78,1.79,0.0,2020-03-07 00:30:00+00:00
20200307:0130,1.95,36.5,0.0,14.37,21.79,1.86,0.0,2020-03-07 01:30:00+00:00
20200307:0230,42.45,102.5,0.0,27.65,21.89,1.93,0.0,2020-03-07 02:30:00+00:00
20200307:0330,6.0,78.9,0.0,40.23,22.71,2.21,0.0,2020-03-07 03:30:00+00:00
20200307:0430,125.2,202.8,0.0,51.37,22.88,1.93,0.0,2020-03-07 04:30:00+00:00
20200307:0530,328.15,188.4,0.0,59.41,24.22,2.07,0.0,2020-03-07 05:30:00+00:00
20200307:0630,212.7,262.6,0.0,61.57,26.07,1.93,0.0,2020-03-07 06:30:00+00:00
20200307:0730,170.35,198.05,0.0,56.67,25.37,0.83,0.0,2020-03-07 07:30:00+00:00
20200307:0830,154.85,154.85,0.0,47.08,25.63,0.55,0.0,2020-03-07 08:30:00+00:00
20200307:0930,207.3,116.0,0.0,35.22,26.04,0.48,0.0,2020-03-07 09:30:00+00:00
20200307:1030,149.2,86.2,0.0,22.3,26.58,1.24,0.0,2020-03-07 10:30:00+00:00
20200307:1130,35.85,35.2,0.0,8.85,26.62,1.52,0.0,2020-03-07 11:30:00+00:00
20200307:1230,0.0,0.0,0.0,-4.86,25.73,1.31,0.0,2020-03-07 12:30:00+00:00
20200307:1330,0.0,0.0,0.0,0.0,24.2,2.07,0.0,2020-03-07 13:30:00+00:00
20200307:1430,0.0,0.0,0.0,0.0,23.18,2.34,0.0,2020-03-07 14:30:00+00:00
20200307:1530,0.0,0.0,0.0,0.0,22.71,2.34,0.0,2020-03-07 15:30:00+00:00
20200307:1630,0.0,0.0,0.0,0.0,22.36,2.07,0.0,2020-03-07 16:30:00+00:00
20200307:1730,0.0,0.0,0.0,0.0,22.15,1.86,0.0,2020-03-07 17:30:00+00:00
20200307:1830,0.0,0.0,0.0,0.0,21.75,1.93,0.0,2020-03-07 18:30:00+00:00
20200307:1930,0.0,0.0,0.0,0.0,22.16,1.79,0.0,2020-03-07 19:30:00+00:00
20200307:2030,0.0,0.0,0.0,0.0,21.82,2.14,0.0,2020-03-07 20:30:00+00:00
20200307:2130,0.0,0.0,0.0,0.0,21.37,1.79,0.0,2020-03-07 21:30:00+00:00
20200307:2230,0.0,0.0,0.0,0.0,20.94,1.59,0.0,2020-03-07 22:30:00+00:00
20200307:2330,0.0,0.0,0.0,0.0,20.59,1.52,0.0,2020-03-07 23:30:00+00:00
20200308:0030,0.0,12.85,0.0,0.95,20.34,1.59,0.0,2020-03-08 00:30:00+00:00
20200308:0130,95.5,70.9,0.0,14.59,20.44,1.52,0.0,2020-03-08 01:30:00+00:00
20200308:0230,268.7,112.9,0.0,27.89,22.41,2.41,0.0,2020-03-08 02:30:00+00:00
20200308:0330,424.05,152.15,0.0,40.51,24.55,2.76,0.0,2020-03-08 03:30:00+00:00
20200308:0430,347.0,223.45,0.0,51.7,26.62,3.45,0.0,2020-03-08 04:30:00+00:00
20200308:0530,441.3,255.7,0.0,59.79,27.52,2.97,0.0,2020-03-08 05:30:00+00:00
20200308:0630,499.25,248.85,0.0,61.95,28.46,2.69,0.0,2020-03-08 06:30:00+00:00
20200308:0730,418.45,218.5,0.0,56.97,28.91,1.86,0.0,2020-03-08 07:30:00+00:00
20200308:0830,342.1,186.55,0.0,47.3,29.18,2.0,0.0,2020-03-08 08:30:00+00:00
20200308:0930,276.8,126.2,0.0,35.38,29.13,2.21,0.0,2020-03-08 09:30:00+00:00
20200308:1030,167.3,90.95,0.0,22.42,29.06,2.48,0.0,2020-03-08 10:30:00+00:00
20200308:1130,38.6,34.65,0.0,8.95,28.56,2.07,0.0,2020-03-08 11:30:00+00:00
20200308:1230,0.0,0.0,0.0,-4.77,27.57,0.62,0.0,2020-03-08 12:30:00+00:00
20200308:1330,0.0,0.0,0.0,0.0,26.0,0.69,0.0,2020-03-08 13:30:00+00:00
20200308:1430,0.0,0.0,0.0,0.0,24.43,0.76,0.0,2020-03-08 14:30:00+00:00
20200308:1530,0.0,0.0,0.0,0.0,24.28,0.14,0.0,2020-03-08 15:30:00+00:00
20200308:1630,0.0,0.0,0.0,0.0,23.36,0.55,0.0,2020-03-08 16:30:00+00:00
20200308:1730,0.0,0.0,0.0,0.0,21.12,1.1,0.0,2020-03-08 17:30:00+00:00
20200308:1830,0.0,0.0,0.0,0.0,19.91,1.38,0.0,2020-03-08 18:30:00+00:00
20200308:1930,0.0,0.0,0.0,0.0,19.59,1.66,0.0,2020-03-08 19:30:00+00:00
20200308:2030,0.0,0.0,0.0,0.0,19.39,1.79,0.0,2020-03-08 20:30:00+00:00
20200308:2130,0.0,0.0,0.0,0.0,19.17,2.0,0.0,2020-03-08 21:30:00+00:00
20200308:2230,0.0,0.0,0.0,0.0,18.96,2.07,0.0,2020-03-08 22:30:00+00:00
20200308:2330,0.0,0.0,0.0,0.0,18.8,2.07,0.0,2020-03-08 23:30:00+00:00
20200309:0030,0.0,14.05,0.0,1.16,18.32,2.07,0.0,2020-03-09 00:30:00+00:00
20200309:0130,117.65,71.1,0.0,14.81,18.17,1.66,0.0,2020-03-09 01:30:00+00:00
20200309:0230,315.8,104.1,0.0,28.13,21.59,1.38,0.0,2020-03-09 02:30:00+00:00
20200309:0330,490.85,127.15,0.0,40.79,24.47,2.0,0.0,2020-03-09 03:30:00+00:00
20200309:0430,662.06,136.45,0.0,52.03,26.05,2.69,0.0,2020-03-09 04:30:00+00:00
20200309:0530,748.36,143.55,0.0,60.18,27.1,2.76,0.0,2020-03-09 05:30:00+00:00
20200309:0630,764.41,144.65,0.0,62.33,27.92,2.62,0.0,2020-03-09 06:30:00+00:00
20200309:0730,706.66,139.7,0.0,57.27,28.64,2.21,0.0,2020-03-09 07:30:00+00:00
20200309:0830,588.66,134.5,0.0,47.52,29.11,2.41,0.0,2020-03-09 08:30:00+00:00
20200309:0930,414.6,120.3,0.0,35.54,29.27,2.55,0.0,2020-03-09 09:30:00+00:00
20200309:1030,228.55,88.6,0.0,22.55,29.1,2.48,0.0,2020-03-09 10:30:00+00:00
20200309:1130,55.6,43.0,0.0,9.06,28.52,1.93,0.0,2020-03-09 11:30:00+00:00
20200309:1230,0.0,0.0,0.0,-4.67,27.32,1.1,0.0,2020-03-09 12:30:00+00:00
20200309:1330,0.0,0.0,0.0,0.0,25.3,0.69,0.0,2020-03-09 13:30:00+00:00
20200309:1430,0.0,0.0,0.0,0.0,23.09,1.1,0.0,2020-03-09 14:30:00+00:00
20200309:1530,0.0,0.0,0.0,0.0,20.93,1.72,0.0,2020-03-09 15:30:00+00:00
20200309:1630,0.0,0.0,0.0,0.0,19.78,2.07,0.0,2020-03-09 16:30:00+00:00
20200309:1730,0.0,0.0,0.0,0.0,19.0,2.21,0.0,2020-03-09 17:30:00+00:00
20200309:1830,0.0,0.0,0.0,0.0,18.51,2.28,0.0,2020-03-09 18:30:00+00:00
20200309:1930,0.0,0.0,0.0,0.0,17.95,2.14,0.0,2020-03-09 19:30:00+00:00
20200309:2030,0.0,0.0,0.0,0.0,17.38,2.07,0.0,2020-03-09 20:30:00+00:00
20200309:2130,0.0,0.0,0.0,0.0,16.8,2.07,0.0,2020-03-09 21:30:00+00:00
20200309:2230,0.0,0.0,0.0,0.0,16.18,1.86,0.0,2020-03-09 22:30:00+00:00
20200309:2330,0.0,0.0,0.0,0.0,15.67,1.66,0.0,2020-03-09 23:30:00+00:00
20200310:0030,0.0,15.0,0.0,1.37,15.89,1.31,0.0,2020-03-10 00:30:00+00:00
20200310:0130,133.35,70.35,0.0,15.04,17.35,0.83,0.0,2020-03-10 01:30:00+00:00
20200310:0230,332.8,103.3,0.0,28.38,20.09,0.48,0.0,2020-03-10 02:30:00+00:00
20200310:0330,524.5,123.25,0.0,41.07,23.36,0.62,0.0,2020-03-10 03:30:00+00:00
20200310:0430,672.46,136.05,0.0,52.36,25.77,0.9,0.0,2020-03-10 04:30:00+00:00
20200310:0530,760.56,141.95,0.0,60.57,27.22,0.34,0.0,2020-03-10 05:30:00+00:00
20200310:0630,768.81,144.2,0.0,62.71,28.18,0.69,0.0,2020-03-10 06:30:00+00:00
20200310:0730,715.11,139.7,0.0,57.57,28.88,0.55,0.0,2020-03-10 07:30:00+00:00
20200310:0830,595.06,129.85,0.0,47.73,29.38,1.1,0.0,2020-03-10 08:30:00+00:00
20200310:0930,424.0,113.35,0.0,35.7,29.56,1.38,0.0,2020-03-10 09:30:00+00:00
20200310:1030,225.9,88.1,0.0,22.67,29.4,1.24,0.0,2020-03-10 10:30:00+00:00
20200310:1130,54.8,42.65,0.0,9.16,28.91,0.9,0.0,2020-03-10 11:30:00+00:00
20200310:1230,0.0,0.0,0.0,-4.58,27.74,0.41,0.0,2020-03-10 12:30:00+00:00
20200310:1330,0.0,0.0,0.0,0.0,25.81,0.69,0.0,2020-03-10 13:30:00+00:00
20200310:1430,0.0,0.0,0.0,0.0,23.67,1.1,0.0,2020-03-10 14:30:00+00:00
20200310:1530,0.0,0.0,0.0,0.0,22.12,1.45,0.0,2020-03-10 15:30:00+00:00
20200310:1630,0.0,0.0,0.0,0.0,21.0,1.72,0.0,2020-03-10 16:30:00+00:00
20200310:1730,0.0,0.0,0.0,0.0,20.64,1.31,0.0,2020-03-10 17:30:00+00:00
20200310:1830,0.0,0.0,0.0,0.0,21.17,0.83,0.0,2020-03-10 18:30:00+00:00
20200310:1930,0.0,0.0,0.0,0.0,21.71,0.41,0.0,2020-03-10 19:30:00+00:00
20200310:2030,0.0,0.0,0.0,0.0,21.18,0.62,0.0,2020-03-10 20:30:00+00:00
20200310:2130,0.0,0.0,0.0,0.0,20.4,0.76,0.0,2020-03-10 21:30:00+00:00
20200310:2230,0.0,0.0,0.0,0.0,19.0,1.1,0.0,2020-03-10 22:30:00+00:00
20200310:2330,0.0,0.0,0.0,0.0,17.82,1.59,0.0,2020-03-10 23:30:00+00:00
20200311:0030,0.0,14.4,0.0,1.58,17.38,1.45,0.0,2020-03-11 00:30:00+00:00
20200311:0130,117.9,71.95,0.0,15.26,18.18,0.83,0.0,2020-03-11 01:30:00+00:00
20200311:0230,266.5,113.3,0.0,28.63,21.8,0.62,0.0,2020-03-11 02:30:00+00:00
20200311:0330,498.35,122.65,0.0,41.35,24.58,0.76,0.0,2020-03-11 03:30:00+00:00
20200311:0430,635.86,142.45,0.0,52.69,26.98,0.83,0.0,2020-03-11 04:30:00+00:00
20200311:0530,703.96,148.75,0.0,60.95,28.58,0.41,0.0,2020-03-11 05:30:00+00:00
20200311:0630,686.41,150.95,0.0,63.1,29.59,0.14,0.0,2020-03-11 06:30:00+00:00
20200311:0730,530.45,188.55,0.0,57.87,30.65,0.97,0.0,2020-03-11 07:30:00+00:00
20200311:0830,527.6,154.05,0.0,47.94,30.91,1.17,0.0,2020-03-11 08:30:00+00:00
20200311:0930,409.95,113.55,0.0,35.86,31.22,1.52,0.0,2020-03-11 09:30:00+00:00
20200311:1030,201.55,92.45,0.0,22.79,31.13,1.66,0.0,2020-03-11 10:30:00+00:00
20200311:1130,30.75,45.65,0.0,9.26,30.53,1.59,0.0,2020-03-11 11:30:00+00:00
20200311:1230,0.0,0.0,0.0,-4.49,29.14,1.59,0.0,2020-03-11 12:30:00+00:00
20200311:1330,0.0,0.0,0.0,0.0,27.34,1.93,0.0,2020-03-11 13:30:00+00:00
20200311:1430,0.0,0.0,0.0,0.0,25.81,1.79,0.0,2020-03-11 14:30:00+00:00
20200311:1530,0.0,0.0,0.0,0.0,24.82,1.45,0.0,2020-03-11 15:30:00+00:00
20200311:1630,0.0,0.0,0.0,0.0,23.8,1.03,0.0,2020-03-11 16:30:00+00:00
20200311:1730,0.0,0.0,0.0,0.0,23.18,0.83,0.0,2020-03-11 17:30:00+00:00
20200311:1830,0.0,0.0,0.0,0.0,22.45,1.45,0.0,2020-03-11 18:30:00+00:00
20200311:1930,0.0,0.0,0.0,0.0,21.67,1.38,0.0,2020-03-11 19:30:00+00:00
20200311:2030,0.0,0.0,0.0,0.0,21.15,1.24,0.0,2020-03-11 20:30:00+00:00
20200311:2130,0.0,0.0,0.0,0.0,20.72,1.17,0.0,2020-03-11 21:30:00+00:00
20200311:2230,0.0,0.0,0.0,0.0,20.83,0.9,0.0,2020-03-11 22:30:00+00:00
20200311:2330,0.0,0.0,0.0,0.0,21.62,0.21,0.0,2020-03-11 23:30:00+00:00
20200312:0030,0.0,14.0,0.0,1.8,21.5,0.41,0.0,2020-03-12 00:30:00+00:00
20200312:0130,69.3,67.15,0.0,15.49,20.94,0.69,0.0,2020-03-12 01:30:00+00:00
20200312:0230,195.35,107.6,0.0,28.87,23.5,0.55,0.0,2020-03-12 02:30:00+00:00
20200312:0330,319.15,172.0,0.0,41.63,25.66,0.14,0.0,2020-03-12 03:30:00+00:00
20200312:0430,535.25,178.85,0.0,53.02,27.5,0.69,0.0,2020-03-12 04:30:00+00:00
20200312:0530,637.81,165.7,0.0,61.34,29.22,0.9,0.0,2020-03-12 05:30:00+00:00
20200312:0630,594.11,176.5,0.0,63.48,30.61,1.1,0.0,2020-03-12 06:30:00+00:00
20200312:0730,530.65,211.2,0.0,58.16,31.47,1.17,0.0,2020-03-12 07:30:00+00:00
20200312:0830,435.85,181.5,0.0,48.15,31.97,1.31,0.0,2020-03-12 08:30:00+00:00
20200312:0930,252.4,171.55,0.0,36.01,32.07,1.38,0.0,2020-03-12 09:30:00+00:00
20200312:1030,110.35,122.45,0.0,22.91,31.79,1.31,0.0,2020-03-12 10:30:00+00:00
20200312:1130,17.1,43.95,0.0,9.36,30.43,1.66,0.0,2020-03-12 11:30:00+00:00
20200312:1230,0.0,0.0,0.0,-4.39,29.21,1.31,0.0,2020-03-12 12:30:00+00:00
20200312:1330,0.0,0.0,0.0,0.0,28.08,1.52,0.0,2020-03-12 13:30:00+00:00
20200312:1430,0.0,0.0,0.0,0.0,27.11,1.79,0.0,2020-03-12 14:30:00+00:00
20200312:1530,0.0,0.0,0.0,0.0,26.24,1.93,0.0,2020-03-12 15:30:00+00:00
20200312:1630,0.0,0.0,0.0,0.0,25.6,1.86,0.0,2020-03-12 16:30:00+00:00
20200312:1730,0.0,0.0,0.0,0.0,24.95,1.86,0.0,2020-03-12 17:30:00+00:00
20200312:1830,0.0,0.0,0.0,0.0,24.38,1.66,0.0,2020-03-12 18:30:00+00:00
20200312:1930,0.0,0.0,0.0,0.0,23.6,1.52,0.0,2020-03-12 19:30:00+00:00
20200312:2030,0.0,0.0,0.0,0.0,23.11,1.59,0.0,2020-03-12 20:30:00+00:00
20200312:2130,0.0,0.0,0.0,0.0,22.75,1.59,0.0,2020-03-12 21:30:00+00:00
20200312:2230,0.0,0.0,0.0,0.0,22.46,1.45,0.0,2020-03-12 22:30:00+00:00
20200312:2330,0.0,0.0,0.0,0.0,21.97,1.03,0.0,2020-03-12 23:30:00+00:00
20200313:0030,0.0,16.35,0.0,2.02,22.29,0.62,0.0,2020-03-13 00:30:00+00:00
20200313:0130,99.05,86.05,0.0,15.71,22.06,0.55,0.0,2020-03-13 01:30:00+00:00
20200313:0230,243.15,136.3,0.0,29.12,24.79,0.48,0.0,2020-03-13 02:30:00+00:00
20200313:0330,485.15,132.5,0.0,41.91,27.29,0.83,0.0,2020-03-13 03:30:00+00:00
20200313:0430,637.81,140.95,0.0,53.36,29.44,1.38,0.0,2020-03-13 04:30:00+00:00
20200313:0530,562.2,209.15,0.0,61.73,30.98,1.59,0.0,2020-03-13 05:30:00+00:00
20200313:0630,656.31,194.15,0.0,63.86,31.92,1.17,0.0,2020-03-13 06:30:00+00:00
20200313:0730,685.11,145.35,0.0,58.45,32.63,0.9,0.0,2020-03-13 07:30:00+00:00
20200313:0830,563.55,136.2,0.0,48.35,33.17,1.1,0.0,2020-03-13 08:30:00+00:00
20200313:0930,402.45,118.9,0.0,36.16,33.34,1.17,0.0,2020-03-13 09:30:00+00:00
20200313:1030,194.4,93.85,0.0,23.03,33.17,1.03,0.0,2020-03-13 10:30:00+00:00
20200313:1130,34.45,44.2,0.0,9.46,32.55,1.59,0.0,2020-03-13 11:30:00+00:00
20200313:1230,0.0,0.0,0.0,-4.3,31.0,1.93,0.0,2020-03-13 12:30:00+00:00
20200313:1330,0.0,0.0,0.0,0.0,29.18,2.21,0.0,2020-03-13 13:30:00+00:00
20200313:1430,0.0,0.0,0.0,0.0,28.32,2.14,0.0,2020-03-13 14:30:00+00:00
20200313:1530,0.0,0.0,0.0,0.0,27.25,2.21,0.0,2020-03-13 15:30:00+00:00
20200313:1630,0.0,0.0,0.0,0.0,26.48,2.34,0.0,2020-03-13 16:30:00+00:00
20200313:1730,0.0,0.0,0.0,0.0,25.86,2.28,0.0,2020-03-13 17:30:00+00:00
20200313:1830,0.0,0.0,0.0,0.0,25.09,2.34,0.0,2020-03-13 18:30:00+00:00
20200313:1930,0.0,0.0,0.0,0.0,25.17,2.34,0.0,2020-03-13 19:30:00+00:00
20200313:2030,0.0,0.0,0.0,0.0,24.45,2.14,0.0,2020-03-13 20:30:00+00:00
20200313:2130,0.0,0.0,0.0,0.0,24.01,1.93,0.0,2020-03-13 21:30:00+00:00
20200313:2230,0.0,0.0,0.0,0.0,23.31,1.86,0.0,2020-03-13 22:30:00+00:00
20200313:2330,0.0,0.0,0.0,0.0,22.77,1.79,0.0,2020-03-13 23:30:00+00:00
20200314:0030,0.0,18.6,0.0,2.24,22.29,1.79,0.0,2020-03-14 00:30:00+00:00
20200314:0130,126.4,76.0,0.0,15.94,22.42,1.45,0.0,2020-03-14 01:30:00+00:00
20200314:0230,305.35,114.0,0.0,29.37,24.94,1.79,0.0,2020-03-14 02:30:00+00:00
20200314:0330,484.7,145.05,0.0,42.19,27.33,2.34,0.0,2020-03-14 03:30:00+00:00
20200314:0430,647.86,142.35,0.0,53.69,29.56,2.9,0.0,2020-03-14 04:30:00+00:00
20200314:0530,736.61,150.6,0.0,62.12,31.25,3.17,0.0,2020-03-14 05:30:00+00:00
20200314:0630,764.91,144.1,0.0,64.25,32.41,3.31,0.0,2020-03-14 06:30:00+00:00
20200314:0730,708.06,140.7,0.0,58.74,32.44,3.66,0.0,2020-03-14 07:30:00+00:00
20200314:0830,570.45,137.9,0.0,48.55,32.43,3.72,0.0,2020-03-14 08:30:00+00:00
20200314:0930,362.7,123.65,0.0,36.3,30.78,3.59,0.0,2020-03-14 09:30:00+00:00
20200314:1030,170.25,108.0,0.0,23.14,30.84,4.55,0.0,2020-03-14 10:30:00+00:00
20200314:1130,36.75,51.05,0.0,9.56,29.68,4.48,0.0,2020-03-14 11:30:00+00:00
20200314:1230,0.0,0.0,0.0,-4.21,28.05,4.69,0.0,2020-03-14 12:30:00+00:00
20200314:1330,0.0,0.0,0.0,0.0,26.39,4.48,0.0,2020-03-14 13:30:00+00:00
20200314:1430,0.0,0.0,0.0,0.0,25.29,3.86,0.0,2020-03-14 14:30:00+00:00
20200314:1530,0.0,0.0,0.0,0.0,24.4,3.31,0.0,2020-03-14 15:30:00+00:00
20200314:1630,0.0,0.0,0.0,0.0,23.69,2.69,0.0,2020-03-14 16:30:00+00:00
20200314:1730,0.0,0.0,0.0,0.0,23.04,2.14,0.0,2020-03-14 17:30:00+00:00
20200314:1830,0.0,0.0,0.0,0.0,22.48,2.0,0.0,2020-03-14 18:30:00+00:00
20200314:1930,0.0,0.0,0.0,0.0,21.01,2.07,0.0,2020-03-14 19:30:00+00:00
20200314:2030,0.0,0.0,0.0,0.0,20.61,1.93,0.0,2020-03-14 20:30:00+00:00
20200314:2130,0.0,0.0,0.0,0.0,20.26,1.86,0.0,2020-03-14 21:30:00+00:00
20200314:2230,0.0,0.0,0.0,0.0,19.9,1.86,0.0,2020-03-14 22:30:00+00:00
20200314:2330,0.0,0.0,0.0,0.0,19.6,2.14,0.0,2020-03-14 23:30:00+00:00
20200315:0030,9.1,16.93,0.0,2.46,19.49,2.41,0.0,2020-03-15 00:30:00+00:00
20200315:0130,131.5,78.35,0.0,16.17,19.81,2.62,0.0,2020-03-15 01:30:00+00:00
20200315:0230,323.75,111.35,0.0,29.62,21.64,3.72,0.0,2020-03-15 02:30:00+00:00
20200315:0330,523.35,124.6,0.0,42.47,23.94,3.93,0.0,2020-03-15 03:30:00+00:00
20200315:0430,661.11,137.55,0.0,54.02,26.13,4.14,0.0,2020-03-15 04:30:00+00:00
20200315:0530,744.36,145.65,0.0,62.51,27.67,4.21,0.0,2020-03-15 05:30:00+00:00
20200315:0630,700.76,172.45,0.0,64.63,28.83,3.93,0.0,2020-03-15 06:30:00+00:00
20200315:0730,662.91,155.45,0.0,59.03,29.93,3.1,0.0,2020-03-15 07:30:00+00:00
20200315:0830,557.5,137.9,0.0,48.75,30.33,3.1,0.0,2020-03-15 08:30:00+00:00
20200315:0930,339.65,134.7,0.0,36.45,30.31,2.97,0.0,2020-03-15 09:30:00+00:00
20200315:1030,178.65,93.95,0.0,23.25,29.71,2.97,0.0,2020-03-15 10:30:00+00:00
20200315:1130,33.0,45.35,0.0,9.65,28.89,2.62,0.0,2020-03-15 11:30:00+00:00
20200315:1230,0.0,0.0,0.0,-4.12,27.76,1.79,0.0,2020-03-15 12:30:00+00:00
20200315:1330,0.0,0.0,0.0,0.0,26.35,1.72,0.0,2020-03-15 13:30:00+00:00
20200315:1430,0.0,0.0,0.0,0.0,25.37,1.72,0.0,2020-03-15 14:30:00+00:00
20200315:1530,0.0,0.0,0.0,0.0,24.67,1.72,0.0,2020-03-15 15:30:00+00:00
20200315:1630,0.0,0.0,0.0,0.0,24.02,1.66,0.0,2020-03-15 16:30:00+00:00
20200315:1730,0.0,0.0,0.0,0.0,23.5,1.59,0.0,2020-03-15 17:30:00+00:00
20200315:1830,0.0,0.0,0.0,0.0,23.02,1.38,0.0,2020-03-15 18:30:00+00:00
20200315:1930,0.0,0.0,0.0,0.0,22.36,0.76,0.0,2020-03-15 19:30:00+00:00
20200315:2030,0.0,0.0,0.0,0.0,21.7,1.1,0.0,2020-03-15 20:30:00+00:00
20200315:2130,0.0,0.0,0.0,0.0,21.28,1.45,0.0,2020-03-15 21:30:00+00:00
20200315:2230,0.0,0.0,0.0,0.0,21.0,1.59,0.0,2020-03-15 22:30:00+00:00
20200315:2330,0.0,0.0,0.0,0.0,20.83,1.66,0.0,2020-03-15 23:30:00+00:00
20200316:0030,13.65,14.51,0.0,2.68,20.73,1.86,0.0,2020-03-16 00:30:00+00:00
20200316:0130,130.75,74.05,0.0,16.4,21.38,1.52,0.0,2020-03-16 01:30:00+00:00
20200316:0230,280.1,107.65,0.0,29.87,24.07,1.86,0.0,2020-03-16 02:30:00+00:00
20200316:0330,493.2,125.8,0.0,42.75,26.08,2.21,0.0,2020-03-16 03:30:00+00:00
20200316:0430,628.86,140.7,0.0,54.36,28.07,2.55,0.0,2020-03-16 04:30:00+00:00
20200316:0530,691.26,168.25,0.0,62.9,29.51,2.21,0.0,2020-03-16 05:30:00+00:00
20200316:0630,530.6,215.1,0.0,65.01,30.52,2.0,0.0,2020-03-16 06:30:00+00:00
20200316:0730,576.15,158.35,0.0,59.31,30.87,1.72,0.0,2020-03-16 07:30:00+00:00
20200316:0830,496.0,169.15,0.0,48.95,31.19,1.86,0.0,2020-03-16 08:30:00+00:00
20200316:0930,259.8,155.7,0.0,36.59,31.36,2.07,0.0,2020-03-16 09:30:00+00:00
20200316:1030,135.8,106.4,0.0,23.36,30.96,2.21,0.0,2020-03-16 10:30:00+00:00
20200316:1130,33.85,37.8,0.0,9.74,28.85,1.93,0.0,2020-03-16 11:30:00+00:00
20200316:1230,0.0,0.0,0.0,-4.04,28.05,1.45,0.0,2020-03-16 12:30:00+00:00
20200316:1330,0.0,0.0,0.0,0.0,26.96,1.31,0.0,2020-03-16 13:30:00+00:00
20200316:1430,0.0,0.0,0.0,0.0,26.15,1.38,0.0,2020-03-16 14:30:00+00:00
20200316:1530,0.0,0.0,0.0,0.0,25.52,1.38,0.0,2020-03-16 15:30:00+00:00
20200316:1630,0.0,0.0,0.0,0.0,24.84,1.17,0.0,2020-03-16 16:30:00+00:00
20200316:1730,0.0,0.0,0.0,0.0,24.0,1.1,0.0,2020-03-16 17:30:00+00:00
20200316:1830,0.0,0.0,0.0,0.0,23.55,0.9,0.0,2020-03-16 18:30:00+00:00
20200316:1930,0.0,0.0,0.0,0.0,23.02,0.97,0.0,2020-03-16 19:30:00+00:00
20200316:2030,0.0,0.0,0.0,0.0,22.23,1.24,0.0,2020-03-16 20:30:00+00:00
20200316:2130,0.0,0.0,0.0,0.0,21.99,1.17,0.0,2020-03-16 21:30:00+00:00
20200316:2230,0.0,0.0,0.0,0.0,21.58,1.38,0.0,2020-03-16 22:30:00+00:00
20200316:2330,0.0,0.0,0.0,0.0,21.13,1.38,0.0,2020-03-16 23:30:00+00:00
20200317:0030,12.65,14.66,0.0,2.9,20.72,1.45,0.0,2020-03-17 00:30:00+00:00
20200317:0130,126.2,72.1,0.0,16.63,21.08,1.03,0.0,2020-03-17 01:30:00+00:00
20200317:0230,262.05,136.25,0.0,30.12,24.35,1.1,0.0,2020-03-17 02:30:00+00:00
20200317:0330,470.9,137.3,0.0,43.04,26.73,1.31,0.0,2020-03-17 03:30:00+00:00
20200317:0430,625.45,152.05,0.0,54.69,28.59,1.17,0.0,2020-03-17 04:30:00+00:00
20200317:0530,633.1,182.85,0.0,63.3,29.89,0.69,0.0,2020-03-17 05:30:00+00:00
20200317:0630,603.4,176.65,0.0,65.39,30.68,0.28,0.0,2020-03-17 06:30:00+00:00
20200317:0730,429.3,249.2,0.0,59.59,30.81,0.9,0.0,2020-03-17 07:30:00+00:00
20200317:0830,500.35,149.9,0.0,49.14,31.13,0.97,0.0,2020-03-17 08:30:00+00:00
20200317:0930,367.1,117.2,0.0,36.72,31.41,1.17,0.0,2020-03-17 09:30:00+00:00
20200317:1030,154.25,84.3,0.0,23.47,31.25,1.52,0.0,2020-03-17 10:30:00+00:00
20200317:1130,43.3,39.6,0.0,9.84,30.68,1.03,0.0,2020-03-17 11:30:00+00:00
20200317:1230,0.0,0.0,0.0,-3.95,29.77,0.14,0.0,2020-03-17 12:30:00+00:00
20200317:1330,0.0,0.0,0.0,0.0,28.5,0.62,0.0,2020-03-17 13:30:00+00:00
20200317:1430,0.0,0.0,0.0,0.0,26.78,0.83,0.0,2020-03-17 14:30:00+00:00
20200317:1530,0.0,0.0,0.0,0.0,26.21,0.69,0.0,2020-03-17 15:30:00+00:00
20200317:1630,0.0,0.0,0.0,0.0,24.1,1.31,0.0,2020-03-17 16:30:00+00:00
20200317:1730,0.0,0.0,0.0,0.0,23.16,1.66,0.0,2020-03-17 17:30:00+00:00
20200317:1830,0.0,0.0,0.0,0.0,22.51,1.66,0.0,2020-03-17 18:30:00+00:00
20200317:1930,0.0,0.0,0.0,0.0,22.51,1.52,0.0,2020-03-17 19:30:00+00:00
20200317:2030,0.0,0.0,0.0,0.0,22.08,1.17,0.0,2020-03-17 20:30:00+00:00
20200317:2130,0.0,0.0,0.0,0.0,21.94,1.17,0.0,2020-03-17 21:30:00+00:00
20200317:2230,0.0,0.0,0.0,0.0,21.92,1.31,0.0,2020-03-17 22:30:00+00:00
20200317:2330,0.0,0.0,0.0,0.0,21.93,1.24,0.0,2020-03-17 23:30:00+00:00
20200318:0030,9.55,17.42,0.0,3.12,21.82,1.31,0.0,2020-03-18 00:30:00+00:00
20200318:0130,98.65,81.65,0.0,16.86,21.82,1.17,0.0,2020-03-18 01:30:00+00:00
20200318:0230,247.25,137.6,0.0,30.37,24.17,1.38,0.0,2020-03-18 02:30:00+00:00
20200318:0330,476.9,139.2,0.0,43.32,26.4,1.86,0.0,2020-03-18 03:30:00+00:00
20200318:0430,605.0,159.25,0.0,55.02,28.3,2.07,0.0,2020-03-18 04:30:00+00:00
20200318:0530,663.01,163.35,0.0,63.69,29.51,1.66,0.0,2020-03-18 05:30:00+00:00
20200318:0630,556.45,201.8,0.0,65.77,30.47,1.31,0.0,2020-03-18 06:30:00+00:00
20200318:0730,398.55,235.0,0.0,59.87,31.33,1.86,0.0,2020-03-18 07:30:00+00:00
20200318:0830,503.75,165.05,0.0,49.32,31.61,2.07,0.0,2020-03-18 08:30:00+00:00
20200318:0930,415.5,119.7,0.0,36.86,31.97,2.0,0.0,2020-03-18 09:30:00+00:00
20200318:1030,223.95,90.8,0.0,23.58,31.89,2.21,0.0,2020-03-18 10:30:00+00:00
20200318:1130,55.05,48.9,0.0,9.93,31.4,2.0,0.0,2020-03-18 11:30:00+00:00
20200318:1230,0.0,0.0,0.0,-3.86,30.18,1.31,0.0,2020-03-18 12:30:00+00:00
20200318:1330,0.0,0.0,0.0,0.0,28.59,1.31,0.0,2020-03-18 13:30:00+00:00
20200318:1430,0.0,0.0,0.0,0.0,26.86,1.45,0.0,2020-03-18 14:30:00+00:00
20200318:1530,0.0,0.0,0.0,0.0,25.2,1.59,0.0,2020-03-18 15:30:00+00:00
20200318:1630,0.0,0.0,0.0,0.0,24.01,2.14,0.0,2020-03-18 16:30:00+00:00
20200318:1730,0.0,0.0,0.0,0.0,23.17,2.28,0.0,2020-03-18 17:30:00+00:00
20200318:1830,0.0,0.0,0.0,0.0,22.54,2.21,0.0,2020-03-18 18:30:00+00:00
20200318:1930,0.0,0.0,0.0,0.0,21.82,1.86,0.0,2020-03-18 19:30:00+00:00
20200318:2030,0.0,0.0,0.0,0.0,21.09,1.86,0.0,2020-03-18 20:30:00+00:00
20200318:2130,0.0,0.0,0.0,0.0,20.35,1.86,0.0,2020-03-18 21:30:00+00:00
20200318:2230,0.0,0.0,0.0,0.0,19.72,1.72,0.0,2020-03-18 22:30:00+00:00
20200318:2330,0.0,0.0,0.0,0.0,19.17,1.59,0.0,2020-03-18 23:30:00+00:00
20200319:0030,8.55,24.27,0.0,3.35,18.64,1.45,0.0,2020-03-19 00:30:00+00:00
20200319:0130,118.5,98.0,0.0,17.1,19.61,0.97,0.0,2020-03-19 01:30:00+00:00
20200319:0230,285.65,149.3,0.0,30.61,23.6,0.62,0.0,2020-03-19 02:30:00+00:00
20200319:0330,526.2,138.2,0.0,43.6,26.75,0.69,0.0,2020-03-19 03:30:00+00:00
20200319:0430,654.16,164.0,0.0,55.35,28.8,0.48,0.0,2020-03-19 04:30:00+00:00
20200319:0530,713.66,187.0,0.0,64.08,30.14,0.9,0.0,2020-03-19 05:30:00+00:00
20200319:0630,657.41,239.25,0.0,66.15,31.19,1.31,0.0,2020-03-19 06:30:00+00:00
20200319:0730,581.55,234.2,0.0,60.14,31.75,1.17,0.0,2020-03-19 07:30:00+00:00
20200319:0830,441.2,237.65,0.0,49.51,32.16,1.17,0.0,2020-03-19 08:30:00+00:00
20200319:0930,295.05,195.25,0.0,36.99,32.3,1.31,0.0,2020-03-19 09:30:00+00:00
20200319:1030,146.4,133.3,0.0,23.68,32.1,1.38,0.0,2020-03-19 10:30:00+00:00
20200319:1130,13.05,57.95,0.0,10.02,31.55,0.76,0.0,2020-03-19 11:30:00+00:00
20200319:1230,0.0,0.0,0.0,-3.78,30.24,0.55,0.0,2020-03-19 12:30:00+00:00
20200319:1330,0.0,0.0,0.0,0.0,28.84,1.52,0.0,2020-03-19 13:30:00+00:00
20200319:1430,0.0,0.0,0.0,0.0,27.28,2.0,0.0,2020-03-19 14:30:00+00:00
20200319:1530,0.0,0.0,0.0,0.0,26.13,2.14,0.0,2020-03-19 15:30:00+00:00
20200319:1630,0.0,0.0,0.0,0.0,25.21,2.34,0.0,2020-03-19 16:30:00+00:00
20200319:1730,0.0,0.0,0.0,0.0,24.55,2.34,0.0,2020-03-19 17:30:00+00:00
20200319:1830,0.0,0.0,0.0,0.0,23.98,2.28,0.0,2020-03-19 18:30:00+00:00
20200319:1930,0.0,0.0,0.0,0.0,23.75,2.48,0.0,2020-03-19 19:30:00+00:00
20200319:2030,0.0,0.0,0.0,0.0,23.45,2.41,0.0,2020-03-19 20:30:00+00:00
20200319:2130,0.0,0.0,0.0,0.0,23.1,2.21,0.0,2020-03-19 21:30:00+00:00
20200319:2230,0.0,0.0,0.0,0.0,22.66,2.07,0.0,2020-03-19 22:30:00+00:00
20200319:2330,0.0,0.0,0.0,0.0,22.29,2.0,0.0,2020-03-19 23:30:00+00:00
20200320:0030,16.05,17.81,0.0,3.57,21.94,1.93,0.0,2020-03-20 00:30:00+00:00
20200320:0130,94.85,107.6,0.0,17.33,22.1,1.52,0.0,2020-03-20 01:30:00+00:00
20200320:0230,279.8,149.0,0.0,30.86,24.53,1.72,0.0,2020-03-20 02:30:00+00:00
20200320:0330,475.95,164.0,0.0,43.88,27.23,1.93,0.0,2020-03-20 03:30:00+00:00
20200320:0430,602.3,193.2,0.0,55.68,29.69,2.28,0.0,2020-03-20 04:30:00+00:00
20200320:0530,663.7,183.5,0.0,64.47,31.3,2.21,0.0,2020-03-20 05:30:00+00:00
20200320:0630,717.36,150.1,0.0,66.53,32.15,2.41,0.0,2020-03-20 06:30:00+00:00
20200320:0730,530.1,180.9,0.0,60.41,31.95,2.97,0.0,2020-03-20 07:30:00+00:00
20200320:0830,461.9,142.85,0.0,49.69,32.04,2.83,0.0,2020-03-20 08:30:00+00:00
20200320:0930,328.1,129.0,0.0,37.12,32.1,2.83,0.0,2020-03-20 09:30:00+00:00
20200320:1030,204.45,87.85,0.0,23.78,31.9,2.69,0.0,2020-03-20 10:30:00+00:00
20200320:1130,60.45,46.2,0.0,10.1,31.32,2.0,0.0,2020-03-20 11:30:00+00:00
20200320:1230,0.0,0.0,0.0,-3.69,29.96,1.52,0.0,2020-03-20 12:30:00+00:00
20200320:1330,0.0,0.0,0.0,0.0,28.07,1.66,0.0,2020-03-20 13:30:00+00:00
20200320:1430,0.0,0.0,0.0,0.0,26.42,2.0,0.0,2020-03-20 14:30:00+00:00
20200320:1530,0.0,0.0,0.0,0.0,25.13,2.21,0.0,2020-03-20 15:30:00+00:00
20200320:1630,0.0,0.0,0.0,0.0,24.2,2.07,0.0,2020-03-20 16:30:00+00:00
20200320:1730,0.0,0.0,0.0,0.0,23.35,1.79,0.0,2020-03-20 17:30:00+00:00
20200320:1830,0.0,0.0,0.0,0.0,22.39,1.59,0.0,2020-03-20 18:30:00+00:00
20200320:1930,0.0,0.0,0.0,0.0,22.19,1.03,0.0,2020-03-20 19:30:00+00:00
20200320:2030,0.0,0.0,0.0,0.0,20.97,1.31,0.0,2020-03-20 20:30:00+00:00
20200320:2130,0.0,0.0,0.0,0.0,20.6,1.31,0.0,2020-03-20 21:30:00+00:00
20200320:2230,0.0,0.0,0.0,0.0,20.98,1.03,0.0,2020-03-20 22:30:00+00:00
20200320:2330,0.0,0.0,0.0,0.0,20.87,0.97,0.0,2020-03-20 23:30:00+00:00
20200321:0030,9.8,25.75,0.0,3.8,19.97,1.17,0.0,2020-03-21 00:30:00+00:00
20200321:0130,91.55,115.35,0.0,17.56,20.23,1.1,0.0,2020-03-21 01:30:00+00:00
20200321:0230,322.9,129.2,0.0,31.11,24.5,0.9,0.0,2020-03-21 02:30:00+00:00
20200321:0330,536.7,132.1,0.0,44.16,28.04,1.31,0.0,2020-03-21 03:30:00+00:00
20200321:0430,696.86,136.15,0.0,56.01,30.55,1.86,0.0,2020-03-21 04:30:00+00:00
20200321:0530,746.91,159.45,0.0,64.87,31.98,1.52,0.0,2020-03-21 05:30:00+00:00
20200321:0630,683.26,211.1,0.0,66.91,32.91,1.24,0.0,2020-03-21 06:30:00+00:00
20200321:0730,577.9,192.5,0.0,60.68,33.23,2.07,0.0,2020-03-21 07:30:00+00:00
20200321:0830,466.45,191.25,0.0,49.87,33.44,1.86,0.0,2020-03-21 08:30:00+00:00
20200321:0930,274.05,145.05,0.0,37.25,33.28,1.52,0.0,2020-03-21 09:30:00+00:00
20200321:1030,117.75,132.1,0.0,23.88,32.14,2.97,0.0,2020-03-21 10:30:00+00:00
20200321:1130,19.0,54.35,0.0,10.19,27.79,4.0,0.0,2020-03-21 11:30:00+00:00
20200321:1230,0.0,0.0,0.0,-3.61,25.22,1.79,0.0,2020-03-21 12:30:00+00:00
20200321:1330,0.0,0.0,0.0,0.0,23.9,1.79,0.0,2020-03-21 13:30:00+00:00
20200321:1430,0.0,0.0,0.0,0.0,23.35,1.79,0.0,2020-03-21 14:30:00+00:00
20200321:1530,0.0,0.0,0.0,0.0,23.13,1.1,0.0,2020-03-21 15:30:00+00:00
20200321:1630,0.0,0.0,0.0,0.0,22.3,2.07,0.0,2020-03-21 16:30:00+00:00
20200321:1730,0.0,0.0,0.0,0.0,21.86,1.66,0.0,2020-03-21 17:30:00+00:00
20200321:1830,0.0,0.0,0.0,0.0,21.38,1.72,0.0,2020-03-21 18:30:00+00:00
20200321:1930,0.0,0.0,0.0,0.0,20.86,1.86,0.0,2020-03-21 19:30:00+00:00
20200321:2030,0.0,0.0,0.0,0.0,20.57,1.66,0.0,2020-03-21 20:30:00+00:00
20200321:2130,0.0,0.0,0.0,0.0,20.26,1.38,0.0,2020-03-21 21:30:00+00:00
20200321:2230,0.0,0.0,0.0,0.0,20.09,0.69,0.0,2020-03-21 22:30:00+00:00
20200321:2330,0.0,0.0,0.0,0.0,19.91,1.03,0.0,2020-03-21 23:30:00+00:00
20200322:0030,12.0,18.92,0.0,4.02,19.65,0.97,0.0,2020-03-22 00:30:00+00:00
20200322:0130,94.05,93.6,0.0,17.79,20.53,0.34,0.0,2020-03-22 01:30:00+00:00
20200322:0230,203.1,153.5,0.0,31.36,22.31,0.48,0.0,2020-03-22 02:30:00+00:00
20200322:0330,329.3,204.75,0.0,44.43,24.2,1.03,0.0,2020-03-22 03:30:00+00:00
20200322:0430,424.65,198.05,0.0,56.34,26.2,1.93,0.0,2020-03-22 04:30:00+00:00
20200322:0530,432.95,217.4,0.0,65.26,27.53,1.93,0.0,2020-03-22 05:30:00+00:00
20200322:0630,400.15,261.6,0.0,67.29,28.63,1.59,0.0,2020-03-22 06:30:00+00:00
20200322:0730,184.15,304.2,0.0,60.94,25.59,3.52,0.0,2020-03-22 07:30:00+00:00
20200322:0830,375.75,190.15,0.0,50.04,25.12,2.07,0.0,2020-03-22 08:30:00+00:00
20200322:0930,271.05,167.55,0.0,37.37,26.5,1.31,0.0,2020-03-22 09:30:00+00:00
20200322:1030,165.0,88.0,0.0,23.98,26.74,1.38,0.0,2020-03-22 10:30:00+00:00
20200322:1130,44.85,50.95,0.0,10.28,26.35,1.52,0.0,2020-03-22 11:30:00+00:00
20200322:1230,0.0,0.0,0.0,-3.53,24.43,1.31,0.0,2020-03-22 12:30:00+00:00
20200322:1330,0.0,0.0,0.0,0.0,23.41,0.83,0.0,2020-03-22 13:30:00+00:00
20200322:1430,0.0,0.0,0.0,0.0,22.65,0.28,0.0,2020-03-22 14:30:00+00:00
20200322:1530,0.0,0.0,0.0,0.0,22.2,0.76,0.0,2020-03-22 15:30:00+00:00
20200322:1630,0.0,0.0,0.0,0.0,21.61,0.9,0.0,2020-03-22 16:30:00+00:00
20200322:1730,0.0,0.0,0.0,0.0,20.94,0.9,0.0,2020-03-22 17:30:00+00:00
20200322:1830,0.0,0.0,0.0,0.0,20.31,1.1,0.0,2020-03-22 18:30:00+00:00
20200322:1930,0.0,0.0,0.0,0.0,20.27,1.31,0.0,2020-03-22 19:30:00+00:00
20200322:2030,0.0,0.0,0.0,0.0,19.81,1.38,0.0,2020-03-22 20:30:00+00:00
20200322:2130,0.0,0.0,0.0,0.0,19.39,1.45,0.0,2020-03-22 21:30:00+00:00
20200322:2230,0.0,0.0,0.0,0.0,19.12,1.52,0.0,2020-03-22 22:30:00+00:00
20200322:2330,0.0,0.0,0.0,0.0,19.03,1.66,0.0,2020-03-22 23:30:00+00:00
20200323:0030,19.7,19.85,0.0,4.25,18.97,1.66,0.0,2020-03-23 00:30:00+00:00
20200323:0130,138.0,85.75,0.0,18.02,19.46,1.38,0.0,2020-03-23 01:30:00+00:00
20200323:0230,310.15,127.65,0.0,31.61,22.34,1.31,0.0,2020-03-23 02:30:00+00:00
20200323:0330,534.35,135.1,0.0,44.71,24.66,1.45,0.0,2020-03-23 03:30:00+00:00
20200323:0430,666.0,156.2,0.0,56.67,26.49,1.17,0.0,2020-03-23 04:30:00+00:00
20200323:0530,724.71,175.65,0.0,65.65,28.0,1.03,0.0,2020-03-23 05:30:00+00:00
20200323:0630,663.2,220.5,0.0,67.66,29.14,0.97,0.0,2020-03-23 06:30:00+00:00
20200323:0730,632.6,146.05,0.0,61.2,29.93,0.97,0.0,2020-03-23 07:30:00+00:00
20200323:0830,460.7,161.95,0.0,50.21,30.25,0.97,0.0,2020-03-23 08:30:00+00:00
20200323:0930,341.9,126.35,0.0,37.49,30.25,1.1,0.0,2020-03-23 09:30:00+00:00
20200323:1030,140.75,86.35,0.0,24.07,30.04,1.31,0.0,2020-03-23 10:30:00+00:00
20200323:1130,46.0,39.5,0.0,10.36,28.7,1.1,0.0,2020-03-23 11:30:00+00:00
20200323:1230,0.0,0.0,0.0,-3.44,27.98,0.55,0.0,2020-03-23 12:30:00+00:00
20200323:1330,0.0,0.0,0.0,0.0,26.44,1.93,0.0,2020-03-23 13:30:00+00:00
20200323:1430,0.0,0.0,0.0,0.0,25.45,2.14,0.0,2020-03-23 14:30:00+00:00
20200323:1530,0.0,0.0,0.0,0.0,24.56,2.14,0.0,2020-03-23 15:30:00+00:00
20200323:1630,0.0,0.0,0.0,0.0,23.95,1.86,0.0,2020-03-23 16:30:00+00:00
20200323:1730,0.0,0.0,0.0,0.0,23.43,1.72,0.0,2020-03-23 17:30:00+00:00
20200323:1830,0.0,0.0,0.0,0.0,23.06,1.79,0.0,2020-03-23 18:30:00+00:00
20200323:1930,0.0,0.0,0.0,0.0,22.79,1.79,0.0,2020-03-23 19:30:00+00:00
20200323:2030,0.0,0.0,0.0,0.0,22.32,1.59,0.0,2020-03-23 20:30:00+00:00
20200323:2130,0.0,0.0,0.0,0.0,21.83,1.24,0.0,2020-03-23 21:30:00+00:00
20200323:2230,0.0,0.0,0.0,0.0,21.56,1.03,0.0,2020-03-23 22:30:00+00:00
20200323:2330,0.0,0.0,0.0,0.0,20.83,1.31,0.0,2020-03-23 23:30:00+00:00
20200324:0030,15.8,21.02,0.0,4.48,20.51,1.45,0.0,2020-03-24 00:30:00+00:00
20200324:0130,119.15,92.35,0.0,18.25,21.46,1.03,0.0,2020-03-24 01:30:00+00:00
20200324:0230,249.55,144.15,0.0,31.85,24.62,1.52,0.0,2020-03-24 02:30:00+00:00
20200324:0330,430.85,181.65,0.0,44.99,26.51,1.1,0.0,2020-03-24 03:30:00+00:00
20200324:0430,627.4,153.95,0.0,57.0,28.23,0.69,0.0,2020-03-24 04:30:00+00:00
20200324:0530,649.7,157.6,0.0,66.04,29.64,0.55,0.0,2020-03-24 05:30:00+00:00
20200324:0630,593.8,162.0,0.0,68.03,30.66,0.83,0.0,2020-03-24 06:30:00+00:00
20200324:0730,377.5,244.55,0.0,61.46,30.68,0.69,0.0,2020-03-24 07:30:00+00:00
20200324:0830,423.95,163.35,0.0,50.38,31.04,1.17,0.0,2020-03-24 08:30:00+00:00
20200324:0930,257.4,123.7,0.0,37.61,31.08,1.52,0.0,2020-03-24 09:30:00+00:00
20200324:1030,123.65,98.4,0.0,24.17,30.72,1.31,0.0,2020-03-24 10:30:00+00:00
20200324:1130,44.1,43.95,0.0,10.44,30.22,0.83,0.0,2020-03-24 11:30:00+00:00
20200324:1230,0.0,0.0,0.0,-3.36,28.86,2.0,0.0,2020-03-24 12:30:00+00:00
20200324:1330,0.0,0.0,0.0,0.0,26.65,2.41,0.0,2020-03-24 13:30:00+00:00
20200324:1430,0.0,0.0,0.0,0.0,25.35,2.21,0.0,2020-03-24 14:30:00+00:00
20200324:1530,0.0,0.0,0.0,0.0,24.34,1.86,0.0,2020-03-24 15:30:00+00:00
20200324:1630,0.0,0.0,0.0,0.0,23.62,1.66,0.0,2020-03-24 16:30:00+00:00
20200324:1730,0.0,0.0,0.0,0.0,22.95,1.59,0.0,2020-03-24 17:30:00+00:00
20200324:1830,0.0,0.0,0.0,0.0,22.26,1.31,0.0,2020-03-24 18:30:00+00:00
20200324:1930,0.0,0.0,0.0,0.0,22.5,0.69,0.0,2020-03-24 19:30:00+00:00
20200324:2030,0.0,0.0,0.0,0.0,22.24,0.69,0.0,2020-03-24 20:30:00+00:00
20200324:2130,0.0,0.0,0.0,0.0,20.85,1.17,0.0,2020-03-24 21:30:00+00:00
20200324:2230,0.0,0.0,0.0,0.0,20.26,1.38,0.0,2020-03-24 22:30:00+00:00
20200324:2330,0.0,0.0,0.0,0.0,20.3,1.1,0.0,2020-03-24 23:30:00+00:00
20200325:0030,5.45,25.6,0.0,4.7,20.62,0.55,0.0,2020-03-25 00:30:00+00:00
20200325:0130,37.05,117.2,0.0,18.49,21.48,0.41,0.0,2020-03-25 01:30:00+00:00
20200325:0230,198.7,186.0,0.0,32.1,23.04,0.62,0.0,2020-03-25 02:30:00+00:00
20200325:0330,455.5,160.8,0.0,45.26,25.63,0.62,0.0,2020-03-25 03:30:00+00:00
20200325:0430,662.4,148.45,0.0,57.32,28.28,0.9,0.0,2020-03-25 04:30:00+00:00
20200325:0530,568.15,202.95,0.0,66.43,29.93,0.62,0.0,2020-03-25 05:30:00+00:00
20200325:0630,542.9,202.55,0.0,68.41,30.75,0.62,0.0,2020-03-25 06:30:00+00:00
20200325:0730,500.5,185.35,0.0,61.71,31.62,1.24,0.0,2020-03-25 07:30:00+00:00
20200325:0830,355.35,187.15,0.0,50.54,31.93,1.66,0.0,2020-03-25 08:30:00+00:00
20200325:0930,174.4,171.45,0.0,37.73,32.04,1.72,0.0,2020-03-25 09:30:00+00:00
20200325:1030,157.95,102.75,0.0,24.26,31.86,1.52,0.0,2020-03-25 10:30:00+00:00
20200325:1130,56.0,46.95,0.0,10.52,31.58,0.41,0.0,2020-03-25 11:30:00+00:00
20200325:1230,0.0,0.0,0.0,-3.28,30.31,1.17,0.0,2020-03-25 12:30:00+00:00
20200325:1330,0.0,0.0,0.0,0.0,28.35,2.21,0.0,2020-03-25 13:30:00+00:00
20200325:1430,0.0,0.0,0.0,0.0,26.93,2.28,0.0,2020-03-25 14:30:00+00:00
20200325:1530,0.0,0.0,0.0,0.0,26.08,2.28,0.0,2020-03-25 15:30:00+00:00
20200325:1630,0.0,0.0,0.0,0.0,25.28,2.28,0.0,2020-03-25 16:30:00+00:00
20200325:1730,0.0,0.0,0.0,0.0,24.63,2.34,0.0,2020-03-25 17:30:00+00:00
20200325:1830,0.0,0.0,0.0,0.0,24.16,2.21,0.0,2020-03-25 18:30:00+00:00
20200325:1930,0.0,0.0,0.0,0.0,24.12,1.66,0.0,2020-03-25 19:30:00+00:00
20200325:2030,0.0,0.0,0.0,0.0,23.55,1.66,0.0,2020-03-25 20:30:00+00:00
20200325:2130,0.0,0.0,0.0,0.0,23.23,1.66,0.0,2020-03-25 21:30:00+00:00
20200325:2230,0.0,0.0,0.0,0.0,22.96,1.66,0.0,2020-03-25 22:30:00+00:00
20200325:2330,0.0,0.0,0.0,0.0,22.7,1.66,0.0,2020-03-25 23:30:00+00:00
20200326:0030,16.2,25.06,0.0,4.93,22.5,1.66,0.0,2020-03-26 00:30:00+00:00
20200326:0130,74.4,115.65,0.0,18.72,23.27,1.24,0.0,2020-03-26 01:30:00+00:00
20200326:0230,218.45,179.5,0.0,32.34,25.26,1.66,0.0,2020-03-26 02:30:00+00:00
20200326:0330,544.5,135.3,0.0,45.53,27.81,1.38,0.0,2020-03-26 03:30:00+00:00
20200326:0430,619.8,166.35,0.0,57.64,30.7,1.38,0.0,2020-03-26 04:30:00+00:00
20200326:0530,779.96,145.9,0.0,66.82,32.36,1.31,0.0,2020-03-26 05:30:00+00:00
20200326:0630,776.26,159.5,0.0,68.78,33.54,1.66,0.0,2020-03-26 06:30:00+00:00
20200326:0730,606.6,219.05,0.0,61.96,34.25,2.0,0.0,2020-03-26 07:30:00+00:00
20200326:0830,606.35,136.95,0.0,50.71,34.6,2.14,0.0,2020-03-26 08:30:00+00:00
20200326:0930,427.15,126.95,0.0,37.84,34.88,2.21,0.0,2020-03-26 09:30:00+00:00
20200326:1030,242.5,93.75,0.0,24.35,34.81,1.93,0.0,2020-03-26 10:30:00+00:00
20200326:1130,67.2,48.6,0.0,10.61,34.05,0.83,0.0,2020-03-26 11:30:00+00:00
20200326:1230,0.0,0.0,0.0,-3.2,32.17,0.07,0.0,2020-03-26 12:30:00+00:00
20200326:1330,0.0,0.0,0.0,0.0,30.69,0.21,0.0,2020-03-26 13:30:00+00:00
20200326:1430,0.0,0.0,0.0,0.0,28.13,1.03,0.0,2020-03-26 14:30:00+00:00
20200326:1530,0.0,0.0,0.0,0.0,25.47,2.0,0.0,2020-03-26 15:30:00+00:00
20200326:1630,0.0,0.0,0.0,0.0,24.3,2.07,0.0,2020-03-26 16:30:00+00:00
20200326:1730,0.0,0.0,0.0,0.0,24.11,1.31,0.0,2020-03-26 17:30:00+00:00
20200326:1830,0.0,0.0,0.0,0.0,25.38,0.28,0.0,2020-03-26 18:30:00+00:00
20200326:1930,0.0,0.0,0.0,0.0,22.06,1.93,0.0,2020-03-26 19:30:00+00:00
20200326:2030,0.0,0.0,0.0,0.0,21.77,2.07,0.0,2020-03-26 20:30:00+00:00
20200326:2130,0.0,0.0,0.0,0.0,21.58,2.07,0.0,2020-03-26 21:30:00+00:00
20200326:2230,0.0,0.0,0.0,0.0,21.35,2.07,0.0,2020-03-26 22:30:00+00:00
20200326:2330,0.0,0.0,0.0,0.0,21.13,2.07,0.0,2020-03-26 23:30:00+00:00
20200327:0030,28.4,20.75,0.0,5.15,20.94,2.07,0.0,2020-03-27 00:30:00+00:00
20200327:0130,175.8,80.25,0.0,18.94,21.65,1.59,0.0,2020-03-27 01:30:00+00:00
20200327:0230,378.4,108.65,0.0,32.59,26.26,1.66,0.0,2020-03-27 02:30:00+00:00
20200327:0330,565.75,126.8,0.0,45.8,29.42,1.72,0.0,2020-03-27 03:30:00+00:00
20200327:0430,707.75,138.65,0.0,57.96,32.0,1.86,0.0,2020-03-27 04:30:00+00:00
20200327:0530,790.61,144.15,0.0,67.21,33.64,1.79,0.0,2020-03-27 05:30:00+00:00
20200327:0630,797.71,145.55,0.0,69.15,34.7,2.0,0.0,2020-03-27 06:30:00+00:00
20200327:0730,739.05,140.9,0.0,62.2,35.25,2.14,0.0,2020-03-27 07:30:00+00:00
20200327:0830,616.4,131.1,0.0,50.86,35.71,2.21,0.0,2020-03-27 08:30:00+00:00
20200327:0930,447.85,112.7,0.0,37.95,35.92,2.21,0.0,2020-03-27 09:30:00+00:00
20200327:1030,243.65,90.9,0.0,24.44,35.82,1.93,0.0,2020-03-27 10:30:00+00:00
20200327:1130,67.45,48.65,0.0,10.69,35.16,0.62,0.0,2020-03-27 11:30:00+00:00
20200327:1230,0.0,0.0,0.0,-3.11,33.37,1.1,0.0,2020-03-27 12:30:00+00:00
20200327:1330,0.0,0.0,0.0,0.0,31.23,1.79,0.0,2020-03-27 13:30:00+00:00
20200327:1430,0.0,0.0,0.0,0.0,29.4,1.38,0.0,2020-03-27 14:30:00+00:00
20200327:1530,0.0,0.0,0.0,0.0,27.84,1.93,0.0,2020-03-27 15:30:00+00:00
20200327:1630,0.0,0.0,0.0,0.0,26.63,1.79,0.0,2020-03-27 16:30:00+00:00
20200327:1730,0.0,0.0,0.0,0.0,25.95,1.86,0.0,2020-03-27 17:30:00+00:00
20200327:1830,0.0,0.0,0.0,0.0,25.39,2.0,0.0,2020-03-27 18:30:00+00:00
20200327:1930,0.0,0.0,0.0,0.0,24.66,1.86,0.0,2020-03-27 19:30:00+00:00
20200327:2030,0.0,0.0,0.0,0.0,24.26,1.79,0.0,2020-03-27 20:30:00+00:00
20200327:2130,0.0,0.0,0.0,0.0,23.91,1.79,0.0,2020-03-27 21:30:00+00:00
20200327:2230,0.0,0.0,0.0,0.0,23.57,1.79,0.0,2020-03-27 22:30:00+00:00
20200327:2330,0.0,0.0,0.0,0.0,23.2,1.79,0.0,2020-03-27 23:30:00+00:00
20200328:0030,27.8,21.72,0.0,5.38,22.95,1.72,0.0,2020-03-28 00:30:00+00:00
20200328:0130,170.75,81.3,0.0,19.17,23.61,1.31,0.0,2020-03-28 01:30:00+00:00
20200328:0230,368.1,110.75,0.0,32.83,27.71,1.59,0.0,2020-03-28 02:30:00+00:00
20200328:0330,547.8,128.8,0.0,46.07,30.36,2.07,0.0,2020-03-28 03:30:00+00:00
20200328:0430,691.2,141.5,0.0,58.28,32.2,2.28,0.0,2020-03-28 04:30:00+00:00
20200328:0530,770.9,147.7,0.0,67.59,33.63,2.48,0.0,2020-03-28 05:30:00+00:00
20200328:0630,771.15,151.9,0.0,69.51,34.64,2.41,0.0,2020-03-28 06:30:00+00:00
20200328:0730,724.25,143.3,0.0,62.44,35.53,2.07,0.0,2020-03-28 07:30:00+00:00
20200328:0830,604.95,133.0,0.0,51.02,36.07,2.34,0.0,2020-03-28 08:30:00+00:00
20200328:0930,403.85,115.8,0.0,38.06,36.34,2.55,0.0,2020-03-28 09:30:00+00:00
20200328:1030,217.9,86.75,0.0,24.52,36.25,2.48,0.0,2020-03-28 10:30:00+00:00
20200328:1130,59.35,44.75,0.0,10.76,35.59,1.45,0.0,2020-03-28 11:30:00+00:00
20200328:1230,0.0,0.0,0.0,-3.03,34.33,1.1,0.0,2020-03-28 12:30:00+00:00
20200328:1330,0.0,0.0,0.0,0.0,32.72,1.86,0.0,2020-03-28 13:30:00+00:00
20200328:1430,0.0,0.0,0.0,0.0,30.98,2.21,0.0,2020-03-28 14:30:00+00:00
20200328:1530,0.0,0.0,0.0,0.0,29.88,2.28,0.0,2020-03-28 15:30:00+00:00
20200328:1630,0.0,0.0,0.0,0.0,28.96,2.34,0.0,2020-03-28 16:30:00+00:00
20200328:1730,0.0,0.0,0.0,0.0,28.0,2.48,0.0,2020-03-28 17:30:00+00:00
20200328:1830,0.0,0.0,0.0,0.0,27.15,2.41,0.0,2020-03-28 18:30:00+00:00
20200328:1930,0.0,0.0,0.0,0.0,26.27,2.07,0.0,2020-03-28 19:30:00+00:00
20200328:2030,0.0,0.0,0.0,0.0,25.69,1.86,0.0,2020-03-28 20:30:00+00:00
20200328:2130,0.0,0.0,0.0,0.0,25.1,1.86,0.0,2020-03-28 21:30:00+00:00
20200328:2230,0.0,0.0,0.0,0.0,24.6,1.93,0.0,2020-03-28 22:30:00+00:00
20200328:2330,0.0,0.0,0.0,0.0,24.12,1.93,0.0,2020-03-28 23:30:00+00:00
20200329:0030,30.15,22.43,0.0,5.6,23.57,1.79,0.0,2020-03-29 00:30:00+00:00
20200329:0130,179.55,82.3,0.0,19.4,23.87,1.17,0.0,2020-03-29 01:30:00+00:00
20200329:0230,382.95,111.25,0.0,33.07,27.21,1.66,0.0,2020-03-29 02:30:00+00:00
20200329:0330,573.0,129.05,0.0,46.34,29.07,2.69,0.0,2020-03-29 03:30:00+00:00
20200329:0430,717.35,140.6,0.0,58.6,30.8,3.38,0.0,2020-03-29 04:30:00+00:00
20200329:0530,801.25,145.9,0.0,67.98,32.36,3.52,0.0,2020-03-29 05:30:00+00:00
20200329:0630,806.85,147.0,0.0,69.88,33.71,3.52,0.0,2020-03-29 06:30:00+00:00
20200329:0730,749.15,142.0,0.0,62.68,34.52,3.31,0.0,2020-03-29 07:30:00+00:00
20200329:0830,626.2,131.9,0.0,51.17,35.32,3.45,0.0,2020-03-29 08:30:00+00:00
20200329:0930,452.7,115.7,0.0,38.17,35.79,3.59,0.0,2020-03-29 09:30:00+00:00
20200329:1030,249.9,92.35,0.0,24.61,35.9,3.45,0.0,2020-03-29 10:30:00+00:00
20200329:1130,69.65,49.8,0.0,10.84,35.09,2.21,0.0,2020-03-29 11:30:00+00:00
20200329:1230,0.0,0.0,0.0,-2.95,33.41,1.86,0.0,2020-03-29 12:30:00+00:00
20200329:1330,0.0,0.0,0.0,0.0,31.2,2.14,0.0,2020-03-29 13:30:00+00:00
20200329:1430,0.0,0.0,0.0,0.0,29.35,2.41,0.0,2020-03-29 14:30:00+00:00
20200329:1530,0.0,0.0,0.0,0.0,28.11,2.69,0.0,2020-03-29 15:30:00+00:00
20200329:1630,0.0,0.0,0.0,0.0,27.04,2.48,0.0,2020-03-29 16:30:00+00:00
20200329:1730,0.0,0.0,0.0,0.0,26.07,2.14,0.0,2020-03-29 17:30:00+00:00
20200329:1830,0.0,0.0,0.0,0.0,24.92,1.79,0.0,2020-03-29 18:30:00+00:00
20200329:1930,0.0,0.0,0.0,0.0,25.22,0.69,0.0,2020-03-29 19:30:00+00:00
20200329:2030,0.0,0.0,0.0,0.0,23.5,1.1,0.0,2020-03-29 20:30:00+00:00
20200329:2130,0.0,0.0,0.0,0.0,22.25,1.45,0.0,2020-03-29 21:30:00+00:00
20200329:2230,0.0,0.0,0.0,0.0,21.19,1.79,0.0,2020-03-29 22:30:00+00:00
20200329:2330,0.0,0.0,0.0,0.0,20.89,1.79,0.0,2020-03-29 23:30:00+00:00
20200330:0030,34.15,29.85,0.0,5.83,21.63,1.24,0.0,2020-03-30 00:30:00+00:00
20200330:0130,190.85,81.9,0.0,19.63,23.47,0.34,0.0,2020-03-30 01:30:00+00:00
20200330:0230,397.65,109.7,0.0,33.3,26.06,0.34,0.0,2020-03-30 02:30:00+00:00
20200330:0330,587.05,127.8,0.0,46.6,28.79,0.97,0.0,2020-03-30 03:30:00+00:00
20200330:0430,732.1,138.6,0.0,58.91,30.93,1.93,0.0,2020-03-30 04:30:00+00:00
20200330:0530,813.35,144.95,0.0,68.36,32.67,2.97,0.0,2020-03-30 05:30:00+00:00
20200330:0630,812.5,146.7,0.0,70.24,34.05,3.38,0.0,2020-03-30 06:30:00+00:00
20200330:0730,753.3,142.3,0.0,62.91,34.6,2.97,0.0,2020-03-30 07:30:00+00:00
20200330:0830,629.35,132.85,0.0,51.31,35.41,3.17,0.0,2020-03-30 08:30:00+00:00
20200330:0930,450.6,118.9,0.0,38.27,35.86,3.38,0.0,2020-03-30 09:30:00+00:00
20200330:1030,250.9,92.75,0.0,24.69,36.01,3.24,0.0,2020-03-30 10:30:00+00:00
20200330:1130,69.5,50.55,0.0,10.92,35.34,1.93,0.0,2020-03-30 11:30:00+00:00
20200330:1230,0.0,0.0,0.0,-2.87,33.89,0.97,0.0,2020-03-30 12:30:00+00:00
20200330:1330,0.0,0.0,0.0,0.0,31.53,1.86,0.0,2020-03-30 13:30:00+00:00
20200330:1430,0.0,0.0,0.0,0.0,29.4,2.28,0.0,2020-03-30 14:30:00+00:00
20200330:1530,0.0,0.0,0.0,0.0,28.02,1.59,0.0,2020-03-30 15:30:00+00:00
20200330:1630,0.0,0.0,0.0,0.0,26.41,1.52,0.0,2020-03-30 16:30:00+00:00
20200330:1730,0.0,0.0,0.0,0.0,24.93,1.52,0.0,2020-03-30 17:30:00+00:00
20200330:1830,0.0,0.0,0.0,0.0,24.88,0.9,0.0,2020-03-30 18:30:00+00:00
20200330:1930,0.0,0.0,0.0,0.0,23.96,1.03,0.0,2020-03-30 19:30:00+00:00
20200330:2030,0.0,0.0,0.0,0.0,24.32,0.76,0.0,2020-03-30 20:30:00+00:00
20200330:2130,0.0,0.0,0.0,0.0,24.04,0.76,0.0,2020-03-30 21:30:00+00:00
20200330:2230,0.0,0.0,0.0,0.0,23.51,0.76,0.0,2020-03-30 22:30:00+00:00
20200330:2330,0.0,0.0,0.0,0.0,23.16,0.69,0.0,2020-03-30 23:30:00+00:00
20200331:0030,33.65,31.2,0.0,6.05,22.68,0.62,0.0,2020-03-31 00:30:00+00:00
20200331:0130,191.65,83.05,0.0,19.85,22.98,0.41,0.0,2020-03-31 01:30:00+00:00
20200331:0230,398.65,110.8,0.0,33.54,26.42,0.55,0.0,2020-03-31 02:30:00+00:00
20200331:0330,588.15,128.85,0.0,46.86,29.8,0.69,0.0,2020-03-31 03:30:00+00:00
20200331:0430,733.75,139.25,0.0,59.22,32.44,1.1,0.0,2020-03-31 04:30:00+00:00
20200331:0530,812.65,146.25,0.0,68.75,33.73,1.93,0.0,2020-03-31 05:30:00+00:00
20200331:0630,771.2,179.7,0.0,70.6,34.57,2.41,0.0,2020-03-31 06:30:00+00:00
20200331:0730,682.05,198.75,0.0,63.14,35.0,2.34,0.0,2020-03-31 07:30:00+00:00
20200331:0830,610.05,152.9,0.0,51.46,35.42,2.62,0.0,2020-03-31 08:30:00+00:00
20200331:0930,451.8,122.3,0.0,38.37,35.62,2.76,0.0,2020-03-31 09:30:00+00:00
20200331:1030,256.3,94.1,0.0,24.78,35.48,2.69,0.0,2020-03-31 10:30:00+00:00
20200331:1130,72.15,51.6,0.0,11.0,34.68,1.59,0.0,2020-03-31 11:30:00+00:00
20200331:1230,0.0,0.0,0.0,-2.79,33.22,0.83,0.0,2020-03-31 12:30:00+00:00
20200331:1330,0.0,0.0,0.0,0.0,30.67,0.83,0.0,2020-03-31 13:30:00+00:00
20200331:1430,0.0,0.0,0.0,0.0,28.39,1.03,0.0,2020-03-31 14:30:00+00:00
20200331:1530,0.0,0.0,0.0,0.0,26.11,1.38,0.0,2020-03-31 15:30:00+00:00
20200331:1630,0.0,0.0,0.0,0.0,25.06,1.31,0.0,2020-03-31 16:30:00+00:00
20200331:1730,0.0,0.0,0.0,0.0,25.77,0.83,0.0,2020-03-31 17:30:00+00:00
20200331:1830,0.0,0.0,0.0,0.0,22.8,1.59,0.0,2020-03-31 18:30:00+00:00
20200331:1930,0.0,0.0,0.0,0.0,22.39,2.14,0.0,2020-03-31 19:30:00+00:00
20200331:2030,0.0,0.0,0.0,0.0,22.21,2.07,0.0,2020-03-31 20:30:00+00:00
20200331:2130,0.0,0.0,0.0,0.0,21.9,1.93,0.0,2020-03-31 21:30:00+00:00
20200331:2230,0.0,0.0,0.0,0.0,21.63,1.59,0.0,2020-03-31 22:30:00+00:00
20200331:2330,0.0,0.0,0.0,0.0,21.6,1.31,0.0,2020-03-31 23:30:00+00:00
20200401:0030,34.4,32.0,0.0,6.27,21.57,1.17,0.0,2020-04-01 00:30:00+00:00
20200401:0130,185.5,85.5,0.0,20.07,22.76,0.9,0.0,2020-04-01 01:30:00+00:00
20200401:0230,387.8,114.2,0.0,33.77,26.62,1.24,0.0,2020-04-01 02:30:00+00:00
20200401:0330,575.5,131.6,0.0,47.12,29.55,1.38,0.0,2020-04-01 03:30:00+00:00
20200401:0430,716.8,142.4,0.0,59.53,32.18,1.38,0.0,2020-04-01 04:30:00+00:00
20200401:0530,794.95,148.2,0.0,69.13,34.1,1.31,0.0,2020-04-01 05:30:00+00:00
20200401:0630,781.6,157.15,0.0,70.96,35.19,1.17,0.0,2020-04-01 06:30:00+00:00
20200401:0730,689.25,150.95,0.0,63.36,36.11,2.0,0.0,2020-04-01 07:30:00+00:00
20200401:0830,547.9,158.25,0.0,51.6,36.64,2.21,0.0,2020-04-01 08:30:00+00:00
20200401:0930,329.05,131.0,0.0,38.47,36.84,2.34,0.0,2020-04-01 09:30:00+00:00
20200401:1030,206.45,98.25,0.0,24.86,36.65,2.21,0.0,2020-04-01 10:30:00+00:00
20200401:1130,52.95,50.6,0.0,11.07,36.07,1.17,0.0,2020-04-01 11:30:00+00:00
20200401:1230,0.0,0.0,0.0,-2.71,34.48,1.45,0.0,2020-04-01 12:30:00+00:00
20200401:1330,0.0,0.0,0.0,0.0,31.76,2.28,0.0,2020-04-01 13:30:00+00:00
20200401:1430,0.0,0.0,0.0,0.0,30.02,2.21,0.0,2020-04-01 14:30:00+00:00
20200401:1530,0.0,0.0,0.0,0.0,28.81,2.28,0.0,2020-04-01 15:30:00+00:00
20200401:1630,0.0,0.0,0.0,0.0,27.74,2.28,0.0,2020-04-01 16:30:00+00:00
20200401:1730,0.0,0.0,0.0,0.0,27.0,2.21,0.0,2020-04-01 17:30:00+00:00
20200401:1830,0.0,0.0,0.0,0.0,26.31,2.21,0.0,2020-04-01 18:30:00+00:00
20200401:1930,0.0,0.0,0.0,0.0,25.8,2.14,0.0,2020-04-01 19:30:00+00:00
20200401:2030,0.0,0.0,0.0,0.0,25.41,2.0,0.0,2020-04-01 20:30:00+00:00
20200401:2130,0.0,0.0,0.0,0.0,25.14,1.93,0.0,2020-04-01 21:30:00+00:00
20200401:2230,0.0,0.0,0.0,0.0,24.94,1.93,0.0,2020-04-01 22:30:00+00:00
20200401:2330,0.0,0.0,0.0,0.0,24.78,1.93,0.0,2020-04-01 23:30:00+00:00
20200402:0030,33.1,32.95,0.0,6.49,24.67,1.93,0.0,2020-04-02 00:30:00+00:00
20200402:0130,177.6,87.6,0.0,20.29,25.46,1.72,0.0,2020-04-02 01:30:00+00:00
20200402:0230,379.55,115.2,0.0,34.0,27.72,1.93,0.0,2020-04-02 02:30:00+00:00
20200402:0330,559.7,133.8,0.0,47.38,30.9,1.79,0.0,2020-04-02 03:30:00+00:00
20200402:0430,678.3,154.45,0.0,59.84,33.56,1.72,0.0,2020-04-02 04:30:00+00:00
20200402:0530,781.15,156.15,0.0,69.51,35.54,1.79,0.0,2020-04-02 05:30:00+00:00
20200402:0630,755.2,148.85,0.0,71.31,36.71,2.07,0.0,2020-04-02 06:30:00+00:00
20200402:0730,701.25,155.1,0.0,63.58,37.11,2.41,0.0,2020-04-02 07:30:00+00:00
20200402:0830,353.45,173.75,0.0,51.73,37.7,2.69,0.0,2020-04-02 08:30:00+00:00
20200402:0930,305.2,134.45,0.0,38.57,37.03,3.59,0.0,2020-04-02 09:30:00+00:00
20200402:1030,159.95,98.75,0.0,24.94,35.55,4.14,0.0,2020-04-02 10:30:00+00:00
20200402:1130,53.05,45.5,0.0,11.15,34.34,3.59,0.0,2020-04-02 11:30:00+00:00
20200402:1230,0.0,0.0,0.0,-2.63,32.72,2.21,0.0,2020-04-02 12:30:00+00:00
20200402:1330,0.0,0.0,0.0,0.0,31.24,2.28,0.0,2020-04-02 13:30:00+00:00
20200402:1430,0.0,0.0,0.0,0.0,29.78,2.62,0.0,2020-04-02 14:30:00+00:00
20200402:1530,0.0,0.0,0.0,0.0,28.75,2.55,0.0,2020-04-02 15:30:00+00:00
20200402:1630,0.0,0.0,0.0,0.0,27.81,2.34,0.0,2020-04-02 16:30:00+00:00
20200402:1730,0.0,0.0,0.0,0.0,27.15,2.21,0.0,2020-04-02 17:30:00+00:00
20200402:1830,0.0,0.0,0.0,0.0,26.66,2.07,0.0,2020-04-02 18:30:00+00:00
20200402:1930,0.0,0.0,0.0,0.0,26.48,2.14,0.0,2020-04-02 19:30:00+00:00
20200402:2030,0.0,0.0,0.0,0.0,26.17,2.14,0.0,2020-04-02 20:30:00+00:00
20200402:2130,0.0,0.0,0.0,0.0,25.83,2.0,0.0,2020-04-02 21:30:00+00:00
20200402:2230,0.0,0.0,0.0,0.0,25.54,1.86,0.0,2020-04-02 22:30:00+00:00
20200402:2330,0.0,0.0,0.0,0.0,25.25,1.79,0.0,2020-04-02 23:30:00+00:00
20200403:0030,34.2,33.85,0.0,6.71,25.03,1.59,0.0,2020-04-03 00:30:00+00:00
20200403:0130,182.25,87.2,0.0,20.51,25.59,0.97,0.0,2020-04-03 01:30:00+00:00
20200403:0230,379.65,116.05,0.0,34.23,28.53,1.03,0.0,2020-04-03 02:30:00+00:00
20200403:0330,561.5,134.95,0.0,47.63,30.56,0.55,0.0,2020-04-03 03:30:00+00:00
20200403:0430,699.5,146.45,0.0,60.14,32.45,0.34,0.0,2020-04-03 04:30:00+00:00
20200403:0530,757.15,156.75,0.0,69.88,34.14,0.83,0.0,2020-04-03 05:30:00+00:00
20200403:0630,704.4,169.15,0.0,71.66,35.41,1.03,0.0,2020-04-03 06:30:00+00:00
20200403:0730,719.85,150.3,0.0,63.8,35.67,1.66,0.0,2020-04-03 07:30:00+00:00
20200403:0830,487.25,147.25,0.0,51.87,36.2,1.72,0.0,2020-04-03 08:30:00+00:00
20200403:0930,309.75,141.55,0.0,38.67,35.84,2.0,0.0,2020-04-03 09:30:00+00:00
20200403:1030,137.0,106.6,0.0,25.02,33.77,1.45,0.0,2020-04-03 10:30:00+00:00
20200403:1130,54.5,45.65,0.0,11.22,33.29,1.66,0.0,2020-04-03 11:30:00+00:00
20200403:1230,0.0,0.0,0.0,-2.55,31.19,2.97,0.0,2020-04-03 12:30:00+00:00
20200403:1330,0.0,0.0,0.0,0.0,28.95,2.83,0.0,2020-04-03 13:30:00+00:00
20200403:1430,0.0,0.0,0.0,0.0,27.72,2.55,0.0,2020-04-03 14:30:00+00:00
20200403:1530,0.0,0.0,0.0,0.0,27.02,2.34,0.0,2020-04-03 15:30:00+00:00
20200403:1630,0.0,0.0,0.0,0.0,26.51,2.0,0.0,2020-04-03 16:30:00+00:00
20200403:1730,0.0,0.0,0.0,0.0,26.21,1.72,0.0,2020-04-03 17:30:00+00:00
20200403:1830,0.0,0.0,0.0,0.0,25.97,1.45,0.0,2020-04-03 18:30:00+00:00
20200403:1930,0.0,0.0,0.0,0.0,26.47,0.41,0.0,2020-04-03 19:30:00+00:00
20200403:2030,0.0,0.0,0.0,0.0,26.2,0.34,0.0,2020-04-03 20:30:00+00:00
20200403:2130,0.0,0.0,0.0,0.0,24.82,0.97,0.0,2020-04-03 21:30:00+00:00
20200403:2230,0.0,0.0,0.0,0.0,24.04,1.31,0.0,2020-04-03 22:30:00+00:00
20200403:2330,0.0,0.0,0.0,-7.02,23.72,1.45,0.0,2020-04-03 23:30:00+00:00
20200404:0030,34.0,35.75,0.0,6.93,23.73,1.17,0.0,2020-04-04 00:30:00+00:00
20200404:0130,168.45,94.25,0.0,20.73,25.35,0.55,0.0,2020-04-04 01:30:00+00:00
20200404:0230,377.15,123.05,0.0,34.46,27.84,0.55,0.0,2020-04-04 02:30:00+00:00
20200404:0330,574.7,134.9,0.0,47.88,30.31,1.03,0.0,2020-04-04 03:30:00+00:00
20200404:0430,716.5,144.75,0.0,60.44,32.58,1.66,0.0,2020-04-04 04:30:00+00:00
20200404:0530,767.8,160.35,0.0,70.26,34.13,1.86,0.0,2020-04-04 05:30:00+00:00
20200404:0630,795.3,154.35,0.0,72.01,35.0,1.66,0.0,2020-04-04 06:30:00+00:00
20200404:0730,676.9,155.4,0.0,64.01,35.47,0.69,0.0,2020-04-04 07:30:00+00:00
20200404:0830,570.8,138.75,0.0,52.0,35.6,0.34,0.0,2020-04-04 08:30:00+00:00
20200404:0930,417.55,123.3,0.0,38.76,35.66,0.34,0.0,2020-04-04 09:30:00+00:00
20200404:1030,204.3,100.4,0.0,25.09,35.41,0.62,0.0,2020-04-04 10:30:00+00:00
20200404:1130,52.45,40.3,0.0,11.3,34.81,1.1,0.0,2020-04-04 11:30:00+00:00
20200404:1230,0.0,0.0,0.0,-2.46,33.42,1.38,0.0,2020-04-04 12:30:00+00:00
20200404:1330,0.0,0.0,0.0,0.0,31.05,2.76,0.0,2020-04-04 13:30:00+00:00
20200404:1430,0.0,0.0,0.0,0.0,29.3,3.38,0.0,2020-04-04 14:30:00+00:00
20200404:1530,0.0,0.0,0.0,0.0,28.07,3.1,0.0,2020-04-04 15:30:00+00:00
20200404:1630,0.0,0.0,0.0,0.0,27.2,2.76,0.0,2020-04-04 16:30:00+00:00
20200404:1730,0.0,0.0,0.0,0.0,26.57,2.62,0.0,2020-04-04 17:30:00+00:00
20200404:1830,0.0,0.0,0.0,0.0,26.11,2.48,0.0,2020-04-04 18:30:00+00:00
20200404:1930,0.0,0.0,0.0,0.0,25.89,1.45,0.0,2020-04-04 19:30:00+00:00
20200404:2030,0.0,0.0,0.0,0.0,25.46,0.69,0.0,2020-04-04 20:30:00+00:00
20200404:2130,0.0,0.0,0.0,0.0,25.29,0.62,0.0,2020-04-04 21:30:00+00:00
20200404:2230,0.0,0.0,0.0,0.0,24.81,0.69,0.0,2020-04-04 22:30:00+00:00
20200404:2330,0.0,0.0,0.0,-6.79,24.89,0.55,0.0,2020-04-04 23:30:00+00:00
20200405:0030,14.8,26.45,0.0,7.15,24.41,0.9,0.0,2020-04-05 00:30:00+00:00
20200405:0130,41.05,90.1,0.0,20.95,26.01,0.83,0.0,2020-04-05 01:30:00+00:00
20200405:0230,225.45,124.85,0.0,34.69,27.75,1.03,0.0,2020-04-05 02:30:00+00:00
20200405:0330,271.1,234.35,0.0,48.13,29.85,0.62,0.0,2020-04-05 03:30:00+00:00
20200405:0430,568.4,171.2,0.0,60.73,31.3,0.21,0.0,2020-04-05 04:30:00+00:00
20200405:0530,587.15,178.45,0.0,70.63,32.54,0.07,0.0,2020-04-05 05:30:00+00:00
20200405:0630,665.85,179.0,0.0,72.36,33.46,0.28,0.0,2020-04-05 06:30:00+00:00
20200405:0730,653.05,189.75,0.0,64.21,35.13,1.45,0.0,2020-04-05 07:30:00+00:00
20200405:0830,368.0,143.2,0.0,52.12,35.65,1.24,0.0,2020-04-05 08:30:00+00:00
20200405:0930,383.4,120.15,0.0,38.85,35.31,0.9,0.0,2020-04-05 09:30:00+00:00
20200405:1030,201.6,98.35,0.0,25.17,35.46,0.97,0.0,2020-04-05 10:30:00+00:00
20200405:1130,62.55,51.7,0.0,11.37,34.82,1.1,0.0,2020-04-05 11:30:00+00:00
20200405:1230,0.0,0.0,0.0,-2.38,32.91,2.14,0.0,2020-04-05 12:30:00+00:00
20200405:1330,0.0,0.0,0.0,0.0,30.51,2.76,0.0,2020-04-05 13:30:00+00:00
20200405:1430,0.0,0.0,0.0,0.0,28.99,2.9,0.0,2020-04-05 14:30:00+00:00
20200405:1530,0.0,0.0,0.0,0.0,27.91,2.55,0.0,2020-04-05 15:30:00+00:00
20200405:1630,0.0,0.0,0.0,0.0,27.16,2.28,0.0,2020-04-05 16:30:00+00:00
20200405:1730,0.0,0.0,0.0,0.0,26.6,2.28,0.0,2020-04-05 17:30:00+00:00
20200405:1830,0.0,0.0,0.0,0.0,26.08,2.28,0.0,2020-04-05 18:30:00+00:00
20200405:1930,0.0,0.0,0.0,0.0,25.73,2.0,0.0,2020-04-05 19:30:00+00:00
20200405:2030,0.0,0.0,0.0,0.0,25.31,1.93,0.0,2020-04-05 20:30:00+00:00
20200405:2130,0.0,0.0,0.0,0.0,24.93,1.86,0.0,2020-04-05 21:30:00+00:00
20200405:2230,0.0,0.0,0.0,0.0,24.71,1.79,0.0,2020-04-05 22:30:00+00:00
20200405:2330,0.0,0.0,0.0,-6.57,24.49,1.72,0.0,2020-04-05 23:30:00+00:00
20200406:0030,39.4,37.65,0.0,7.36,24.23,1.72,0.0,2020-04-06 00:30:00+00:00
20200406:0130,196.2,89.6,0.0,21.16,24.94,1.24,0.0,2020-04-06 01:30:00+00:00
20200406:0230,398.85,119.6,0.0,34.91,27.91,1.45,0.0,2020-04-06 02:30:00+00:00
20200406:0330,579.2,142.05,0.0,48.37,30.72,1.38,0.0,2020-04-06 03:30:00+00:00
20200406:0430,741.75,141.7,0.0,61.02,33.54,1.59,0.0,2020-04-06 04:30:00+00:00
20200406:0530,815.1,149.2,0.0,71.0,35.54,2.41,0.0,2020-04-06 05:30:00+00:00
20200406:0630,807.2,156.55,0.0,72.7,36.39,3.1,0.0,2020-04-06 06:30:00+00:00
20200406:0730,731.9,144.05,0.0,64.42,36.66,3.03,0.0,2020-04-06 07:30:00+00:00
20200406:0830,648.1,131.6,0.0,52.25,37.01,3.31,0.0,2020-04-06 08:30:00+00:00
20200406:0930,472.95,116.55,0.0,38.94,37.2,3.38,0.0,2020-04-06 09:30:00+00:00
20200406:1030,265.4,93.35,0.0,25.25,36.96,3.17,0.0,2020-04-06 10:30:00+00:00
20200406:1130,77.45,52.95,0.0,11.45,35.95,2.07,0.0,2020-04-06 11:30:00+00:00
20200406:1230,0.0,0.0,0.0,-2.3,34.26,1.72,0.0,2020-04-06 12:30:00+00:00
20200406:1330,0.0,0.0,0.0,0.0,32.04,2.14,0.0,2020-04-06 13:30:00+00:00
20200406:1430,0.0,0.0,0.0,0.0,30.32,2.34,0.0,2020-04-06 14:30:00+00:00
20200406:1530,0.0,0.0,0.0,0.0,29.19,2.28,0.0,2020-04-06 15:30:00+00:00
20200406:1630,0.0,0.0,0.0,0.0,27.54,1.59,0.0,2020-04-06 16:30:00+00:00
20200406:1730,0.0,0.0,0.0,0.0,26.07,2.14,0.0,2020-04-06 17:30:00+00:00
20200406:1830,0.0,0.0,0.0,0.0,25.25,2.83,0.0,2020-04-06 18:30:00+00:00
20200406:1930,0.0,0.0,0.0,0.0,25.08,3.24,0.0,2020-04-06 19:30:00+00:00
20200406:2030,0.0,0.0,0.0,0.0,24.93,3.24,0.0,2020-04-06 20:30:00+00:00
20200406:2130,0.0,0.0,0.0,0.0,24.65,3.1,0.0,2020-04-06 21:30:00+00:00
20200406:2230,0.0,0.0,0.0,0.0,24.37,2.97,0.0,2020-04-06 22:30:00+00:00
20200406:2330,0.0,0.0,0.0,-6.34,24.19,2.83,0.0,2020-04-06 23:30:00+00:00
20200407:0030,43.3,38.6,0.0,7.57,23.91,2.69,0.0,2020-04-07 00:30:00+00:00
20200407:0130,207.45,88.2,0.0,21.37,24.92,2.34,0.0,2020-04-07 01:30:00+00:00
20200407:0230,412.9,115.05,0.0,35.13,27.96,3.03,0.0,2020-04-07 02:30:00+00:00
20200407:0330,599.65,132.25,0.0,48.61,30.87,3.1,0.0,2020-04-07 03:30:00+00:00
20200407:0430,738.55,143.15,0.0,61.31,33.63,3.1,0.0,2020-04-07 04:30:00+00:00
20200407:0530,673.65,158.25,0.0,71.36,35.96,3.24,0.0,2020-04-07 05:30:00+00:00
20200407:0630,548.7,208.2,0.0,73.04,36.86,2.97,0.0,2020-04-07 06:30:00+00:00
20200407:0730,658.5,146.85,0.0,64.61,37.35,3.03,0.0,2020-04-07 07:30:00+00:00
20200407:0830,551.4,152.3,0.0,52.37,37.9,3.03,0.0,2020-04-07 08:30:00+00:00
20200407:0930,430.25,121.2,0.0,39.03,38.0,2.76,0.0,2020-04-07 09:30:00+00:00
20200407:1030,228.5,94.65,0.0,25.32,37.78,2.28,0.0,2020-04-07 10:30:00+00:00
20200407:1130,53.7,56.55,0.0,11.52,36.51,2.28,0.0,2020-04-07 11:30:00+00:00
20200407:1230,0.0,0.0,0.0,-2.22,33.6,3.59,0.0,2020-04-07 12:30:00+00:00
20200407:1330,0.0,0.0,0.0,0.0,31.11,3.86,0.0,2020-04-07 13:30:00+00:00
20200407:1430,0.0,0.0,0.0,0.0,29.56,3.52,0.0,2020-04-07 14:30:00+00:00
20200407:1530,0.0,0.0,0.0,0.0,28.65,3.31,0.0,2020-04-07 15:30:00+00:00
20200407:1630,0.0,0.0,0.0,0.0,28.0,3.17,0.0,2020-04-07 16:30:00+00:00
20200407:1730,0.0,0.0,0.0,0.0,27.52,3.03,0.0,2020-04-07 17:30:00+00:00
20200407:1830,0.0,0.0,0.0,0.0,27.09,3.1,0.0,2020-04-07 18:30:00+00:00
20200407:1930,0.0,0.0,0.0,0.0,26.62,3.1,0.0,2020-04-07 19:30:00+00:00
20200407:2030,0.0,0.0,0.0,0.0,26.38,3.1,0.0,2020-04-07 20:30:00+00:00
20200407:2130,0.0,0.0,0.0,0.0,26.11,2.97,0.0,2020-04-07 21:30:00+00:00
20200407:2230,0.0,0.0,0.0,0.0,25.82,2.83,0.0,2020-04-07 22:30:00+00:00
20200407:2330,0.0,0.0,0.0,-6.12,25.58,2.69,0.0,2020-04-07 23:30:00+00:00
20200408:0030,32.0,44.75,0.0,7.79,25.43,2.48,0.0,2020-04-08 00:30:00+00:00
20200408:0130,159.4,105.55,0.0,21.58,26.51,2.07,0.0,2020-04-08 01:30:00+00:00
20200408:0230,301.1,147.2,0.0,35.34,28.74,2.55,0.0,2020-04-08 02:30:00+00:00
20200408:0330,412.0,190.85,0.0,48.85,30.76,2.62,0.0,2020-04-08 03:30:00+00:00
20200408:0430,441.5,227.75,0.0,61.59,32.66,2.62,0.0,2020-04-08 04:30:00+00:00
20200408:0530,444.7,222.7,0.0,71.73,34.17,2.21,0.0,2020-04-08 05:30:00+00:00
20200408:0630,458.05,271.55,0.0,73.38,34.97,1.86,0.0,2020-04-08 06:30:00+00:00
20200408:0730,564.4,209.75,0.0,64.8,35.73,2.41,0.0,2020-04-08 07:30:00+00:00
20200408:0830,411.65,179.85,0.0,52.49,36.49,2.62,0.0,2020-04-08 08:30:00+00:00
20200408:0930,327.25,134.65,0.0,39.11,36.43,2.48,0.0,2020-04-08 09:30:00+00:00
20200408:1030,182.65,121.2,0.0,25.39,36.06,2.14,0.0,2020-04-08 10:30:00+00:00
20200408:1130,39.05,52.8,0.0,11.59,35.33,1.79,0.0,2020-04-08 11:30:00+00:00
20200408:1230,0.0,0.0,0.0,-2.14,33.18,2.55,0.0,2020-04-08 12:30:00+00:00
20200408:1330,0.0,0.0,0.0,0.0,31.17,2.97,0.0,2020-04-08 13:30:00+00:00
20200408:1430,0.0,0.0,0.0,0.0,30.15,3.17,0.0,2020-04-08 14:30:00+00:00
20200408:1530,0.0,0.0,0.0,0.0,29.03,3.03,0.0,2020-04-08 15:30:00+00:00
20200408:1630,0.0,0.0,0.0,0.0,28.26,3.03,0.0,2020-04-08 16:30:00+00:00
20200408:1730,0.0,0.0,0.0,0.0,27.71,2.97,0.0,2020-04-08 17:30:00+00:00
20200408:1830,0.0,0.0,0.0,0.0,27.16,2.9,0.0,2020-04-08 18:30:00+00:00
20200408:1930,0.0,0.0,0.0,0.0,25.79,2.48,0.0,2020-04-08 19:30:00+00:00
20200408:2030,0.0,0.0,0.0,0.0,25.37,2.41,0.0,2020-04-08 20:30:00+00:00
20200408:2130,0.0,0.0,0.0,0.0,24.92,2.34,0.0,2020-04-08 21:30:00+00:00
20200408:2230,0.0,0.0,0.0,0.0,24.53,2.28,0.0,2020-04-08 22:30:00+00:00
20200408:2330,0.0,0.0,0.0,-5.9,24.15,2.14,0.0,2020-04-08 23:30:00+00:00
20200409:0030,42.05,38.85,0.0,7.99,23.81,2.0,0.0,2020-04-09 00:30:00+00:00
20200409:0130,203.85,89.15,0.0,21.79,24.94,1.52,0.0,2020-04-09 01:30:00+00:00
20200409:0230,406.8,116.8,0.0,35.55,27.91,1.66,0.0,2020-04-09 02:30:00+00:00
20200409:0330,536.8,162.55,0.0,49.08,30.66,1.66,0.0,2020-04-09 03:30:00+00:00
20200409:0430,687.8,158.75,0.0,61.87,32.89,1.52,0.0,2020-04-09 04:30:00+00:00
20200409:0530,767.25,169.5,0.0,72.09,34.73,1.45,0.0,2020-04-09 05:30:00+00:00
20200409:0630,754.35,189.85,0.0,73.71,35.97,1.1,0.0,2020-04-09 06:30:00+00:00
20200409:0730,742.1,147.95,0.0,64.99,35.9,1.17,0.0,2020-04-09 07:30:00+00:00
20200409:0830,529.9,172.7,0.0,52.6,36.15,0.83,0.0,2020-04-09 08:30:00+00:00
20200409:0930,280.2,186.7,0.0,39.2,36.01,0.55,0.0,2020-04-09 09:30:00+00:00
20200409:1030,153.1,106.15,0.0,25.47,35.58,0.83,0.0,2020-04-09 10:30:00+00:00
20200409:1130,30.55,51.8,0.0,11.66,34.94,1.24,0.0,2020-04-09 11:30:00+00:00
20200409:1230,0.0,0.0,0.0,-2.06,32.93,2.14,0.0,2020-04-09 12:30:00+00:00
20200409:1330,0.0,0.0,0.0,0.0,30.94,2.55,0.0,2020-04-09 13:30:00+00:00
20200409:1430,0.0,0.0,0.0,0.0,29.61,2.97,0.0,2020-04-09 14:30:00+00:00
20200409:1530,0.0,0.0,0.0,0.0,28.67,3.1,0.0,2020-04-09 15:30:00+00:00
20200409:1630,0.0,0.0,0.0,0.0,27.69,2.9,0.0,2020-04-09 16:30:00+00:00
20200409:1730,0.0,0.0,0.0,0.0,26.82,2.62,0.0,2020-04-09 17:30:00+00:00
20200409:1830,0.0,0.0,0.0,0.0,26.03,2.48,0.0,2020-04-09 18:30:00+00:00
20200409:1930,0.0,0.0,0.0,0.0,25.38,2.48,0.0,2020-04-09 19:30:00+00:00
20200409:2030,0.0,0.0,0.0,0.0,24.91,2.41,0.0,2020-04-09 20:30:00+00:00
20200409:2130,0.0,0.0,0.0,0.0,24.53,2.41,0.0,2020-04-09 21:30:00+00:00
20200409:2230,0.0,0.0,0.0,0.0,24.24,2.34,0.0,2020-04-09 22:30:00+00:00
20200409:2330,0.0,0.0,0.0,-5.68,23.97,2.21,0.0,2020-04-09 23:30:00+00:00
20200410:0030,46.35,41.4,0.0,8.2,23.75,2.07,0.0,2020-04-10 00:30:00+00:00
20200410:0130,207.65,90.6,0.0,21.99,25.1,1.66,0.0,2020-04-10 01:30:00+00:00
20200410:0230,409.65,117.8,0.0,35.76,27.84,2.14,0.0,2020-04-10 02:30:00+00:00
20200410:0330,594.05,134.85,0.0,49.31,30.37,2.07,0.0,2020-04-10 03:30:00+00:00
20200410:0430,731.7,145.6,0.0,62.15,32.77,1.93,0.0,2020-04-10 04:30:00+00:00
20200410:0530,807.7,151.35,0.0,72.45,34.74,1.72,0.0,2020-04-10 05:30:00+00:00
20200410:0630,806.1,155.25,0.0,74.04,36.04,1.59,0.0,2020-04-10 06:30:00+00:00
20200410:0730,672.7,179.1,0.0,65.18,36.14,2.0,0.0,2020-04-10 07:30:00+00:00
20200410:0830,396.5,213.9,0.0,52.71,36.45,1.72,0.0,2020-04-10 08:30:00+00:00
20200410:0930,268.8,130.4,0.0,39.28,36.1,1.52,0.0,2020-04-10 09:30:00+00:00
20200410:1030,110.95,106.05,0.0,25.54,35.12,1.93,0.0,2020-04-10 10:30:00+00:00
20200410:1130,44.55,49.35,0.0,11.74,33.83,2.55,0.0,2020-04-10 11:30:00+00:00
20200410:1230,0.0,0.0,0.0,-1.97,32.18,2.97,0.0,2020-04-10 12:30:00+00:00
20200410:1330,0.0,0.0,0.0,0.0,30.58,3.1,0.0,2020-04-10 13:30:00+00:00
20200410:1430,0.0,0.0,0.0,0.0,29.38,3.38,0.0,2020-04-10 14:30:00+00:00
20200410:1530,0.0,0.0,0.0,0.0,28.41,3.45,0.0,2020-04-10 15:30:00+00:00
20200410:1630,0.0,0.0,0.0,0.0,27.57,3.1,0.0,2020-04-10 16:30:00+00:00
20200410:1730,0.0,0.0,0.0,0.0,26.79,2.62,0.0,2020-04-10 17:30:00+00:00
20200410:1830,0.0,0.0,0.0,0.0,26.21,2.14,0.0,2020-04-10 18:30:00+00:00
20200410:1930,0.0,0.0,0.0,0.0,25.63,2.14,0.0,2020-04-10 19:30:00+00:00
20200410:2030,0.0,0.0,0.0,0.0,25.2,1.86,0.0,2020-04-10 20:30:00+00:00
20200410:2130,0.0,0.0,0.0,0.0,24.93,1.66,0.0,2020-04-10 21:30:00+00:00
20200410:2230,0.0,0.0,0.0,0.0,24.72,1.66,0.0,2020-04-10 22:30:00+00:00
20200410:2330,0.0,0.0,0.0,-5.46,24.68,1.72,0.0,2020-04-10 23:30:00+00:00
20200411:0030,18.5,47.15,0.0,8.41,24.79,1.66,0.0,2020-04-11 00:30:00+00:00
20200411:0130,75.2,120.4,0.0,22.19,26.14,3.1,0.0,2020-04-11 01:30:00+00:00
20200411:0230,260.8,177.4,0.0,35.97,27.68,2.69,0.0,2020-04-11 02:30:00+00:00
20200411:0330,523.55,159.4,0.0,49.54,29.64,2.21,0.0,2020-04-11 03:30:00+00:00
20200411:0430,682.2,163.95,0.0,62.42,31.62,2.07,0.0,2020-04-11 04:30:00+00:00
20200411:0530,786.4,156.55,0.0,72.8,33.36,2.14,0.0,2020-04-11 05:30:00+00:00
20200411:0630,647.15,209.7,0.0,74.36,34.59,2.14,0.0,2020-04-11 06:30:00+00:00
20200411:0730,646.15,183.35,0.0,65.36,34.94,2.14,0.0,2020-04-11 07:30:00+00:00
20200411:0830,538.75,170.55,0.0,52.82,35.51,2.34,0.0,2020-04-11 08:30:00+00:00
20200411:0930,320.1,151.2,0.0,39.36,35.73,2.34,0.0,2020-04-11 09:30:00+00:00
20200411:1030,86.7,117.35,0.0,25.61,33.84,4.0,0.0,2020-04-11 10:30:00+00:00
20200411:1130,38.2,53.35,0.0,11.81,31.0,1.1,0.0,2020-04-11 11:30:00+00:00
20200411:1230,0.0,0.0,0.0,-1.89,29.31,1.66,0.0,2020-04-11 12:30:00+00:00
20200411:1330,0.0,0.0,0.0,0.0,27.7,0.76,0.0,2020-04-11 13:30:00+00:00
20200411:1430,0.0,0.0,0.0,0.0,27.53,1.45,0.0,2020-04-11 14:30:00+00:00
20200411:1530,0.0,0.0,0.0,0.0,27.14,1.45,0.0,2020-04-11 15:30:00+00:00
20200411:1630,0.0,0.0,0.0,0.0,26.36,0.83,0.0,2020-04-11 16:30:00+00:00
20200411:1730,0.0,0.0,0.0,0.0,25.79,0.97,0.0,2020-04-11 17:30:00+00:00
20200411:1830,0.0,0.0,0.0,0.0,25.58,1.59,0.0,2020-04-11 18:30:00+00:00
20200411:1930,0.0,0.0,0.0,0.0,25.31,2.21,0.0,2020-04-11 19:30:00+00:00
20200411:2030,0.0,0.0,0.0,0.0,25.0,2.0,0.0,2020-04-11 20:30:00+00:00
20200411:2130,0.0,0.0,0.0,0.0,24.72,1.66,0.0,2020-04-11 21:30:00+00:00
20200411:2230,0.0,0.0,0.0,0.0,24.56,1.72,0.0,2020-04-11 22:30:00+00:00
20200411:2330,0.0,0.0,0.0,-5.25,24.71,1.86,0.0,2020-04-11 23:30:00+00:00
20200412:0030,22.0,38.75,0.0,8.61,25.34,2.28,0.0,2020-04-12 00:30:00+00:00
20200412:0130,150.15,98.0,0.0,22.39,26.11,2.62,0.0,2020-04-12 01:30:00+00:00
20200412:0230,243.0,184.2,0.0,36.17,27.75,2.14,0.0,2020-04-12 02:30:00+00:00
20200412:0330,427.5,196.6,0.0,49.76,29.23,1.45,0.0,2020-04-12 03:30:00+00:00
20200412:0430,708.35,159.95,0.0,62.68,30.91,1.38,0.0,2020-04-12 04:30:00+00:00
20200412:0530,786.9,157.25,0.0,73.15,32.63,1.17,0.0,2020-04-12 05:30:00+00:00
20200412:0630,760.3,173.3,0.0,74.68,33.95,0.69,0.0,2020-04-12 06:30:00+00:00
20200412:0730,626.0,169.55,0.0,65.53,34.1,1.1,0.0,2020-04-12 07:30:00+00:00
20200412:0830,525.6,174.2,0.0,52.93,33.8,0.76,0.0,2020-04-12 08:30:00+00:00
20200412:0930,205.15,148.0,0.0,39.44,32.82,1.03,0.0,2020-04-12 09:30:00+00:00
20200412:1030,165.6,107.9,0.0,25.68,28.28,2.14,0.0,2020-04-12 10:30:00+00:00
20200412:1130,38.15,54.85,0.0,11.88,27.68,3.24,0.0,2020-04-12 11:30:00+00:00
20200412:1230,0.0,0.0,0.0,-1.81,26.48,3.03,0.0,2020-04-12 12:30:00+00:00
20200412:1330,0.0,0.0,0.0,0.0,25.47,2.76,0.0,2020-04-12 13:30:00+00:00
20200412:1430,0.0,0.0,0.0,0.0,24.99,2.48,0.0,2020-04-12 14:30:00+00:00
20200412:1530,0.0,0.0,0.0,0.0,24.74,2.34,0.0,2020-04-12 15:30:00+00:00
20200412:1630,0.0,0.0,0.0,0.0,24.56,2.14,0.0,2020-04-12 16:30:00+00:00
20200412:1730,0.0,0.0,0.0,0.0,24.6,1.86,0.0,2020-04-12 17:30:00+00:00
20200412:1830,0.0,0.0,0.0,0.0,24.37,1.66,0.0,2020-04-12 18:30:00+00:00
20200412:1930,0.0,0.0,0.0,0.0,25.5,2.0,0.0,2020-04-12 19:30:00+00:00
20200412:2030,0.0,0.0,0.0,0.0,25.34,2.0,0.0,2020-04-12 20:30:00+00:00
20200412:2130,0.0,0.0,0.0,0.0,25.36,1.86,0.0,2020-04-12 21:30:00+00:00
20200412:2230,0.0,0.0,0.0,0.0,25.26,1.59,0.0,2020-04-12 22:30:00+00:00
20200412:2330,0.0,0.0,0.0,-5.04,25.14,1.52,0.0,2020-04-12 23:30:00+00:00
20200413:0030,36.7,43.85,0.0,8.81,25.01,1.79,0.0,2020-04-13 00:30:00+00:00
20200413:0130,166.8,102.95,0.0,22.58,26.14,2.9,0.0,2020-04-13 01:30:00+00:00
20200413:0230,304.15,154.25,0.0,36.37,28.0,2.83,0.0,2020-04-13 02:30:00+00:00
20200413:0330,359.4,240.9,0.0,49.98,29.5,2.62,0.0,2020-04-13 03:30:00+00:00
20200413:0430,694.2,160.6,0.0,62.94,30.76,2.55,0.0,2020-04-13 04:30:00+00:00
20200413:0530,742.25,172.85,0.0,73.5,32.33,2.69,0.0,2020-04-13 05:30:00+00:00
20200413:0630,645.1,209.6,0.0,75.0,33.49,2.76,0.0,2020-04-13 06:30:00+00:00
20200413:0730,595.6,188.7,0.0,65.7,34.14,2.28,0.0,2020-04-13 07:30:00+00:00
20200413:0830,531.6,157.05,0.0,53.03,34.52,2.14,0.0,2020-04-13 08:30:00+00:00
20200413:0930,278.05,155.3,0.0,39.51,34.4,2.0,0.0,2020-04-13 09:30:00+00:00
20200413:1030,115.35,91.0,0.0,25.75,33.42,1.72,0.0,2020-04-13 10:30:00+00:00
20200413:1130,56.55,52.0,0.0,11.95,32.66,1.79,0.0,2020-04-13 11:30:00+00:00
20200413:1230,0.0,0.0,0.0,-1.72,31.67,1.86,0.0,2020-04-13 12:30:00+00:00
20200413:1330,0.0,0.0,0.0,0.0,30.33,2.28,0.0,2020-04-13 13:30:00+00:00
20200413:1430,0.0,0.0,0.0,0.0,29.3,2.41,0.0,2020-04-13 14:30:00+00:00
20200413:1530,0.0,0.0,0.0,0.0,28.46,1.86,0.0,2020-04-13 15:30:00+00:00
20200413:1630,0.0,0.0,0.0,0.0,26.9,3.03,0.0,2020-04-13 16:30:00+00:00
20200413:1730,0.0,0.0,0.0,0.0,26.16,2.41,0.0,2020-04-13 17:30:00+00:00
20200413:1830,0.0,0.0,0.0,0.0,25.79,2.0,0.0,2020-04-13 18:30:00+00:00
20200413:1930,0.0,0.0,0.0,0.0,26.18,2.07,0.0,2020-04-13 19:30:00+00:00
20200413:2030,0.0,0.0,0.0,0.0,25.94,1.93,0.0,2020-04-13 20:30:00+00:00
20200413:2130,0.0,0.0,0.0,0.0,25.74,1.72,0.0,2020-04-13 21:30:00+00:00
20200413:2230,0.0,0.0,0.0,0.0,25.55,1.52,0.0,2020-04-13 22:30:00+00:00
20200413:2330,0.0,0.0,0.0,-4.82,25.34,1.38,0.0,2020-04-13 23:30:00+00:00
20200414:0030,44.85,46.5,0.0,9.0,25.13,1.45,0.0,2020-04-14 00:30:00+00:00
20200414:0130,199.2,98.0,0.0,22.78,26.32,1.79,0.0,2020-04-14 01:30:00+00:00
20200414:0230,402.85,124.5,0.0,36.57,28.26,1.38,0.0,2020-04-14 02:30:00+00:00
20200414:0330,586.7,140.05,0.0,50.19,30.27,1.17,0.0,2020-04-14 03:30:00+00:00
20200414:0430,718.95,151.75,0.0,63.2,32.2,1.38,0.0,2020-04-14 04:30:00+00:00
20200414:0530,773.05,164.25,0.0,73.84,33.7,1.66,0.0,2020-04-14 05:30:00+00:00
20200414:0630,785.9,156.1,0.0,75.31,34.79,1.79,0.0,2020-04-14 06:30:00+00:00
20200414:0730,617.65,165.55,0.0,65.87,35.37,2.14,0.0,2020-04-14 07:30:00+00:00
20200414:0830,437.4,169.75,0.0,53.13,35.61,2.07,0.0,2020-04-14 08:30:00+00:00
20200414:0930,315.65,125.6,0.0,39.59,35.27,1.86,0.0,2020-04-14 09:30:00+00:00
20200414:1030,68.4,118.85,0.0,25.82,31.34,0.34,0.0,2020-04-14 10:30:00+00:00
20200414:1130,18.2,51.15,0.0,12.03,30.77,0.62,0.0,2020-04-14 11:30:00+00:00
20200414:1230,0.0,0.0,0.0,-1.64,29.19,1.79,0.0,2020-04-14 12:30:00+00:00
20200414:1330,0.0,0.0,0.0,0.0,28.26,0.62,0.0,2020-04-14 13:30:00+00:00
20200414:1430,0.0,0.0,0.0,0.0,28.0,0.97,0.0,2020-04-14 14:30:00+00:00
20200414:1530,0.0,0.0,0.0,0.0,27.62,1.86,0.0,2020-04-14 15:30:00+00:00
20200414:1630,0.0,0.0,0.0,0.0,27.44,1.86,0.0,2020-04-14 16:30:00+00:00
20200414:1730,0.0,0.0,0.0,0.0,27.06,1.72,0.0,2020-04-14 17:30:00+00:00
20200414:1830,0.0,0.0,0.0,0.0,26.53,1.31,0.0,2020-04-14 18:30:00+00:00
20200414:1930,0.0,0.0,0.0,0.0,26.48,2.28,0.0,2020-04-14 19:30:00+00:00
20200414:2030,0.0,0.0,0.0,0.0,26.21,2.14,0.0,2020-04-14 20:30:00+00:00
20200414:2130,0.0,0.0,0.0,0.0,25.93,2.14,0.0,2020-04-14 21:30:00+00:00
20200414:2230,0.0,0.0,0.0,0.0,25.79,2.07,0.0,2020-04-14 22:30:00+00:00
20200414:2330,0.0,0.0,0.0,-4.62,25.66,2.0,0.0,2020-04-14 23:30:00+00:00
20200415:0030,47.55,46.3,0.0,9.2,25.57,1.86,0.0,2020-04-15 00:30:00+00:00
20200415:0130,202.35,96.8,0.0,22.97,26.62,1.86,0.0,2020-04-15 01:30:00+00:00
20200415:0230,395.95,126.25,0.0,36.76,28.77,2.34,0.0,2020-04-15 02:30:00+00:00
20200415:0330,572.45,144.95,0.0,50.4,30.71,2.07,0.0,2020-04-15 03:30:00+00:00
20200415:0430,715.65,151.0,0.0,63.45,32.67,1.72,0.0,2020-04-15 04:30:00+00:00
20200415:0530,788.5,156.55,0.0,74.18,34.34,1.72,0.0,2020-04-15 05:30:00+00:00
20200415:0630,299.4,334.9,0.0,75.62,35.64,1.86,0.0,2020-04-15 06:30:00+00:00
20200415:0730,365.6,288.3,0.0,66.03,33.0,1.38,0.0,2020-04-15 07:30:00+00:00
20200415:0830,311.3,264.5,0.0,53.23,33.86,0.97,0.0,2020-04-15 08:30:00+00:00
20200415:0930,183.15,160.6,0.0,39.67,34.19,0.41,0.0,2020-04-15 09:30:00+00:00
20200415:1030,33.25,111.7,0.0,25.89,31.73,1.03,0.0,2020-04-15 10:30:00+00:00
20200415:1130,2.1,36.65,0.0,12.1,28.17,3.66,0.0,2020-04-15 11:30:00+00:00
20200415:1230,0.0,0.0,0.0,-1.55,26.24,1.59,0.0,2020-04-15 12:30:00+00:00
20200415:1330,0.0,0.0,0.0,0.0,24.21,3.03,0.0,2020-04-15 13:30:00+00:00
20200415:1430,0.0,0.0,0.0,0.0,23.98,1.38,0.0,2020-04-15 14:30:00+00:00
20200415:1530,0.0,0.0,0.0,0.0,24.17,1.86,0.0,2020-04-15 15:30:00+00:00
20200415:1630,0.0,0.0,0.0,0.0,24.15,1.52,0.0,2020-04-15 16:30:00+00:00
20200415:1730,0.0,0.0,0.0,0.0,24.11,1.24,0.0,2020-04-15 17:30:00+00:00
20200415:1830,0.0,0.0,0.0,0.0,24.07,0.76,0.0,2020-04-15 18:30:00+00:00
20200415:1930,0.0,0.0,0.0,0.0,24.9,1.45,0.0,2020-04-15 19:30:00+00:00
20200415:2030,0.0,0.0,0.0,0.0,24.88,1.1,0.0,2020-04-15 20:30:00+00:00
20200415:2130,0.0,0.0,0.0,0.0,24.89,0.9,0.0,2020-04-15 21:30:00+00:00
20200415:2230,0.0,0.0,0.0,0.0,24.92,0.76,0.0,2020-04-15 22:30:00+00:00
20200415:2330,0.0,0.0,0.0,-4.41,24.59,1.03,0.0,2020-04-15 23:30:00+00:00
20200416:0030,20.9,48.35,0.0,9.39,24.7,1.1,0.0,2020-04-16 00:30:00+00:00
20200416:0130,130.55,113.05,0.0,23.15,26.47,1.31,0.0,2020-04-16 01:30:00+00:00
20200416:0230,235.15,151.45,0.0,36.95,28.18,1.03,0.0,2020-04-16 02:30:00+00:00
20200416:0330,398.0,193.5,0.0,50.6,29.49,0.97,0.0,2020-04-16 03:30:00+00:00
20200416:0430,398.4,262.05,0.0,63.69,30.92,1.1,0.0,2020-04-16 04:30:00+00:00
20200416:0530,768.1,165.95,0.0,74.51,31.95,1.38,0.0,2020-04-16 05:30:00+00:00
20200416:0630,761.65,172.6,0.0,75.92,33.45,1.66,0.0,2020-04-16 06:30:00+00:00
20200416:0730,715.35,158.35,0.0,66.18,33.26,1.52,0.0,2020-04-16 07:30:00+00:00
20200416:0830,564.8,166.0,0.0,53.33,33.85,1.59,0.0,2020-04-16 08:30:00+00:00
20200416:0930,315.9,165.55,0.0,39.74,33.56,1.59,0.0,2020-04-16 09:30:00+00:00
20200416:1030,175.9,111.05,0.0,25.95,32.49,1.86,0.0,2020-04-16 10:30:00+00:00
20200416:1130,56.75,56.15,0.0,12.17,32.23,2.48,0.0,2020-04-16 11:30:00+00:00
20200416:1230,0.0,0.0,0.0,-1.47,31.1,2.34,0.0,2020-04-16 12:30:00+00:00
20200416:1330,0.0,0.0,0.0,0.0,29.76,2.55,0.0,2020-04-16 13:30:00+00:00
20200416:1430,0.0,0.0,0.0,0.0,29.06,2.83,0.0,2020-04-16 14:30:00+00:00
20200416:1530,0.0,0.0,0.0,0.0,28.27,2.34,0.0,2020-04-16 15:30:00+00:00
20200416:1630,0.0,0.0,0.0,0.0,27.76,1.86,0.0,2020-04-16 16:30:00+00:00
20200416:1730,0.0,0.0,0.0,0.0,27.15,1.79,0.0,2020-04-16 17:30:00+00:00
20200416:1830,0.0,0.0,0.0,0.0,26.67,2.34,0.0,2020-04-16 18:30:00+00:00
20200416:1930,0.0,0.0,0.0,0.0,26.81,3.24,0.0,2020-04-16 19:30:00+00:00
20200416:2030,0.0,0.0,0.0,0.0,26.9,3.24,0.0,2020-04-16 20:30:00+00:00
20200416:2130,0.0,0.0,0.0,0.0,26.82,3.24,0.0,2020-04-16 21:30:00+00:00
20200416:2230,0.0,0.0,0.0,0.0,26.69,2.76,0.0,2020-04-16 22:30:00+00:00
20200416:2330,0.0,0.0,0.0,-4.21,26.44,2.34,0.0,2020-04-16 23:30:00+00:00
20200417:0030,53.25,47.55,0.0,9.58,26.24,2.62,0.0,2020-04-17 00:30:00+00:00
20200417:0130,217.05,95.2,0.0,23.33,27.37,3.03,0.0,2020-04-17 01:30:00+00:00
20200417:0230,407.5,124.6,0.0,37.13,29.2,4.28,0.0,2020-04-17 02:30:00+00:00
20200417:0330,595.85,140.95,0.0,50.8,31.0,4.28,0.0,2020-04-17 03:30:00+00:00
20200417:0430,732.25,147.9,0.0,63.93,32.78,3.45,0.0,2020-04-17 04:30:00+00:00
20200417:0530,800.9,150.1,0.0,74.84,34.23,2.62,0.0,2020-04-17 05:30:00+00:00
20200417:0630,757.9,164.6,0.0,76.22,35.39,2.55,0.0,2020-04-17 06:30:00+00:00
20200417:0730,658.25,167.25,0.0,66.33,35.62,3.24,0.0,2020-04-17 07:30:00+00:00
20200417:0830,554.05,139.65,0.0,53.42,36.03,3.59,0.0,2020-04-17 08:30:00+00:00
20200417:0930,403.8,128.8,0.0,39.81,35.98,3.93,0.0,2020-04-17 09:30:00+00:00
20200417:1030,153.45,113.85,0.0,26.02,35.31,3.38,0.0,2020-04-17 10:30:00+00:00
20200417:1130,37.25,50.5,0.0,12.25,32.27,2.21,0.0,2020-04-17 11:30:00+00:00
20200417:1230,0.0,0.0,0.0,-1.38,31.55,1.52,0.0,2020-04-17 12:30:00+00:00
20200417:1330,0.0,0.0,0.0,0.0,30.35,2.28,0.0,2020-04-17 13:30:00+00:00
20200417:1430,0.0,0.0,0.0,0.0,29.63,2.9,0.0,2020-04-17 14:30:00+00:00
20200417:1530,0.0,0.0,0.0,0.0,29.02,3.1,0.0,2020-04-17 15:30:00+00:00
20200417:1630,0.0,0.0,0.0,0.0,28.28,2.69,0.0,2020-04-17 16:30:00+00:00
20200417:1730,0.0,0.0,0.0,0.0,27.76,2.34,0.0,2020-04-17 17:30:00+00:00
20200417:1830,0.0,0.0,0.0,0.0,27.39,1.86,0.0,2020-04-17 18:30:00+00:00
20200417:1930,0.0,0.0,0.0,0.0,26.96,2.9,0.0,2020-04-17 19:30:00+00:00
20200417:2030,0.0,0.0,0.0,0.0,26.82,2.97,0.0,2020-04-17 20:30:00+00:00
20200417:2130,0.0,0.0,0.0,0.0,26.68,2.76,0.0,2020-04-17 21:30:00+00:00
20200417:2230,0.0,0.0,0.0,0.0,26.47,2.41,0.0,2020-04-17 22:30:00+00:00
20200417:2330,0.0,0.0,0.0,-4.01,26.31,2.0,0.0,2020-04-17 23:30:00+00:00
20200418:0030,45.05,48.6,0.0,9.76,26.0,1.79,0.0,2020-04-18 00:30:00+00:00
20200418:0130,182.45,100.2,0.0,23.51,27.12,1.86,0.0,2020-04-18 01:30:00+00:00
20200418:0230,340.45,149.1,0.0,37.31,28.74,2.83,0.0,2020-04-18 02:30:00+00:00
20200418:0330,443.55,204.35,0.0,50.99,30.33,2.69,0.0,2020-04-18 03:30:00+00:00
20200418:0430,638.1,196.05,0.0,64.16,31.65,2.41,0.0,2020-04-18 04:30:00+00:00
20200418:0530,765.3,168.4,0.0,75.17,33.14,2.28,0.0,2020-04-18 05:30:00+00:00
20200418:0630,492.25,268.85,0.0,76.52,34.4,2.21,0.0,2020-04-18 06:30:00+00:00
20200418:0730,224.75,263.55,0.0,66.48,34.79,2.76,0.0,2020-04-18 07:30:00+00:00
20200418:0830,441.85,149.7,0.0,53.51,34.59,2.76,0.0,2020-04-18 08:30:00+00:00
20200418:0930,305.35,182.8,0.0,39.88,34.88,2.97,0.0,2020-04-18 09:30:00+00:00
20200418:1030,72.8,126.05,0.0,26.09,34.57,3.24,0.0,2020-04-18 10:30:00+00:00
20200418:1130,3.0,34.35,0.0,12.32,32.05,3.86,0.0,2020-04-18 11:30:00+00:00
20200418:1230,0.0,0.0,0.0,-1.3,25.57,3.03,0.0,2020-04-18 12:30:00+00:00
20200418:1330,0.0,0.0,0.0,0.0,25.1,0.55,0.0,2020-04-18 13:30:00+00:00
20200418:1430,0.0,0.0,0.0,0.0,25.1,0.62,0.0,2020-04-18 14:30:00+00:00
20200418:1530,0.0,0.0,0.0,0.0,24.97,1.59,0.0,2020-04-18 15:30:00+00:00
20200418:1630,0.0,0.0,0.0,0.0,25.0,2.55,0.0,2020-04-18 16:30:00+00:00
20200418:1730,0.0,0.0,0.0,0.0,24.82,2.83,0.0,2020-04-18 17:30:00+00:00
20200418:1830,0.0,0.0,0.0,0.0,24.75,2.9,0.0,2020-04-18 18:30:00+00:00
20200418:1930,0.0,0.0,0.0,0.0,26.47,1.59,0.0,2020-04-18 19:30:00+00:00
20200418:2030,0.0,0.0,0.0,0.0,26.67,1.52,0.0,2020-04-18 20:30:00+00:00
20200418:2130,0.0,0.0,0.0,0.0,26.75,1.72,0.0,2020-04-18 21:30:00+00:00
20200418:2230,0.0,0.0,0.0,0.0,26.9,2.14,0.0,2020-04-18 22:30:00+00:00
20200418:2330,0.0,0.0,0.0,-3.81,26.97,2.62,0.0,2020-04-18 23:30:00+00:00
20200419:0030,14.0,52.4,0.0,9.94,26.94,2.9,0.0,2020-04-19 00:30:00+00:00
20200419:0130,148.4,120.95,0.0,23.69,27.45,3.66,0.0,2020-04-19 01:30:00+00:00
20200419:0230,243.1,206.3,0.0,37.49,28.68,4.28,0.0,2020-04-19 02:30:00+00:00
20200419:0330,526.65,180.95,0.0,51.18,30.05,3.66,0.0,2020-04-19 03:30:00+00:00
20200419:0430,683.05,171.75,0.0,64.39,31.81,3.59,0.0,2020-04-19 04:30:00+00:00
20200419:0530,776.85,166.35,0.0,75.49,33.27,3.52,0.0,2020-04-19 05:30:00+00:00
20200419:0630,720.1,197.7,0.0,76.81,34.44,3.45,0.0,2020-04-19 06:30:00+00:00
20200419:0730,675.75,169.4,0.0,66.63,34.33,3.03,0.0,2020-04-19 07:30:00+00:00
20200419:0830,427.05,190.1,0.0,53.6,34.69,2.83,0.0,2020-04-19 08:30:00+00:00
20200419:0930,239.25,177.25,0.0,39.95,33.28,2.55,0.0,2020-04-19 09:30:00+00:00
20200419:1030,43.1,108.6,0.0,26.15,32.13,2.97,0.0,2020-04-19 10:30:00+00:00
20200419:1130,13.9,68.55,0.0,12.39,30.29,2.62,0.0,2020-04-19 11:30:00+00:00
20200419:1230,0.0,0.0,0.0,-1.21,29.67,3.1,0.0,2020-04-19 12:30:00+00:00
20200419:1330,0.0,0.0,0.0,0.0,29.25,3.59,0.0,2020-04-19 13:30:00+00:00
20200419:1430,0.0,0.0,0.0,0.0,28.71,3.38,0.0,2020-04-19 14:30:00+00:00
20200419:1530,0.0,0.0,0.0,0.0,28.11,3.17,0.0,2020-04-19 15:30:00+00:00
20200419:1630,0.0,0.0,0.0,0.0,27.59,3.1,0.0,2020-04-19 16:30:00+00:00
20200419:1730,0.0,0.0,0.0,0.0,27.17,3.03,0.0,2020-04-19 17:30:00+00:00
20200419:1830,0.0,0.0,0.0,0.0,26.86,2.62,0.0,2020-04-19 18:30:00+00:00
20200419:1930,0.0,0.0,0.0,0.0,26.75,2.62,0.0,2020-04-19 19:30:00+00:00
20200419:2030,0.0,0.0,0.0,0.0,26.53,2.48,0.0,2020-04-19 20:30:00+00:00
20200419:2130,0.0,0.0,0.0,0.0,26.33,2.55,0.0,2020-04-19 21:30:00+00:00
20200419:2230,0.0,0.0,0.0,0.0,26.19,2.41,0.0,2020-04-19 22:30:00+00:00
20200419:2330,0.0,0.0,0.0,-3.61,26.09,2.28,0.0,2020-04-19 23:30:00+00:00
20200420:0030,37.5,56.2,0.0,10.12,26.08,2.14,0.0,2020-04-20 00:30:00+00:00
20200420:0130,166.8,111.95,0.0,23.86,27.06,2.14,0.0,2020-04-20 01:30:00+00:00
20200420:0230,306.35,156.45,0.0,37.66,29.11,2.41,0.0,2020-04-20 02:30:00+00:00
20200420:0330,495.7,177.75,0.0,51.37,30.7,2.41,0.0,2020-04-20 03:30:00+00:00
20200420:0430,669.9,171.7,0.0,64.61,32.31,2.97,0.0,2020-04-20 04:30:00+00:00
20200420:0530,704.7,191.6,0.0,75.8,33.75,3.38,0.0,2020-04-20 05:30:00+00:00
20200420:0630,623.1,193.85,0.0,77.09,34.8,3.66,0.0,2020-04-20 06:30:00+00:00
20200420:0730,393.45,257.55,0.0,66.77,31.93,3.31,0.0,2020-04-20 07:30:00+00:00
20200420:0830,408.25,212.8,0.0,53.69,31.92,4.07,0.0,2020-04-20 08:30:00+00:00
20200420:0930,191.75,176.6,0.0,40.02,31.65,4.07,0.0,2020-04-20 09:30:00+00:00
20200420:1030,131.8,129.85,0.0,26.22,31.47,3.72,0.0,2020-04-20 10:30:00+00:00
20200420:1130,29.7,71.2,0.0,12.46,31.1,3.45,0.0,2020-04-20 11:30:00+00:00
20200420:1230,0.0,0.0,0.0,-1.12,30.23,3.03,0.0,2020-04-20 12:30:00+00:00
20200420:1330,0.0,0.0,0.0,0.0,29.29,2.76,0.0,2020-04-20 13:30:00+00:00
20200420:1430,0.0,0.0,0.0,0.0,28.58,2.41,0.0,2020-04-20 14:30:00+00:00
20200420:1530,0.0,0.0,0.0,0.0,27.98,2.41,0.0,2020-04-20 15:30:00+00:00
20200420:1630,0.0,0.0,0.0,0.0,27.54,2.55,0.0,2020-04-20 16:30:00+00:00
20200420:1730,0.0,0.0,0.0,0.0,27.12,2.28,0.0,2020-04-20 17:30:00+00:00
20200420:1830,0.0,0.0,0.0,0.0,26.73,1.86,0.0,2020-04-20 18:30:00+00:00
20200420:1930,0.0,0.0,0.0,0.0,26.57,1.86,0.0,2020-04-20 19:30:00+00:00
20200420:2030,0.0,0.0,0.0,0.0,26.24,1.93,0.0,2020-04-20 20:30:00+00:00
20200420:2130,0.0,0.0,0.0,0.0,25.99,2.0,0.0,2020-04-20 21:30:00+00:00
20200420:2230,0.0,0.0,0.0,0.0,25.94,2.21,0.0,2020-04-20 22:30:00+00:00
20200420:2330,0.0,0.0,0.0,-3.42,25.92,2.0,0.0,2020-04-20 23:30:00+00:00
20200421:0030,29.95,60.25,0.0,10.3,25.9,1.38,0.0,2020-04-21 00:30:00+00:00
20200421:0130,81.35,125.05,0.0,24.03,26.72,1.86,0.0,2020-04-21 01:30:00+00:00
20200421:0230,138.1,181.65,0.0,37.83,28.17,2.21,0.0,2020-04-21 02:30:00+00:00
20200421:0330,255.6,260.65,0.0,51.55,28.59,3.03,0.0,2020-04-21 03:30:00+00:00
20200421:0430,326.2,312.3,0.0,64.83,30.21,3.59,0.0,2020-04-21 04:30:00+00:00
20200421:0530,408.6,292.65,0.0,76.11,31.34,4.21,0.0,2020-04-21 05:30:00+00:00
20200421:0630,13.2,98.8,0.0,77.37,32.49,4.97,0.0,2020-04-21 06:30:00+00:00
20200421:0730,75.3,255.65,0.0,66.9,25.25,0.97,0.0,2020-04-21 07:30:00+00:00
20200421:0830,210.75,220.5,0.0,53.77,26.77,0.55,0.0,2020-04-21 08:30:00+00:00
20200421:0930,123.1,151.5,0.0,40.09,28.31,0.34,0.0,2020-04-21 09:30:00+00:00
20200421:1030,66.7,126.0,0.0,26.29,28.48,0.41,0.0,2020-04-21 10:30:00+00:00
20200421:1130,51.4,57.3,0.0,12.54,28.6,1.86,0.0,2020-04-21 11:30:00+00:00
20200421:1230,0.0,0.0,0.0,-1.03,27.96,1.79,0.0,2020-04-21 12:30:00+00:00
20200421:1330,0.0,0.0,0.0,0.0,26.92,1.59,0.0,2020-04-21 13:30:00+00:00
20200421:1430,0.0,0.0,0.0,0.0,26.09,1.86,0.0,2020-04-21 14:30:00+00:00
20200421:1530,0.0,0.0,0.0,0.0,25.73,1.52,0.0,2020-04-21 15:30:00+00:00
20200421:1630,0.0,0.0,0.0,0.0,25.46,1.24,0.0,2020-04-21 16:30:00+00:00
20200421:1730,0.0,0.0,0.0,0.0,25.12,1.45,0.0,2020-04-21 17:30:00+00:00
20200421:1830,0.0,0.0,0.0,0.0,24.91,1.79,0.0,2020-04-21 18:30:00+00:00
20200421:1930,0.0,0.0,0.0,0.0,24.73,2.83,0.0,2020-04-21 19:30:00+00:00
20200421:2030,0.0,0.0,0.0,0.0,24.42,1.72,0.0,2020-04-21 20:30:00+00:00
20200421:2130,0.0,0.0,0.0,0.0,23.75,1.59,0.0,2020-04-21 21:30:00+00:00
20200421:2230,0.0,0.0,0.0,0.0,23.22,1.45,0.0,2020-04-21 22:30:00+00:00
20200421:2330,0.0,0.0,0.0,-3.23,22.84,0.76,0.0,2020-04-21 23:30:00+00:00
20200422:0030,36.35,54.2,0.0,10.47,22.49,0.83,0.0,2020-04-22 00:30:00+00:00
20200422:0130,77.8,130.45,0.0,24.19,23.89,1.1,0.0,2020-04-22 01:30:00+00:00
20200422:0230,180.65,191.55,0.0,37.99,24.91,1.24,0.0,2020-04-22 02:30:00+00:00
20200422:0330,208.6,184.8,0.0,51.72,26.11,1.31,0.0,2020-04-22 03:30:00+00:00
20200422:0430,224.7,224.6,0.0,65.04,26.84,1.38,0.0,2020-04-22 04:30:00+00:00
20200422:0530,204.7,266.25,0.0,76.41,26.85,1.1,0.0,2020-04-22 05:30:00+00:00
20200422:0630,145.3,238.7,0.0,77.65,26.07,2.41,0.0,2020-04-22 06:30:00+00:00
20200422:0730,145.6,252.1,0.0,67.03,26.84,2.0,0.0,2020-04-22 07:30:00+00:00
20200422:0830,278.25,250.1,0.0,53.85,26.79,1.24,0.0,2020-04-22 08:30:00+00:00
20200422:0930,257.65,153.7,0.0,40.16,27.61,2.07,0.0,2020-04-22 09:30:00+00:00
20200422:1030,160.2,110.1,0.0,26.35,27.72,2.41,0.0,2020-04-22 10:30:00+00:00
20200422:1130,39.35,57.35,0.0,12.61,27.29,2.9,0.0,2020-04-22 11:30:00+00:00
20200422:1230,0.0,0.0,0.0,-0.94,26.35,2.14,0.0,2020-04-22 12:30:00+00:00
20200422:1330,0.0,0.0,0.0,0.0,25.42,1.59,0.0,2020-04-22 13:30:00+00:00
20200422:1430,0.0,0.0,0.0,0.0,24.92,1.66,0.0,2020-04-22 14:30:00+00:00
20200422:1530,0.0,0.0,0.0,0.0,24.67,1.24,0.0,2020-04-22 15:30:00+00:00
20200422:1630,0.0,0.0,0.0,0.0,24.48,1.31,0.0,2020-04-22 16:30:00+00:00
20200422:1730,0.0,0.0,0.0,0.0,24.37,1.24,0.0,2020-04-22 17:30:00+00:00
20200422:1830,0.0,0.0,0.0,0.0,24.04,1.1,0.0,2020-04-22 18:30:00+00:00
20200422:1930,0.0,0.0,0.0,0.0,23.58,1.59,0.0,2020-04-22 19:30:00+00:00
20200422:2030,0.0,0.0,0.0,0.0,23.41,1.38,0.0,2020-04-22 20:30:00+00:00
20200422:2130,0.0,0.0,0.0,0.0,23.33,1.31,0.0,2020-04-22 21:30:00+00:00
20200422:2230,0.0,0.0,0.0,0.0,22.61,1.1,0.0,2020-04-22 22:30:00+00:00
20200422:2330,0.0,0.0,0.0,-3.04,22.49,0.48,0.0,2020-04-22 23:30:00+00:00
20200423:0030,16.05,57.25,0.0,10.64,22.44,1.03,0.0,2020-04-23 00:30:00+00:00
20200423:0130,167.5,113.8,0.0,24.35,23.34,1.59,0.0,2020-04-23 01:30:00+00:00
20200423:0230,310.65,180.9,0.0,38.15,25.08,1.72,0.0,2020-04-23 02:30:00+00:00
20200423:0330,407.3,206.1,0.0,51.89,27.06,1.86,0.0,2020-04-23 03:30:00+00:00
20200423:0430,571.85,228.4,0.0,65.24,28.97,2.14,0.0,2020-04-23 04:30:00+00:00
20200423:0530,585.65,250.8,0.0,76.71,30.52,2.55,0.0,2020-04-23 05:30:00+00:00
20200423:0630,604.3,215.7,0.0,77.91,30.96,2.83,0.0,2020-04-23 06:30:00+00:00
20200423:0730,389.5,249.45,0.0,67.16,31.41,2.28,0.0,2020-04-23 07:30:00+00:00
20200423:0830,260.9,193.85,0.0,53.93,30.58,2.48,0.0,2020-04-23 08:30:00+00:00
20200423:0930,39.0,148.8,0.0,40.22,29.21,2.28,0.0,2020-04-23 09:30:00+00:00
20200423:1030,78.8,136.25,0.0,26.42,28.71,2.97,0.0,2020-04-23 10:30:00+00:00
20200423:1130,27.0,62.1,0.0,12.69,28.87,2.0,0.0,2020-04-23 11:30:00+00:00
20200423:1230,0.0,0.0,0.0,-0.85,26.08,0.41,0.0,2020-04-23 12:30:00+00:00
20200423:1330,0.0,0.0,0.0,0.0,24.91,1.66,0.0,2020-04-23 13:30:00+00:00
20200423:1430,0.0,0.0,0.0,0.0,24.17,2.28,0.0,2020-04-23 14:30:00+00:00
20200423:1530,0.0,0.0,0.0,0.0,23.44,2.07,0.0,2020-04-23 15:30:00+00:00
20200423:1630,0.0,0.0,0.0,0.0,23.24,2.48,0.0,2020-04-23 16:30:00+00:00
20200423:1730,0.0,0.0,0.0,0.0,23.01,2.55,0.0,2020-04-23 17:30:00+00:00
20200423:1830,0.0,0.0,0.0,0.0,22.86,2.14,0.0,2020-04-23 18:30:00+00:00
20200423:1930,0.0,0.0,0.0,0.0,23.0,2.28,0.0,2020-04-23 19:30:00+00:00
20200423:2030,0.0,0.0,0.0,0.0,22.9,2.28,0.0,2020-04-23 20:30:00+00:00
20200423:2130,0.0,0.0,0.0,0.0,22.9,2.34,0.0,2020-04-23 21:30:00+00:00
20200423:2230,0.0,0.0,0.0,0.0,22.99,2.48,0.0,2020-04-23 22:30:00+00:00
20200423:2330,0.0,0.0,0.0,-2.86,23.35,2.48,0.0,2020-04-23 23:30:00+00:00
20200424:0030,26.5,47.8,0.0,10.8,23.55,2.34,0.0,2020-04-24 00:30:00+00:00
20200424:0130,17.4,132.95,0.0,24.51,24.65,3.79,0.0,2020-04-24 01:30:00+00:00
20200424:0230,44.75,208.65,0.0,38.31,25.76,4.55,0.0,2020-04-24 02:30:00+00:00
20200424:0330,80.85,238.95,0.0,52.05,27.03,4.62,0.0,2020-04-24 03:30:00+00:00
20200424:0430,95.3,309.4,0.0,65.44,27.14,2.97,0.0,2020-04-24 04:30:00+00:00
20200424:0530,93.05,189.5,0.0,77.0,26.13,3.45,0.0,2020-04-24 05:30:00+00:00
20200424:0630,588.5,224.45,0.0,78.18,25.49,1.66,0.0,2020-04-24 06:30:00+00:00
20200424:0730,442.6,229.1,0.0,67.28,29.86,3.45,0.0,2020-04-24 07:30:00+00:00
20200424:0830,373.5,214.65,0.0,54.01,30.3,3.31,0.0,2020-04-24 08:30:00+00:00
20200424:0930,123.35,190.4,0.0,40.29,30.0,3.72,0.0,2020-04-24 09:30:00+00:00
20200424:1030,96.3,107.0,0.0,26.49,28.39,3.03,0.0,2020-04-24 10:30:00+00:00
20200424:1130,26.4,40.5,0.0,12.76,27.97,1.1,0.0,2020-04-24 11:30:00+00:00
20200424:1230,0.0,0.0,0.0,-0.76,26.6,1.45,0.0,2020-04-24 12:30:00+00:00
20200424:1330,0.0,0.0,0.0,0.0,24.6,2.55,0.0,2020-04-24 13:30:00+00:00
20200424:1430,0.0,0.0,0.0,0.0,23.65,3.38,0.0,2020-04-24 14:30:00+00:00
20200424:1530,0.0,0.0,0.0,0.0,22.96,2.41,0.0,2020-04-24 15:30:00+00:00
20200424:1630,0.0,0.0,0.0,0.0,22.79,2.28,0.0,2020-04-24 16:30:00+00:00
20200424:1730,0.0,0.0,0.0,0.0,22.74,1.52,0.0,2020-04-24 17:30:00+00:00
20200424:1830,0.0,0.0,0.0,0.0,22.66,0.48,0.0,2020-04-24 18:30:00+00:00
20200424:1930,0.0,0.0,0.0,0.0,22.76,1.52,0.0,2020-04-24 19:30:00+00:00
20200424:2030,0.0,0.0,0.0,0.0,22.76,1.59,0.0,2020-04-24 20:30:00+00:00
20200424:2130,0.0,0.0,0.0,0.0,22.81,2.14,0.0,2020-04-24 21:30:00+00:00
20200424:2230,0.0,0.0,0.0,0.0,22.94,1.93,0.0,2020-04-24 22:30:00+00:00
20200424:2330,0.0,0.0,0.0,-2.68,23.0,1.66,0.0,2020-04-24 23:30:00+00:00
20200425:0030,48.2,53.95,0.0,10.97,23.14,0.28,0.0,2020-04-25 00:30:00+00:00
20200425:0130,64.25,117.55,0.0,24.66,24.18,1.52,0.0,2020-04-25 01:30:00+00:00
20200425:0230,68.85,210.15,0.0,38.46,24.89,1.31,0.0,2020-04-25 02:30:00+00:00
20200425:0330,54.4,205.3,0.0,52.21,25.85,1.45,0.0,2020-04-25 03:30:00+00:00
20200425:0430,123.0,225.6,0.0,65.63,26.49,1.93,0.0,2020-04-25 04:30:00+00:00
20200425:0530,197.0,355.95,0.0,77.29,27.18,2.21,0.0,2020-04-25 05:30:00+00:00
20200425:0630,365.3,261.05,0.0,78.44,28.19,2.28,0.0,2020-04-25 06:30:00+00:00
20200425:0730,549.05,206.75,0.0,67.4,30.37,2.48,0.0,2020-04-25 07:30:00+00:00
20200425:0830,294.15,236.6,0.0,54.09,30.59,2.41,0.0,2020-04-25 08:30:00+00:00
20200425:0930,263.15,160.45,0.0,40.35,30.14,2.62,0.0,2020-04-25 09:30:00+00:00
20200425:1030,159.8,98.3,0.0,26.55,29.5,2.55,0.0,2020-04-25 10:30:00+00:00
20200425:1130,22.65,47.45,0.0,12.84,28.71,2.55,0.0,2020-04-25 11:30:00+00:00
20200425:1230,0.0,0.0,0.0,-0.67,27.16,3.1,0.0,2020-04-25 12:30:00+00:00
20200425:1330,0.0,0.0,0.0,0.0,25.64,3.72,0.0,2020-04-25 13:30:00+00:00
20200425:1430,0.0,0.0,0.0,0.0,24.54,2.97,0.0,2020-04-25 14:30:00+00:00
20200425:1530,0.0,0.0,0.0,0.0,24.08,2.48,0.0,2020-04-25 15:30:00+00:00
20200425:1630,0.0,0.0,0.0,0.0,23.8,1.79,0.0,2020-04-25 16:30:00+00:00
20200425:1730,0.0,0.0,0.0,0.0,23.65,1.24,0.0,2020-04-25 17:30:00+00:00
20200425:1830,0.0,0.0,0.0,0.0,23.46,0.41,0.0,2020-04-25 18:30:00+00:00
20200425:1930,0.0,0.0,0.0,0.0,23.27,1.45,0.0,2020-04-25 19:30:00+00:00
20200425:2030,0.0,0.0,0.0,0.0,23.17,1.59,0.0,2020-04-25 20:30:00+00:00
20200425:2130,0.0,0.0,0.0,0.0,23.09,1.52,0.0,2020-04-25 21:30:00+00:00
20200425:2230,0.0,0.0,0.0,0.0,22.91,1.38,0.0,2020-04-25 22:30:00+00:00
20200425:2330,0.0,0.0,0.0,-2.5,22.77,1.45,0.0,2020-04-25 23:30:00+00:00
20200426:0030,17.5,64.65,0.0,11.12,22.74,1.59,0.0,2020-04-26 00:30:00+00:00
20200426:0130,111.95,131.25,0.0,24.81,23.96,2.69,0.0,2020-04-26 01:30:00+00:00
20200426:0230,196.25,176.5,0.0,38.6,25.58,3.03,0.0,2020-04-26 02:30:00+00:00
20200426:0330,126.9,258.35,0.0,52.37,26.25,2.76,0.0,2020-04-26 03:30:00+00:00
20200426:0430,69.4,213.8,0.0,65.81,25.74,2.83,0.0,2020-04-26 04:30:00+00:00
20200426:0530,118.85,262.0,0.0,77.57,25.75,3.31,0.0,2020-04-26 05:30:00+00:00
20200426:0630,124.9,309.4,0.0,78.69,26.65,2.83,0.0,2020-04-26 06:30:00+00:00
20200426:0730,126.85,311.7,0.0,67.52,26.39,0.34,0.0,2020-04-26 07:30:00+00:00
20200426:0830,77.55,278.75,0.0,54.16,27.66,1.17,0.0,2020-04-26 08:30:00+00:00
20200426:0930,64.95,161.1,0.0,40.42,28.3,1.45,0.0,2020-04-26 09:30:00+00:00
20200426:1030,48.2,103.95,0.0,26.62,27.87,1.1,0.0,2020-04-26 10:30:00+00:00
20200426:1130,3.85,44.8,0.0,12.91,25.89,1.93,0.0,2020-04-26 11:30:00+00:00
20200426:1230,0.0,0.0,0.0,-0.58,24.49,1.45,0.0,2020-04-26 12:30:00+00:00
20200426:1330,0.0,0.0,0.0,0.0,24.0,0.83,0.0,2020-04-26 13:30:00+00:00
20200426:1430,0.0,0.0,0.0,0.0,23.74,0.34,0.0,2020-04-26 14:30:00+00:00
20200426:1530,0.0,0.0,0.0,0.0,23.51,0.55,0.0,2020-04-26 15:30:00+00:00
20200426:1630,0.0,0.0,0.0,0.0,23.15,0.76,0.0,2020-04-26 16:30:00+00:00
20200426:1730,0.0,0.0,0.0,0.0,23.13,1.24,0.0,2020-04-26 17:30:00+00:00
20200426:1830,0.0,0.0,0.0,0.0,23.26,1.38,0.0,2020-04-26 18:30:00+00:00
20200426:1930,0.0,0.0,0.0,0.0,23.02,1.59,0.0,2020-04-26 19:30:00+00:00
20200426:2030,0.0,0.0,0.0,0.0,22.89,1.52,0.0,2020-04-26 20:30:00+00:00
20200426:2130,0.0,0.0,0.0,0.0,22.72,1.17,0.0,2020-04-26 21:30:00+00:00
20200426:2230,0.0,0.0,0.0,0.0,22.69,0.48,0.0,2020-04-26 22:30:00+00:00
20200426:2330,0.0,0.0,0.0,-2.33,22.83,0.69,0.0,2020-04-26 23:30:00+00:00
20200427:0030,6.45,35.75,0.0,11.28,22.54,1.93,0.0,2020-04-27 00:30:00+00:00
20200427:0130,0.0,57.25,0.0,24.95,22.41,1.79,0.0,2020-04-27 01:30:00+00:00
20200427:0230,3.3,109.65,0.0,38.74,22.47,1.72,0.0,2020-04-27 02:30:00+00:00
20200427:0330,34.7,208.55,0.0,52.52,22.69,1.24,0.0,2020-04-27 03:30:00+00:00
20200427:0430,119.1,346.5,0.0,65.99,23.73,0.83,0.0,2020-04-27 04:30:00+00:00
20200427:0530,104.4,366.0,0.0,77.84,25.7,0.83,0.0,2020-04-27 05:30:00+00:00
20200427:0630,556.75,216.0,0.0,78.94,27.01,1.17,0.0,2020-04-27 06:30:00+00:00
20200427:0730,261.9,273.25,0.0,67.63,29.14,2.21,0.0,2020-04-27 07:30:00+00:00
20200427:0830,139.4,245.1,0.0,54.24,28.0,3.52,0.0,2020-04-27 08:30:00+00:00
20200427:0930,99.85,172.7,0.0,40.48,27.35,3.03,0.0,2020-04-27 09:30:00+00:00
20200427:1030,98.25,116.5,0.0,26.68,27.63,2.83,0.0,2020-04-27 10:30:00+00:00
20200427:1130,26.45,47.65,0.0,12.99,26.58,2.07,0.0,2020-04-27 11:30:00+00:00
20200427:1230,0.0,0.0,0.0,-0.49,25.23,1.59,0.0,2020-04-27 12:30:00+00:00
20200427:1330,0.0,0.0,0.0,0.0,24.75,0.14,0.0,2020-04-27 13:30:00+00:00
20200427:1430,0.0,0.0,0.0,0.0,24.53,0.21,0.0,2020-04-27 14:30:00+00:00
20200427:1530,0.0,0.0,0.0,0.0,24.07,0.76,0.0,2020-04-27 15:30:00+00:00
20200427:1630,0.0,0.0,0.0,0.0,23.87,1.24,0.0,2020-04-27 16:30:00+00:00
20200427:1730,0.0,0.0,0.0,0.0,23.63,1.24,0.0,2020-04-27 17:30:00+00:00
20200427:1830,0.0,0.0,0.0,0.0,23.41,0.97,0.0,2020-04-27 18:30:00+00:00
20200427:1930,0.0,0.0,0.0,0.0,23.63,1.1,0.0,2020-04-27 19:30:00+00:00
20200427:2030,0.0,0.0,0.0,0.0,23.53,1.17,0.0,2020-04-27 20:30:00+00:00
20200427:2130,0.0,0.0,0.0,0.0,23.36,0.9,0.0,2020-04-27 21:30:00+00:00
20200427:2230,0.0,0.0,0.0,0.0,22.96,0.9,0.0,2020-04-27 22:30:00+00:00
20200427:2330,0.0,0.0,0.0,-2.16,22.74,0.55,0.0,2020-04-27 23:30:00+00:00
20200428:0030,6.6,49.45,0.0,11.43,22.9,0.69,0.0,2020-04-28 00:30:00+00:00
20200428:0130,11.2,135.55,0.0,25.09,23.1,1.86,0.0,2020-04-28 01:30:00+00:00
20200428:0230,9.5,127.05,0.0,38.88,23.42,2.55,0.0,2020-04-28 02:30:00+00:00
20200428:0330,46.55,233.95,0.0,52.66,23.59,2.62,0.0,2020-04-28 03:30:00+00:00
20200428:0430,43.7,280.75,0.0,66.16,24.3,1.93,0.0,2020-04-28 04:30:00+00:00
20200428:0530,44.5,344.55,0.0,78.11,25.63,2.07,0.0,2020-04-28 05:30:00+00:00
20200428:0630,230.65,220.15,0.0,79.18,26.6,1.93,0.0,2020-04-28 06:30:00+00:00
20200428:0730,207.85,214.5,0.0,67.74,26.41,1.52,0.0,2020-04-28 07:30:00+00:00
20200428:0830,176.75,165.1,0.0,54.31,26.44,1.59,0.0,2020-04-28 08:30:00+00:00
20200428:0930,203.15,173.05,0.0,40.54,26.85,1.45,0.0,2020-04-28 09:30:00+00:00
20200428:1030,112.95,113.05,0.0,26.75,27.38,1.31,0.0,2020-04-28 10:30:00+00:00
20200428:1130,31.0,53.55,0.0,13.06,27.29,1.17,0.0,2020-04-28 11:30:00+00:00
20200428:1230,0.0,0.0,0.0,-0.4,25.56,1.03,0.0,2020-04-28 12:30:00+00:00
20200428:1330,0.0,0.0,0.0,0.0,24.73,1.52,0.0,2020-04-28 13:30:00+00:00
20200428:1430,0.0,0.0,0.0,0.0,24.34,1.66,0.0,2020-04-28 14:30:00+00:00
20200428:1530,0.0,0.0,0.0,0.0,23.99,1.1,0.0,2020-04-28 15:30:00+00:00
20200428:1630,0.0,0.0,0.0,0.0,23.08,1.03,0.0,2020-04-28 16:30:00+00:00
20200428:1730,0.0,0.0,0.0,0.0,23.02,0.34,0.0,2020-04-28 17:30:00+00:00
20200428:1830,0.0,0.0,0.0,0.0,23.16,0.9,0.0,2020-04-28 18:30:00+00:00
20200428:1930,0.0,0.0,0.0,0.0,23.12,0.69,0.0,2020-04-28 19:30:00+00:00
20200428:2030,0.0,0.0,0.0,0.0,23.06,0.48,0.0,2020-04-28 20:30:00+00:00
20200428:2130,0.0,0.0,0.0,0.0,22.07,0.69,0.0,2020-04-28 21:30:00+00:00
20200428:2230,0.0,0.0,0.0,0.0,22.11,1.03,0.0,2020-04-28 22:30:00+00:00
20200428:2330,0.0,0.0,0.0,-2.0,21.87,1.38,0.0,2020-04-28 23:30:00+00:00
20200429:0030,34.25,50.4,0.0,11.57,21.8,1.45,0.0,2020-04-29 00:30:00+00:00
20200429:0130,98.7,105.85,0.0,25.23,22.65,1.52,0.0,2020-04-29 01:30:00+00:00
20200429:0230,209.4,184.6,0.0,39.01,23.85,1.03,0.0,2020-04-29 02:30:00+00:00
20200429:0330,289.45,227.45,0.0,52.8,25.27,1.17,0.0,2020-04-29 03:30:00+00:00
20200429:0430,473.85,235.3,0.0,66.33,26.63,0.97,0.0,2020-04-29 04:30:00+00:00
20200429:0530,454.7,247.85,0.0,78.37,27.74,0.41,0.0,2020-04-29 05:30:00+00:00
20200429:0630,513.5,259.1,0.0,79.41,28.55,0.07,0.0,2020-04-29 06:30:00+00:00
20200429:0730,555.05,201.1,0.0,67.84,30.01,0.9,0.0,2020-04-29 07:30:00+00:00
20200429:0830,429.3,185.15,0.0,54.38,30.09,0.48,0.0,2020-04-29 08:30:00+00:00
20200429:0930,343.7,151.6,0.0,40.61,29.98,0.48,0.0,2020-04-29 09:30:00+00:00
20200429:1030,134.75,116.85,0.0,26.82,29.28,1.59,0.0,2020-04-29 10:30:00+00:00
20200429:1130,21.15,52.8,0.0,13.14,27.74,2.69,0.0,2020-04-29 11:30:00+00:00
20200429:1230,0.0,0.0,0.0,-0.3,26.49,1.24,0.0,2020-04-29 12:30:00+00:00
20200429:1330,0.0,0.0,0.0,0.0,25.4,0.28,0.0,2020-04-29 13:30:00+00:00
20200429:1430,0.0,0.0,0.0,0.0,24.52,0.48,0.0,2020-04-29 14:30:00+00:00
20200429:1530,0.0,0.0,0.0,0.0,24.04,0.69,0.0,2020-04-29 15:30:00+00:00
20200429:1630,0.0,0.0,0.0,0.0,23.59,0.83,0.0,2020-04-29 16:30:00+00:00
20200429:1730,0.0,0.0,0.0,0.0,23.41,0.69,0.0,2020-04-29 17:30:00+00:00
20200429:1830,0.0,0.0,0.0,0.0,23.13,0.48,0.0,2020-04-29 18:30:00+00:00
20200429:1930,0.0,0.0,0.0,0.0,23.91,0.83,0.0,2020-04-29 19:30:00+00:00
20200429:2030,0.0,0.0,0.0,0.0,23.69,1.03,0.0,2020-04-29 20:30:00+00:00
20200429:2130,0.0,0.0,0.0,0.0,23.51,0.9,0.0,2020-04-29 21:30:00+00:00
20200429:2230,0.0,0.0,0.0,0.0,23.19,1.24,0.0,2020-04-29 22:30:00+00:00
20200429:2330,0.0,0.0,0.0,-1.83,22.96,0.9,0.0,2020-04-29 23:30:00+00:00
20200430:0030,18.0,47.6,0.0,11.72,22.95,1.1,0.0,2020-04-30 00:30:00+00:00
20200430:0130,42.6,101.5,0.0,25.36,23.21,2.0,0.0,2020-04-30 01:30:00+00:00
20200430:0230,87.15,142.2,0.0,39.14,23.45,2.28,0.0,2020-04-30 02:30:00+00:00
20200430:0330,137.4,210.75,0.0,52.93,23.99,1.72,0.0,2020-04-30 03:30:00+00:00
20200430:0430,132.4,290.1,0.0,66.49,25.13,2.07,0.0,2020-04-30 04:30:00+00:00
20200430:0530,76.55,257.5,0.0,78.62,25.98,2.41,0.0,2020-04-30 05:30:00+00:00
20200430:0630,524.8,177.1,0.0,79.64,26.24,2.07,0.0,2020-04-30 06:30:00+00:00
20200430:0730,583.85,208.55,0.0,67.95,29.92,1.24,0.0,2020-04-30 07:30:00+00:00
20200430:0830,416.65,168.55,0.0,54.45,29.04,2.14,0.0,2020-04-30 08:30:00+00:00
20200430:0930,402.3,133.2,0.0,40.67,29.16,2.07,0.0,2020-04-30 09:30:00+00:00
20200430:1030,184.75,101.25,0.0,26.88,29.43,1.17,0.0,2020-04-30 10:30:00+00:00
20200430:1130,58.15,53.45,0.0,13.22,29.26,1.45,0.0,2020-04-30 11:30:00+00:00
20200430:1230,0.0,0.0,0.0,-0.21,27.77,1.38,0.0,2020-04-30 12:30:00+00:00
20200430:1330,0.0,0.0,0.0,0.0,26.49,1.38,0.0,2020-04-30 13:30:00+00:00
20200430:1430,0.0,0.0,0.0,0.0,26.13,1.24,0.0,2020-04-30 14:30:00+00:00
20200430:1530,0.0,0.0,0.0,0.0,25.56,1.59,0.0,2020-04-30 15:30:00+00:00
20200430:1630,0.0,0.0,0.0,0.0,25.14,1.59,0.0,2020-04-30 16:30:00+00:00
20200430:1730,0.0,0.0,0.0,0.0,24.79,1.52,0.0,2020-04-30 17:30:00+00:00
20200430:1830,0.0,0.0,0.0,0.0,24.36,1.66,0.0,2020-04-30 18:30:00+00:00
20200430:1930,0.0,0.0,0.0,0.0,24.56,1.66,0.0,2020-04-30 19:30:00+00:00
20200430:2030,0.0,0.0,0.0,0.0,24.39,1.31,0.0,2020-04-30 20:30:00+00:00
20200430:2130,0.0,0.0,0.0,0.0,23.93,1.38,0.0,2020-04-30 21:30:00+00:00
20200430:2230,0.0,0.0,0.0,0.0,23.79,1.66,0.0,2020-04-30 22:30:00+00:00
20200430:2330,0.0,0.0,0.0,-1.68,23.13,1.66,0.0,2020-04-30 23:30:00+00:00
20200501:0030,0.0,45.3,0.0,11.86,22.89,1.31,0.0,2020-05-01 00:30:00+00:00
20200501:0130,4.6,77.75,0.0,25.49,22.99,1.24,0.0,2020-05-01 01:30:00+00:00
20200501:0230,30.35,190.5,0.0,39.26,23.14,1.24,0.0,2020-05-01 02:30:00+00:00
20200501:0330,94.7,238.9,0.0,53.06,23.67,0.83,0.0,2020-05-01 03:30:00+00:00
20200501:0430,263.75,295.75,0.0,66.64,24.11,0.21,0.0,2020-05-01 04:30:00+00:00
20200501:0530,407.2,341.9,0.0,78.87,25.92,0.69,0.0,2020-05-01 05:30:00+00:00
20200501:0630,406.1,292.45,0.0,79.87,27.79,0.14,0.0,2020-05-01 06:30:00+00:00
20200501:0730,282.7,309.85,0.0,68.04,29.27,1.31,0.0,2020-05-01 07:30:00+00:00
20200501:0830,205.75,189.85,0.0,54.51,27.89,1.38,0.0,2020-05-01 08:30:00+00:00
20200501:0930,181.25,185.15,0.0,40.73,27.75,1.52,0.0,2020-05-01 09:30:00+00:00
20200501:1030,117.25,137.05,0.0,26.95,28.0,0.76,0.0,2020-05-01 10:30:00+00:00
20200501:1130,34.55,58.7,0.0,13.29,27.8,1.52,0.0,2020-05-01 11:30:00+00:00
20200501:1230,0.0,0.0,0.0,-0.12,27.07,1.72,0.0,2020-05-01 12:30:00+00:00
20200501:1330,0.0,0.0,0.0,0.0,26.03,1.79,0.0,2020-05-01 13:30:00+00:00
20200501:1430,0.0,0.0,0.0,0.0,25.24,1.79,0.0,2020-05-01 14:30:00+00:00
20200501:1530,0.0,0.0,0.0,0.0,24.79,1.59,0.0,2020-05-01 15:30:00+00:00
20200501:1630,0.0,0.0,0.0,0.0,24.49,1.59,0.0,2020-05-01 16:30:00+00:00
20200501:1730,0.0,0.0,0.0,0.0,24.34,1.66,0.0,2020-05-01 17:30:00+00:00
20200501:1830,0.0,0.0,0.0,0.0,24.4,1.38,0.0,2020-05-01 18:30:00+00:00
20200501:1930,0.0,0.0,0.0,0.0,24.17,1.17,0.0,2020-05-01 19:30:00+00:00
20200501:2030,0.0,0.0,0.0,0.0,23.8,0.9,0.0,2020-05-01 20:30:00+00:00
20200501:2130,0.0,0.0,0.0,0.0,23.81,0.48,0.0,2020-05-01 21:30:00+00:00
20200501:2230,0.0,0.0,0.0,0.0,23.46,1.38,0.0,2020-05-01 22:30:00+00:00
20200501:2330,0.0,0.0,0.0,-1.52,23.25,1.93,0.0,2020-05-01 23:30:00+00:00
20200502:0030,33.05,61.7,0.0,11.99,23.31,2.07,0.0,2020-05-02 00:30:00+00:00
20200502:0130,131.9,122.85,0.0,25.62,24.04,2.41,0.0,2020-05-02 01:30:00+00:00
20200502:0230,268.85,192.55,0.0,39.38,25.36,1.31,0.0,2020-05-02 02:30:00+00:00
20200502:0330,236.3,253.1,0.0,53.18,27.07,0.9,0.0,2020-05-02 03:30:00+00:00
20200502:0430,296.1,265.3,0.0,66.78,28.39,0.9,0.0,2020-05-02 04:30:00+00:00
20200502:0530,308.7,376.6,0.0,79.1,29.15,0.34,0.0,2020-05-02 05:30:00+00:00
20200502:0630,244.75,387.1,0.0,80.08,29.62,0.62,0.0,2020-05-02 06:30:00+00:00
20200502:0730,429.05,266.1,0.0,68.14,30.03,0.41,0.0,2020-05-02 07:30:00+00:00
20200502:0830,481.25,178.9,0.0,54.58,30.38,0.62,0.0,2020-05-02 08:30:00+00:00
20200502:0930,322.1,130.35,0.0,40.79,30.31,0.97,0.0,2020-05-02 09:30:00+00:00
20200502:1030,173.2,121.05,0.0,27.02,29.89,0.69,0.0,2020-05-02 10:30:00+00:00
20200502:1130,18.1,55.9,0.0,13.37,28.39,0.69,0.0,2020-05-02 11:30:00+00:00
20200502:1230,0.0,0.0,0.0,-0.02,26.91,1.72,0.0,2020-05-02 12:30:00+00:00
20200502:1330,0.0,0.0,0.0,0.0,25.33,1.59,0.0,2020-05-02 13:30:00+00:00
20200502:1430,0.0,0.0,0.0,0.0,24.63,0.41,0.0,2020-05-02 14:30:00+00:00
20200502:1530,0.0,0.0,0.0,0.0,24.28,0.48,0.0,2020-05-02 15:30:00+00:00
20200502:1630,0.0,0.0,0.0,0.0,24.08,0.9,0.0,2020-05-02 16:30:00+00:00
20200502:1730,0.0,0.0,0.0,0.0,24.11,1.38,0.0,2020-05-02 17:30:00+00:00
20200502:1830,0.0,0.0,0.0,0.0,23.99,1.45,0.0,2020-05-02 18:30:00+00:00
20200502:1930,0.0,0.0,0.0,0.0,24.42,1.31,0.0,2020-05-02 19:30:00+00:00
20200502:2030,0.0,0.0,0.0,0.0,24.1,1.03,0.0,2020-05-02 20:30:00+00:00
20200502:2130,0.0,0.0,0.0,0.0,23.72,1.24,0.0,2020-05-02 21:30:00+00:00
20200502:2230,0.0,0.0,0.0,0.0,23.26,1.1,0.0,2020-05-02 22:30:00+00:00
20200502:2330,0.0,0.0,0.0,-1.37,23.28,0.76,0.0,2020-05-02 23:30:00+00:00
20200503:0030,26.75,38.55,0.0,12.12,23.25,0.83,0.0,2020-05-03 00:30:00+00:00
20200503:0130,106.75,94.7,0.0,25.74,23.69,2.0,0.0,2020-05-03 01:30:00+00:00
20200503:0230,93.9,197.35,0.0,39.5,25.08,1.86,0.0,2020-05-03 02:30:00+00:00
20200503:0330,209.8,214.85,0.0,53.3,26.05,1.93,0.0,2020-05-03 03:30:00+00:00
20200503:0430,412.0,198.1,0.0,66.92,26.98,2.28,0.0,2020-05-03 04:30:00+00:00
20200503:0530,423.4,238.7,0.0,79.33,28.03,2.76,0.0,2020-05-03 05:30:00+00:00
20200503:0630,553.95,204.35,0.0,80.3,28.72,2.97,0.0,2020-05-03 06:30:00+00:00
20200503:0730,411.15,225.5,0.0,68.23,29.76,1.03,0.0,2020-05-03 07:30:00+00:00
20200503:0830,396.75,167.95,0.0,54.65,29.89,0.9,0.0,2020-05-03 08:30:00+00:00
20200503:0930,315.85,146.0,0.0,40.85,29.92,0.69,0.0,2020-05-03 09:30:00+00:00
20200503:1030,147.75,93.8,0.0,27.08,29.96,0.62,0.0,2020-05-03 10:30:00+00:00
20200503:1130,66.45,50.9,0.0,13.45,29.69,0.41,0.0,2020-05-03 11:30:00+00:00
20200503:1230,0.0,5.6,0.0,0.07,29.22,0.21,0.0,2020-05-03 12:30:00+00:00
20200503:1330,0.0,0.0,0.0,0.0,28.45,0.34,0.0,2020-05-03 13:30:00+00:00
20200503:1430,0.0,0.0,0.0,0.0,27.05,0.69,0.0,2020-05-03 14:30:00+00:00
20200503:1530,0.0,0.0,0.0,0.0,25.82,1.1,0.0,2020-05-03 15:30:00+00:00
20200503:1630,0.0,0.0,0.0,0.0,25.27,1.38,0.0,2020-05-03 16:30:00+00:00
20200503:1730,0.0,0.0,0.0,0.0,25.06,1.66,0.0,2020-05-03 17:30:00+00:00
20200503:1830,0.0,0.0,0.0,0.0,24.67,1.59,0.0,2020-05-03 18:30:00+00:00
20200503:1930,0.0,0.0,0.0,0.0,24.57,1.31,0.0,2020-05-03 19:30:00+00:00
20200503:2030,0.0,0.0,0.0,0.0,24.25,1.31,0.0,2020-05-03 20:30:00+00:00
20200503:2130,0.0,0.0,0.0,0.0,24.02,1.38,0.0,2020-05-03 21:30:00+00:00
20200503:2230,0.0,0.0,0.0,0.0,23.76,1.38,0.0,2020-05-03 22:30:00+00:00
20200503:2330,0.0,0.0,0.0,-1.22,23.59,1.38,0.0,2020-05-03 23:30:00+00:00
20200504:0030,39.05,66.65,0.0,12.25,23.48,1.1,0.0,2020-05-04 00:30:00+00:00
20200504:0130,192.75,121.2,0.0,25.85,25.41,1.24,0.0,2020-05-04 01:30:00+00:00
20200504:0230,378.75,148.55,0.0,39.61,27.06,0.34,0.0,2020-05-04 02:30:00+00:00
20200504:0330,523.55,167.9,0.0,53.41,28.69,0.28,0.0,2020-05-04 03:30:00+00:00
20200504:0430,600.15,169.95,0.0,67.05,29.86,0.69,0.0,2020-05-04 04:30:00+00:00
20200504:0530,657.8,197.35,0.0,79.55,30.64,0.55,0.0,2020-05-04 05:30:00+00:00
20200504:0630,498.55,203.55,0.0,80.5,31.37,0.34,0.0,2020-05-04 06:30:00+00:00
20200504:0730,457.65,207.25,0.0,68.32,31.43,0.62,0.0,2020-05-04 07:30:00+00:00
20200504:0830,349.35,186.0,0.0,54.71,31.81,0.55,0.0,2020-05-04 08:30:00+00:00
20200504:0930,324.25,166.65,0.0,40.91,31.84,0.69,0.0,2020-05-04 09:30:00+00:00
20200504:1030,195.3,113.45,0.0,27.15,31.97,1.1,0.0,2020-05-04 10:30:00+00:00
20200504:1130,44.5,66.2,0.0,13.53,31.66,1.59,0.0,2020-05-04 11:30:00+00:00
20200504:1230,0.0,7.7,0.0,0.17,30.55,1.38,0.0,2020-05-04 12:30:00+00:00
20200504:1330,0.0,0.0,0.0,0.0,29.34,1.86,0.0,2020-05-04 13:30:00+00:00
20200504:1430,0.0,0.0,0.0,0.0,28.53,1.86,0.0,2020-05-04 14:30:00+00:00
20200504:1530,0.0,0.0,0.0,0.0,27.87,1.93,0.0,2020-05-04 15:30:00+00:00
20200504:1630,0.0,0.0,0.0,0.0,27.36,1.66,0.0,2020-05-04 16:30:00+00:00
20200504:1730,0.0,0.0,0.0,0.0,26.93,1.66,0.0,2020-05-04 17:30:00+00:00
20200504:1830,0.0,0.0,0.0,0.0,26.71,2.07,0.0,2020-05-04 18:30:00+00:00
20200504:1930,0.0,0.0,0.0,0.0,26.22,2.07,0.0,2020-05-04 19:30:00+00:00
20200504:2030,0.0,0.0,0.0,0.0,26.08,2.0,0.0,2020-05-04 20:30:00+00:00
20200504:2130,0.0,0.0,0.0,0.0,25.93,1.72,0.0,2020-05-04 21:30:00+00:00
20200504:2230,0.0,0.0,0.0,0.0,25.85,1.59,0.0,2020-05-04 22:30:00+00:00
20200504:2330,0.0,0.0,0.0,-1.08,25.73,1.45,0.0,2020-05-04 23:30:00+00:00
20200505:0030,37.65,63.9,0.0,12.37,25.74,1.24,0.0,2020-05-05 00:30:00+00:00
20200505:0130,169.0,122.55,0.0,25.96,27.05,2.21,0.0,2020-05-05 01:30:00+00:00
20200505:0230,249.05,182.35,0.0,39.71,28.34,1.93,0.0,2020-05-05 02:30:00+00:00
20200505:0330,491.15,163.65,0.0,53.51,29.54,1.79,0.0,2020-05-05 03:30:00+00:00
20200505:0430,493.05,201.1,0.0,67.18,30.67,1.72,0.0,2020-05-05 04:30:00+00:00
20200505:0530,583.55,252.0,0.0,79.76,31.23,1.45,0.0,2020-05-05 05:30:00+00:00
20200505:0630,574.8,182.8,0.0,80.7,31.7,1.17,0.0,2020-05-05 06:30:00+00:00
20200505:0730,667.7,169.2,0.0,68.41,32.33,1.79,0.0,2020-05-05 07:30:00+00:00
20200505:0830,413.0,192.8,0.0,54.77,32.61,1.86,0.0,2020-05-05 08:30:00+00:00
20200505:0930,306.85,164.8,0.0,40.97,32.4,2.07,0.0,2020-05-05 09:30:00+00:00
20200505:1030,147.95,99.75,0.0,27.22,32.14,2.14,0.0,2020-05-05 10:30:00+00:00
20200505:1130,61.8,66.95,0.0,13.61,31.49,2.0,0.0,2020-05-05 11:30:00+00:00
20200505:1230,0.0,8.4,0.0,0.26,30.74,2.07,0.0,2020-05-05 12:30:00+00:00
20200505:1330,0.0,0.0,0.0,0.0,29.76,2.28,0.0,2020-05-05 13:30:00+00:00
20200505:1430,0.0,0.0,0.0,0.0,28.95,2.41,0.0,2020-05-05 14:30:00+00:00
20200505:1530,0.0,0.0,0.0,0.0,28.39,2.21,0.0,2020-05-05 15:30:00+00:00
20200505:1630,0.0,0.0,0.0,0.0,27.69,2.21,0.0,2020-05-05 16:30:00+00:00
20200505:1730,0.0,0.0,0.0,0.0,27.21,1.1,0.0,2020-05-05 17:30:00+00:00
20200505:1830,0.0,0.0,0.0,0.0,25.98,0.97,0.0,2020-05-05 18:30:00+00:00
20200505:1930,0.0,0.0,0.0,0.0,26.49,2.28,0.0,2020-05-05 19:30:00+00:00
20200505:2030,0.0,0.0,0.0,0.0,26.34,2.21,0.0,2020-05-05 20:30:00+00:00
20200505:2130,0.0,0.0,0.0,0.0,26.31,1.66,0.0,2020-05-05 21:30:00+00:00
20200505:2230,0.0,0.0,0.0,0.0,26.17,1.86,0.0,2020-05-05 22:30:00+00:00
20200505:2330,0.0,0.0,0.0,-0.94,26.1,2.48,0.0,2020-05-05 23:30:00+00:00
20200506:0030,15.25,56.1,0.0,12.49,26.24,2.62,0.0,2020-05-06 00:30:00+00:00
20200506:0130,38.4,108.95,0.0,26.07,26.26,2.07,0.0,2020-05-06 01:30:00+00:00
20200506:0230,31.15,124.55,0.0,39.81,25.72,1.93,0.0,2020-05-06 02:30:00+00:00
20200506:0330,89.6,166.0,0.0,53.61,25.12,2.48,0.0,2020-05-06 03:30:00+00:00
20200506:0430,90.7,268.3,0.0,67.3,24.99,2.07,0.0,2020-05-06 04:30:00+00:00
20200506:0530,356.05,244.85,0.0,79.97,25.8,1.31,0.0,2020-05-06 05:30:00+00:00
20200506:0630,428.05,336.55,0.0,80.89,27.58,1.93,0.0,2020-05-06 06:30:00+00:00
20200506:0730,473.55,202.85,0.0,68.49,30.08,2.21,0.0,2020-05-06 07:30:00+00:00
20200506:0830,143.75,277.55,0.0,54.84,30.73,2.14,0.0,2020-05-06 08:30:00+00:00
20200506:0930,242.4,200.65,0.0,41.04,30.73,1.86,0.0,2020-05-06 09:30:00+00:00
20200506:1030,186.45,120.0,0.0,27.28,30.93,1.79,0.0,2020-05-06 10:30:00+00:00
20200506:1130,68.35,67.8,0.0,13.69,30.8,1.52,0.0,2020-05-06 11:30:00+00:00
20200506:1230,0.0,7.75,0.0,0.36,29.95,0.9,0.0,2020-05-06 12:30:00+00:00
20200506:1330,0.0,0.0,0.0,0.0,28.57,1.1,0.0,2020-05-06 13:30:00+00:00
20200506:1430,0.0,0.0,0.0,0.0,27.26,1.45,0.0,2020-05-06 14:30:00+00:00
20200506:1530,0.0,0.0,0.0,0.0,26.54,1.24,0.0,2020-05-06 15:30:00+00:00
20200506:1630,0.0,0.0,0.0,0.0,27.31,0.55,0.0,2020-05-06 16:30:00+00:00
20200506:1730,0.0,0.0,0.0,0.0,26.92,0.41,0.0,2020-05-06 17:30:00+00:00
20200506:1830,0.0,0.0,0.0,0.0,25.81,0.76,0.0,2020-05-06 18:30:00+00:00
20200506:1930,0.0,0.0,0.0,0.0,24.18,1.45,0.0,2020-05-06 19:30:00+00:00
20200506:2030,0.0,0.0,0.0,0.0,24.01,1.66,0.0,2020-05-06 20:30:00+00:00
20200506:2130,0.0,0.0,0.0,0.0,24.04,1.79,0.0,2020-05-06 21:30:00+00:00
20200506:2230,0.0,0.0,0.0,0.0,24.14,1.72,0.0,2020-05-06 22:30:00+00:00
20200506:2330,0.0,0.0,0.0,-0.81,24.13,1.59,0.0,2020-05-06 23:30:00+00:00
20200507:0030,68.05,61.65,0.0,12.6,24.1,1.38,0.0,2020-05-07 00:30:00+00:00
20200507:0130,225.65,108.25,0.0,26.17,26.04,1.24,0.0,2020-05-07 01:30:00+00:00
20200507:0230,418.65,133.55,0.0,39.91,27.87,1.24,0.0,2020-05-07 02:30:00+00:00
20200507:0330,591.95,151.15,0.0,53.71,29.47,1.38,0.0,2020-05-07 03:30:00+00:00
20200507:0430,710.7,163.9,0.0,67.41,30.79,1.24,0.0,2020-05-07 04:30:00+00:00
20200507:0530,726.65,202.95,0.0,80.16,31.85,1.17,0.0,2020-05-07 05:30:00+00:00
20200507:0630,689.5,206.7,0.0,81.08,32.61,1.17,0.0,2020-05-07 06:30:00+00:00
20200507:0730,684.45,156.85,0.0,68.57,32.95,1.79,0.0,2020-05-07 07:30:00+00:00
20200507:0830,460.55,197.05,0.0,54.9,32.99,1.66,0.0,2020-05-07 08:30:00+00:00
20200507:0930,264.8,175.1,0.0,41.1,31.36,1.52,0.0,2020-05-07 09:30:00+00:00
20200507:1030,170.65,114.8,0.0,27.35,30.83,1.45,0.0,2020-05-07 10:30:00+00:00
20200507:1130,23.8,55.9,0.0,13.76,30.07,1.66,0.0,2020-05-07 11:30:00+00:00
20200507:1230,0.0,8.1,0.0,0.45,29.42,0.41,0.0,2020-05-07 12:30:00+00:00
20200507:1330,0.0,0.0,0.0,0.0,28.32,1.38,0.0,2020-05-07 13:30:00+00:00
20200507:1430,0.0,0.0,0.0,0.0,27.48,1.38,0.0,2020-05-07 14:30:00+00:00
20200507:1530,0.0,0.0,0.0,0.0,26.77,1.59,0.0,2020-05-07 15:30:00+00:00
20200507:1630,0.0,0.0,0.0,0.0,26.32,1.72,0.0,2020-05-07 16:30:00+00:00
20200507:1730,0.0,0.0,0.0,0.0,26.09,0.97,0.0,2020-05-07 17:30:00+00:00
20200507:1830,0.0,0.0,0.0,0.0,25.99,0.34,0.0,2020-05-07 18:30:00+00:00
20200507:1930,0.0,0.0,0.0,0.0,23.66,1.59,0.0,2020-05-07 19:30:00+00:00
20200507:2030,0.0,0.0,0.0,0.0,23.46,1.38,0.0,2020-05-07 20:30:00+00:00
20200507:2130,0.0,0.0,0.0,0.0,23.31,1.31,0.0,2020-05-07 21:30:00+00:00
20200507:2230,0.0,0.0,0.0,0.0,23.17,1.38,0.0,2020-05-07 22:30:00+00:00
20200507:2330,0.0,0.0,0.0,-0.67,23.09,1.31,0.0,2020-05-07 23:30:00+00:00
20200508:0030,40.65,75.75,0.0,12.72,23.23,1.31,0.0,2020-05-08 00:30:00+00:00
20200508:0130,95.45,169.95,0.0,26.27,24.1,1.66,0.0,2020-05-08 01:30:00+00:00
20200508:0230,273.95,203.1,0.0,40.0,25.58,1.52,0.0,2020-05-08 02:30:00+00:00
20200508:0330,348.75,270.7,0.0,53.8,27.5,1.59,0.0,2020-05-08 03:30:00+00:00
20200508:0430,454.8,274.5,0.0,67.51,29.17,1.72,0.0,2020-05-08 04:30:00+00:00
20200508:0530,668.4,226.9,0.0,80.35,30.55,1.86,0.0,2020-05-08 05:30:00+00:00
20200508:0630,727.5,184.9,0.0,81.26,31.51,1.59,0.0,2020-05-08 06:30:00+00:00
20200508:0730,645.9,198.7,0.0,68.65,32.53,1.66,0.0,2020-05-08 07:30:00+00:00
20200508:0830,565.05,166.45,0.0,54.96,32.94,1.31,0.0,2020-05-08 08:30:00+00:00
20200508:0930,407.35,136.25,0.0,41.16,33.08,1.17,0.0,2020-05-08 09:30:00+00:00
20200508:1030,239.15,100.9,0.0,27.42,33.05,1.45,0.0,2020-05-08 10:30:00+00:00
20200508:1130,80.85,64.5,0.0,13.84,32.7,1.31,0.0,2020-05-08 11:30:00+00:00
20200508:1230,0.0,8.65,0.0,0.55,31.73,1.17,0.0,2020-05-08 12:30:00+00:00
20200508:1330,0.0,0.0,0.0,0.0,30.33,1.59,0.0,2020-05-08 13:30:00+00:00
20200508:1430,0.0,0.0,0.0,0.0,28.98,1.03,0.0,2020-05-08 14:30:00+00:00
20200508:1530,0.0,0.0,0.0,0.0,28.5,0.28,0.0,2020-05-08 15:30:00+00:00
20200508:1630,0.0,0.0,0.0,0.0,27.38,1.86,0.0,2020-05-08 16:30:00+00:00
20200508:1730,0.0,0.0,0.0,0.0,27.08,2.14,0.0,2020-05-08 17:30:00+00:00
20200508:1830,0.0,0.0,0.0,0.0,26.77,2.14,0.0,2020-05-08 18:30:00+00:00
20200508:1930,0.0,0.0,0.0,0.0,26.32,2.21,0.0,2020-05-08 19:30:00+00:00
20200508:2030,0.0,0.0,0.0,0.0,26.12,2.07,0.0,2020-05-08 20:30:00+00:00
20200508:2130,0.0,0.0,0.0,0.0,26.0,1.93,0.0,2020-05-08 21:30:00+00:00
20200508:2230,0.0,0.0,0.0,0.0,25.93,1.79,0.0,2020-05-08 22:30:00+00:00
20200508:2330,0.0,0.0,0.0,-0.55,25.86,1.66,0.0,2020-05-08 23:30:00+00:00
20200509:0030,71.85,62.65,0.0,12.82,25.85,1.52,0.0,2020-05-09 00:30:00+00:00
20200509:0130,239.15,104.85,0.0,26.36,27.3,1.24,0.0,2020-05-09 01:30:00+00:00
20200509:0230,421.2,134.65,0.0,40.08,29.05,1.38,0.0,2020-05-09 02:30:00+00:00
20200509:0330,581.95,155.9,0.0,53.88,30.46,1.1,0.0,2020-05-09 03:30:00+00:00
20200509:0430,702.75,168.15,0.0,67.61,31.85,0.76,0.0,2020-05-09 04:30:00+00:00
20200509:0530,768.2,174.4,0.0,80.53,33.03,0.48,0.0,2020-05-09 05:30:00+00:00
20200509:0630,783.1,164.0,0.0,81.43,33.93,0.28,0.0,2020-05-09 06:30:00+00:00
20200509:0730,707.4,163.9,0.0,68.73,34.3,0.76,0.0,2020-05-09 07:30:00+00:00
20200509:0830,557.8,147.1,0.0,55.02,34.42,0.62,0.0,2020-05-09 08:30:00+00:00
20200509:0930,383.25,144.65,0.0,41.22,34.29,0.34,0.0,2020-05-09 09:30:00+00:00
20200509:1030,120.45,118.15,0.0,27.49,32.34,0.28,0.0,2020-05-09 10:30:00+00:00
20200509:1130,38.35,61.25,0.0,13.92,30.81,1.03,0.0,2020-05-09 11:30:00+00:00
20200509:1230,0.0,8.2,0.0,0.65,29.6,1.03,0.0,2020-05-09 12:30:00+00:00
20200509:1330,0.0,0.0,0.0,0.0,29.04,1.1,0.0,2020-05-09 13:30:00+00:00
20200509:1430,0.0,0.0,0.0,0.0,28.57,1.59,0.0,2020-05-09 14:30:00+00:00
20200509:1530,0.0,0.0,0.0,0.0,27.95,1.1,0.0,2020-05-09 15:30:00+00:00
20200509:1630,0.0,0.0,0.0,0.0,27.57,0.69,0.0,2020-05-09 16:30:00+00:00
20200509:1730,0.0,0.0,0.0,0.0,26.82,1.1,0.0,2020-05-09 17:30:00+00:00
20200509:1830,0.0,0.0,0.0,0.0,26.39,1.24,0.0,2020-05-09 18:30:00+00:00
20200509:1930,0.0,0.0,0.0,0.0,26.22,1.38,0.0,2020-05-09 19:30:00+00:00
20200509:2030,0.0,0.0,0.0,0.0,26.0,1.38,0.0,2020-05-09 20:30:00+00:00
20200509:2130,0.0,0.0,0.0,0.0,25.78,1.1,0.0,2020-05-09 21:30:00+00:00
20200509:2230,0.0,0.0,0.0,0.0,25.68,0.97,0.0,2020-05-09 22:30:00+00:00
20200509:2330,0.0,0.0,0.0,-0.43,25.37,1.03,0.0,2020-05-09 23:30:00+00:00
20200510:0030,65.2,63.7,0.0,12.92,25.19,1.17,0.0,2020-05-10 00:30:00+00:00
20200510:0130,186.2,106.6,0.0,26.45,27.48,1.17,0.0,2020-05-10 01:30:00+00:00
20200510:0230,397.8,142.7,0.0,40.17,28.76,1.24,0.0,2020-05-10 02:30:00+00:00
20200510:0330,584.45,153.15,0.0,53.96,30.22,1.17,0.0,2020-05-10 03:30:00+00:00
20200510:0430,716.45,158.25,0.0,67.7,31.55,0.97,0.0,2020-05-10 04:30:00+00:00
20200510:0530,784.25,165.1,0.0,80.7,32.61,0.83,0.0,2020-05-10 05:30:00+00:00
20200510:0630,772.1,172.5,0.0,81.6,33.44,0.9,0.0,2020-05-10 06:30:00+00:00
20200510:0730,633.55,183.35,0.0,68.8,34.25,1.66,0.0,2020-05-10 07:30:00+00:00
20200510:0830,412.65,209.35,0.0,55.08,34.44,1.86,0.0,2020-05-10 08:30:00+00:00
20200510:0930,312.7,165.85,0.0,41.28,34.11,2.34,0.0,2020-05-10 09:30:00+00:00
20200510:1030,115.35,116.05,0.0,27.55,31.7,1.72,0.0,2020-05-10 10:30:00+00:00
20200510:1130,44.5,61.4,0.0,14.01,30.83,1.17,0.0,2020-05-10 11:30:00+00:00
20200510:1230,0.0,6.8,0.0,0.75,28.83,2.14,0.0,2020-05-10 12:30:00+00:00
20200510:1330,0.0,0.0,0.0,0.0,26.09,3.1,0.0,2020-05-10 13:30:00+00:00
20200510:1430,0.0,0.0,0.0,0.0,25.28,1.52,0.0,2020-05-10 14:30:00+00:00
20200510:1530,0.0,0.0,0.0,0.0,25.0,0.97,0.0,2020-05-10 15:30:00+00:00
20200510:1630,0.0,0.0,0.0,0.0,24.82,0.62,0.0,2020-05-10 16:30:00+00:00
20200510:1730,0.0,0.0,0.0,0.0,24.8,0.76,0.0,2020-05-10 17:30:00+00:00
20200510:1830,0.0,0.0,0.0,0.0,25.05,0.34,0.0,2020-05-10 18:30:00+00:00
20200510:1930,0.0,0.0,0.0,0.0,25.97,0.62,0.0,2020-05-10 19:30:00+00:00
20200510:2030,0.0,0.0,0.0,0.0,25.38,0.83,0.0,2020-05-10 20:30:00+00:00
20200510:2130,0.0,0.0,0.0,0.0,25.48,0.69,0.0,2020-05-10 21:30:00+00:00
20200510:2230,0.0,0.0,0.0,0.0,25.33,0.69,0.0,2020-05-10 22:30:00+00:00
20200510:2330,0.0,0.0,0.0,-0.31,25.16,0.76,0.0,2020-05-10 23:30:00+00:00
20200511:0030,61.1,66.95,0.0,13.02,25.11,0.69,0.0,2020-05-11 00:30:00+00:00
20200511:0130,215.65,116.1,0.0,26.54,27.06,0.9,0.0,2020-05-11 01:30:00+00:00
20200511:0230,316.6,189.35,0.0,40.24,28.7,1.31,0.0,2020-05-11 02:30:00+00:00
20200511:0330,505.75,194.5,0.0,54.04,30.23,1.17,0.0,2020-05-11 03:30:00+00:00
20200511:0430,582.05,229.5,0.0,67.79,31.49,0.9,0.0,2020-05-11 04:30:00+00:00
20200511:0530,598.65,229.65,0.0,80.86,32.54,0.97,0.0,2020-05-11 05:30:00+00:00
20200511:0630,753.85,179.15,0.0,81.76,33.09,1.1,0.0,2020-05-11 06:30:00+00:00
20200511:0730,643.45,202.15,0.0,68.87,33.34,0.97,0.0,2020-05-11 07:30:00+00:00
20200511:0830,540.35,183.65,0.0,55.14,33.64,0.97,0.0,2020-05-11 08:30:00+00:00
20200511:0930,343.9,171.0,0.0,41.34,33.67,1.1,0.0,2020-05-11 09:30:00+00:00
20200511:1030,157.25,149.2,0.0,27.62,33.35,1.24,0.0,2020-05-11 10:30:00+00:00
20200511:1130,48.3,76.55,0.0,14.09,32.74,0.48,0.0,2020-05-11 11:30:00+00:00
20200511:1230,0.0,11.5,0.0,0.84,31.58,0.34,0.0,2020-05-11 12:30:00+00:00
20200511:1330,0.0,0.0,0.0,0.0,30.96,0.0,0.0,2020-05-11 13:30:00+00:00
20200511:1430,0.0,0.0,0.0,0.0,30.08,0.28,0.0,2020-05-11 14:30:00+00:00
20200511:1530,0.0,0.0,0.0,0.0,29.26,0.21,0.0,2020-05-11 15:30:00+00:00
20200511:1630,0.0,0.0,0.0,0.0,27.4,0.97,0.0,2020-05-11 16:30:00+00:00
20200511:1730,0.0,0.0,0.0,0.0,26.41,1.38,0.0,2020-05-11 17:30:00+00:00
20200511:1830,0.0,0.0,0.0,0.0,25.9,1.31,0.0,2020-05-11 18:30:00+00:00
20200511:1930,0.0,0.0,0.0,0.0,25.78,1.79,0.0,2020-05-11 19:30:00+00:00
20200511:2030,0.0,0.0,0.0,0.0,25.53,1.72,0.0,2020-05-11 20:30:00+00:00
20200511:2130,0.0,0.0,0.0,0.0,25.18,1.72,0.0,2020-05-11 21:30:00+00:00
20200511:2230,0.0,0.0,0.0,0.0,24.84,1.59,0.0,2020-05-11 22:30:00+00:00
20200511:2330,0.0,0.0,0.0,-0.19,24.45,1.31,0.0,2020-05-11 23:30:00+00:00
20200512:0030,77.0,63.9,0.0,13.12,24.51,0.97,0.0,2020-05-12 00:30:00+00:00
20200512:0130,227.85,115.4,0.0,26.62,26.6,0.62,0.0,2020-05-12 01:30:00+00:00
20200512:0230,433.25,131.0,0.0,40.32,28.33,0.69,0.0,2020-05-12 02:30:00+00:00
20200512:0330,601.35,148.1,0.0,54.11,30.02,0.55,0.0,2020-05-12 03:30:00+00:00
20200512:0430,723.35,159.8,0.0,67.87,31.4,0.48,0.0,2020-05-12 04:30:00+00:00
20200512:0530,753.2,175.4,0.0,81.01,32.38,0.21,0.0,2020-05-12 05:30:00+00:00
20200512:0630,777.85,173.5,0.0,81.91,33.11,0.21,0.0,2020-05-12 06:30:00+00:00
20200512:0730,715.2,163.5,0.0,68.94,33.73,0.62,0.0,2020-05-12 07:30:00+00:00
20200512:0830,581.5,151.1,0.0,55.19,34.12,0.83,0.0,2020-05-12 08:30:00+00:00
20200512:0930,409.2,136.3,0.0,41.4,34.26,0.9,0.0,2020-05-12 09:30:00+00:00
20200512:1030,228.6,114.45,0.0,27.69,33.72,0.69,0.0,2020-05-12 10:30:00+00:00
20200512:1130,61.15,56.65,0.0,14.17,33.22,0.21,0.0,2020-05-12 11:30:00+00:00
20200512:1230,0.0,10.4,0.0,0.94,31.97,0.21,0.0,2020-05-12 12:30:00+00:00
20200512:1330,0.0,0.0,0.0,0.0,31.26,0.0,0.0,2020-05-12 13:30:00+00:00
20200512:1430,0.0,0.0,0.0,0.0,29.68,0.76,0.0,2020-05-12 14:30:00+00:00
20200512:1530,0.0,0.0,0.0,0.0,28.54,1.72,0.0,2020-05-12 15:30:00+00:00
20200512:1630,0.0,0.0,0.0,0.0,28.05,2.14,0.0,2020-05-12 16:30:00+00:00
20200512:1730,0.0,0.0,0.0,0.0,27.61,2.28,0.0,2020-05-12 17:30:00+00:00
20200512:1830,0.0,0.0,0.0,0.0,27.25,2.21,0.0,2020-05-12 18:30:00+00:00
20200512:1930,0.0,0.0,0.0,0.0,27.05,2.41,0.0,2020-05-12 19:30:00+00:00
20200512:2030,0.0,0.0,0.0,0.0,26.82,2.28,0.0,2020-05-12 20:30:00+00:00
20200512:2130,0.0,0.0,0.0,0.0,26.39,2.28,0.0,2020-05-12 21:30:00+00:00
20200512:2230,0.0,0.0,0.0,0.0,26.0,2.21,0.0,2020-05-12 22:30:00+00:00
20200512:2330,0.0,0.0,0.0,-0.08,25.8,2.21,0.0,2020-05-12 23:30:00+00:00
20200513:0030,73.45,61.95,0.0,13.2,25.85,2.07,0.0,2020-05-13 00:30:00+00:00
20200513:0130,205.1,115.95,0.0,26.7,27.07,2.21,0.0,2020-05-13 01:30:00+00:00
20200513:0230,419.0,136.25,0.0,40.38,28.66,2.55,0.0,2020-05-13 02:30:00+00:00
20200513:0330,585.8,153.65,0.0,54.17,30.34,2.62,0.0,2020-05-13 03:30:00+00:00
20200513:0430,710.95,160.8,0.0,67.94,31.73,2.83,0.0,2020-05-13 04:30:00+00:00
20200513:0530,778.15,164.7,0.0,81.15,32.73,3.03,0.0,2020-05-13 05:30:00+00:00
20200513:0630,592.9,253.65,0.0,82.06,32.89,3.03,0.0,2020-05-13 06:30:00+00:00
20200513:0730,531.25,238.3,0.0,69.01,33.31,2.28,0.0,2020-05-13 07:30:00+00:00
20200513:0830,573.8,164.4,0.0,55.25,33.68,2.28,0.0,2020-05-13 08:30:00+00:00
20200513:0930,413.0,137.1,0.0,41.46,33.87,2.41,0.0,2020-05-13 09:30:00+00:00
20200513:1030,209.1,111.95,0.0,27.76,33.29,2.41,0.0,2020-05-13 10:30:00+00:00
20200513:1130,52.45,64.35,0.0,14.25,32.07,1.31,0.0,2020-05-13 11:30:00+00:00
20200513:1230,0.0,9.8,0.0,1.04,31.23,1.38,0.0,2020-05-13 12:30:00+00:00
20200513:1330,0.0,0.0,0.0,0.0,30.15,2.21,0.0,2020-05-13 13:30:00+00:00
20200513:1430,0.0,0.0,0.0,0.0,29.02,2.62,0.0,2020-05-13 14:30:00+00:00
20200513:1530,0.0,0.0,0.0,0.0,28.24,2.69,0.0,2020-05-13 15:30:00+00:00
20200513:1630,0.0,0.0,0.0,0.0,27.4,2.69,0.0,2020-05-13 16:30:00+00:00
20200513:1730,0.0,0.0,0.0,0.0,26.81,2.76,0.0,2020-05-13 17:30:00+00:00
20200513:1830,0.0,0.0,0.0,0.0,26.46,2.9,0.0,2020-05-13 18:30:00+00:00
20200513:1930,0.0,0.0,0.0,0.0,26.52,2.69,0.0,2020-05-13 19:30:00+00:00
20200513:2030,0.0,0.0,0.0,0.0,26.46,2.76,0.0,2020-05-13 20:30:00+00:00
20200513:2130,0.0,0.0,0.0,0.0,26.39,2.62,0.0,2020-05-13 21:30:00+00:00
20200513:2230,0.0,0.0,0.0,0.0,26.37,2.34,0.0,2020-05-13 22:30:00+00:00
20200513:2330,0.0,9.05,0.0,0.02,26.25,2.14,0.0,2020-05-13 23:30:00+00:00
20200514:0030,54.25,59.15,0.0,13.29,26.33,1.86,0.0,2020-05-14 00:30:00+00:00
20200514:0130,227.2,106.6,0.0,26.77,27.43,1.93,0.0,2020-05-14 01:30:00+00:00
20200514:0230,411.05,142.95,0.0,40.45,28.9,2.9,0.0,2020-05-14 02:30:00+00:00
20200514:0330,584.15,155.95,0.0,54.23,30.3,3.1,0.0,2020-05-14 03:30:00+00:00
20200514:0430,714.05,161.85,0.0,68.01,31.58,2.9,0.0,2020-05-14 04:30:00+00:00
20200514:0530,762.85,169.5,0.0,81.28,32.64,2.55,0.0,2020-05-14 05:30:00+00:00
20200514:0630,756.95,180.2,0.0,82.2,33.41,2.34,0.0,2020-05-14 06:30:00+00:00
20200514:0730,700.75,163.8,0.0,69.08,33.92,2.97,0.0,2020-05-14 07:30:00+00:00
20200514:0830,578.65,157.6,0.0,55.31,34.14,3.24,0.0,2020-05-14 08:30:00+00:00
20200514:0930,403.65,134.05,0.0,41.52,34.03,3.24,0.0,2020-05-14 09:30:00+00:00
20200514:1030,210.95,104.3,0.0,27.83,33.24,2.76,0.0,2020-05-14 10:30:00+00:00
20200514:1130,62.1,66.0,0.0,14.33,32.12,2.0,0.0,2020-05-14 11:30:00+00:00
20200514:1230,0.0,11.4,0.0,1.13,31.31,2.48,0.0,2020-05-14 12:30:00+00:00
20200514:1330,0.0,0.0,0.0,0.0,30.15,2.69,0.0,2020-05-14 13:30:00+00:00
20200514:1430,0.0,0.0,0.0,0.0,29.35,2.62,0.0,2020-05-14 14:30:00+00:00
20200514:1530,0.0,0.0,0.0,0.0,28.55,2.83,0.0,2020-05-14 15:30:00+00:00
20200514:1630,0.0,0.0,0.0,0.0,27.91,3.03,0.0,2020-05-14 16:30:00+00:00
20200514:1730,0.0,0.0,0.0,0.0,27.58,2.97,0.0,2020-05-14 17:30:00+00:00
20200514:1830,0.0,0.0,0.0,0.0,27.27,2.55,0.0,2020-05-14 18:30:00+00:00
20200514:1930,0.0,0.0,0.0,0.0,27.36,2.76,0.0,2020-05-14 19:30:00+00:00
20200514:2030,0.0,0.0,0.0,0.0,27.25,2.62,0.0,2020-05-14 20:30:00+00:00
20200514:2130,0.0,0.0,0.0,0.0,27.09,2.55,0.0,2020-05-14 21:30:00+00:00
20200514:2230,0.0,0.0,0.0,0.0,26.99,2.55,0.0,2020-05-14 22:30:00+00:00
20200514:2330,0.0,9.65,0.0,0.13,26.88,2.55,0.0,2020-05-14 23:30:00+00:00
20200515:0030,64.45,67.75,0.0,13.37,26.92,2.41,0.0,2020-05-15 00:30:00+00:00
20200515:0130,183.1,114.8,0.0,26.84,27.98,2.69,0.0,2020-05-15 01:30:00+00:00
20200515:0230,332.55,146.7,0.0,40.51,29.12,2.83,0.0,2020-05-15 02:30:00+00:00
20200515:0330,564.4,165.8,0.0,54.29,30.29,2.48,0.0,2020-05-15 03:30:00+00:00
20200515:0430,684.6,176.15,0.0,68.07,31.64,2.41,0.0,2020-05-15 04:30:00+00:00
20200515:0530,719.65,196.45,0.0,81.4,32.69,2.41,0.0,2020-05-15 05:30:00+00:00
20200515:0630,756.75,179.2,0.0,82.34,33.49,2.41,0.0,2020-05-15 06:30:00+00:00
20200515:0730,713.65,164.0,0.0,69.14,34.27,2.9,0.0,2020-05-15 07:30:00+00:00
20200515:0830,579.25,150.35,0.0,55.36,34.65,2.9,0.0,2020-05-15 08:30:00+00:00
20200515:0930,409.25,132.95,0.0,41.58,34.62,3.1,0.0,2020-05-15 09:30:00+00:00
20200515:1030,193.1,117.7,0.0,27.9,34.14,3.38,0.0,2020-05-15 10:30:00+00:00
20200515:1130,69.0,61.35,0.0,14.41,32.87,1.93,0.0,2020-05-15 11:30:00+00:00
20200515:1230,0.0,6.6,0.0,1.23,30.35,1.31,0.0,2020-05-15 12:30:00+00:00
20200515:1330,0.0,0.0,0.0,0.0,27.46,1.52,0.0,2020-05-15 13:30:00+00:00
20200515:1430,0.0,0.0,0.0,0.0,27.35,1.1,0.0,2020-05-15 14:30:00+00:00
20200515:1530,0.0,0.0,0.0,0.0,27.75,2.0,0.0,2020-05-15 15:30:00+00:00
20200515:1630,0.0,0.0,0.0,0.0,27.79,2.55,0.0,2020-05-15 16:30:00+00:00
20200515:1730,0.0,0.0,0.0,0.0,27.7,2.69,0.0,2020-05-15 17:30:00+00:00
20200515:1830,0.0,0.0,0.0,0.0,27.52,2.62,0.0,2020-05-15 18:30:00+00:00
20200515:1930,0.0,0.0,0.0,0.0,27.6,3.17,0.0,2020-05-15 19:30:00+00:00
20200515:2030,0.0,0.0,0.0,0.0,27.53,3.31,0.0,2020-05-15 20:30:00+00:00
20200515:2130,0.0,0.0,0.0,0.0,27.47,3.31,0.0,2020-05-15 21:30:00+00:00
20200515:2230,0.0,0.0,0.0,0.0,27.37,3.17,0.0,2020-05-15 22:30:00+00:00
20200515:2330,0.0,9.35,0.0,0.22,27.29,2.9,0.0,2020-05-15 23:30:00+00:00
20200516:0030,66.0,66.85,0.0,13.45,27.33,2.76,0.0,2020-05-16 00:30:00+00:00
20200516:0130,224.3,111.35,0.0,26.9,28.27,2.76,0.0,2020-05-16 01:30:00+00:00
20200516:0230,413.75,135.75,0.0,40.56,29.56,3.31,0.0,2020-05-16 02:30:00+00:00
20200516:0330,560.3,162.8,0.0,54.34,30.96,3.17,0.0,2020-05-16 03:30:00+00:00
20200516:0430,711.25,164.4,0.0,68.13,32.29,3.1,0.0,2020-05-16 04:30:00+00:00
20200516:0530,757.4,170.15,0.0,81.51,33.47,3.03,0.0,2020-05-16 05:30:00+00:00
20200516:0630,778.3,167.0,0.0,82.47,34.34,2.9,0.0,2020-05-16 06:30:00+00:00
20200516:0730,719.75,159.45,0.0,69.2,34.78,3.45,0.0,2020-05-16 07:30:00+00:00
20200516:0830,601.05,148.5,0.0,55.42,35.12,3.38,0.0,2020-05-16 08:30:00+00:00
20200516:0930,427.35,134.35,0.0,41.64,35.1,3.17,0.0,2020-05-16 09:30:00+00:00
20200516:1030,218.45,115.3,0.0,27.97,34.76,3.03,0.0,2020-05-16 10:30:00+00:00
20200516:1130,72.55,68.8,0.0,14.49,34.05,2.62,0.0,2020-05-16 11:30:00+00:00
20200516:1230,0.0,10.5,0.0,1.33,32.83,2.62,0.0,2020-05-16 12:30:00+00:00
20200516:1330,0.0,0.0,0.0,0.0,31.56,2.9,0.0,2020-05-16 13:30:00+00:00
20200516:1430,0.0,0.0,0.0,0.0,30.57,3.24,0.0,2020-05-16 14:30:00+00:00
20200516:1530,0.0,0.0,0.0,0.0,29.8,3.52,0.0,2020-05-16 15:30:00+00:00
20200516:1630,0.0,0.0,0.0,0.0,29.09,3.38,0.0,2020-05-16 16:30:00+00:00
20200516:1730,0.0,0.0,0.0,0.0,28.49,3.1,0.0,2020-05-16 17:30:00+00:00
20200516:1830,0.0,0.0,0.0,0.0,28.03,2.97,0.0,2020-05-16 18:30:00+00:00
20200516:1930,0.0,0.0,0.0,0.0,27.92,3.1,0.0,2020-05-16 19:30:00+00:00
20200516:2030,0.0,0.0,0.0,0.0,27.7,2.9,0.0,2020-05-16 20:30:00+00:00
20200516:2130,0.0,0.0,0.0,0.0,27.48,2.9,0.0,2020-05-16 21:30:00+00:00
20200516:2230,0.0,0.0,0.0,0.0,27.28,2.76,0.0,2020-05-16 22:30:00+00:00
20200516:2330,0.0,10.15,0.0,0.32,27.07,2.48,0.0,2020-05-16 23:30:00+00:00
20200517:0030,76.25,65.45,0.0,13.52,27.03,2.07,0.0,2020-05-17 00:30:00+00:00
20200517:0130,223.8,115.95,0.0,26.96,28.25,2.34,0.0,2020-05-17 01:30:00+00:00
20200517:0230,378.95,155.25,0.0,40.61,29.78,2.9,0.0,2020-05-17 02:30:00+00:00
20200517:0330,541.7,181.85,0.0,54.39,31.11,2.55,0.0,2020-05-17 03:30:00+00:00
20200517:0430,649.0,191.75,0.0,68.18,32.49,2.34,0.0,2020-05-17 04:30:00+00:00
20200517:0530,738.95,176.2,0.0,81.61,33.71,2.28,0.0,2020-05-17 05:30:00+00:00
20200517:0630,616.25,220.3,0.0,82.59,34.66,2.28,0.0,2020-05-17 06:30:00+00:00
20200517:0730,529.3,213.1,0.0,69.26,35.01,1.59,0.0,2020-05-17 07:30:00+00:00
20200517:0830,430.6,217.35,0.0,55.48,35.36,1.79,0.0,2020-05-17 08:30:00+00:00
20200517:0930,287.6,165.6,0.0,41.7,35.51,2.14,0.0,2020-05-17 09:30:00+00:00
20200517:1030,170.45,110.45,0.0,28.04,35.21,2.41,0.0,2020-05-17 10:30:00+00:00
20200517:1130,61.3,65.7,0.0,14.57,34.4,2.34,0.0,2020-05-17 11:30:00+00:00
20200517:1230,0.0,11.8,0.0,1.43,33.06,2.76,0.0,2020-05-17 12:30:00+00:00
20200517:1330,0.0,0.0,0.0,0.0,31.7,3.03,0.0,2020-05-17 13:30:00+00:00
20200517:1430,0.0,0.0,0.0,0.0,30.62,3.24,0.0,2020-05-17 14:30:00+00:00
20200517:1530,0.0,0.0,0.0,0.0,29.74,3.59,0.0,2020-05-17 15:30:00+00:00
20200517:1630,0.0,0.0,0.0,0.0,28.99,3.52,0.0,2020-05-17 16:30:00+00:00
20200517:1730,0.0,0.0,0.0,0.0,28.39,3.03,0.0,2020-05-17 17:30:00+00:00
20200517:1830,0.0,0.0,0.0,0.0,27.9,2.48,0.0,2020-05-17 18:30:00+00:00
20200517:1930,0.0,0.0,0.0,0.0,27.22,1.59,0.0,2020-05-17 19:30:00+00:00
20200517:2030,0.0,0.0,0.0,0.0,26.79,1.66,0.0,2020-05-17 20:30:00+00:00
20200517:2130,0.0,0.0,0.0,0.0,26.45,1.66,0.0,2020-05-17 21:30:00+00:00
20200517:2230,0.0,0.0,0.0,0.0,26.14,1.45,0.0,2020-05-17 22:30:00+00:00
20200517:2330,0.0,10.7,0.0,0.41,25.93,1.38,0.0,2020-05-17 23:30:00+00:00
20200518:0030,74.15,67.75,0.0,13.59,25.9,1.38,0.0,2020-05-18 00:30:00+00:00
20200518:0130,214.7,121.15,0.0,27.02,27.44,2.0,0.0,2020-05-18 01:30:00+00:00
20200518:0230,372.75,155.45,0.0,40.66,28.85,2.14,0.0,2020-05-18 02:30:00+00:00
20200518:0330,544.25,174.85,0.0,54.43,30.2,2.34,0.0,2020-05-18 03:30:00+00:00
20200518:0430,697.55,175.8,0.0,68.22,31.43,2.41,0.0,2020-05-18 04:30:00+00:00
20200518:0530,761.8,183.35,0.0,81.7,32.5,2.34,0.0,2020-05-18 05:30:00+00:00
20200518:0630,700.4,230.3,0.0,82.71,33.3,2.34,0.0,2020-05-18 06:30:00+00:00
20200518:0730,649.25,217.7,0.0,69.32,34.13,3.03,0.0,2020-05-18 07:30:00+00:00
20200518:0830,554.6,182.7,0.0,55.53,34.45,3.31,0.0,2020-05-18 08:30:00+00:00
20200518:0930,413.9,154.9,0.0,41.76,34.38,3.45,0.0,2020-05-18 09:30:00+00:00
20200518:1030,213.75,133.55,0.0,28.11,34.02,3.38,0.0,2020-05-18 10:30:00+00:00
20200518:1130,43.95,87.8,0.0,14.66,33.19,2.55,0.0,2020-05-18 11:30:00+00:00
20200518:1230,0.0,13.95,0.0,1.52,31.89,2.07,0.0,2020-05-18 12:30:00+00:00
20200518:1330,0.0,0.0,0.0,0.0,30.46,2.21,0.0,2020-05-18 13:30:00+00:00
20200518:1430,0.0,0.0,0.0,0.0,29.64,2.28,0.0,2020-05-18 14:30:00+00:00
20200518:1530,0.0,0.0,0.0,0.0,29.16,2.07,0.0,2020-05-18 15:30:00+00:00
20200518:1630,0.0,0.0,0.0,0.0,28.82,1.93,0.0,2020-05-18 16:30:00+00:00
20200518:1730,0.0,0.0,0.0,0.0,28.27,2.0,0.0,2020-05-18 17:30:00+00:00
20200518:1830,0.0,0.0,0.0,0.0,27.51,2.0,0.0,2020-05-18 18:30:00+00:00
20200518:1930,0.0,0.0,0.0,0.0,27.09,2.34,0.0,2020-05-18 19:30:00+00:00
20200518:2030,0.0,0.0,0.0,0.0,26.91,2.07,0.0,2020-05-18 20:30:00+00:00
20200518:2130,0.0,0.0,0.0,0.0,26.95,1.93,0.0,2020-05-18 21:30:00+00:00
20200518:2230,0.0,0.0,0.0,0.0,27.03,2.0,0.0,2020-05-18 22:30:00+00:00
20200518:2330,0.0,3.2,0.0,0.49,27.05,2.0,0.0,2020-05-18 23:30:00+00:00
20200519:0030,0.95,35.65,0.0,13.66,27.07,2.0,0.0,2020-05-19 00:30:00+00:00
20200519:0130,9.75,119.55,0.0,27.07,27.46,1.86,0.0,2020-05-19 01:30:00+00:00
20200519:0230,39.35,165.3,0.0,40.7,28.36,2.07,0.0,2020-05-19 02:30:00+00:00
20200519:0330,48.15,220.25,0.0,54.46,29.06,2.69,0.0,2020-05-19 03:30:00+00:00
20200519:0430,158.45,290.95,0.0,68.26,29.76,3.03,0.0,2020-05-19 04:30:00+00:00
20200519:0530,203.35,277.1,0.0,81.79,30.71,3.31,0.0,2020-05-19 05:30:00+00:00
20200519:0630,86.6,272.4,0.0,82.82,31.16,2.9,0.0,2020-05-19 06:30:00+00:00
20200519:0730,23.2,214.25,0.0,69.38,31.42,2.69,0.0,2020-05-19 07:30:00+00:00
20200519:0830,58.5,205.3,0.0,55.59,31.25,2.69,0.0,2020-05-19 08:30:00+00:00
20200519:0930,62.4,189.5,0.0,41.82,31.27,2.21,0.0,2020-05-19 09:30:00+00:00
20200519:1030,1.3,85.8,0.0,28.18,31.3,2.41,0.0,2020-05-19 10:30:00+00:00
20200519:1130,0.5,39.1,0.0,14.74,30.42,2.0,0.0,2020-05-19 11:30:00+00:00
20200519:1230,0.0,6.8,0.0,1.62,29.69,1.79,0.0,2020-05-19 12:30:00+00:00
20200519:1330,0.0,0.0,0.0,0.0,29.03,2.0,0.0,2020-05-19 13:30:00+00:00
20200519:1430,0.0,0.0,0.0,0.0,28.3,2.07,0.0,2020-05-19 14:30:00+00:00
20200519:1530,0.0,0.0,0.0,0.0,27.53,2.41,0.0,2020-05-19 15:30:00+00:00
20200519:1630,0.0,0.0,0.0,0.0,26.96,2.41,0.0,2020-05-19 16:30:00+00:00
20200519:1730,0.0,0.0,0.0,0.0,26.61,2.76,0.0,2020-05-19 17:30:00+00:00
20200519:1830,0.0,0.0,0.0,0.0,26.48,3.24,0.0,2020-05-19 18:30:00+00:00
20200519:1930,0.0,0.0,0.0,0.0,25.41,4.41,0.0,2020-05-19 19:30:00+00:00
20200519:2030,0.0,0.0,0.0,0.0,25.1,4.41,0.0,2020-05-19 20:30:00+00:00
20200519:2130,0.0,0.0,0.0,0.0,24.77,4.41,0.0,2020-05-19 21:30:00+00:00
20200519:2230,0.0,0.0,0.0,0.0,24.66,4.69,0.0,2020-05-19 22:30:00+00:00
20200519:2330,0.0,2.5,0.0,0.57,24.72,4.97,0.0,2020-05-19 23:30:00+00:00
20200520:0030,0.0,14.15,0.0,13.72,24.95,5.31,0.0,2020-05-20 00:30:00+00:00
20200520:0130,0.25,31.3,0.0,27.12,25.4,5.66,0.0,2020-05-20 01:30:00+00:00
20200520:0230,2.6,80.65,0.0,40.74,25.68,5.86,0.0,2020-05-20 02:30:00+00:00
20200520:0330,15.5,180.6,0.0,54.5,25.76,6.07,0.0,2020-05-20 03:30:00+00:00
20200520:0430,14.1,190.4,0.0,68.3,26.27,5.52,0.0,2020-05-20 04:30:00+00:00
20200520:0530,43.95,223.75,0.0,81.86,26.97,6.14,0.0,2020-05-20 05:30:00+00:00
20200520:0630,13.1,162.8,0.0,82.93,27.97,6.28,0.0,2020-05-20 06:30:00+00:00
20200520:0730,3.65,111.35,0.0,69.44,27.7,7.45,0.0,2020-05-20 07:30:00+00:00
20200520:0830,0.0,64.75,0.0,55.64,27.44,7.52,0.0,2020-05-20 08:30:00+00:00
20200520:0930,0.0,11.6,0.0,41.88,26.82,8.48,0.0,2020-05-20 09:30:00+00:00
20200520:1030,0.0,10.9,0.0,28.24,26.43,9.52,0.0,2020-05-20 10:30:00+00:00
20200520:1130,0.0,8.1,0.0,14.82,26.22,10.9,0.0,2020-05-20 11:30:00+00:00
20200520:1230,0.0,0.7,0.0,1.72,26.01,11.86,0.0,2020-05-20 12:30:00+00:00
20200520:1330,0.0,0.0,0.0,0.0,25.87,12.41,0.0,2020-05-20 13:30:00+00:00
20200520:1430,0.0,0.0,0.0,0.0,25.68,12.34,0.0,2020-05-20 14:30:00+00:00
20200520:1530,0.0,0.0,0.0,0.0,25.35,11.86,0.0,2020-05-20 15:30:00+00:00
20200520:1630,0.0,0.0,0.0,0.0,25.12,10.0,0.0,2020-05-20 16:30:00+00:00
20200520:1730,0.0,0.0,0.0,0.0,24.9,9.72,0.0,2020-05-20 17:30:00+00:00
20200520:1830,0.0,0.0,0.0,0.0,24.79,10.07,0.0,2020-05-20 18:30:00+00:00
20200520:1930,0.0,0.0,0.0,0.0,24.31,9.24,0.0,2020-05-20 19:30:00+00:00
20200520:2030,0.0,0.0,0.0,0.0,24.11,9.24,0.0,2020-05-20 20:30:00+00:00
20200520:2130,0.0,0.0,0.0,0.0,23.82,9.03,0.0,2020-05-20 21:30:00+00:00
20200520:2230,0.0,0.0,0.0,0.0,23.58,8.55,0.0,2020-05-20 22:30:00+00:00
20200520:2330,0.0,3.0,0.0,0.65,23.48,7.79,0.0,2020-05-20 23:30:00+00:00
20200521:0030,3.9,31.75,0.0,13.77,23.76,7.17,0.0,2020-05-21 00:30:00+00:00
20200521:0130,6.3,66.75,0.0,27.17,24.11,6.48,0.0,2020-05-21 01:30:00+00:00
20200521:0230,6.6,129.2,0.0,40.78,24.55,5.52,0.0,2020-05-21 02:30:00+00:00
20200521:0330,2.7,135.2,0.0,54.53,25.17,6.62,0.0,2020-05-21 03:30:00+00:00
20200521:0430,43.6,166.4,0.0,68.33,25.59,5.86,0.0,2020-05-21 04:30:00+00:00
20200521:0530,21.25,184.65,0.0,81.93,26.17,4.9,0.0,2020-05-21 05:30:00+00:00
20200521:0630,29.5,208.4,0.0,83.03,26.47,4.21,0.0,2020-05-21 06:30:00+00:00
20200521:0730,7.9,189.55,0.0,69.5,26.92,4.83,0.0,2020-05-21 07:30:00+00:00
20200521:0830,7.8,197.35,0.0,55.7,27.04,4.76,0.0,2020-05-21 08:30:00+00:00
20200521:0930,14.6,191.2,0.0,41.94,27.25,5.03,0.0,2020-05-21 09:30:00+00:00
20200521:1030,106.9,143.55,0.0,28.31,27.42,4.9,0.0,2020-05-21 10:30:00+00:00
20200521:1130,39.3,69.95,0.0,14.9,27.53,4.41,0.0,2020-05-21 11:30:00+00:00
20200521:1230,0.0,12.0,0.0,1.81,27.1,3.52,0.0,2020-05-21 12:30:00+00:00
20200521:1330,0.0,0.0,0.0,0.0,26.62,3.31,0.0,2020-05-21 13:30:00+00:00
20200521:1430,0.0,0.0,0.0,0.0,26.12,3.24,0.0,2020-05-21 14:30:00+00:00
20200521:1530,0.0,0.0,0.0,0.0,25.73,3.03,0.0,2020-05-21 15:30:00+00:00
20200521:1630,0.0,0.0,0.0,0.0,25.42,2.9,0.0,2020-05-21 16:30:00+00:00
20200521:1730,0.0,0.0,0.0,0.0,25.17,2.83,0.0,2020-05-21 17:30:00+00:00
20200521:1830,0.0,0.0,0.0,0.0,25.18,2.83,0.0,2020-05-21 18:30:00+00:00
20200521:1930,0.0,0.0,0.0,0.0,25.05,2.97,0.0,2020-05-21 19:30:00+00:00
20200521:2030,0.0,0.0,0.0,0.0,24.88,2.83,0.0,2020-05-21 20:30:00+00:00
20200521:2130,0.0,0.0,0.0,0.0,24.7,2.76,0.0,2020-05-21 21:30:00+00:00
20200521:2230,0.0,0.0,0.0,0.0,24.51,2.9,0.0,2020-05-21 22:30:00+00:00
20200521:2330,0.0,8.25,0.0,0.72,24.35,2.97,0.0,2020-05-21 23:30:00+00:00
20200522:0030,31.0,59.3,0.0,13.83,24.45,2.83,0.0,2020-05-22 00:30:00+00:00
20200522:0130,135.5,115.6,0.0,27.21,24.95,2.83,0.0,2020-05-22 01:30:00+00:00
20200522:0230,269.9,175.45,0.0,40.81,26.1,3.59,0.0,2020-05-22 02:30:00+00:00
20200522:0330,510.8,172.95,0.0,54.55,27.58,3.59,0.0,2020-05-22 03:30:00+00:00
20200522:0430,664.15,165.1,0.0,68.35,29.17,3.59,0.0,2020-05-22 04:30:00+00:00
20200522:0530,724.05,174.6,0.0,81.99,30.63,3.52,0.0,2020-05-22 05:30:00+00:00
20200522:0630,718.0,188.6,0.0,83.12,31.88,3.45,0.0,2020-05-22 06:30:00+00:00
20200522:0730,633.3,192.3,0.0,69.55,32.53,3.38,0.0,2020-05-22 07:30:00+00:00
20200522:0830,364.35,210.2,0.0,55.75,33.04,3.38,0.0,2020-05-22 08:30:00+00:00
20200522:0930,292.6,143.4,0.0,42.0,33.02,3.24,0.0,2020-05-22 09:30:00+00:00
20200522:1030,116.4,95.55,0.0,28.38,32.7,2.83,0.0,2020-05-22 10:30:00+00:00
20200522:1130,38.9,51.5,0.0,14.98,31.08,2.34,0.0,2020-05-22 11:30:00+00:00
20200522:1230,0.0,11.35,0.0,1.91,30.44,2.62,0.0,2020-05-22 12:30:00+00:00
20200522:1330,0.0,0.0,0.0,0.0,29.47,2.83,0.0,2020-05-22 13:30:00+00:00
20200522:1430,0.0,0.0,0.0,0.0,28.93,3.1,0.0,2020-05-22 14:30:00+00:00
20200522:1530,0.0,0.0,0.0,0.0,28.32,2.97,0.0,2020-05-22 15:30:00+00:00
20200522:1630,0.0,0.0,0.0,0.0,27.7,2.76,0.0,2020-05-22 16:30:00+00:00
20200522:1730,0.0,0.0,0.0,0.0,27.3,2.69,0.0,2020-05-22 17:30:00+00:00
20200522:1830,0.0,0.0,0.0,0.0,27.09,2.55,0.0,2020-05-22 18:30:00+00:00
20200522:1930,0.0,0.0,0.0,0.0,26.89,2.34,0.0,2020-05-22 19:30:00+00:00
20200522:2030,0.0,0.0,0.0,0.0,27.17,2.34,0.0,2020-05-22 20:30:00+00:00
20200522:2130,0.0,0.0,0.0,0.0,27.18,2.41,0.0,2020-05-22 21:30:00+00:00
20200522:2230,0.0,0.0,0.0,0.0,27.31,2.41,0.0,2020-05-22 22:30:00+00:00
20200522:2330,0.0,8.8,0.0,0.79,27.2,2.34,0.0,2020-05-22 23:30:00+00:00
20200523:0030,17.85,67.1,0.0,13.87,27.34,2.21,0.0,2020-05-23 00:30:00+00:00
20200523:0130,110.85,125.0,0.0,27.24,27.9,3.31,0.0,2020-05-23 01:30:00+00:00
20200523:0230,176.2,200.4,0.0,40.84,28.85,4.07,0.0,2020-05-23 02:30:00+00:00
20200523:0330,299.4,241.9,0.0,54.57,30.11,4.0,0.0,2020-05-23 03:30:00+00:00
20200523:0430,302.2,290.55,0.0,68.37,31.22,4.14,0.0,2020-05-23 04:30:00+00:00
20200523:0530,352.7,354.05,0.0,82.04,32.03,4.07,0.0,2020-05-23 05:30:00+00:00
20200523:0630,457.55,278.95,0.0,83.22,32.86,3.86,0.0,2020-05-23 06:30:00+00:00
20200523:0730,323.45,251.0,0.0,69.61,33.22,4.55,0.0,2020-05-23 07:30:00+00:00
20200523:0830,245.65,264.2,0.0,55.81,33.15,4.62,0.0,2020-05-23 08:30:00+00:00
20200523:0930,221.4,196.0,0.0,42.06,32.92,4.69,0.0,2020-05-23 09:30:00+00:00
20200523:1030,200.8,123.45,0.0,28.45,32.54,4.83,0.0,2020-05-23 10:30:00+00:00
20200523:1130,77.6,68.95,0.0,15.06,31.81,4.48,0.0,2020-05-23 11:30:00+00:00
20200523:1230,0.0,13.55,0.0,2.0,30.65,4.21,0.0,2020-05-23 12:30:00+00:00
20200523:1330,0.0,0.0,0.0,0.0,29.47,3.72,0.0,2020-05-23 13:30:00+00:00
20200523:1430,0.0,0.0,0.0,0.0,28.57,3.52,0.0,2020-05-23 14:30:00+00:00
20200523:1530,0.0,0.0,0.0,0.0,27.95,3.52,0.0,2020-05-23 15:30:00+00:00
20200523:1630,0.0,0.0,0.0,0.0,27.6,3.59,0.0,2020-05-23 16:30:00+00:00
20200523:1730,0.0,0.0,0.0,0.0,27.41,3.66,0.0,2020-05-23 17:30:00+00:00
20200523:1830,0.0,0.0,0.0,0.0,27.62,3.72,0.0,2020-05-23 18:30:00+00:00
20200523:1930,0.0,0.0,0.0,0.0,27.71,3.86,0.0,2020-05-23 19:30:00+00:00
20200523:2030,0.0,0.0,0.0,0.0,27.63,3.59,0.0,2020-05-23 20:30:00+00:00
20200523:2130,0.0,0.0,0.0,0.0,27.41,3.59,0.0,2020-05-23 21:30:00+00:00
20200523:2230,0.0,0.0,0.0,0.0,27.41,3.66,0.0,2020-05-23 22:30:00+00:00
20200523:2330,0.0,9.6,0.0,0.85,27.45,3.59,0.0,2020-05-23 23:30:00+00:00
20200524:0030,42.85,58.9,0.0,13.92,27.5,3.59,0.0,2020-05-24 00:30:00+00:00
20200524:0130,152.45,123.25,0.0,27.28,28.07,3.52,0.0,2020-05-24 01:30:00+00:00
20200524:0230,312.7,165.15,0.0,40.86,29.2,6.07,0.0,2020-05-24 02:30:00+00:00
20200524:0330,357.4,243.5,0.0,54.59,30.27,5.72,0.0,2020-05-24 03:30:00+00:00
20200524:0430,424.45,298.35,0.0,68.38,31.31,5.38,0.0,2020-05-24 04:30:00+00:00
20200524:0530,485.95,312.4,0.0,82.08,32.25,5.03,0.0,2020-05-24 05:30:00+00:00
20200524:0630,275.5,368.7,0.0,83.3,33.05,5.03,0.0,2020-05-24 06:30:00+00:00
20200524:0730,345.8,323.7,0.0,69.66,33.28,5.45,0.0,2020-05-24 07:30:00+00:00
20200524:0830,192.15,314.4,0.0,55.86,33.52,5.45,0.0,2020-05-24 08:30:00+00:00
20200524:0930,171.85,249.7,0.0,42.12,33.09,5.24,0.0,2020-05-24 09:30:00+00:00
20200524:1030,203.25,122.5,0.0,28.52,32.49,5.17,0.0,2020-05-24 10:30:00+00:00
20200524:1130,70.55,70.5,0.0,15.14,31.78,4.97,0.0,2020-05-24 11:30:00+00:00
20200524:1230,0.0,13.6,0.0,2.09,30.71,4.9,0.0,2020-05-24 12:30:00+00:00
20200524:1330,0.0,0.0,0.0,0.0,29.6,4.34,0.0,2020-05-24 13:30:00+00:00
20200524:1430,0.0,0.0,0.0,0.0,28.83,4.21,0.0,2020-05-24 14:30:00+00:00
20200524:1530,0.0,0.0,0.0,0.0,28.34,4.34,0.0,2020-05-24 15:30:00+00:00
20200524:1630,0.0,0.0,0.0,0.0,28.08,4.69,0.0,2020-05-24 16:30:00+00:00
20200524:1730,0.0,0.0,0.0,0.0,27.92,4.97,0.0,2020-05-24 17:30:00+00:00
20200524:1830,0.0,0.0,0.0,0.0,27.9,5.24,0.0,2020-05-24 18:30:00+00:00
20200524:1930,0.0,0.0,0.0,0.0,27.73,5.45,0.0,2020-05-24 19:30:00+00:00
20200524:2030,0.0,0.0,0.0,0.0,27.86,5.59,0.0,2020-05-24 20:30:00+00:00
20200524:2130,0.0,0.0,0.0,0.0,27.73,5.38,0.0,2020-05-24 21:30:00+00:00
20200524:2230,0.0,0.0,0.0,0.0,27.67,5.31,0.0,2020-05-24 22:30:00+00:00
20200524:2330,0.0,8.6,0.0,0.91,27.53,5.17,0.0,2020-05-24 23:30:00+00:00
20200525:0030,29.45,70.2,0.0,13.96,27.48,5.03,0.0,2020-05-25 00:30:00+00:00
20200525:0130,104.15,149.9,0.0,27.3,28.01,5.1,0.0,2020-05-25 01:30:00+00:00
20200525:0230,135.9,230.2,0.0,40.88,29.24,7.24,0.0,2020-05-25 02:30:00+00:00
20200525:0330,158.95,339.7,0.0,54.6,30.24,6.76,0.0,2020-05-25 03:30:00+00:00
20200525:0430,329.4,347.0,0.0,68.39,31.42,6.76,0.0,2020-05-25 04:30:00+00:00
20200525:0530,586.3,251.1,0.0,82.11,32.42,6.41,0.0,2020-05-25 05:30:00+00:00
20200525:0630,94.75,306.75,0.0,83.39,33.12,6.14,0.0,2020-05-25 06:30:00+00:00
20200525:0730,254.9,308.2,0.0,69.71,32.52,6.0,0.0,2020-05-25 07:30:00+00:00
20200525:0830,251.2,262.3,0.0,55.92,32.97,6.0,0.0,2020-05-25 08:30:00+00:00
20200525:0930,83.6,247.05,0.0,42.18,32.91,5.66,0.0,2020-05-25 09:30:00+00:00
20200525:1030,79.1,130.0,0.0,28.59,32.09,4.97,0.0,2020-05-25 10:30:00+00:00
20200525:1130,17.05,81.7,0.0,15.22,31.19,4.83,0.0,2020-05-25 11:30:00+00:00
20200525:1230,0.0,11.85,0.0,2.19,30.24,5.31,0.0,2020-05-25 12:30:00+00:00
20200525:1330,0.0,0.0,0.0,0.0,29.3,5.38,0.0,2020-05-25 13:30:00+00:00
20200525:1430,0.0,0.0,0.0,0.0,28.68,5.38,0.0,2020-05-25 14:30:00+00:00
20200525:1530,0.0,0.0,0.0,0.0,28.3,5.31,0.0,2020-05-25 15:30:00+00:00
20200525:1630,0.0,0.0,0.0,0.0,28.11,5.1,0.0,2020-05-25 16:30:00+00:00
20200525:1730,0.0,0.0,0.0,0.0,28.03,5.24,0.0,2020-05-25 17:30:00+00:00
20200525:1830,0.0,0.0,0.0,0.0,28.0,5.72,0.0,2020-05-25 18:30:00+00:00
20200525:1930,0.0,0.0,0.0,0.0,27.97,5.45,0.0,2020-05-25 19:30:00+00:00
20200525:2030,0.0,0.0,0.0,0.0,27.85,5.72,0.0,2020-05-25 20:30:00+00:00
20200525:2130,0.0,0.0,0.0,0.0,27.62,5.66,0.0,2020-05-25 21:30:00+00:00
20200525:2230,0.0,0.0,0.0,0.0,27.44,5.59,0.0,2020-05-25 22:30:00+00:00
20200525:2330,0.0,9.75,0.0,0.97,27.46,5.59,0.0,2020-05-25 23:30:00+00:00
20200526:0030,40.15,63.2,0.0,14.0,27.53,5.52,0.0,2020-05-26 00:30:00+00:00
20200526:0130,91.6,142.15,0.0,27.33,28.02,5.03,0.0,2020-05-26 01:30:00+00:00
20200526:0230,103.55,243.35,0.0,40.89,28.94,7.38,0.0,2020-05-26 02:30:00+00:00
20200526:0330,159.8,319.1,0.0,54.61,29.9,6.83,0.0,2020-05-26 03:30:00+00:00
20200526:0430,309.05,327.45,0.0,68.4,31.07,6.9,0.0,2020-05-26 04:30:00+00:00
20200526:0530,350.5,320.85,0.0,82.14,32.15,6.76,0.0,2020-05-26 05:30:00+00:00
20200526:0630,106.8,382.6,0.0,83.46,32.81,6.69,0.0,2020-05-26 06:30:00+00:00
20200526:0730,154.55,364.45,0.0,69.77,32.51,6.76,0.0,2020-05-26 07:30:00+00:00
20200526:0830,272.35,240.65,0.0,55.97,32.4,7.17,0.0,2020-05-26 08:30:00+00:00
20200526:0930,184.55,204.2,0.0,42.25,32.02,6.9,0.0,2020-05-26 09:30:00+00:00
20200526:1030,143.5,126.5,0.0,28.66,31.47,6.34,0.0,2020-05-26 10:30:00+00:00
20200526:1130,25.3,67.5,0.0,15.3,30.74,5.86,0.0,2020-05-26 11:30:00+00:00
20200526:1230,0.0,12.35,0.0,2.28,29.86,5.24,0.0,2020-05-26 12:30:00+00:00
20200526:1330,0.0,0.0,0.0,0.0,29.07,5.17,0.0,2020-05-26 13:30:00+00:00
20200526:1430,0.0,0.0,0.0,0.0,28.48,5.31,0.0,2020-05-26 14:30:00+00:00
20200526:1530,0.0,0.0,0.0,0.0,28.26,5.59,0.0,2020-05-26 15:30:00+00:00
20200526:1630,0.0,0.0,0.0,0.0,28.18,5.72,0.0,2020-05-26 16:30:00+00:00
20200526:1730,0.0,0.0,0.0,0.0,28.08,5.93,0.0,2020-05-26 17:30:00+00:00
20200526:1830,0.0,0.0,0.0,0.0,27.98,6.14,0.0,2020-05-26 18:30:00+00:00
20200526:1930,0.0,0.0,0.0,0.0,28.0,6.21,0.0,2020-05-26 19:30:00+00:00
20200526:2030,0.0,0.0,0.0,0.0,27.97,6.14,0.0,2020-05-26 20:30:00+00:00
20200526:2130,0.0,0.0,0.0,0.0,27.94,6.07,0.0,2020-05-26 21:30:00+00:00
20200526:2230,0.0,0.0,0.0,0.0,27.9,5.86,0.0,2020-05-26 22:30:00+00:00
20200526:2330,0.0,8.65,0.0,1.02,27.73,5.72,0.0,2020-05-26 23:30:00+00:00
20200527:0030,52.15,70.05,0.0,14.03,27.83,5.72,0.0,2020-05-27 00:30:00+00:00
20200527:0130,112.2,124.2,0.0,27.35,28.42,5.03,0.0,2020-05-27 01:30:00+00:00
20200527:0230,189.8,212.4,0.0,40.91,29.18,8.0,0.0,2020-05-27 02:30:00+00:00
20200527:0330,266.3,230.1,0.0,54.61,30.24,7.45,0.0,2020-05-27 03:30:00+00:00
20200527:0430,381.8,303.55,0.0,68.4,31.04,6.55,0.0,2020-05-27 04:30:00+00:00
20200527:0530,190.4,317.55,0.0,82.16,32.16,6.76,0.0,2020-05-27 05:30:00+00:00
20200527:0630,176.0,302.45,0.0,83.54,32.34,6.48,0.0,2020-05-27 06:30:00+00:00
20200527:0730,97.5,256.65,0.0,69.82,31.59,6.9,0.0,2020-05-27 07:30:00+00:00
20200527:0830,66.9,254.85,0.0,56.02,31.73,5.38,0.0,2020-05-27 08:30:00+00:00
20200527:0930,61.35,208.65,0.0,42.31,32.05,5.03,0.0,2020-05-27 09:30:00+00:00
20200527:1030,118.35,139.15,0.0,28.73,31.92,4.76,0.0,2020-05-27 10:30:00+00:00
20200527:1130,41.55,78.05,0.0,15.38,31.44,5.03,0.0,2020-05-27 11:30:00+00:00
20200527:1230,5.35,12.01,0.0,2.37,30.25,5.03,0.0,2020-05-27 12:30:00+00:00
20200527:1330,0.0,0.0,0.0,0.0,29.26,4.83,0.0,2020-05-27 13:30:00+00:00
20200527:1430,0.0,0.0,0.0,0.0,28.8,4.41,0.0,2020-05-27 14:30:00+00:00
20200527:1530,0.0,0.0,0.0,0.0,28.6,4.83,0.0,2020-05-27 15:30:00+00:00
20200527:1630,0.0,0.0,0.0,0.0,28.42,4.48,0.0,2020-05-27 16:30:00+00:00
20200527:1730,0.0,0.0,0.0,0.0,28.27,4.55,0.0,2020-05-27 17:30:00+00:00
20200527:1830,0.0,0.0,0.0,0.0,28.18,4.76,0.0,2020-05-27 18:30:00+00:00
20200527:1930,0.0,0.0,0.0,0.0,26.24,4.9,0.0,2020-05-27 19:30:00+00:00
20200527:2030,0.0,0.0,0.0,0.0,26.12,5.17,0.0,2020-05-27 20:30:00+00:00
20200527:2130,0.0,0.0,0.0,0.0,26.16,4.34,0.0,2020-05-27 21:30:00+00:00
20200527:2230,0.0,0.0,0.0,0.0,26.3,3.45,0.0,2020-05-27 22:30:00+00:00
20200527:2330,0.0,9.5,0.0,1.06,26.5,2.9,0.0,2020-05-27 23:30:00+00:00
20200528:0030,22.95,58.55,0.0,14.06,26.68,1.72,0.0,2020-05-28 00:30:00+00:00
20200528:0130,17.35,108.1,0.0,27.37,27.06,1.59,0.0,2020-05-28 01:30:00+00:00
20200528:0230,93.85,141.05,0.0,40.92,27.5,2.62,0.0,2020-05-28 02:30:00+00:00
20200528:0330,201.35,183.1,0.0,54.61,28.46,2.0,0.0,2020-05-28 03:30:00+00:00
20200528:0430,226.4,327.0,0.0,68.4,29.87,3.31,0.0,2020-05-28 04:30:00+00:00
20200528:0530,351.45,324.05,0.0,82.17,31.3,4.0,0.0,2020-05-28 05:30:00+00:00
20200528:0630,182.15,207.15,0.0,83.61,32.4,4.21,0.0,2020-05-28 06:30:00+00:00
20200528:0730,239.35,286.85,0.0,69.87,29.35,4.07,0.0,2020-05-28 07:30:00+00:00
20200528:0830,228.5,215.4,0.0,56.08,29.62,4.41,0.0,2020-05-28 08:30:00+00:00
20200528:0930,97.4,223.45,0.0,42.37,29.15,4.62,0.0,2020-05-28 09:30:00+00:00
20200528:1030,130.35,132.85,0.0,28.8,28.74,4.14,0.0,2020-05-28 10:30:00+00:00
20200528:1130,25.85,60.95,0.0,15.46,28.65,3.31,0.0,2020-05-28 11:30:00+00:00
20200528:1230,2.65,9.63,0.0,2.46,28.25,2.34,0.0,2020-05-28 12:30:00+00:00
20200528:1330,0.0,0.0,0.0,0.0,27.96,2.76,0.0,2020-05-28 13:30:00+00:00
20200528:1430,0.0,0.0,0.0,0.0,27.54,2.76,0.0,2020-05-28 14:30:00+00:00
20200528:1530,0.0,0.0,0.0,0.0,27.27,2.76,0.0,2020-05-28 15:30:00+00:00
20200528:1630,0.0,0.0,0.0,0.0,27.13,2.76,0.0,2020-05-28 16:30:00+00:00
20200528:1730,0.0,0.0,0.0,0.0,27.06,2.69,0.0,2020-05-28 17:30:00+00:00
20200528:1830,0.0,0.0,0.0,0.0,26.85,2.76,0.0,2020-05-28 18:30:00+00:00
20200528:1930,0.0,0.0,0.0,0.0,25.67,2.55,0.0,2020-05-28 19:30:00+00:00
20200528:2030,0.0,0.0,0.0,0.0,25.47,2.07,0.0,2020-05-28 20:30:00+00:00
20200528:2130,0.0,0.0,0.0,0.0,25.34,1.86,0.0,2020-05-28 21:30:00+00:00
20200528:2230,0.0,0.0,0.0,0.0,25.26,1.79,0.0,2020-05-28 22:30:00+00:00
20200528:2330,0.0,9.75,0.0,1.11,25.18,1.66,0.0,2020-05-28 23:30:00+00:00
20200529:0030,38.1,62.3,0.0,14.08,25.31,1.45,0.0,2020-05-29 00:30:00+00:00
20200529:0130,155.2,132.25,0.0,27.38,26.34,1.59,0.0,2020-05-29 01:30:00+00:00
20200529:0230,235.55,202.6,0.0,40.92,27.85,2.0,0.0,2020-05-29 02:30:00+00:00
20200529:0330,436.45,160.1,0.0,54.61,29.02,1.79,0.0,2020-05-29 03:30:00+00:00
20200529:0430,279.6,246.75,0.0,68.4,29.98,1.79,0.0,2020-05-29 04:30:00+00:00
20200529:0530,401.75,259.5,0.0,82.17,30.5,1.59,0.0,2020-05-29 05:30:00+00:00
20200529:0630,414.1,236.5,0.0,83.68,31.04,1.52,0.0,2020-05-29 06:30:00+00:00
20200529:0730,324.1,208.2,0.0,69.92,31.7,3.17,0.0,2020-05-29 07:30:00+00:00
20200529:0830,294.9,178.8,0.0,56.13,30.68,3.03,0.0,2020-05-29 08:30:00+00:00
20200529:0930,158.95,195.85,0.0,42.43,29.87,2.41,0.0,2020-05-29 09:30:00+00:00
20200529:1030,113.6,95.25,0.0,28.87,29.33,1.79,0.0,2020-05-29 10:30:00+00:00
20200529:1130,44.35,61.55,0.0,15.54,29.28,1.1,0.0,2020-05-29 11:30:00+00:00
20200529:1230,3.0,9.78,0.0,2.55,28.53,1.1,0.0,2020-05-29 12:30:00+00:00
20200529:1330,0.0,0.0,0.0,0.0,26.07,2.55,0.0,2020-05-29 13:30:00+00:00
20200529:1430,0.0,0.0,0.0,0.0,25.16,2.21,0.0,2020-05-29 14:30:00+00:00
20200529:1530,0.0,0.0,0.0,0.0,25.0,2.0,0.0,2020-05-29 15:30:00+00:00
20200529:1630,0.0,0.0,0.0,0.0,24.81,2.0,0.0,2020-05-29 16:30:00+00:00
20200529:1730,0.0,0.0,0.0,0.0,24.82,2.0,0.0,2020-05-29 17:30:00+00:00
20200529:1830,0.0,0.0,0.0,0.0,25.08,2.0,0.0,2020-05-29 18:30:00+00:00
20200529:1930,0.0,0.0,0.0,0.0,26.62,2.48,0.0,2020-05-29 19:30:00+00:00
20200529:2030,0.0,0.0,0.0,0.0,26.6,2.21,0.0,2020-05-29 20:30:00+00:00
20200529:2130,0.0,0.0,0.0,0.0,26.5,2.07,0.0,2020-05-29 21:30:00+00:00
20200529:2230,0.0,0.0,0.0,0.0,26.43,2.0,0.0,2020-05-29 22:30:00+00:00
20200529:2330,0.0,11.5,0.0,1.15,26.28,1.59,0.0,2020-05-29 23:30:00+00:00
20200530:0030,58.4,59.75,0.0,14.11,26.35,1.1,0.0,2020-05-30 00:30:00+00:00
20200530:0130,173.35,113.95,0.0,27.4,27.37,0.69,0.0,2020-05-30 01:30:00+00:00
20200530:0230,266.45,163.2,0.0,40.92,28.14,1.66,0.0,2020-05-30 02:30:00+00:00
20200530:0330,368.55,160.8,0.0,54.61,28.89,1.66,0.0,2020-05-30 03:30:00+00:00
20200530:0430,373.35,210.5,0.0,68.39,29.62,1.31,0.0,2020-05-30 04:30:00+00:00
20200530:0530,508.95,233.35,0.0,82.17,30.5,1.31,0.0,2020-05-30 05:30:00+00:00
20200530:0630,660.4,171.25,0.0,83.74,31.46,1.72,0.0,2020-05-30 06:30:00+00:00
20200530:0730,483.9,196.05,0.0,69.97,32.15,2.0,0.0,2020-05-30 07:30:00+00:00
20200530:0830,325.8,202.55,0.0,56.19,31.84,1.59,0.0,2020-05-30 08:30:00+00:00
20200530:0930,304.25,149.95,0.0,42.49,31.76,1.66,0.0,2020-05-30 09:30:00+00:00
20200530:1030,199.9,113.5,0.0,28.94,30.89,2.55,0.0,2020-05-30 10:30:00+00:00
20200530:1130,47.7,63.45,0.0,15.62,30.55,1.86,0.0,2020-05-30 11:30:00+00:00
20200530:1230,4.3,12.88,0.0,2.64,30.07,1.45,0.0,2020-05-30 12:30:00+00:00
20200530:1330,0.0,0.0,0.0,0.0,29.34,1.59,0.0,2020-05-30 13:30:00+00:00
20200530:1430,0.0,0.0,0.0,0.0,28.48,1.72,0.0,2020-05-30 14:30:00+00:00
20200530:1530,0.0,0.0,0.0,0.0,27.94,1.86,0.0,2020-05-30 15:30:00+00:00
20200530:1630,0.0,0.0,0.0,0.0,27.49,1.79,0.0,2020-05-30 16:30:00+00:00
20200530:1730,0.0,0.0,0.0,0.0,27.21,2.0,0.0,2020-05-30 17:30:00+00:00
20200530:1830,0.0,0.0,0.0,0.0,26.99,2.14,0.0,2020-05-30 18:30:00+00:00
20200530:1930,0.0,0.0,0.0,0.0,26.39,1.93,0.0,2020-05-30 19:30:00+00:00
20200530:2030,0.0,0.0,0.0,0.0,26.4,1.79,0.0,2020-05-30 20:30:00+00:00
20200530:2130,0.0,0.0,0.0,0.0,26.42,1.79,0.0,2020-05-30 21:30:00+00:00
20200530:2230,0.0,0.0,0.0,0.0,26.47,1.86,0.0,2020-05-30 22:30:00+00:00
20200530:2330,0.0,11.35,0.0,1.18,26.45,1.52,0.0,2020-05-30 23:30:00+00:00
20200531:0030,31.95,56.25,0.0,14.13,26.28,0.9,0.0,2020-05-31 00:30:00+00:00
20200531:0130,59.45,90.15,0.0,27.4,26.17,1.17,0.0,2020-05-31 01:30:00+00:00
20200531:0230,60.0,180.2,0.0,40.92,26.82,1.66,0.0,2020-05-31 02:30:00+00:00
20200531:0330,120.25,258.5,0.0,54.6,27.63,1.52,0.0,2020-05-31 03:30:00+00:00
20200531:0430,83.1,274.55,0.0,68.37,28.97,1.59,0.0,2020-05-31 04:30:00+00:00
20200531:0530,228.5,349.95,0.0,82.17,29.5,1.17,0.0,2020-05-31 05:30:00+00:00
20200531:0630,417.2,242.3,0.0,83.8,30.7,1.45,0.0,2020-05-31 06:30:00+00:00
20200531:0730,329.35,269.2,0.0,70.02,31.32,1.38,0.0,2020-05-31 07:30:00+00:00
20200531:0830,381.45,198.35,0.0,56.24,31.24,1.52,0.0,2020-05-31 08:30:00+00:00
20200531:0930,152.3,171.2,0.0,42.55,31.63,1.59,0.0,2020-05-31 09:30:00+00:00
20200531:1030,86.4,146.45,0.0,29.01,31.23,1.31,0.0,2020-05-31 10:30:00+00:00
20200531:1130,58.5,74.3,0.0,15.7,30.84,2.14,0.0,2020-05-31 11:30:00+00:00
20200531:1230,4.3,13.19,0.0,2.73,30.08,2.07,0.0,2020-05-31 12:30:00+00:00
20200531:1330,0.0,0.0,0.0,0.0,29.14,1.93,0.0,2020-05-31 13:30:00+00:00
20200531:1430,0.0,0.0,0.0,0.0,28.51,2.07,0.0,2020-05-31 14:30:00+00:00
20200531:1530,0.0,0.0,0.0,0.0,28.18,2.21,0.0,2020-05-31 15:30:00+00:00
20200531:1630,0.0,0.0,0.0,0.0,27.8,2.14,0.0,2020-05-31 16:30:00+00:00
20200531:1730,0.0,0.0,0.0,0.0,27.49,2.07,0.0,2020-05-31 17:30:00+00:00
20200531:1830,0.0,0.0,0.0,0.0,27.22,2.14,0.0,2020-05-31 18:30:00+00:00
20200531:1930,0.0,0.0,0.0,0.0,27.07,2.0,0.0,2020-05-31 19:30:00+00:00
20200531:2030,0.0,0.0,0.0,0.0,26.92,2.28,0.0,2020-05-31 20:30:00+00:00
20200531:2130,0.0,0.0,0.0,0.0,26.79,2.62,0.0,2020-05-31 21:30:00+00:00
20200531:2230,0.0,0.0,0.0,0.0,26.75,2.62,0.0,2020-05-31 22:30:00+00:00
20200531:2330,0.0,11.65,0.0,1.21,26.74,2.48,0.0,2020-05-31 23:30:00+00:00
20200601:0030,64.85,67.75,0.0,14.14,26.99,2.41,0.0,2020-06-01 00:30:00+00:00
20200601:0130,164.65,112.6,0.0,27.41,28.04,3.79,0.0,2020-06-01 01:30:00+00:00
20200601:0230,278.35,173.45,0.0,40.92,29.08,3.86,0.0,2020-06-01 02:30:00+00:00
20200601:0330,314.3,216.7,0.0,54.59,30.24,3.38,0.0,2020-06-01 03:30:00+00:00
20200601:0430,223.0,274.55,0.0,68.36,31.18,3.1,0.0,2020-06-01 04:30:00+00:00
20200601:0530,446.95,268.5,0.0,82.15,31.76,3.03,0.0,2020-06-01 05:30:00+00:00
20200601:0630,470.0,248.0,0.0,83.86,32.46,2.9,0.0,2020-06-01 06:30:00+00:00
20200601:0730,392.65,188.5,0.0,70.07,32.42,2.69,0.0,2020-06-01 07:30:00+00:00
20200601:0830,337.7,182.3,0.0,56.3,32.24,2.41,0.0,2020-06-01 08:30:00+00:00
20200601:0930,272.7,141.1,0.0,42.61,32.13,2.76,0.0,2020-06-01 09:30:00+00:00
20200601:1030,186.7,121.7,0.0,29.08,31.27,3.17,0.0,2020-06-01 10:30:00+00:00
20200601:1130,76.25,76.0,0.0,15.77,31.0,3.59,0.0,2020-06-01 11:30:00+00:00
20200601:1230,5.95,13.27,0.0,2.82,30.34,3.59,0.0,2020-06-01 12:30:00+00:00
20200601:1330,0.0,0.0,0.0,0.0,29.47,3.1,0.0,2020-06-01 13:30:00+00:00
20200601:1430,0.0,0.0,0.0,0.0,28.97,2.97,0.0,2020-06-01 14:30:00+00:00
20200601:1530,0.0,0.0,0.0,0.0,28.49,2.69,0.0,2020-06-01 15:30:00+00:00
20200601:1630,0.0,0.0,0.0,0.0,28.17,2.55,0.0,2020-06-01 16:30:00+00:00
20200601:1730,0.0,0.0,0.0,0.0,27.87,2.48,0.0,2020-06-01 17:30:00+00:00
20200601:1830,0.0,0.0,0.0,0.0,27.64,2.55,0.0,2020-06-01 18:30:00+00:00
20200601:1930,0.0,0.0,0.0,0.0,27.12,2.9,0.0,2020-06-01 19:30:00+00:00
20200601:2030,0.0,0.0,0.0,0.0,27.04,2.97,0.0,2020-06-01 20:30:00+00:00
20200601:2130,0.0,0.0,0.0,0.0,26.94,2.9,0.0,2020-06-01 21:30:00+00:00
20200601:2230,0.0,0.0,0.0,0.0,26.84,2.83,0.0,2020-06-01 22:30:00+00:00
20200601:2330,0.0,11.7,0.0,1.24,26.8,2.69,0.0,2020-06-01 23:30:00+00:00
20200602:0030,31.3,82.9,0.0,14.15,26.84,2.41,0.0,2020-06-02 00:30:00+00:00
20200602:0130,155.8,148.55,0.0,27.41,27.67,3.17,0.0,2020-06-02 01:30:00+00:00
20200602:0230,327.25,171.4,0.0,40.91,28.95,3.79,0.0,2020-06-02 02:30:00+00:00
20200602:0330,404.1,242.25,0.0,54.58,30.29,3.38,0.0,2020-06-02 03:30:00+00:00
20200602:0430,561.3,221.6,0.0,68.34,31.23,2.76,0.0,2020-06-02 04:30:00+00:00
20200602:0530,481.9,255.45,0.0,82.14,31.95,2.34,0.0,2020-06-02 05:30:00+00:00
20200602:0630,642.9,220.0,0.0,83.92,32.1,2.41,0.0,2020-06-02 06:30:00+00:00
20200602:0730,555.3,194.65,0.0,70.12,32.88,2.83,0.0,2020-06-02 07:30:00+00:00
20200602:0830,292.95,225.1,0.0,56.35,32.49,2.76,0.0,2020-06-02 08:30:00+00:00
20200602:0930,72.65,154.8,0.0,42.67,30.86,2.9,0.0,2020-06-02 09:30:00+00:00
20200602:1030,22.85,100.4,0.0,29.14,29.05,2.0,0.0,2020-06-02 10:30:00+00:00
20200602:1130,9.7,62.75,0.0,15.85,28.39,1.66,0.0,2020-06-02 11:30:00+00:00
20200602:1230,0.3,13.09,0.0,2.9,28.35,2.07,0.0,2020-06-02 12:30:00+00:00
20200602:1330,0.0,0.0,0.0,0.0,28.13,2.07,0.0,2020-06-02 13:30:00+00:00
20200602:1430,0.0,0.0,0.0,0.0,27.95,2.34,0.0,2020-06-02 14:30:00+00:00
20200602:1530,0.0,0.0,0.0,0.0,27.77,2.48,0.0,2020-06-02 15:30:00+00:00
20200602:1630,0.0,0.0,0.0,0.0,27.54,2.21,0.0,2020-06-02 16:30:00+00:00
20200602:1730,0.0,0.0,0.0,0.0,27.29,2.07,0.0,2020-06-02 17:30:00+00:00
20200602:1830,0.0,0.0,0.0,0.0,27.06,2.0,0.0,2020-06-02 18:30:00+00:00
20200602:1930,0.0,0.0,0.0,0.0,27.24,2.21,0.0,2020-06-02 19:30:00+00:00
20200602:2030,0.0,0.0,0.0,0.0,27.09,2.34,0.0,2020-06-02 20:30:00+00:00
20200602:2130,0.0,0.0,0.0,0.0,26.97,2.28,0.0,2020-06-02 21:30:00+00:00
20200602:2230,0.0,0.0,0.0,0.0,26.93,2.07,0.0,2020-06-02 22:30:00+00:00
20200602:2330,0.0,10.9,0.0,1.26,26.87,2.14,0.0,2020-06-02 23:30:00+00:00
20200603:0030,33.5,64.9,0.0,14.16,26.91,2.28,0.0,2020-06-03 00:30:00+00:00
20200603:0130,151.1,121.0,0.0,27.41,27.63,2.76,0.0,2020-06-03 01:30:00+00:00
20200603:0230,224.2,159.3,0.0,40.9,28.88,3.03,0.0,2020-06-03 02:30:00+00:00
20200603:0330,253.25,183.2,0.0,54.56,30.07,2.9,0.0,2020-06-03 03:30:00+00:00
20200603:0430,384.9,226.25,0.0,68.32,30.86,2.55,0.0,2020-06-03 04:30:00+00:00
20200603:0530,370.85,322.95,0.0,82.12,31.47,2.07,0.0,2020-06-03 05:30:00+00:00
20200603:0630,678.05,205.2,0.0,83.97,31.89,1.93,0.0,2020-06-03 06:30:00+00:00
20200603:0730,594.75,177.4,0.0,70.17,32.81,2.48,0.0,2020-06-03 07:30:00+00:00
20200603:0830,511.15,183.15,0.0,56.41,32.95,2.48,0.0,2020-06-03 08:30:00+00:00
20200603:0930,326.7,153.0,0.0,42.73,32.96,2.34,0.0,2020-06-03 09:30:00+00:00
20200603:1030,109.65,118.35,0.0,29.21,32.37,2.69,0.0,2020-06-03 10:30:00+00:00
20200603:1130,17.9,68.65,0.0,15.92,29.49,3.03,0.0,2020-06-03 11:30:00+00:00
20200603:1230,0.7,8.71,0.0,2.98,28.13,2.0,0.0,2020-06-03 12:30:00+00:00
20200603:1330,0.0,0.0,0.0,0.0,27.85,1.59,0.0,2020-06-03 13:30:00+00:00
20200603:1430,0.0,0.0,0.0,0.0,27.77,1.38,0.0,2020-06-03 14:30:00+00:00
20200603:1530,0.0,0.0,0.0,0.0,27.68,1.17,0.0,2020-06-03 15:30:00+00:00
20200603:1630,0.0,0.0,0.0,0.0,27.58,1.38,0.0,2020-06-03 16:30:00+00:00
20200603:1730,0.0,0.0,0.0,0.0,27.46,1.79,0.0,2020-06-03 17:30:00+00:00
20200603:1830,0.0,0.0,0.0,0.0,27.44,2.0,0.0,2020-06-03 18:30:00+00:00
20200603:1930,0.0,0.0,0.0,0.0,27.85,2.48,0.0,2020-06-03 19:30:00+00:00
20200603:2030,0.0,0.0,0.0,0.0,27.71,2.34,0.0,2020-06-03 20:30:00+00:00
20200603:2130,0.0,0.0,0.0,0.0,27.6,2.41,0.0,2020-06-03 21:30:00+00:00
20200603:2230,0.0,0.0,0.0,0.0,27.52,2.34,0.0,2020-06-03 22:30:00+00:00
20200603:2330,0.0,11.75,0.0,1.28,27.4,2.28,0.0,2020-06-03 23:30:00+00:00
20200604:0030,62.55,71.4,0.0,14.16,27.59,2.21,0.0,2020-06-04 00:30:00+00:00
20200604:0130,194.75,115.3,0.0,27.4,28.56,2.9,0.0,2020-06-04 01:30:00+00:00
20200604:0230,339.3,149.4,0.0,40.89,29.74,3.03,0.0,2020-06-04 02:30:00+00:00
20200604:0330,331.85,226.0,0.0,54.54,30.81,2.55,0.0,2020-06-04 03:30:00+00:00
20200604:0430,358.65,242.3,0.0,68.29,31.54,2.34,0.0,2020-06-04 04:30:00+00:00
20200604:0530,370.4,301.65,0.0,82.09,31.62,2.34,0.0,2020-06-04 05:30:00+00:00
20200604:0630,545.6,214.95,0.0,84.02,32.48,2.28,0.0,2020-06-04 06:30:00+00:00
20200604:0730,502.2,253.75,0.0,70.22,33.19,3.24,0.0,2020-06-04 07:30:00+00:00
20200604:0830,368.75,192.95,0.0,56.46,32.79,3.31,0.0,2020-06-04 08:30:00+00:00
20200604:0930,216.4,177.35,0.0,42.79,32.02,2.97,0.0,2020-06-04 09:30:00+00:00
20200604:1030,45.75,97.75,0.0,29.28,30.71,3.24,0.0,2020-06-04 10:30:00+00:00
20200604:1130,58.1,78.5,0.0,16.0,29.96,2.0,0.0,2020-06-04 11:30:00+00:00
20200604:1230,4.55,15.44,0.0,3.07,29.86,2.28,0.0,2020-06-04 12:30:00+00:00
20200604:1330,0.0,0.0,0.0,0.0,29.3,2.0,0.0,2020-06-04 13:30:00+00:00
20200604:1430,0.0,0.0,0.0,0.0,28.99,2.14,0.0,2020-06-04 14:30:00+00:00
20200604:1530,0.0,0.0,0.0,0.0,28.72,2.21,0.0,2020-06-04 15:30:00+00:00
20200604:1630,0.0,0.0,0.0,0.0,28.5,2.14,0.0,2020-06-04 16:30:00+00:00
20200604:1730,0.0,0.0,0.0,0.0,28.34,2.41,0.0,2020-06-04 17:30:00+00:00
20200604:1830,0.0,0.0,0.0,0.0,28.19,2.41,0.0,2020-06-04 18:30:00+00:00
20200604:1930,0.0,0.0,0.0,0.0,27.77,2.07,0.0,2020-06-04 19:30:00+00:00
20200604:2030,0.0,0.0,0.0,0.0,27.65,1.93,0.0,2020-06-04 20:30:00+00:00
20200604:2130,0.0,0.0,0.0,0.0,27.33,2.0,0.0,2020-06-04 21:30:00+00:00
20200604:2230,0.0,0.0,0.0,0.0,27.33,2.21,0.0,2020-06-04 22:30:00+00:00
20200604:2330,0.0,9.45,0.0,1.29,27.38,2.34,0.0,2020-06-04 23:30:00+00:00
20200605:0030,7.05,81.55,0.0,14.16,27.53,2.55,0.0,2020-06-05 00:30:00+00:00
20200605:0130,64.4,173.8,0.0,27.39,28.11,2.76,0.0,2020-06-05 01:30:00+00:00
20200605:0230,181.6,239.25,0.0,40.87,29.17,3.93,0.0,2020-06-05 02:30:00+00:00
20200605:0330,320.95,246.85,0.0,54.52,30.43,4.48,0.0,2020-06-05 03:30:00+00:00
20200605:0430,533.15,224.1,0.0,68.27,31.28,4.21,0.0,2020-06-05 04:30:00+00:00
20200605:0530,342.8,280.45,0.0,82.07,31.8,4.0,0.0,2020-06-05 05:30:00+00:00
20200605:0630,247.6,305.55,0.0,84.07,31.73,3.52,0.0,2020-06-05 06:30:00+00:00
20200605:0730,209.85,327.75,0.0,70.27,30.93,3.59,0.0,2020-06-05 07:30:00+00:00
20200605:0830,101.15,255.7,0.0,56.51,31.33,4.07,0.0,2020-06-05 08:30:00+00:00
20200605:0930,23.75,185.7,0.0,42.85,29.66,3.93,0.0,2020-06-05 09:30:00+00:00
20200605:1030,3.55,109.3,0.0,29.34,29.01,3.24,0.0,2020-06-05 10:30:00+00:00
20200605:1130,1.5,74.4,0.0,16.07,28.82,2.9,0.0,2020-06-05 11:30:00+00:00
20200605:1230,0.0,16.45,0.0,3.15,28.73,3.38,0.0,2020-06-05 12:30:00+00:00
20200605:1330,0.0,0.0,0.0,0.0,28.61,3.17,0.0,2020-06-05 13:30:00+00:00
20200605:1430,0.0,0.0,0.0,0.0,28.41,3.03,0.0,2020-06-05 14:30:00+00:00
20200605:1530,0.0,0.0,0.0,0.0,27.0,2.62,0.0,2020-06-05 15:30:00+00:00
20200605:1630,0.0,0.0,0.0,0.0,26.1,1.86,0.0,2020-06-05 16:30:00+00:00
20200605:1730,0.0,0.0,0.0,0.0,25.84,2.41,0.0,2020-06-05 17:30:00+00:00
20200605:1830,0.0,0.0,0.0,0.0,25.83,2.97,0.0,2020-06-05 18:30:00+00:00
20200605:1930,0.0,0.0,0.0,0.0,28.0,3.31,0.0,2020-06-05 19:30:00+00:00
20200605:2030,0.0,0.0,0.0,0.0,27.96,3.31,0.0,2020-06-05 20:30:00+00:00
20200605:2130,0.0,0.0,0.0,0.0,27.92,3.17,0.0,2020-06-05 21:30:00+00:00
20200605:2230,0.0,0.0,0.0,0.0,27.82,2.9,0.0,2020-06-05 22:30:00+00:00
20200605:2330,0.0,13.1,0.0,1.31,27.71,2.62,0.0,2020-06-05 23:30:00+00:00
20200606:0030,45.5,76.95,0.0,14.16,27.74,2.34,0.0,2020-06-06 00:30:00+00:00
20200606:0130,145.65,145.8,0.0,27.38,28.54,2.55,0.0,2020-06-06 01:30:00+00:00
20200606:0230,301.35,185.8,0.0,40.86,29.65,3.03,0.0,2020-06-06 02:30:00+00:00
20200606:0330,434.3,220.35,0.0,54.49,30.79,2.55,0.0,2020-06-06 03:30:00+00:00
20200606:0430,511.55,242.05,0.0,68.24,31.86,2.28,0.0,2020-06-06 04:30:00+00:00
20200606:0530,560.7,196.95,0.0,82.03,32.82,2.28,0.0,2020-06-06 05:30:00+00:00
20200606:0630,396.4,236.8,0.0,84.12,33.05,2.34,0.0,2020-06-06 06:30:00+00:00
20200606:0730,407.25,243.65,0.0,70.32,32.91,2.55,0.0,2020-06-06 07:30:00+00:00
20200606:0830,406.7,210.4,0.0,56.57,33.07,2.62,0.0,2020-06-06 08:30:00+00:00
20200606:0930,263.75,157.3,0.0,42.91,32.74,2.69,0.0,2020-06-06 09:30:00+00:00
20200606:1030,107.3,126.5,0.0,29.41,32.18,2.69,0.0,2020-06-06 10:30:00+00:00
20200606:1130,46.75,77.0,0.0,16.14,31.31,1.52,0.0,2020-06-06 11:30:00+00:00
20200606:1230,3.2,11.58,0.0,3.23,30.88,1.86,0.0,2020-06-06 12:30:00+00:00
20200606:1330,0.0,0.0,0.0,0.0,29.78,2.62,0.0,2020-06-06 13:30:00+00:00
20200606:1430,0.0,0.0,0.0,0.0,29.05,2.69,0.0,2020-06-06 14:30:00+00:00
20200606:1530,0.0,0.0,0.0,0.0,28.46,2.62,0.0,2020-06-06 15:30:00+00:00
20200606:1630,0.0,0.0,0.0,0.0,28.17,2.41,0.0,2020-06-06 16:30:00+00:00
20200606:1730,0.0,0.0,0.0,0.0,27.9,2.21,0.0,2020-06-06 17:30:00+00:00
20200606:1830,0.0,0.0,0.0,0.0,27.6,1.86,0.0,2020-06-06 18:30:00+00:00
20200606:1930,0.0,0.0,0.0,0.0,27.56,1.72,0.0,2020-06-06 19:30:00+00:00
20200606:2030,0.0,0.0,0.0,0.0,27.32,1.59,0.0,2020-06-06 20:30:00+00:00
20200606:2130,0.0,0.0,0.0,0.0,27.15,1.59,0.0,2020-06-06 21:30:00+00:00
20200606:2230,0.0,0.0,0.0,0.0,27.05,1.59,0.0,2020-06-06 22:30:00+00:00
20200606:2330,0.0,11.4,0.0,1.31,26.96,1.52,0.0,2020-06-06 23:30:00+00:00
20200607:0030,63.4,67.65,0.0,14.16,27.04,1.17,0.0,2020-06-07 00:30:00+00:00
20200607:0130,145.25,150.05,0.0,27.37,28.57,2.14,0.0,2020-06-07 01:30:00+00:00
20200607:0230,348.5,152.25,0.0,40.84,29.63,1.17,0.0,2020-06-07 02:30:00+00:00
20200607:0330,526.1,177.5,0.0,54.47,30.85,0.62,0.0,2020-06-07 03:30:00+00:00
20200607:0430,598.7,190.25,0.0,68.2,31.98,0.41,0.0,2020-06-07 04:30:00+00:00
20200607:0530,536.25,229.45,0.0,82.0,32.84,0.28,0.0,2020-06-07 05:30:00+00:00
20200607:0630,623.1,167.7,0.0,84.17,33.37,0.14,0.0,2020-06-07 06:30:00+00:00
20200607:0730,513.5,191.75,0.0,70.37,33.97,1.17,0.0,2020-06-07 07:30:00+00:00
20200607:0830,384.8,174.5,0.0,56.62,33.95,1.38,0.0,2020-06-07 08:30:00+00:00
20200607:0930,187.05,122.6,0.0,42.97,32.14,2.14,0.0,2020-06-07 09:30:00+00:00
20200607:1030,188.4,123.75,0.0,29.47,30.46,2.0,0.0,2020-06-07 10:30:00+00:00
20200607:1130,58.2,61.5,0.0,16.21,30.78,1.66,0.0,2020-06-07 11:30:00+00:00
20200607:1230,4.25,14.73,0.0,3.31,30.42,1.52,0.0,2020-06-07 12:30:00+00:00
20200607:1330,0.0,0.0,0.0,0.0,29.61,2.07,0.0,2020-06-07 13:30:00+00:00
20200607:1430,0.0,0.0,0.0,0.0,29.1,2.34,0.0,2020-06-07 14:30:00+00:00
20200607:1530,0.0,0.0,0.0,0.0,28.64,2.14,0.0,2020-06-07 15:30:00+00:00
20200607:1630,0.0,0.0,0.0,0.0,28.31,1.93,0.0,2020-06-07 16:30:00+00:00
20200607:1730,0.0,0.0,0.0,0.0,27.91,1.66,0.0,2020-06-07 17:30:00+00:00
20200607:1830,0.0,0.0,0.0,0.0,27.66,1.45,0.0,2020-06-07 18:30:00+00:00
20200607:1930,0.0,0.0,0.0,0.0,27.26,1.38,0.0,2020-06-07 19:30:00+00:00
20200607:2030,0.0,0.0,0.0,0.0,27.06,1.31,0.0,2020-06-07 20:30:00+00:00
20200607:2130,0.0,0.0,0.0,0.0,26.84,1.17,0.0,2020-06-07 21:30:00+00:00
20200607:2230,0.0,0.0,0.0,0.0,26.69,1.24,0.0,2020-06-07 22:30:00+00:00
20200607:2330,0.0,12.3,0.0,1.32,26.63,1.31,0.0,2020-06-07 23:30:00+00:00
20200608:0030,53.55,71.5,0.0,14.15,26.74,1.03,0.0,2020-06-08 00:30:00+00:00
20200608:0130,174.85,132.65,0.0,27.35,28.3,1.38,0.0,2020-06-08 01:30:00+00:00
20200608:0230,316.2,179.95,0.0,40.81,29.45,1.38,0.0,2020-06-08 02:30:00+00:00
20200608:0330,357.95,191.7,0.0,54.44,30.6,1.24,0.0,2020-06-08 03:30:00+00:00
20200608:0430,322.2,210.8,0.0,68.17,31.82,1.38,0.0,2020-06-08 04:30:00+00:00
20200608:0530,496.85,240.05,0.0,81.96,32.03,1.79,0.0,2020-06-08 05:30:00+00:00
20200608:0630,628.5,214.15,0.0,84.22,31.66,2.48,0.0,2020-06-08 06:30:00+00:00
20200608:0730,473.5,217.65,0.0,70.42,33.15,2.07,0.0,2020-06-08 07:30:00+00:00
20200608:0830,354.6,196.7,0.0,56.68,33.33,2.14,0.0,2020-06-08 08:30:00+00:00
20200608:0930,285.65,140.9,0.0,43.03,33.03,2.62,0.0,2020-06-08 09:30:00+00:00
20200608:1030,124.15,105.9,0.0,29.54,30.28,3.1,0.0,2020-06-08 10:30:00+00:00
20200608:1130,42.7,84.85,0.0,16.28,29.9,1.79,0.0,2020-06-08 11:30:00+00:00
20200608:1230,5.85,15.45,0.0,3.38,29.77,1.66,0.0,2020-06-08 12:30:00+00:00
20200608:1330,0.0,0.0,0.0,0.0,29.2,1.59,0.0,2020-06-08 13:30:00+00:00
20200608:1430,0.0,0.0,0.0,0.0,28.65,1.66,0.0,2020-06-08 14:30:00+00:00
20200608:1530,0.0,0.0,0.0,0.0,28.33,1.79,0.0,2020-06-08 15:30:00+00:00
20200608:1630,0.0,0.0,0.0,0.0,28.1,1.72,0.0,2020-06-08 16:30:00+00:00
20200608:1730,0.0,0.0,0.0,0.0,27.83,1.59,0.0,2020-06-08 17:30:00+00:00
20200608:1830,0.0,0.0,0.0,0.0,27.63,1.38,0.0,2020-06-08 18:30:00+00:00
20200608:1930,0.0,0.0,0.0,0.0,27.49,1.17,0.0,2020-06-08 19:30:00+00:00
20200608:2030,0.0,0.0,0.0,0.0,27.22,1.24,0.0,2020-06-08 20:30:00+00:00
20200608:2130,0.0,0.0,0.0,0.0,27.1,1.24,0.0,2020-06-08 21:30:00+00:00
20200608:2230,0.0,0.0,0.0,0.0,26.9,1.17,0.0,2020-06-08 22:30:00+00:00
20200608:2330,0.0,12.1,0.0,1.32,26.65,1.17,0.0,2020-06-08 23:30:00+00:00
20200609:0030,73.1,66.7,0.0,14.13,26.74,1.03,0.0,2020-06-09 00:30:00+00:00
20200609:0130,227.05,109.35,0.0,27.33,28.49,1.17,0.0,2020-06-09 01:30:00+00:00
20200609:0230,308.55,125.55,0.0,40.79,29.72,1.1,0.0,2020-06-09 02:30:00+00:00
20200609:0330,462.45,169.0,0.0,54.41,30.55,1.17,0.0,2020-06-09 03:30:00+00:00
20200609:0430,614.0,163.6,0.0,68.14,31.49,1.59,0.0,2020-06-09 04:30:00+00:00
20200609:0530,679.95,195.55,0.0,81.92,32.3,1.93,0.0,2020-06-09 05:30:00+00:00
20200609:0630,469.95,192.8,0.0,84.27,32.92,1.79,0.0,2020-06-09 06:30:00+00:00
20200609:0730,523.95,206.7,0.0,70.47,33.48,1.79,0.0,2020-06-09 07:30:00+00:00
20200609:0830,314.0,219.4,0.0,56.73,33.57,1.79,0.0,2020-06-09 08:30:00+00:00
20200609:0930,325.6,134.5,0.0,43.09,33.43,1.1,0.0,2020-06-09 09:30:00+00:00
20200609:1030,202.4,111.4,0.0,29.6,32.7,0.69,0.0,2020-06-09 10:30:00+00:00
20200609:1130,52.75,51.95,0.0,16.35,31.61,0.9,0.0,2020-06-09 11:30:00+00:00
20200609:1230,6.4,12.56,0.0,3.46,30.35,1.38,0.0,2020-06-09 12:30:00+00:00
20200609:1330,0.0,0.0,0.0,0.0,29.68,1.59,0.0,2020-06-09 13:30:00+00:00
20200609:1430,0.0,0.0,0.0,0.0,29.1,2.0,0.0,2020-06-09 14:30:00+00:00
20200609:1530,0.0,0.0,0.0,0.0,28.82,1.86,0.0,2020-06-09 15:30:00+00:00
20200609:1630,0.0,0.0,0.0,0.0,28.57,1.79,0.0,2020-06-09 16:30:00+00:00
20200609:1730,0.0,0.0,0.0,0.0,28.33,1.66,0.0,2020-06-09 17:30:00+00:00
20200609:1830,0.0,0.0,0.0,0.0,28.05,1.38,0.0,2020-06-09 18:30:00+00:00
20200609:1930,0.0,0.0,0.0,0.0,28.04,1.1,0.0,2020-06-09 19:30:00+00:00
20200609:2030,0.0,0.0,0.0,0.0,27.8,1.17,0.0,2020-06-09 20:30:00+00:00
20200609:2130,0.0,0.0,0.0,0.0,27.45,1.03,0.0,2020-06-09 21:30:00+00:00
20200609:2230,0.0,0.0,0.0,0.0,27.56,0.55,0.0,2020-06-09 22:30:00+00:00
20200609:2330,0.0,12.85,0.0,1.31,27.56,0.48,0.0,2020-06-09 23:30:00+00:00
20200610:0030,31.85,74.65,0.0,14.12,27.39,0.55,0.0,2020-06-10 00:30:00+00:00
20200610:0130,122.4,130.15,0.0,27.31,28.64,0.62,0.0,2020-06-10 01:30:00+00:00
20200610:0230,228.1,185.55,0.0,40.76,29.55,1.1,0.0,2020-06-10 02:30:00+00:00
20200610:0330,191.95,281.55,0.0,54.38,30.78,1.24,0.0,2020-06-10 03:30:00+00:00
20200610:0430,335.9,237.6,0.0,68.1,31.32,2.0,0.0,2020-06-10 04:30:00+00:00
20200610:0530,268.85,305.75,0.0,81.88,30.38,2.83,0.0,2020-06-10 05:30:00+00:00
20200610:0630,341.0,292.3,0.0,84.31,30.61,2.48,0.0,2020-06-10 06:30:00+00:00
20200610:0730,156.35,204.7,0.0,70.52,31.68,2.83,0.0,2020-06-10 07:30:00+00:00
20200610:0830,71.5,231.1,0.0,56.78,30.12,4.14,0.0,2020-06-10 08:30:00+00:00
20200610:0930,98.75,215.45,0.0,43.15,29.0,2.83,0.0,2020-06-10 09:30:00+00:00
20200610:1030,41.25,177.95,0.0,29.66,29.22,3.1,0.0,2020-06-10 10:30:00+00:00
20200610:1130,13.25,93.35,0.0,16.42,29.14,2.69,0.0,2020-06-10 11:30:00+00:00
20200610:1230,0.7,14.52,0.0,3.53,28.82,2.62,0.0,2020-06-10 12:30:00+00:00
20200610:1330,0.0,0.0,0.0,0.0,28.25,2.55,0.0,2020-06-10 13:30:00+00:00
20200610:1430,0.0,0.0,0.0,0.0,27.91,2.48,0.0,2020-06-10 14:30:00+00:00
20200610:1530,0.0,0.0,0.0,0.0,27.72,2.21,0.0,2020-06-10 15:30:00+00:00
20200610:1630,0.0,0.0,0.0,0.0,27.6,2.28,0.0,2020-06-10 16:30:00+00:00
20200610:1730,0.0,0.0,0.0,0.0,27.44,2.41,0.0,2020-06-10 17:30:00+00:00
20200610:1830,0.0,0.0,0.0,0.0,27.1,2.41,0.0,2020-06-10 18:30:00+00:00
20200610:1930,0.0,0.0,0.0,0.0,27.17,1.86,0.0,2020-06-10 19:30:00+00:00
20200610:2030,0.0,0.0,0.0,0.0,27.1,1.86,0.0,2020-06-10 20:30:00+00:00
20200610:2130,0.0,0.0,0.0,0.0,27.01,2.0,0.0,2020-06-10 21:30:00+00:00
20200610:2230,0.0,0.0,0.0,0.0,25.87,2.21,0.0,2020-06-10 22:30:00+00:00
20200610:2330,0.0,7.05,0.0,1.31,25.71,1.79,0.0,2020-06-10 23:30:00+00:00
20200611:0030,29.25,53.5,0.0,14.1,25.8,2.07,0.0,2020-06-11 00:30:00+00:00
20200611:0130,79.45,119.95,0.0,27.29,26.48,3.17,0.0,2020-06-11 01:30:00+00:00
20200611:0230,179.65,210.05,0.0,40.73,27.42,2.97,0.0,2020-06-11 02:30:00+00:00
20200611:0330,435.7,177.9,0.0,54.34,28.62,2.76,0.0,2020-06-11 03:30:00+00:00
20200611:0430,336.95,260.75,0.0,68.06,29.98,3.1,0.0,2020-06-11 04:30:00+00:00
20200611:0530,324.2,306.25,0.0,81.84,30.8,3.31,0.0,2020-06-11 05:30:00+00:00
20200611:0630,113.25,290.85,0.0,84.36,31.63,3.86,0.0,2020-06-11 06:30:00+00:00
20200611:0730,25.4,250.55,0.0,70.57,29.67,3.59,0.0,2020-06-11 07:30:00+00:00
20200611:0830,58.95,206.6,0.0,56.84,28.78,4.34,0.0,2020-06-11 08:30:00+00:00
20200611:0930,7.6,92.95,0.0,43.2,28.25,3.86,0.0,2020-06-11 09:30:00+00:00
20200611:1030,6.0,81.05,0.0,29.73,27.73,2.83,0.0,2020-06-11 10:30:00+00:00
20200611:1130,2.75,61.45,0.0,16.48,27.66,3.45,0.0,2020-06-11 11:30:00+00:00
20200611:1230,0.0,7.2,0.0,3.6,27.47,3.1,0.0,2020-06-11 12:30:00+00:00
20200611:1330,0.0,0.0,0.0,0.0,27.16,2.48,0.0,2020-06-11 13:30:00+00:00
20200611:1430,0.0,0.0,0.0,0.0,26.94,2.9,0.0,2020-06-11 14:30:00+00:00
20200611:1530,0.0,0.0,0.0,0.0,26.79,2.83,0.0,2020-06-11 15:30:00+00:00
20200611:1630,0.0,0.0,0.0,0.0,26.67,2.55,0.0,2020-06-11 16:30:00+00:00
20200611:1730,0.0,0.0,0.0,0.0,26.62,2.76,0.0,2020-06-11 17:30:00+00:00
20200611:1830,0.0,0.0,0.0,0.0,26.49,2.9,0.0,2020-06-11 18:30:00+00:00
20200611:1930,0.0,0.0,0.0,0.0,26.59,2.62,0.0,2020-06-11 19:30:00+00:00
20200611:2030,0.0,0.0,0.0,0.0,26.5,2.76,0.0,2020-06-11 20:30:00+00:00
20200611:2130,0.0,0.0,0.0,0.0,26.24,3.03,0.0,2020-06-11 21:30:00+00:00
20200611:2230,0.0,0.0,0.0,0.0,25.87,2.76,0.0,2020-06-11 22:30:00+00:00
20200611:2330,0.0,7.8,0.0,1.3,25.93,2.34,0.0,2020-06-11 23:30:00+00:00
20200612:0030,18.75,54.05,0.0,14.08,25.99,2.21,0.0,2020-06-12 00:30:00+00:00
20200612:0130,88.05,104.45,0.0,27.26,26.49,2.76,0.0,2020-06-12 01:30:00+00:00
20200612:0230,188.35,198.35,0.0,40.7,27.27,2.9,0.0,2020-06-12 02:30:00+00:00
20200612:0330,231.15,293.7,0.0,54.3,28.44,2.83,0.0,2020-06-12 03:30:00+00:00
20200612:0430,43.6,223.3,0.0,68.02,30.02,3.38,0.0,2020-06-12 04:30:00+00:00
20200612:0530,80.75,258.35,0.0,81.79,28.73,3.52,0.0,2020-06-12 05:30:00+00:00
20200612:0630,49.55,314.1,0.0,84.4,28.63,3.52,0.0,2020-06-12 06:30:00+00:00
20200612:0730,77.3,304.65,0.0,70.62,28.85,4.34,0.0,2020-06-12 07:30:00+00:00
20200612:0830,106.4,284.55,0.0,56.89,29.37,3.72,0.0,2020-06-12 08:30:00+00:00
20200612:0930,37.25,233.45,0.0,43.26,29.77,3.79,0.0,2020-06-12 09:30:00+00:00
20200612:1030,10.15,152.0,0.0,29.79,29.52,4.07,0.0,2020-06-12 10:30:00+00:00
20200612:1130,6.1,68.9,0.0,16.55,29.1,3.59,0.0,2020-06-12 11:30:00+00:00
20200612:1230,0.0,13.7,0.0,3.67,28.67,3.1,0.0,2020-06-12 12:30:00+00:00
20200612:1330,0.0,0.0,0.0,0.0,28.24,3.03,0.0,2020-06-12 13:30:00+00:00
20200612:1430,0.0,0.0,0.0,0.0,27.9,2.83,0.0,2020-06-12 14:30:00+00:00
20200612:1530,0.0,0.0,0.0,0.0,27.66,2.83,0.0,2020-06-12 15:30:00+00:00
20200612:1630,0.0,0.0,0.0,0.0,27.46,2.76,0.0,2020-06-12 16:30:00+00:00
20200612:1730,0.0,0.0,0.0,0.0,27.38,2.9,0.0,2020-06-12 17:30:00+00:00
20200612:1830,0.0,0.0,0.0,0.0,27.19,3.17,0.0,2020-06-12 18:30:00+00:00
20200612:1930,0.0,0.0,0.0,0.0,27.08,3.1,0.0,2020-06-12 19:30:00+00:00
20200612:2030,0.0,0.0,0.0,0.0,26.96,3.38,0.0,2020-06-12 20:30:00+00:00
20200612:2130,0.0,0.0,0.0,0.0,26.39,2.76,0.0,2020-06-12 21:30:00+00:00
20200612:2230,0.0,0.0,0.0,0.0,26.11,2.28,0.0,2020-06-12 22:30:00+00:00
20200612:2330,0.0,7.75,0.0,1.28,25.97,2.21,0.0,2020-06-12 23:30:00+00:00
20200613:0030,17.85,58.35,0.0,14.06,26.05,2.55,0.0,2020-06-13 00:30:00+00:00
20200613:0130,47.45,124.8,0.0,27.23,26.62,2.55,0.0,2020-06-13 01:30:00+00:00
20200613:0230,103.3,199.25,0.0,40.66,27.45,3.72,0.0,2020-06-13 02:30:00+00:00
20200613:0330,372.65,232.05,0.0,54.27,28.35,4.07,0.0,2020-06-13 03:30:00+00:00
20200613:0430,445.25,248.75,0.0,67.98,29.9,4.62,0.0,2020-06-13 04:30:00+00:00
20200613:0530,521.1,287.0,0.0,81.75,30.76,4.83,0.0,2020-06-13 05:30:00+00:00
20200613:0630,317.3,306.15,0.0,84.45,31.6,4.69,0.0,2020-06-13 06:30:00+00:00
20200613:0730,72.7,256.95,0.0,70.67,30.92,3.79,0.0,2020-06-13 07:30:00+00:00
20200613:0830,66.9,154.6,0.0,56.95,29.68,3.31,0.0,2020-06-13 08:30:00+00:00
20200613:0930,17.4,116.2,0.0,43.32,28.69,2.48,0.0,2020-06-13 09:30:00+00:00
20200613:1030,15.45,118.3,0.0,29.85,28.42,2.21,0.0,2020-06-13 10:30:00+00:00
20200613:1130,3.1,64.2,0.0,16.61,28.37,2.97,0.0,2020-06-13 11:30:00+00:00
20200613:1230,1.2,14.54,0.0,3.73,28.05,2.83,0.0,2020-06-13 12:30:00+00:00
20200613:1330,0.0,0.0,0.0,0.0,27.71,3.1,0.0,2020-06-13 13:30:00+00:00
20200613:1430,0.0,0.0,0.0,0.0,27.45,3.17,0.0,2020-06-13 14:30:00+00:00
20200613:1530,0.0,0.0,0.0,0.0,27.29,2.83,0.0,2020-06-13 15:30:00+00:00
20200613:1630,0.0,0.0,0.0,0.0,27.16,2.76,0.0,2020-06-13 16:30:00+00:00
20200613:1730,0.0,0.0,0.0,0.0,27.15,2.83,0.0,2020-06-13 17:30:00+00:00
20200613:1830,0.0,0.0,0.0,0.0,27.15,2.83,0.0,2020-06-13 18:30:00+00:00
20200613:1930,0.0,0.0,0.0,0.0,27.2,3.03,0.0,2020-06-13 19:30:00+00:00
20200613:2030,0.0,0.0,0.0,0.0,27.09,2.83,0.0,2020-06-13 20:30:00+00:00
20200613:2130,0.0,0.0,0.0,0.0,26.92,2.76,0.0,2020-06-13 21:30:00+00:00
20200613:2230,0.0,0.0,0.0,0.0,26.64,2.9,0.0,2020-06-13 22:30:00+00:00
20200613:2330,0.0,6.95,0.0,1.27,26.36,2.97,0.0,2020-06-13 23:30:00+00:00
20200614:0030,12.9,53.5,0.0,14.03,26.43,2.76,0.0,2020-06-14 00:30:00+00:00
20200614:0130,102.7,139.05,0.0,27.2,26.83,3.03,0.0,2020-06-14 01:30:00+00:00
20200614:0230,116.4,149.1,0.0,40.63,27.93,4.28,0.0,2020-06-14 02:30:00+00:00
20200614:0330,307.7,257.8,0.0,54.23,28.35,4.07,0.0,2020-06-14 03:30:00+00:00
20200614:0430,186.65,306.5,0.0,67.94,29.7,3.66,0.0,2020-06-14 04:30:00+00:00
20200614:0530,187.35,294.35,0.0,81.7,30.29,3.86,0.0,2020-06-14 05:30:00+00:00
20200614:0630,137.0,276.85,0.0,84.49,30.41,3.72,0.0,2020-06-14 06:30:00+00:00
20200614:0730,121.3,269.85,0.0,70.72,29.53,4.41,0.0,2020-06-14 07:30:00+00:00
20200614:0830,127.15,222.55,0.0,57.0,29.98,4.97,0.0,2020-06-14 08:30:00+00:00
20200614:0930,160.2,225.7,0.0,43.37,30.3,5.17,0.0,2020-06-14 09:30:00+00:00
20200614:1030,74.85,160.65,0.0,29.9,30.19,4.62,0.0,2020-06-14 10:30:00+00:00
20200614:1130,34.35,91.5,0.0,16.67,30.01,4.55,0.0,2020-06-14 11:30:00+00:00
20200614:1230,2.65,16.68,0.0,3.8,29.61,3.72,0.0,2020-06-14 12:30:00+00:00
20200614:1330,0.0,0.0,0.0,0.0,28.93,3.31,0.0,2020-06-14 13:30:00+00:00
20200614:1430,0.0,0.0,0.0,0.0,28.3,2.9,0.0,2020-06-14 14:30:00+00:00
20200614:1530,0.0,0.0,0.0,0.0,27.92,2.83,0.0,2020-06-14 15:30:00+00:00
20200614:1630,0.0,0.0,0.0,0.0,27.53,2.62,0.0,2020-06-14 16:30:00+00:00
20200614:1730,0.0,0.0,0.0,0.0,27.21,2.48,0.0,2020-06-14 17:30:00+00:00
20200614:1830,0.0,0.0,0.0,0.0,27.13,2.48,0.0,2020-06-14 18:30:00+00:00
20200614:1930,0.0,0.0,0.0,0.0,27.05,2.07,0.0,2020-06-14 19:30:00+00:00
20200614:2030,0.0,0.0,0.0,0.0,26.78,2.0,0.0,2020-06-14 20:30:00+00:00
20200614:2130,0.0,0.0,0.0,0.0,26.35,2.0,0.0,2020-06-14 21:30:00+00:00
20200614:2230,0.0,0.0,0.0,0.0,25.98,2.0,0.0,2020-06-14 22:30:00+00:00
20200614:2330,0.0,7.05,0.0,1.25,25.64,2.07,0.0,2020-06-14 23:30:00+00:00
20200615:0030,14.9,61.9,0.0,14.0,25.58,1.86,0.0,2020-06-15 00:30:00+00:00
20200615:0130,44.85,98.8,0.0,27.17,26.0,2.55,0.0,2020-06-15 01:30:00+00:00
20200615:0230,118.65,198.45,0.0,40.59,26.52,2.97,0.0,2020-06-15 02:30:00+00:00
20200615:0330,231.6,280.6,0.0,54.19,27.9,3.1,0.0,2020-06-15 03:30:00+00:00
20200615:0430,280.45,263.55,0.0,67.89,29.33,3.24,0.0,2020-06-15 04:30:00+00:00
20200615:0530,378.05,282.1,0.0,81.66,30.16,3.31,0.0,2020-06-15 05:30:00+00:00
20200615:0630,266.85,338.15,0.0,84.54,31.46,3.03,0.0,2020-06-15 06:30:00+00:00
20200615:0730,60.45,186.85,0.0,70.77,31.04,2.28,0.0,2020-06-15 07:30:00+00:00
20200615:0830,99.95,198.9,0.0,57.05,29.84,1.66,0.0,2020-06-15 08:30:00+00:00
20200615:0930,4.85,107.85,0.0,43.43,29.22,2.97,0.0,2020-06-15 09:30:00+00:00
20200615:1030,7.2,79.95,0.0,29.96,27.83,2.69,0.0,2020-06-15 10:30:00+00:00
20200615:1130,9.95,64.65,0.0,16.73,27.53,1.72,0.0,2020-06-15 11:30:00+00:00
20200615:1230,0.4,17.62,0.0,3.86,27.36,2.07,0.0,2020-06-15 12:30:00+00:00
20200615:1330,0.0,0.0,0.0,0.0,27.19,2.0,0.0,2020-06-15 13:30:00+00:00
20200615:1430,0.0,0.0,0.0,0.0,27.04,2.07,0.0,2020-06-15 14:30:00+00:00
20200615:1530,0.0,0.0,0.0,0.0,27.04,2.34,0.0,2020-06-15 15:30:00+00:00
20200615:1630,0.0,0.0,0.0,0.0,26.9,2.34,0.0,2020-06-15 16:30:00+00:00
20200615:1730,0.0,0.0,0.0,0.0,26.78,2.21,0.0,2020-06-15 17:30:00+00:00
20200615:1830,0.0,0.0,0.0,0.0,26.61,2.28,0.0,2020-06-15 18:30:00+00:00
20200615:1930,0.0,0.0,0.0,0.0,26.71,2.41,0.0,2020-06-15 19:30:00+00:00
20200615:2030,0.0,0.0,0.0,0.0,26.32,2.55,0.0,2020-06-15 20:30:00+00:00
20200615:2130,0.0,0.0,0.0,0.0,25.5,2.14,0.0,2020-06-15 21:30:00+00:00
20200615:2230,0.0,0.0,0.0,0.0,25.57,1.86,0.0,2020-06-15 22:30:00+00:00
20200615:2330,0.0,2.7,0.0,1.22,25.68,1.93,0.0,2020-06-15 23:30:00+00:00
20200616:0030,0.95,24.55,0.0,13.97,25.86,2.14,0.0,2020-06-16 00:30:00+00:00
20200616:0130,8.4,85.75,0.0,27.13,26.06,2.14,0.0,2020-06-16 01:30:00+00:00
20200616:0230,22.8,127.9,0.0,40.55,26.69,2.62,0.0,2020-06-16 02:30:00+00:00
20200616:0330,90.35,223.05,0.0,54.14,27.23,2.83,0.0,2020-06-16 03:30:00+00:00
20200616:0430,203.7,238.0,0.0,67.85,28.27,2.48,0.0,2020-06-16 04:30:00+00:00
20200616:0530,126.9,307.15,0.0,81.61,29.68,2.62,0.0,2020-06-16 05:30:00+00:00
20200616:0630,274.5,331.45,0.0,84.59,30.32,3.1,0.0,2020-06-16 06:30:00+00:00
20200616:0730,204.75,249.6,0.0,70.82,31.08,2.76,0.0,2020-06-16 07:30:00+00:00
20200616:0830,47.45,175.2,0.0,57.1,30.83,3.17,0.0,2020-06-16 08:30:00+00:00
20200616:0930,12.45,133.9,0.0,43.48,28.47,2.62,0.0,2020-06-16 09:30:00+00:00
20200616:1030,42.25,113.55,0.0,30.02,28.22,2.83,0.0,2020-06-16 10:30:00+00:00
20200616:1130,11.85,30.05,0.0,16.79,28.14,2.62,0.0,2020-06-16 11:30:00+00:00
20200616:1230,0.65,9.53,0.0,3.92,27.67,1.66,0.0,2020-06-16 12:30:00+00:00
20200616:1330,0.0,0.0,0.0,0.0,27.41,1.52,0.0,2020-06-16 13:30:00+00:00
20200616:1430,0.0,0.0,0.0,0.0,27.24,1.45,0.0,2020-06-16 14:30:00+00:00
20200616:1530,0.0,0.0,0.0,0.0,27.09,1.45,0.0,2020-06-16 15:30:00+00:00
20200616:1630,0.0,0.0,0.0,0.0,26.7,1.86,0.0,2020-06-16 16:30:00+00:00
20200616:1730,0.0,0.0,0.0,0.0,26.4,1.45,0.0,2020-06-16 17:30:00+00:00
20200616:1830,0.0,0.0,0.0,0.0,26.51,1.45,0.0,2020-06-16 18:30:00+00:00
20200616:1930,0.0,0.0,0.0,0.0,26.67,1.52,0.0,2020-06-16 19:30:00+00:00
20200616:2030,0.0,0.0,0.0,0.0,26.67,1.59,0.0,2020-06-16 20:30:00+00:00
20200616:2130,0.0,0.0,0.0,0.0,26.64,1.79,0.0,2020-06-16 21:30:00+00:00
20200616:2230,0.0,0.0,0.0,0.0,26.17,1.86,0.0,2020-06-16 22:30:00+00:00
20200616:2330,0.0,2.3,0.0,1.19,26.01,1.93,0.0,2020-06-16 23:30:00+00:00
20200617:0030,0.2,10.15,0.0,13.93,26.12,1.93,0.0,2020-06-17 00:30:00+00:00
20200617:0130,0.4,73.45,0.0,27.09,26.29,2.14,0.0,2020-06-17 01:30:00+00:00
20200617:0230,25.65,80.4,0.0,40.51,26.84,2.76,0.0,2020-06-17 02:30:00+00:00
20200617:0330,9.05,119.65,0.0,54.1,27.23,3.38,0.0,2020-06-17 03:30:00+00:00
20200617:0430,7.75,100.75,0.0,67.8,27.58,4.0,0.0,2020-06-17 04:30:00+00:00
20200617:0530,8.8,121.7,0.0,81.56,27.48,3.52,0.0,2020-06-17 05:30:00+00:00
20200617:0630,0.3,115.35,0.0,84.63,27.56,3.93,0.0,2020-06-17 06:30:00+00:00
20200617:0730,0.45,131.35,0.0,70.87,27.59,3.38,0.0,2020-06-17 07:30:00+00:00
20200617:0830,1.6,113.75,0.0,57.15,27.91,3.93,0.0,2020-06-17 08:30:00+00:00
20200617:0930,0.2,76.0,0.0,43.53,28.35,3.93,0.0,2020-06-17 09:30:00+00:00
20200617:1030,1.2,56.3,0.0,30.07,27.43,5.03,0.0,2020-06-17 10:30:00+00:00
20200617:1130,0.45,49.3,0.0,16.84,27.03,4.0,0.0,2020-06-17 11:30:00+00:00
20200617:1230,0.0,11.4,0.0,3.97,26.94,3.93,0.0,2020-06-17 12:30:00+00:00
20200617:1330,0.0,0.0,0.0,0.0,26.85,3.59,0.0,2020-06-17 13:30:00+00:00
20200617:1430,0.0,0.0,0.0,0.0,26.83,3.79,0.0,2020-06-17 14:30:00+00:00
20200617:1530,0.0,0.0,0.0,0.0,26.78,3.72,0.0,2020-06-17 15:30:00+00:00
20200617:1630,0.0,0.0,0.0,0.0,26.73,3.72,0.0,2020-06-17 16:30:00+00:00
20200617:1730,0.0,0.0,0.0,0.0,26.69,3.66,0.0,2020-06-17 17:30:00+00:00
20200617:1830,0.0,0.0,0.0,0.0,26.62,3.59,0.0,2020-06-17 18:30:00+00:00
20200617:1930,0.0,0.0,0.0,0.0,26.85,3.66,0.0,2020-06-17 19:30:00+00:00
20200617:2030,0.0,0.0,0.0,0.0,26.54,3.45,0.0,2020-06-17 20:30:00+00:00
20200617:2130,0.0,0.0,0.0,0.0,26.56,3.31,0.0,2020-06-17 21:30:00+00:00
20200617:2230,0.0,0.0,0.0,0.0,26.38,3.17,0.0,2020-06-17 22:30:00+00:00
20200617:2330,0.0,4.8,0.0,1.16,26.25,3.1,0.0,2020-06-17 23:30:00+00:00
20200618:0030,8.7,36.35,0.0,13.9,26.18,3.03,0.0,2020-06-18 00:30:00+00:00
20200618:0130,42.9,138.25,0.0,27.05,26.56,3.45,0.0,2020-06-18 01:30:00+00:00
20200618:0230,96.0,218.2,0.0,40.47,27.57,4.28,0.0,2020-06-18 02:30:00+00:00
20200618:0330,271.5,258.95,0.0,54.06,28.82,3.79,0.0,2020-06-18 03:30:00+00:00
20200618:0430,425.55,236.9,0.0,67.75,30.05,3.31,0.0,2020-06-18 04:30:00+00:00
20200618:0530,403.15,227.4,0.0,81.51,31.57,3.1,0.0,2020-06-18 05:30:00+00:00
20200618:0630,0.0,90.8,0.0,84.68,32.1,2.9,0.0,2020-06-18 06:30:00+00:00
20200618:0730,0.5,109.7,0.0,70.92,28.41,3.03,0.0,2020-06-18 07:30:00+00:00
20200618:0830,1.0,168.2,0.0,57.2,28.39,2.97,0.0,2020-06-18 08:30:00+00:00
20200618:0930,1.2,97.85,0.0,43.59,28.65,3.31,0.0,2020-06-18 09:30:00+00:00
20200618:1030,0.6,70.4,0.0,30.12,28.47,3.1,0.0,2020-06-18 10:30:00+00:00
20200618:1130,1.3,43.25,0.0,16.9,28.05,2.9,0.0,2020-06-18 11:30:00+00:00
20200618:1230,0.0,7.9,0.0,4.03,27.87,2.69,0.0,2020-06-18 12:30:00+00:00
20200618:1330,0.0,0.0,0.0,0.0,27.63,2.55,0.0,2020-06-18 13:30:00+00:00
20200618:1430,0.0,0.0,0.0,0.0,27.39,2.41,0.0,2020-06-18 14:30:00+00:00
20200618:1530,0.0,0.0,0.0,0.0,27.2,2.48,0.0,2020-06-18 15:30:00+00:00
20200618:1630,0.0,0.0,0.0,0.0,27.06,2.34,0.0,2020-06-18 16:30:00+00:00
20200618:1730,0.0,0.0,0.0,0.0,27.0,2.41,0.0,2020-06-18 17:30:00+00:00
20200618:1830,0.0,0.0,0.0,0.0,26.88,2.34,0.0,2020-06-18 18:30:00+00:00
20200618:1930,0.0,0.0,0.0,0.0,26.91,2.07,0.0,2020-06-18 19:30:00+00:00
20200618:2030,0.0,0.0,0.0,0.0,26.9,2.0,0.0,2020-06-18 20:30:00+00:00
20200618:2130,0.0,0.0,0.0,0.0,26.85,1.86,0.0,2020-06-18 21:30:00+00:00
20200618:2230,0.0,0.0,0.0,0.0,26.84,1.66,0.0,2020-06-18 22:30:00+00:00
20200618:2330,0.0,9.4,0.0,1.13,26.75,1.66,0.0,2020-06-18 23:30:00+00:00
20200619:0030,51.75,67.7,0.0,13.86,26.76,1.52,0.0,2020-06-19 00:30:00+00:00
20200619:0130,157.55,123.65,0.0,27.01,27.74,1.86,0.0,2020-06-19 01:30:00+00:00
20200619:0230,180.85,177.4,0.0,40.42,28.87,2.0,0.0,2020-06-19 02:30:00+00:00
20200619:0330,394.2,214.65,0.0,54.01,29.66,1.79,0.0,2020-06-19 03:30:00+00:00
20200619:0430,321.2,236.45,0.0,67.71,31.43,1.86,0.0,2020-06-19 04:30:00+00:00
20200619:0530,468.45,238.4,0.0,81.46,31.99,1.79,0.0,2020-06-19 05:30:00+00:00
20200619:0630,385.15,248.4,0.0,84.73,32.91,1.72,0.0,2020-06-19 06:30:00+00:00
20200619:0730,169.75,244.3,0.0,70.97,32.34,2.9,0.0,2020-06-19 07:30:00+00:00
20200619:0830,57.7,207.6,0.0,57.26,30.22,3.72,0.0,2020-06-19 08:30:00+00:00
20200619:0930,26.1,130.35,0.0,43.64,29.49,2.55,0.0,2020-06-19 09:30:00+00:00
20200619:1030,23.6,133.5,0.0,30.18,29.39,1.93,0.0,2020-06-19 10:30:00+00:00
20200619:1130,35.85,94.1,0.0,16.95,29.82,2.34,0.0,2020-06-19 11:30:00+00:00
20200619:1230,2.6,19.5,0.0,4.08,29.63,2.76,0.0,2020-06-19 12:30:00+00:00
20200619:1330,0.0,0.0,0.0,0.0,28.95,2.62,0.0,2020-06-19 13:30:00+00:00
20200619:1430,0.0,0.0,0.0,0.0,28.57,2.62,0.0,2020-06-19 14:30:00+00:00
20200619:1530,0.0,0.0,0.0,0.0,28.19,2.83,0.0,2020-06-19 15:30:00+00:00
20200619:1630,0.0,0.0,0.0,0.0,27.9,2.76,0.0,2020-06-19 16:30:00+00:00
20200619:1730,0.0,0.0,0.0,0.0,27.63,2.55,0.0,2020-06-19 17:30:00+00:00
20200619:1830,0.0,0.0,0.0,0.0,27.33,2.34,0.0,2020-06-19 18:30:00+00:00
20200619:1930,0.0,0.0,0.0,0.0,27.12,2.69,0.0,2020-06-19 19:30:00+00:00
20200619:2030,0.0,0.0,0.0,0.0,27.02,2.41,0.0,2020-06-19 20:30:00+00:00
20200619:2130,0.0,0.0,0.0,0.0,26.83,2.41,0.0,2020-06-19 21:30:00+00:00
20200619:2230,0.0,0.0,0.0,0.0,26.68,2.41,0.0,2020-06-19 22:30:00+00:00
20200619:2330,0.0,11.35,0.0,1.09,26.55,2.41,0.0,2020-06-19 23:30:00+00:00
20200620:0030,51.2,63.8,0.0,13.81,26.57,2.28,0.0,2020-06-20 00:30:00+00:00
20200620:0130,152.75,123.35,0.0,26.97,27.31,3.66,0.0,2020-06-20 01:30:00+00:00
20200620:0230,236.75,171.1,0.0,40.38,28.42,3.52,0.0,2020-06-20 02:30:00+00:00
20200620:0330,377.25,190.85,0.0,53.96,29.45,2.97,0.0,2020-06-20 03:30:00+00:00
20200620:0430,308.8,297.4,0.0,67.66,30.46,2.69,0.0,2020-06-20 04:30:00+00:00
20200620:0530,264.6,391.6,0.0,81.41,31.46,2.76,0.0,2020-06-20 05:30:00+00:00
20200620:0630,455.3,257.3,0.0,84.78,32.01,2.76,0.0,2020-06-20 06:30:00+00:00
20200620:0730,430.95,210.2,0.0,71.02,31.77,3.24,0.0,2020-06-20 07:30:00+00:00
20200620:0830,20.9,108.65,0.0,57.3,29.95,4.83,0.0,2020-06-20 08:30:00+00:00
20200620:0930,155.2,177.75,0.0,43.69,28.57,3.31,0.0,2020-06-20 09:30:00+00:00
20200620:1030,43.35,104.7,0.0,30.23,29.38,4.41,0.0,2020-06-20 10:30:00+00:00
20200620:1130,27.25,48.4,0.0,17.0,28.97,3.72,0.0,2020-06-20 11:30:00+00:00
20200620:1230,1.8,9.42,0.0,4.13,28.62,2.97,0.0,2020-06-20 12:30:00+00:00
20200620:1330,0.0,0.0,0.0,0.0,28.1,2.69,0.0,2020-06-20 13:30:00+00:00
20200620:1430,0.0,0.0,0.0,0.0,27.7,2.76,0.0,2020-06-20 14:30:00+00:00
20200620:1530,0.0,0.0,0.0,0.0,27.38,2.62,0.0,2020-06-20 15:30:00+00:00
20200620:1630,0.0,0.0,0.0,0.0,27.2,2.41,0.0,2020-06-20 16:30:00+00:00
20200620:1730,0.0,0.0,0.0,0.0,27.05,2.41,0.0,2020-06-20 17:30:00+00:00
20200620:1830,0.0,0.0,0.0,0.0,26.58,2.41,0.0,2020-06-20 18:30:00+00:00
20200620:1930,0.0,0.0,0.0,0.0,26.79,2.48,0.0,2020-06-20 19:30:00+00:00
20200620:2030,0.0,0.0,0.0,0.0,26.6,2.21,0.0,2020-06-20 20:30:00+00:00
20200620:2130,0.0,0.0,0.0,0.0,26.25,2.28,0.0,2020-06-20 21:30:00+00:00
20200620:2230,0.0,0.0,0.0,0.0,26.12,2.28,0.0,2020-06-20 22:30:00+00:00
20200620:2330,0.0,6.05,0.0,1.06,25.92,2.28,0.0,2020-06-20 23:30:00+00:00
20200621:0030,40.55,53.1,0.0,13.77,25.79,2.14,0.0,2020-06-21 00:30:00+00:00
20200621:0130,124.95,106.6,0.0,26.92,26.34,2.41,0.0,2020-06-21 01:30:00+00:00
20200621:0230,225.55,160.7,0.0,40.33,27.45,2.83,0.0,2020-06-21 02:30:00+00:00
20200621:0330,174.85,229.2,0.0,53.92,28.76,2.9,0.0,2020-06-21 03:30:00+00:00
20200621:0430,334.8,229.7,0.0,67.61,29.44,3.38,0.0,2020-06-21 04:30:00+00:00
20200621:0530,269.6,190.5,0.0,81.36,29.67,4.14,0.0,2020-06-21 05:30:00+00:00
20200621:0630,250.65,311.8,0.0,84.82,28.73,4.07,0.0,2020-06-21 06:30:00+00:00
20200621:0730,131.15,189.65,0.0,71.07,29.56,4.41,0.0,2020-06-21 07:30:00+00:00
20200621:0830,63.65,186.3,0.0,57.35,28.54,4.55,0.0,2020-06-21 08:30:00+00:00
20200621:0930,143.9,224.35,0.0,43.74,28.53,3.52,0.0,2020-06-21 09:30:00+00:00
20200621:1030,104.25,122.25,0.0,30.27,29.13,3.52,0.0,2020-06-21 10:30:00+00:00
20200621:1130,66.0,69.9,0.0,17.05,29.15,3.31,0.0,2020-06-21 11:30:00+00:00
20200621:1230,6.6,13.97,0.0,4.18,27.97,2.9,0.0,2020-06-21 12:30:00+00:00
20200621:1330,0.0,0.0,0.0,0.0,27.4,2.69,0.0,2020-06-21 13:30:00+00:00
20200621:1430,0.0,0.0,0.0,0.0,27.21,2.9,0.0,2020-06-21 14:30:00+00:00
20200621:1530,0.0,0.0,0.0,0.0,27.06,3.03,0.0,2020-06-21 15:30:00+00:00
20200621:1630,0.0,0.0,0.0,0.0,27.0,2.97,0.0,2020-06-21 16:30:00+00:00
20200621:1730,0.0,0.0,0.0,0.0,26.88,2.83,0.0,2020-06-21 17:30:00+00:00
20200621:1830,0.0,0.0,0.0,0.0,26.55,2.97,0.0,2020-06-21 18:30:00+00:00
20200621:1930,0.0,0.0,0.0,0.0,26.78,2.9,0.0,2020-06-21 19:30:00+00:00
20200621:2030,0.0,0.0,0.0,0.0,26.78,2.83,0.0,2020-06-21 20:30:00+00:00
20200621:2130,0.0,0.0,0.0,0.0,26.33,2.55,0.0,2020-06-21 21:30:00+00:00
20200621:2230,0.0,0.0,0.0,0.0,26.24,2.48,0.0,2020-06-21 22:30:00+00:00
20200621:2330,0.0,8.6,0.0,1.01,26.06,2.28,0.0,2020-06-21 23:30:00+00:00
20200622:0030,22.4,51.65,0.0,13.72,25.87,2.34,0.0,2020-06-22 00:30:00+00:00
20200622:0130,94.85,117.4,0.0,26.87,26.63,2.48,0.0,2020-06-22 01:30:00+00:00
20200622:0230,141.75,169.05,0.0,40.28,27.85,4.34,0.0,2020-06-22 02:30:00+00:00
20200622:0330,299.4,194.4,0.0,53.87,28.72,4.48,0.0,2020-06-22 03:30:00+00:00
20200622:0430,504.45,202.5,0.0,67.56,29.88,4.55,0.0,2020-06-22 04:30:00+00:00
20200622:0530,493.1,237.4,0.0,81.32,31.23,4.41,0.0,2020-06-22 05:30:00+00:00
20200622:0630,574.15,224.5,0.0,84.87,31.0,4.83,0.0,2020-06-22 06:30:00+00:00
20200622:0730,538.85,171.4,0.0,71.12,32.04,4.9,0.0,2020-06-22 07:30:00+00:00
20200622:0830,348.7,199.9,0.0,57.4,31.8,5.17,0.0,2020-06-22 08:30:00+00:00
20200622:0930,267.75,140.3,0.0,43.78,30.86,4.76,0.0,2020-06-22 09:30:00+00:00
20200622:1030,178.55,104.75,0.0,30.32,30.94,5.52,0.0,2020-06-22 10:30:00+00:00
20200622:1130,67.55,66.5,0.0,17.09,30.35,4.48,0.0,2020-06-22 11:30:00+00:00
20200622:1230,7.7,16.07,0.0,4.22,29.75,4.07,0.0,2020-06-22 12:30:00+00:00
20200622:1330,0.0,0.0,0.0,0.0,29.09,3.86,0.0,2020-06-22 13:30:00+00:00
20200622:1430,0.0,0.0,0.0,0.0,28.35,3.72,0.0,2020-06-22 14:30:00+00:00
20200622:1530,0.0,0.0,0.0,0.0,27.95,3.24,0.0,2020-06-22 15:30:00+00:00
20200622:1630,0.0,0.0,0.0,0.0,27.69,2.97,0.0,2020-06-22 16:30:00+00:00
20200622:1730,0.0,0.0,0.0,0.0,27.46,2.83,0.0,2020-06-22 17:30:00+00:00
20200622:1830,0.0,0.0,0.0,0.0,27.26,2.83,0.0,2020-06-22 18:30:00+00:00
20200622:1930,0.0,0.0,0.0,0.0,27.39,3.31,0.0,2020-06-22 19:30:00+00:00
20200622:2030,0.0,0.0,0.0,0.0,27.16,3.59,0.0,2020-06-22 20:30:00+00:00
20200622:2130,0.0,0.0,0.0,0.0,26.81,3.17,0.0,2020-06-22 21:30:00+00:00
20200622:2230,0.0,0.0,0.0,0.0,26.64,2.62,0.0,2020-06-22 22:30:00+00:00
20200622:2330,0.0,8.0,0.0,0.97,26.73,3.03,0.0,2020-06-22 23:30:00+00:00
20200623:0030,10.75,39.9,0.0,13.68,26.55,3.72,0.0,2020-06-23 00:30:00+00:00
20200623:0130,95.4,126.55,0.0,26.82,26.78,2.97,0.0,2020-06-23 01:30:00+00:00
20200623:0230,188.0,162.75,0.0,40.23,27.86,4.07,0.0,2020-06-23 02:30:00+00:00
20200623:0330,321.2,227.3,0.0,53.82,28.9,3.86,0.0,2020-06-23 03:30:00+00:00
20200623:0430,443.6,291.15,0.0,67.51,30.04,3.72,0.0,2020-06-23 04:30:00+00:00
20200623:0530,351.85,354.5,0.0,81.27,31.21,3.72,0.0,2020-06-23 05:30:00+00:00
20200623:0630,383.5,278.2,0.0,84.92,31.73,3.72,0.0,2020-06-23 06:30:00+00:00
20200623:0730,312.95,228.35,0.0,71.16,31.36,4.0,0.0,2020-06-23 07:30:00+00:00
20200623:0830,285.05,188.6,0.0,57.45,31.42,3.86,0.0,2020-06-23 08:30:00+00:00
20200623:0930,183.35,181.35,0.0,43.83,31.4,4.28,0.0,2020-06-23 09:30:00+00:00
20200623:1030,149.3,135.45,0.0,30.37,31.17,4.07,0.0,2020-06-23 10:30:00+00:00
20200623:1130,67.8,70.55,0.0,17.14,30.86,3.59,0.0,2020-06-23 11:30:00+00:00
20200623:1230,8.2,19.57,0.0,4.26,30.23,3.17,0.0,2020-06-23 12:30:00+00:00
20200623:1330,0.0,0.0,0.0,0.0,29.48,2.9,0.0,2020-06-23 13:30:00+00:00
20200623:1430,0.0,0.0,0.0,0.0,28.88,2.97,0.0,2020-06-23 14:30:00+00:00
20200623:1530,0.0,0.0,0.0,0.0,28.63,2.97,0.0,2020-06-23 15:30:00+00:00
20200623:1630,0.0,0.0,0.0,0.0,28.29,2.83,0.0,2020-06-23 16:30:00+00:00
20200623:1730,0.0,0.0,0.0,0.0,28.0,2.69,0.0,2020-06-23 17:30:00+00:00
20200623:1830,0.0,0.0,0.0,0.0,27.63,2.62,0.0,2020-06-23 18:30:00+00:00
20200623:1930,0.0,0.0,0.0,0.0,27.55,2.76,0.0,2020-06-23 19:30:00+00:00
20200623:2030,0.0,0.0,0.0,0.0,27.48,2.69,0.0,2020-06-23 20:30:00+00:00
20200623:2130,0.0,0.0,0.0,0.0,27.36,2.48,0.0,2020-06-23 21:30:00+00:00
20200623:2230,0.0,0.0,0.0,0.0,27.28,2.34,0.0,2020-06-23 22:30:00+00:00
20200623:2330,0.0,9.4,0.0,0.92,27.09,2.34,0.0,2020-06-23 23:30:00+00:00
20200624:0030,27.65,68.75,0.0,13.62,27.1,2.14,0.0,2020-06-24 00:30:00+00:00
20200624:0130,153.4,116.25,0.0,26.77,27.84,2.83,0.0,2020-06-24 01:30:00+00:00
20200624:0230,301.75,148.25,0.0,40.18,29.02,3.31,0.0,2020-06-24 02:30:00+00:00
20200624:0330,347.0,207.95,0.0,53.77,30.19,3.31,0.0,2020-06-24 03:30:00+00:00
20200624:0430,553.95,179.9,0.0,67.46,31.06,3.45,0.0,2020-06-24 04:30:00+00:00
20200624:0530,658.95,187.9,0.0,81.22,31.9,3.45,0.0,2020-06-24 05:30:00+00:00
20200624:0630,657.0,180.7,0.0,84.97,32.58,3.45,0.0,2020-06-24 06:30:00+00:00
20200624:0730,641.95,158.25,0.0,71.21,33.18,4.07,0.0,2020-06-24 07:30:00+00:00
20200624:0830,526.2,165.1,0.0,57.49,33.29,4.34,0.0,2020-06-24 08:30:00+00:00
20200624:0930,371.3,123.95,0.0,43.87,33.02,4.69,0.0,2020-06-24 09:30:00+00:00
20200624:1030,147.0,111.35,0.0,30.41,32.31,4.55,0.0,2020-06-24 10:30:00+00:00
20200624:1130,72.6,70.15,0.0,17.18,31.36,4.0,0.0,2020-06-24 11:30:00+00:00
20200624:1230,11.4,17.7,0.0,4.3,30.69,3.79,0.0,2020-06-24 12:30:00+00:00
20200624:1330,0.0,0.0,0.0,0.0,29.85,3.38,0.0,2020-06-24 13:30:00+00:00
20200624:1430,0.0,0.0,0.0,0.0,29.22,3.31,0.0,2020-06-24 14:30:00+00:00
20200624:1530,0.0,0.0,0.0,0.0,28.7,3.31,0.0,2020-06-24 15:30:00+00:00
20200624:1630,0.0,0.0,0.0,0.0,28.34,3.24,0.0,2020-06-24 16:30:00+00:00
20200624:1730,0.0,0.0,0.0,0.0,28.15,3.1,0.0,2020-06-24 17:30:00+00:00
20200624:1830,0.0,0.0,0.0,0.0,27.92,3.17,0.0,2020-06-24 18:30:00+00:00
20200624:1930,0.0,0.0,0.0,0.0,27.86,2.9,0.0,2020-06-24 19:30:00+00:00
20200624:2030,0.0,0.0,0.0,0.0,27.75,3.38,0.0,2020-06-24 20:30:00+00:00
20200624:2130,0.0,0.0,0.0,0.0,27.76,3.72,0.0,2020-06-24 21:30:00+00:00
20200624:2230,0.0,0.0,0.0,0.0,27.74,3.45,0.0,2020-06-24 22:30:00+00:00
20200624:2330,0.0,12.15,0.0,0.87,27.65,3.1,0.0,2020-06-24 23:30:00+00:00
20200625:0030,34.5,81.55,0.0,13.57,27.66,3.17,0.0,2020-06-25 00:30:00+00:00
20200625:0130,131.1,153.05,0.0,26.72,28.27,3.31,0.0,2020-06-25 01:30:00+00:00
20200625:0230,235.05,211.75,0.0,40.13,29.22,4.48,0.0,2020-06-25 02:30:00+00:00
20200625:0330,429.15,207.0,0.0,53.72,30.22,4.41,0.0,2020-06-25 03:30:00+00:00
20200625:0430,526.3,255.15,0.0,67.41,31.31,4.55,0.0,2020-06-25 04:30:00+00:00
20200625:0530,626.4,198.75,0.0,81.17,32.25,4.62,0.0,2020-06-25 05:30:00+00:00
20200625:0630,500.85,215.55,0.0,85.02,32.93,4.55,0.0,2020-06-25 06:30:00+00:00
20200625:0730,510.55,234.6,0.0,71.26,32.9,4.62,0.0,2020-06-25 07:30:00+00:00
20200625:0830,460.3,171.75,0.0,57.54,33.07,4.62,0.0,2020-06-25 08:30:00+00:00
20200625:0930,312.3,148.45,0.0,43.92,32.89,4.69,0.0,2020-06-25 09:30:00+00:00
20200625:1030,193.9,152.55,0.0,30.45,32.35,4.83,0.0,2020-06-25 10:30:00+00:00
20200625:1130,65.7,94.05,0.0,17.22,31.84,4.34,0.0,2020-06-25 11:30:00+00:00
20200625:1230,3.35,23.58,0.0,4.33,30.89,4.14,0.0,2020-06-25 12:30:00+00:00
20200625:1330,0.0,0.0,0.0,0.0,29.99,4.21,0.0,2020-06-25 13:30:00+00:00
20200625:1430,0.0,0.0,0.0,0.0,29.3,4.28,0.0,2020-06-25 14:30:00+00:00
20200625:1530,0.0,0.0,0.0,0.0,28.79,4.0,0.0,2020-06-25 15:30:00+00:00
20200625:1630,0.0,0.0,0.0,0.0,28.52,3.72,0.0,2020-06-25 16:30:00+00:00
20200625:1730,0.0,0.0,0.0,0.0,28.32,3.86,0.0,2020-06-25 17:30:00+00:00
20200625:1830,0.0,0.0,0.0,0.0,28.18,3.93,0.0,2020-06-25 18:30:00+00:00
20200625:1930,0.0,0.0,0.0,0.0,27.96,3.72,0.0,2020-06-25 19:30:00+00:00
20200625:2030,0.0,0.0,0.0,0.0,27.88,3.72,0.0,2020-06-25 20:30:00+00:00
20200625:2130,0.0,0.0,0.0,0.0,27.87,3.66,0.0,2020-06-25 21:30:00+00:00
20200625:2230,0.0,0.0,0.0,0.0,27.72,3.66,0.0,2020-06-25 22:30:00+00:00
20200625:2330,0.0,9.7,0.0,0.82,27.64,3.59,0.0,2020-06-25 23:30:00+00:00
20200626:0030,16.55,78.15,0.0,13.52,27.68,3.45,0.0,2020-06-26 00:30:00+00:00
20200626:0130,75.4,163.2,0.0,26.67,28.13,3.03,0.0,2020-06-26 01:30:00+00:00
20200626:0230,263.45,196.8,0.0,40.08,28.99,4.97,0.0,2020-06-26 02:30:00+00:00
20200626:0330,358.35,203.85,0.0,53.67,30.07,5.24,0.0,2020-06-26 03:30:00+00:00
20200626:0430,556.05,209.05,0.0,67.37,31.01,4.97,0.0,2020-06-26 04:30:00+00:00
20200626:0530,569.05,210.4,0.0,81.12,32.08,5.17,0.0,2020-06-26 05:30:00+00:00
20200626:0630,621.15,178.5,0.0,85.07,32.77,5.31,0.0,2020-06-26 06:30:00+00:00
20200626:0730,362.4,201.85,0.0,71.3,32.91,5.31,0.0,2020-06-26 07:30:00+00:00
20200626:0830,414.5,156.8,0.0,57.58,32.69,5.1,0.0,2020-06-26 08:30:00+00:00
20200626:0930,288.3,163.45,0.0,43.96,32.65,5.03,0.0,2020-06-26 09:30:00+00:00
20200626:1030,87.1,120.85,0.0,30.49,31.54,4.14,0.0,2020-06-26 10:30:00+00:00
20200626:1130,42.3,76.55,0.0,17.25,30.91,3.72,0.0,2020-06-26 11:30:00+00:00
20200626:1230,3.2,15.59,0.0,4.37,30.42,3.52,0.0,2020-06-26 12:30:00+00:00
20200626:1330,0.0,0.0,0.0,0.0,29.89,3.38,0.0,2020-06-26 13:30:00+00:00
20200626:1430,0.0,0.0,0.0,0.0,29.5,3.59,0.0,2020-06-26 14:30:00+00:00
20200626:1530,0.0,0.0,0.0,0.0,29.25,4.0,0.0,2020-06-26 15:30:00+00:00
20200626:1630,0.0,0.0,0.0,0.0,29.02,4.07,0.0,2020-06-26 16:30:00+00:00
20200626:1730,0.0,0.0,0.0,0.0,28.85,4.14,0.0,2020-06-26 17:30:00+00:00
20200626:1830,0.0,0.0,0.0,0.0,28.7,4.28,0.0,2020-06-26 18:30:00+00:00
20200626:1930,0.0,0.0,0.0,0.0,28.57,4.07,0.0,2020-06-26 19:30:00+00:00
20200626:2030,0.0,0.0,0.0,0.0,28.26,3.93,0.0,2020-06-26 20:30:00+00:00
20200626:2130,0.0,0.0,0.0,0.0,27.96,3.86,0.0,2020-06-26 21:30:00+00:00
20200626:2230,0.0,0.0,0.0,0.0,27.67,3.79,0.0,2020-06-26 22:30:00+00:00
20200626:2330,0.0,9.0,0.0,0.76,27.26,3.79,0.0,2020-06-26 23:30:00+00:00
20200627:0030,4.5,60.25,0.0,13.46,27.17,3.72,0.0,2020-06-27 00:30:00+00:00
20200627:0130,30.75,128.0,0.0,26.61,27.35,3.72,0.0,2020-06-27 01:30:00+00:00
20200627:0230,57.7,205.4,0.0,40.03,28.1,3.31,0.0,2020-06-27 02:30:00+00:00
20200627:0330,58.35,197.55,0.0,53.62,28.95,3.72,0.0,2020-06-27 03:30:00+00:00
20200627:0430,27.25,156.25,0.0,67.32,29.27,3.38,0.0,2020-06-27 04:30:00+00:00
20200627:0530,45.15,194.55,0.0,81.08,29.01,2.97,0.0,2020-06-27 05:30:00+00:00
20200627:0630,63.8,288.3,0.0,85.12,29.16,3.24,0.0,2020-06-27 06:30:00+00:00
20200627:0730,19.25,241.25,0.0,71.35,30.95,3.79,0.0,2020-06-27 07:30:00+00:00
20200627:0830,1.4,156.3,0.0,57.63,31.19,3.86,0.0,2020-06-27 08:30:00+00:00
20200627:0930,9.65,181.55,0.0,44.0,30.58,3.45,0.0,2020-06-27 09:30:00+00:00
20200627:1030,1.9,145.95,0.0,30.53,30.34,3.79,0.0,2020-06-27 10:30:00+00:00
20200627:1130,7.0,99.35,0.0,17.29,29.94,3.59,0.0,2020-06-27 11:30:00+00:00
20200627:1230,2.25,20.92,0.0,4.4,29.62,4.0,0.0,2020-06-27 12:30:00+00:00
20200627:1330,0.0,0.0,0.0,0.0,29.2,3.86,0.0,2020-06-27 13:30:00+00:00
20200627:1430,0.0,0.0,0.0,0.0,28.86,3.66,0.0,2020-06-27 14:30:00+00:00
20200627:1530,0.0,0.0,0.0,0.0,28.69,3.52,0.0,2020-06-27 15:30:00+00:00
20200627:1630,0.0,0.0,0.0,0.0,28.58,3.31,0.0,2020-06-27 16:30:00+00:00
20200627:1730,0.0,0.0,0.0,0.0,28.44,3.17,0.0,2020-06-27 17:30:00+00:00
20200627:1830,0.0,0.0,0.0,0.0,28.18,2.97,0.0,2020-06-27 18:30:00+00:00
20200627:1930,0.0,0.0,0.0,0.0,27.56,3.1,0.0,2020-06-27 19:30:00+00:00
20200627:2030,0.0,0.0,0.0,0.0,27.55,3.45,0.0,2020-06-27 20:30:00+00:00
20200627:2130,0.0,0.0,0.0,0.0,27.52,3.72,0.0,2020-06-27 21:30:00+00:00
20200627:2230,0.0,0.0,0.0,0.0,27.47,3.72,0.0,2020-06-27 22:30:00+00:00
20200627:2330,0.0,8.55,0.0,0.7,27.4,3.59,0.0,2020-06-27 23:30:00+00:00
20200628:0030,16.6,76.1,0.0,13.4,27.39,2.97,0.0,2020-06-28 00:30:00+00:00
20200628:0130,43.35,100.2,0.0,26.56,27.65,1.86,0.0,2020-06-28 01:30:00+00:00
20200628:0230,54.25,154.55,0.0,39.97,28.08,1.66,0.0,2020-06-28 02:30:00+00:00
20200628:0330,43.75,183.85,0.0,53.56,28.57,2.0,0.0,2020-06-28 03:30:00+00:00
20200628:0430,103.65,328.35,0.0,67.27,29.02,1.79,0.0,2020-06-28 04:30:00+00:00
20200628:0530,184.4,364.65,0.0,81.03,30.01,1.79,0.0,2020-06-28 05:30:00+00:00
20200628:0630,270.9,349.8,0.0,85.17,31.01,1.86,0.0,2020-06-28 06:30:00+00:00
20200628:0730,134.9,313.7,0.0,71.39,31.68,2.0,0.0,2020-06-28 07:30:00+00:00
20200628:0830,59.4,245.85,0.0,57.67,31.61,1.93,0.0,2020-06-28 08:30:00+00:00
20200628:0930,14.35,185.5,0.0,44.04,29.73,3.1,0.0,2020-06-28 09:30:00+00:00
20200628:1030,7.05,118.75,0.0,30.56,28.62,2.62,0.0,2020-06-28 10:30:00+00:00
20200628:1130,7.55,76.0,0.0,17.32,28.63,2.41,0.0,2020-06-28 11:30:00+00:00
20200628:1230,1.0,17.53,0.0,4.42,28.52,2.28,0.0,2020-06-28 12:30:00+00:00
20200628:1330,0.0,0.0,0.0,0.0,28.24,2.14,0.0,2020-06-28 13:30:00+00:00
20200628:1430,0.0,0.0,0.0,0.0,28.05,2.34,0.0,2020-06-28 14:30:00+00:00
20200628:1530,0.0,0.0,0.0,0.0,27.21,2.48,0.0,2020-06-28 15:30:00+00:00
20200628:1630,0.0,0.0,0.0,0.0,26.78,1.93,0.0,2020-06-28 16:30:00+00:00
20200628:1730,0.0,0.0,0.0,0.0,26.31,1.93,0.0,2020-06-28 17:30:00+00:00
20200628:1830,0.0,0.0,0.0,0.0,26.14,2.07,0.0,2020-06-28 18:30:00+00:00
20200628:1930,0.0,0.0,0.0,0.0,25.59,2.07,0.0,2020-06-28 19:30:00+00:00
20200628:2030,0.0,0.0,0.0,0.0,25.57,2.21,0.0,2020-06-28 20:30:00+00:00
20200628:2130,0.0,0.0,0.0,0.0,25.67,1.79,0.0,2020-06-28 21:30:00+00:00
20200628:2230,0.0,0.0,0.0,0.0,25.75,1.66,0.0,2020-06-28 22:30:00+00:00
20200628:2330,0.0,4.8,0.0,0.64,25.84,1.86,0.0,2020-06-28 23:30:00+00:00
20200629:0030,1.35,30.05,0.0,13.34,26.01,1.72,0.0,2020-06-29 00:30:00+00:00
20200629:0130,2.7,61.65,0.0,26.5,26.51,2.07,0.0,2020-06-29 01:30:00+00:00
20200629:0230,51.6,137.35,0.0,39.92,26.8,1.72,0.0,2020-06-29 02:30:00+00:00
20200629:0330,40.85,172.4,0.0,53.51,27.55,1.93,0.0,2020-06-29 03:30:00+00:00
20200629:0430,134.55,246.3,0.0,67.22,28.07,1.52,0.0,2020-06-29 04:30:00+00:00
20200629:0530,137.9,232.6,0.0,80.98,29.01,1.52,0.0,2020-06-29 05:30:00+00:00
20200629:0630,160.35,248.75,0.0,85.21,29.56,1.52,0.0,2020-06-29 06:30:00+00:00
20200629:0730,16.55,94.2,0.0,71.44,30.8,2.69,0.0,2020-06-29 07:30:00+00:00
20200629:0830,13.45,139.35,0.0,57.71,28.24,2.83,0.0,2020-06-29 08:30:00+00:00
20200629:0930,37.15,197.55,0.0,44.07,27.88,2.48,0.0,2020-06-29 09:30:00+00:00
20200629:1030,5.15,117.9,0.0,30.59,28.21,2.28,0.0,2020-06-29 10:30:00+00:00
20200629:1130,11.85,82.15,0.0,17.35,28.24,1.86,0.0,2020-06-29 11:30:00+00:00
20200629:1230,2.6,19.69,0.0,4.44,28.47,2.0,0.0,2020-06-29 12:30:00+00:00
20200629:1330,0.0,0.0,0.0,0.0,27.91,2.0,0.0,2020-06-29 13:30:00+00:00
20200629:1430,0.0,0.0,0.0,0.0,27.55,1.86,0.0,2020-06-29 14:30:00+00:00
20200629:1530,0.0,0.0,0.0,0.0,27.37,1.86,0.0,2020-06-29 15:30:00+00:00
20200629:1630,0.0,0.0,0.0,0.0,27.2,1.79,0.0,2020-06-29 16:30:00+00:00
20200629:1730,0.0,0.0,0.0,0.0,26.94,1.86,0.0,2020-06-29 17:30:00+00:00
20200629:1830,0.0,0.0,0.0,0.0,26.71,1.79,0.0,2020-06-29 18:30:00+00:00
20200629:1930,0.0,0.0,0.0,0.0,26.37,1.72,0.0,2020-06-29 19:30:00+00:00
20200629:2030,0.0,0.0,0.0,0.0,26.34,1.86,0.0,2020-06-29 20:30:00+00:00
20200629:2130,0.0,0.0,0.0,0.0,26.3,1.72,0.0,2020-06-29 21:30:00+00:00
20200629:2230,0.0,0.0,0.0,0.0,26.27,1.66,0.0,2020-06-29 22:30:00+00:00
20200629:2330,0.0,9.3,0.0,0.58,26.12,1.59,0.0,2020-06-29 23:30:00+00:00
20200630:0030,38.4,55.25,0.0,13.28,26.18,1.52,0.0,2020-06-30 00:30:00+00:00
20200630:0130,139.75,102.8,0.0,26.44,26.99,1.45,0.0,2020-06-30 01:30:00+00:00
20200630:0230,279.4,145.6,0.0,39.86,28.15,1.86,0.0,2020-06-30 02:30:00+00:00
20200630:0330,475.65,158.85,0.0,53.46,29.55,2.0,0.0,2020-06-30 03:30:00+00:00
20200630:0430,555.6,193.45,0.0,67.17,30.79,2.14,0.0,2020-06-30 04:30:00+00:00
20200630:0530,591.95,233.25,0.0,80.94,31.75,2.14,0.0,2020-06-30 05:30:00+00:00
20200630:0630,600.15,220.35,0.0,85.26,32.62,2.28,0.0,2020-06-30 06:30:00+00:00
20200630:0730,402.6,212.65,0.0,71.48,32.77,2.55,0.0,2020-06-30 07:30:00+00:00
20200630:0830,343.65,170.9,0.0,57.75,32.83,2.21,0.0,2020-06-30 08:30:00+00:00
20200630:0930,240.95,124.85,0.0,44.11,32.34,2.41,0.0,2020-06-30 09:30:00+00:00
20200630:1030,39.25,98.5,0.0,30.62,30.51,2.76,0.0,2020-06-30 10:30:00+00:00
20200630:1130,48.75,57.9,0.0,17.37,29.86,2.41,0.0,2020-06-30 11:30:00+00:00
20200630:1230,9.25,15.43,0.0,4.46,29.59,2.07,0.0,2020-06-30 12:30:00+00:00
20200630:1330,0.0,0.0,0.0,0.0,29.14,1.86,0.0,2020-06-30 13:30:00+00:00
20200630:1430,0.0,0.0,0.0,0.0,28.71,2.14,0.0,2020-06-30 14:30:00+00:00
20200630:1530,0.0,0.0,0.0,0.0,28.46,2.62,0.0,2020-06-30 15:30:00+00:00
20200630:1630,0.0,0.0,0.0,0.0,28.21,2.97,0.0,2020-06-30 16:30:00+00:00
20200630:1730,0.0,0.0,0.0,0.0,27.96,2.9,0.0,2020-06-30 17:30:00+00:00
20200630:1830,0.0,0.0,0.0,0.0,27.75,2.69,0.0,2020-06-30 18:30:00+00:00
20200630:1930,0.0,0.0,0.0,0.0,27.75,2.76,0.0,2020-06-30 19:30:00+00:00
20200630:2030,0.0,0.0,0.0,0.0,27.69,2.76,0.0,2020-06-30 20:30:00+00:00
20200630:2130,0.0,0.0,0.0,0.0,27.41,2.48,0.0,2020-06-30 21:30:00+00:00
20200630:2230,0.0,0.0,0.0,0.0,27.18,2.34,0.0,2020-06-30 22:30:00+00:00
20200630:2330,0.0,8.4,0.0,0.52,26.96,2.34,0.0,2020-06-30 23:30:00+00:00
20200701:0030,44.7,63.0,0.0,13.22,26.92,2.21,0.0,2020-07-01 00:30:00+00:00
20200701:0130,137.0,132.4,0.0,26.38,27.73,3.17,0.0,2020-07-01 01:30:00+00:00
20200701:0230,227.45,179.05,0.0,39.81,28.8,3.31,0.0,2020-07-01 02:30:00+00:00
20200701:0330,458.8,181.3,0.0,53.41,29.78,2.76,0.0,2020-07-01 03:30:00+00:00
20200701:0430,579.7,203.35,0.0,67.12,30.93,2.69,0.0,2020-07-01 04:30:00+00:00
20200701:0530,675.05,204.05,0.0,80.89,31.95,2.83,0.0,2020-07-01 05:30:00+00:00
20200701:0630,600.65,213.6,0.0,85.3,32.83,3.1,0.0,2020-07-01 06:30:00+00:00
20200701:0730,527.85,153.4,0.0,71.52,33.36,3.24,0.0,2020-07-01 07:30:00+00:00
20200701:0830,499.45,157.35,0.0,57.78,33.4,3.31,0.0,2020-07-01 08:30:00+00:00
20200701:0930,339.3,138.25,0.0,44.14,32.9,3.24,0.0,2020-07-01 09:30:00+00:00
20200701:1030,115.55,113.25,0.0,30.65,31.21,3.24,0.0,2020-07-01 10:30:00+00:00
20200701:1130,67.25,67.0,0.0,17.39,30.74,2.69,0.0,2020-07-01 11:30:00+00:00
20200701:1230,4.8,16.92,0.0,4.48,30.27,2.62,0.0,2020-07-01 12:30:00+00:00
20200701:1330,0.0,0.0,0.0,0.0,29.6,3.03,0.0,2020-07-01 13:30:00+00:00
20200701:1430,0.0,0.0,0.0,0.0,29.19,3.24,0.0,2020-07-01 14:30:00+00:00
20200701:1530,0.0,0.0,0.0,0.0,28.82,2.97,0.0,2020-07-01 15:30:00+00:00
20200701:1630,0.0,0.0,0.0,0.0,28.47,2.9,0.0,2020-07-01 16:30:00+00:00
20200701:1730,0.0,0.0,0.0,0.0,28.24,2.76,0.0,2020-07-01 17:30:00+00:00
20200701:1830,0.0,0.0,0.0,0.0,27.96,2.69,0.0,2020-07-01 18:30:00+00:00
20200701:1930,0.0,0.0,0.0,0.0,28.18,2.97,0.0,2020-07-01 19:30:00+00:00
20200701:2030,0.0,0.0,0.0,0.0,28.02,3.03,0.0,2020-07-01 20:30:00+00:00
20200701:2130,0.0,0.0,0.0,0.0,27.9,3.17,0.0,2020-07-01 21:30:00+00:00
20200701:2230,0.0,0.0,0.0,0.0,27.73,3.03,0.0,2020-07-01 22:30:00+00:00
20200701:2330,0.0,8.55,0.0,0.45,27.59,2.69,0.0,2020-07-01 23:30:00+00:00
20200702:0030,37.85,72.75,0.0,13.15,27.59,2.55,0.0,2020-07-02 00:30:00+00:00
20200702:0130,163.1,123.7,0.0,26.32,28.24,3.1,0.0,2020-07-02 01:30:00+00:00
20200702:0230,254.7,171.05,0.0,39.75,29.41,3.86,0.0,2020-07-02 02:30:00+00:00
20200702:0330,427.7,191.8,0.0,53.35,30.41,3.1,0.0,2020-07-02 03:30:00+00:00
20200702:0430,574.35,185.5,0.0,67.07,31.48,2.55,0.0,2020-07-02 04:30:00+00:00
20200702:0530,631.25,204.8,0.0,80.85,32.36,2.14,0.0,2020-07-02 05:30:00+00:00
20200702:0630,600.7,188.25,0.0,85.35,33.16,2.14,0.0,2020-07-02 06:30:00+00:00
20200702:0730,551.65,191.15,0.0,71.56,33.69,2.9,0.0,2020-07-02 07:30:00+00:00
20200702:0830,462.0,176.3,0.0,57.82,33.77,2.97,0.0,2020-07-02 08:30:00+00:00
20200702:0930,359.75,120.4,0.0,44.17,33.49,3.17,0.0,2020-07-02 09:30:00+00:00
20200702:1030,148.5,112.7,0.0,30.68,32.24,3.45,0.0,2020-07-02 10:30:00+00:00
20200702:1130,71.0,87.7,0.0,17.41,31.47,3.45,0.0,2020-07-02 11:30:00+00:00
20200702:1230,3.15,20.17,0.0,4.49,30.93,3.1,0.0,2020-07-02 12:30:00+00:00
20200702:1330,0.0,0.0,0.0,0.0,30.21,2.9,0.0,2020-07-02 13:30:00+00:00
20200702:1430,0.0,0.0,0.0,0.0,29.82,3.1,0.0,2020-07-02 14:30:00+00:00
20200702:1530,0.0,0.0,0.0,0.0,29.42,3.24,0.0,2020-07-02 15:30:00+00:00
20200702:1630,0.0,0.0,0.0,0.0,29.07,3.1,0.0,2020-07-02 16:30:00+00:00
20200702:1730,0.0,0.0,0.0,0.0,28.74,3.1,0.0,2020-07-02 17:30:00+00:00
20200702:1830,0.0,0.0,0.0,0.0,28.47,3.03,0.0,2020-07-02 18:30:00+00:00
20200702:1930,0.0,0.0,0.0,0.0,28.41,2.83,0.0,2020-07-02 19:30:00+00:00
20200702:2030,0.0,0.0,0.0,0.0,28.21,2.34,0.0,2020-07-02 20:30:00+00:00
20200702:2130,0.0,0.0,0.0,0.0,27.97,2.14,0.0,2020-07-02 21:30:00+00:00
20200702:2230,0.0,0.0,0.0,0.0,27.64,2.14,0.0,2020-07-02 22:30:00+00:00
20200702:2330,0.0,9.35,0.0,0.38,27.47,2.14,0.0,2020-07-02 23:30:00+00:00
20200703:0030,37.55,69.0,0.0,13.09,27.41,1.86,0.0,2020-07-03 00:30:00+00:00
20200703:0130,128.2,130.65,0.0,26.26,28.22,2.21,0.0,2020-07-03 01:30:00+00:00
20200703:0230,234.7,176.35,0.0,39.69,29.29,2.34,0.0,2020-07-03 02:30:00+00:00
20200703:0330,335.05,242.25,0.0,53.3,30.38,2.34,0.0,2020-07-03 03:30:00+00:00
20200703:0430,435.0,257.9,0.0,67.02,31.42,2.69,0.0,2020-07-03 04:30:00+00:00
20200703:0530,562.4,196.65,0.0,80.8,32.18,2.69,0.0,2020-07-03 05:30:00+00:00
20200703:0630,328.55,317.1,0.0,85.39,32.51,2.83,0.0,2020-07-03 06:30:00+00:00
20200703:0730,416.3,216.15,0.0,71.59,32.71,3.1,0.0,2020-07-03 07:30:00+00:00
20200703:0830,254.35,206.35,0.0,57.85,32.43,3.24,0.0,2020-07-03 08:30:00+00:00
20200703:0930,285.7,154.1,0.0,44.2,31.39,3.03,0.0,2020-07-03 09:30:00+00:00
20200703:1030,165.8,120.65,0.0,30.7,31.22,3.24,0.0,2020-07-03 10:30:00+00:00
20200703:1130,72.55,74.6,0.0,17.43,30.92,3.1,0.0,2020-07-03 11:30:00+00:00
20200703:1230,4.65,23.11,0.0,4.5,30.45,2.34,0.0,2020-07-03 12:30:00+00:00
20200703:1330,0.0,0.0,0.0,0.0,29.77,2.21,0.0,2020-07-03 13:30:00+00:00
20200703:1430,0.0,0.0,0.0,0.0,29.27,2.55,0.0,2020-07-03 14:30:00+00:00
20200703:1530,0.0,0.0,0.0,0.0,28.96,2.69,0.0,2020-07-03 15:30:00+00:00
20200703:1630,0.0,0.0,0.0,0.0,28.57,2.62,0.0,2020-07-03 16:30:00+00:00
20200703:1730,0.0,0.0,0.0,0.0,28.22,2.55,0.0,2020-07-03 17:30:00+00:00
20200703:1830,0.0,0.0,0.0,0.0,27.93,2.41,0.0,2020-07-03 18:30:00+00:00
20200703:1930,0.0,0.0,0.0,0.0,27.92,1.66,0.0,2020-07-03 19:30:00+00:00
20200703:2030,0.0,0.0,0.0,0.0,27.55,1.1,0.0,2020-07-03 20:30:00+00:00
20200703:2130,0.0,0.0,0.0,0.0,27.25,1.24,0.0,2020-07-03 21:30:00+00:00
20200703:2230,0.0,0.0,0.0,0.0,26.91,1.52,0.0,2020-07-03 22:30:00+00:00
20200703:2330,0.0,7.2,0.0,0.31,26.82,1.79,0.0,2020-07-03 23:30:00+00:00
20200704:0030,30.8,51.95,0.0,13.02,26.89,1.93,0.0,2020-07-04 00:30:00+00:00
20200704:0130,153.65,104.8,0.0,26.2,27.59,2.48,0.0,2020-07-04 01:30:00+00:00
20200704:0230,253.8,166.15,0.0,39.64,28.72,3.31,0.0,2020-07-04 02:30:00+00:00
20200704:0330,299.95,205.0,0.0,53.25,29.62,3.17,0.0,2020-07-04 03:30:00+00:00
20200704:0430,395.35,251.8,0.0,66.97,30.38,2.69,0.0,2020-07-04 04:30:00+00:00
20200704:0530,374.1,246.95,0.0,80.76,31.28,2.62,0.0,2020-07-04 05:30:00+00:00
20200704:0630,135.4,286.85,0.0,85.43,31.68,2.76,0.0,2020-07-04 06:30:00+00:00
20200704:0730,100.85,223.45,0.0,71.63,29.26,3.79,0.0,2020-07-04 07:30:00+00:00
20200704:0830,44.25,191.95,0.0,57.88,28.97,2.9,0.0,2020-07-04 08:30:00+00:00
20200704:0930,55.55,271.6,0.0,44.23,28.79,2.76,0.0,2020-07-04 09:30:00+00:00
20200704:1030,39.5,150.65,0.0,30.72,29.5,2.34,0.0,2020-07-04 10:30:00+00:00
20200704:1130,16.1,84.8,0.0,17.44,29.61,2.76,0.0,2020-07-04 11:30:00+00:00
20200704:1230,0.8,11.86,0.0,4.51,28.38,2.69,0.0,2020-07-04 12:30:00+00:00
20200704:1330,0.0,0.0,0.0,0.0,27.63,2.28,0.0,2020-07-04 13:30:00+00:00
20200704:1430,0.0,0.0,0.0,0.0,27.26,2.34,0.0,2020-07-04 14:30:00+00:00
20200704:1530,0.0,0.0,0.0,0.0,27.06,2.21,0.0,2020-07-04 15:30:00+00:00
20200704:1630,0.0,0.0,0.0,0.0,26.93,2.07,0.0,2020-07-04 16:30:00+00:00
20200704:1730,0.0,0.0,0.0,0.0,26.84,2.21,0.0,2020-07-04 17:30:00+00:00
20200704:1830,0.0,0.0,0.0,0.0,26.78,2.62,0.0,2020-07-04 18:30:00+00:00
20200704:1930,0.0,0.0,0.0,0.0,26.82,2.34,0.0,2020-07-04 19:30:00+00:00
20200704:2030,0.0,0.0,0.0,0.0,26.27,2.07,0.0,2020-07-04 20:30:00+00:00
20200704:2130,0.0,0.0,0.0,0.0,26.34,2.07,0.0,2020-07-04 21:30:00+00:00
20200704:2230,0.0,0.0,0.0,0.0,26.37,1.93,0.0,2020-07-04 22:30:00+00:00
20200704:2330,0.0,2.55,0.0,0.24,26.24,1.93,0.0,2020-07-04 23:30:00+00:00
20200705:0030,4.0,42.45,0.0,12.95,26.28,2.0,0.0,2020-07-05 00:30:00+00:00
20200705:0130,23.3,98.5,0.0,26.14,26.65,2.41,0.0,2020-07-05 01:30:00+00:00
20200705:0230,47.35,171.4,0.0,39.58,27.33,2.28,0.0,2020-07-05 02:30:00+00:00
20200705:0330,270.8,230.6,0.0,53.2,28.14,2.28,0.0,2020-07-05 03:30:00+00:00
20200705:0430,274.95,280.15,0.0,66.92,29.52,2.41,0.0,2020-07-05 04:30:00+00:00
20200705:0530,127.1,324.35,0.0,80.71,30.36,2.83,0.0,2020-07-05 05:30:00+00:00
20200705:0630,33.7,265.9,0.0,85.46,30.83,3.17,0.0,2020-07-05 06:30:00+00:00
20200705:0730,332.65,263.85,0.0,71.66,29.0,3.79,0.0,2020-07-05 07:30:00+00:00
20200705:0830,254.55,222.0,0.0,57.91,29.96,3.66,0.0,2020-07-05 08:30:00+00:00
20200705:0930,158.4,187.75,0.0,44.25,30.01,3.86,0.0,2020-07-05 09:30:00+00:00
20200705:1030,6.75,90.5,0.0,30.74,28.48,4.21,0.0,2020-07-05 10:30:00+00:00
20200705:1130,2.05,76.6,0.0,17.45,27.94,3.1,0.0,2020-07-05 11:30:00+00:00
20200705:1230,4.15,21.31,0.0,4.51,27.83,3.38,0.0,2020-07-05 12:30:00+00:00
20200705:1330,0.0,0.0,0.0,0.0,27.63,2.97,0.0,2020-07-05 13:30:00+00:00
20200705:1430,0.0,0.0,0.0,0.0,27.31,3.03,0.0,2020-07-05 14:30:00+00:00
20200705:1530,0.0,0.0,0.0,0.0,27.25,3.1,0.0,2020-07-05 15:30:00+00:00
20200705:1630,0.0,0.0,0.0,0.0,27.16,3.03,0.0,2020-07-05 16:30:00+00:00
20200705:1730,0.0,0.0,0.0,0.0,26.71,3.66,0.0,2020-07-05 17:30:00+00:00
20200705:1830,0.0,0.0,0.0,0.0,26.01,3.24,0.0,2020-07-05 18:30:00+00:00
20200705:1930,0.0,0.0,0.0,0.0,26.57,3.24,0.0,2020-07-05 19:30:00+00:00
20200705:2030,0.0,0.0,0.0,0.0,26.62,2.97,0.0,2020-07-05 20:30:00+00:00
20200705:2130,0.0,0.0,0.0,0.0,26.63,3.03,0.0,2020-07-05 21:30:00+00:00
20200705:2230,0.0,0.0,0.0,0.0,26.52,3.1,0.0,2020-07-05 22:30:00+00:00
20200705:2330,0.0,4.05,0.0,0.16,26.41,3.03,0.0,2020-07-05 23:30:00+00:00
20200706:0030,14.0,40.5,0.0,12.88,26.44,3.03,0.0,2020-07-06 00:30:00+00:00
20200706:0130,61.95,98.35,0.0,26.07,26.77,2.9,0.0,2020-07-06 01:30:00+00:00
20200706:0230,124.95,149.45,0.0,39.52,27.5,4.21,0.0,2020-07-06 02:30:00+00:00
20200706:0330,212.5,235.15,0.0,53.14,28.3,4.69,0.0,2020-07-06 03:30:00+00:00
20200706:0430,356.7,224.25,0.0,66.87,29.39,4.83,0.0,2020-07-06 04:30:00+00:00
20200706:0530,385.2,282.3,0.0,80.67,30.35,4.41,0.0,2020-07-06 05:30:00+00:00
20200706:0630,191.55,315.3,0.0,85.5,31.32,4.69,0.0,2020-07-06 06:30:00+00:00
20200706:0730,76.2,237.35,0.0,71.7,30.03,4.55,0.0,2020-07-06 07:30:00+00:00
20200706:0830,10.15,273.5,0.0,57.94,29.71,4.14,0.0,2020-07-06 08:30:00+00:00
20200706:0930,41.7,183.6,0.0,44.27,29.54,4.21,0.0,2020-07-06 09:30:00+00:00
20200706:1030,83.1,141.3,0.0,30.75,28.57,4.41,0.0,2020-07-06 10:30:00+00:00
20200706:1130,47.7,76.9,0.0,17.46,28.61,4.48,0.0,2020-07-06 11:30:00+00:00
20200706:1230,5.05,16.55,0.0,4.51,28.58,3.45,0.0,2020-07-06 12:30:00+00:00
20200706:1330,0.0,0.0,0.0,0.0,28.27,3.17,0.0,2020-07-06 13:30:00+00:00
20200706:1430,0.0,0.0,0.0,0.0,27.77,2.9,0.0,2020-07-06 14:30:00+00:00
20200706:1530,0.0,0.0,0.0,0.0,27.36,2.34,0.0,2020-07-06 15:30:00+00:00
20200706:1630,0.0,0.0,0.0,0.0,27.17,2.07,0.0,2020-07-06 16:30:00+00:00
20200706:1730,0.0,0.0,0.0,0.0,27.03,2.48,0.0,2020-07-06 17:30:00+00:00
20200706:1830,0.0,0.0,0.0,0.0,26.84,2.62,0.0,2020-07-06 18:30:00+00:00
20200706:1930,0.0,0.0,0.0,0.0,26.79,2.34,0.0,2020-07-06 19:30:00+00:00
20200706:2030,0.0,0.0,0.0,0.0,26.48,2.28,0.0,2020-07-06 20:30:00+00:00
20200706:2130,0.0,0.0,0.0,0.0,26.49,2.34,0.0,2020-07-06 21:30:00+00:00
20200706:2230,0.0,0.0,0.0,0.0,26.6,2.48,0.0,2020-07-06 22:30:00+00:00
20200706:2330,0.0,7.55,0.0,0.09,26.59,2.41,0.0,2020-07-06 23:30:00+00:00
20200707:0030,33.7,69.3,0.0,12.81,26.66,2.48,0.0,2020-07-07 00:30:00+00:00
20200707:0130,126.1,121.75,0.0,26.01,27.33,2.9,0.0,2020-07-07 01:30:00+00:00
20200707:0230,206.9,164.1,0.0,39.46,28.22,3.38,0.0,2020-07-07 02:30:00+00:00
20200707:0330,322.15,193.35,0.0,53.09,29.11,3.03,0.0,2020-07-07 03:30:00+00:00
20200707:0430,449.95,215.2,0.0,66.83,30.06,3.17,0.0,2020-07-07 04:30:00+00:00
20200707:0530,406.9,346.45,0.0,80.62,30.98,3.24,0.0,2020-07-07 05:30:00+00:00
20200707:0630,212.55,261.15,0.0,85.52,32.1,3.52,0.0,2020-07-07 06:30:00+00:00
20200707:0730,164.4,222.85,0.0,71.72,30.74,3.38,0.0,2020-07-07 07:30:00+00:00
20200707:0830,253.25,237.35,0.0,57.96,30.71,2.97,0.0,2020-07-07 08:30:00+00:00
20200707:0930,181.55,148.05,0.0,44.29,30.49,3.52,0.0,2020-07-07 09:30:00+00:00
20200707:1030,55.6,113.45,0.0,30.76,29.4,2.76,0.0,2020-07-07 10:30:00+00:00
20200707:1130,48.15,82.25,0.0,17.46,29.29,2.34,0.0,2020-07-07 11:30:00+00:00
20200707:1230,3.25,17.58,0.0,4.5,29.39,2.55,0.0,2020-07-07 12:30:00+00:00
20200707:1330,0.0,0.0,0.0,0.0,28.39,2.48,0.0,2020-07-07 13:30:00+00:00
20200707:1430,0.0,0.0,0.0,0.0,28.03,2.14,0.0,2020-07-07 14:30:00+00:00
20200707:1530,0.0,0.0,0.0,0.0,27.78,2.21,0.0,2020-07-07 15:30:00+00:00
20200707:1630,0.0,0.0,0.0,0.0,27.56,2.28,0.0,2020-07-07 16:30:00+00:00
20200707:1730,0.0,0.0,0.0,0.0,27.38,2.28,0.0,2020-07-07 17:30:00+00:00
20200707:1830,0.0,0.0,0.0,0.0,27.31,2.14,0.0,2020-07-07 18:30:00+00:00
20200707:1930,0.0,0.0,0.0,0.0,27.38,2.0,0.0,2020-07-07 19:30:00+00:00
20200707:2030,0.0,0.0,0.0,0.0,27.31,1.86,0.0,2020-07-07 20:30:00+00:00
20200707:2130,0.0,0.0,0.0,0.0,27.12,1.93,0.0,2020-07-07 21:30:00+00:00
20200707:2230,0.0,0.0,0.0,0.0,27.05,1.93,0.0,2020-07-07 22:30:00+00:00
20200707:2330,0.0,5.4,0.0,0.01,26.98,2.07,0.0,2020-07-07 23:30:00+00:00
20200708:0030,13.15,52.3,0.0,12.74,27.0,1.79,0.0,2020-07-08 00:30:00+00:00
20200708:0130,35.85,120.75,0.0,25.94,27.57,1.45,0.0,2020-07-08 01:30:00+00:00
20200708:0230,171.95,212.15,0.0,39.4,28.22,1.79,0.0,2020-07-08 02:30:00+00:00
20200708:0330,417.0,214.85,0.0,53.04,29.55,2.14,0.0,2020-07-08 03:30:00+00:00
20200708:0430,72.65,240.85,0.0,66.78,31.27,2.55,0.0,2020-07-08 04:30:00+00:00
20200708:0530,47.85,197.05,0.0,80.58,31.18,2.41,0.0,2020-07-08 05:30:00+00:00
20200708:0630,56.35,253.4,0.0,85.55,30.36,2.34,0.0,2020-07-08 06:30:00+00:00
20200708:0730,75.25,274.5,0.0,71.75,29.9,2.83,0.0,2020-07-08 07:30:00+00:00
20200708:0830,167.4,259.6,0.0,57.98,30.25,2.55,0.0,2020-07-08 08:30:00+00:00
20200708:0930,226.95,201.35,0.0,44.3,30.9,2.69,0.0,2020-07-08 09:30:00+00:00
20200708:1030,139.9,161.65,0.0,30.77,31.31,3.31,0.0,2020-07-08 10:30:00+00:00
20200708:1130,32.55,75.6,0.0,17.47,31.21,3.38,0.0,2020-07-08 11:30:00+00:00
20200708:1230,1.6,18.16,0.0,4.49,29.59,3.03,0.0,2020-07-08 12:30:00+00:00
20200708:1330,0.0,0.0,0.0,0.0,28.96,3.17,0.0,2020-07-08 13:30:00+00:00
20200708:1430,0.0,0.0,0.0,0.0,28.61,3.1,0.0,2020-07-08 14:30:00+00:00
20200708:1530,0.0,0.0,0.0,0.0,28.57,3.24,0.0,2020-07-08 15:30:00+00:00
20200708:1630,0.0,0.0,0.0,0.0,28.49,3.03,0.0,2020-07-08 16:30:00+00:00
20200708:1730,0.0,0.0,0.0,0.0,28.41,3.17,0.0,2020-07-08 17:30:00+00:00
20200708:1830,0.0,0.0,0.0,0.0,28.27,3.24,0.0,2020-07-08 18:30:00+00:00
20200708:1930,0.0,0.0,0.0,0.0,27.93,2.55,0.0,2020-07-08 19:30:00+00:00
20200708:2030,0.0,0.0,0.0,0.0,27.89,2.83,0.0,2020-07-08 20:30:00+00:00
20200708:2130,0.0,0.0,0.0,0.0,27.61,2.97,0.0,2020-07-08 21:30:00+00:00
20200708:2230,0.0,0.0,0.0,0.0,27.51,3.03,0.0,2020-07-08 22:30:00+00:00
20200708:2330,0.0,0.0,0.0,-0.07,27.45,2.97,0.0,2020-07-08 23:30:00+00:00
20200709:0030,5.65,55.65,0.0,12.67,27.45,2.97,0.0,2020-07-09 00:30:00+00:00
20200709:0130,66.85,138.05,0.0,25.88,27.9,2.69,0.0,2020-07-09 01:30:00+00:00
20200709:0230,159.55,205.65,0.0,39.35,28.82,4.14,0.0,2020-07-09 02:30:00+00:00
20200709:0330,244.45,242.3,0.0,52.98,29.79,3.72,0.0,2020-07-09 03:30:00+00:00
20200709:0430,204.25,321.55,0.0,66.73,30.59,3.66,0.0,2020-07-09 04:30:00+00:00
20200709:0530,131.8,306.2,0.0,80.53,31.39,3.93,0.0,2020-07-09 05:30:00+00:00
20200709:0630,649.55,213.85,0.0,85.57,31.17,4.07,0.0,2020-07-09 06:30:00+00:00
20200709:0730,477.2,213.1,0.0,71.77,33.32,4.55,0.0,2020-07-09 07:30:00+00:00
20200709:0830,234.8,162.9,0.0,58.0,31.71,4.34,0.0,2020-07-09 08:30:00+00:00
20200709:0930,131.85,185.5,0.0,44.32,30.5,3.59,0.0,2020-07-09 09:30:00+00:00
20200709:1030,117.55,135.0,0.0,30.78,29.91,3.17,0.0,2020-07-09 10:30:00+00:00
20200709:1130,33.8,81.45,0.0,17.46,30.12,3.1,0.0,2020-07-09 11:30:00+00:00
20200709:1230,3.1,19.01,0.0,4.48,29.32,3.45,0.0,2020-07-09 12:30:00+00:00
20200709:1330,0.0,0.0,0.0,0.0,28.52,3.31,0.0,2020-07-09 13:30:00+00:00
20200709:1430,0.0,0.0,0.0,0.0,28.24,2.97,0.0,2020-07-09 14:30:00+00:00
20200709:1530,0.0,0.0,0.0,0.0,28.09,3.1,0.0,2020-07-09 15:30:00+00:00
20200709:1630,0.0,0.0,0.0,0.0,27.97,3.52,0.0,2020-07-09 16:30:00+00:00
20200709:1730,0.0,0.0,0.0,0.0,27.94,3.66,0.0,2020-07-09 17:30:00+00:00
20200709:1830,0.0,0.0,0.0,0.0,27.8,3.72,0.0,2020-07-09 18:30:00+00:00
20200709:1930,0.0,0.0,0.0,0.0,28.09,3.38,0.0,2020-07-09 19:30:00+00:00
20200709:2030,0.0,0.0,0.0,0.0,27.69,3.45,0.0,2020-07-09 20:30:00+00:00
20200709:2130,0.0,0.0,0.0,0.0,27.27,3.45,0.0,2020-07-09 21:30:00+00:00
20200709:2230,0.0,0.0,0.0,0.0,27.24,4.07,0.0,2020-07-09 22:30:00+00:00
20200709:2330,0.0,0.0,0.0,-0.15,27.03,3.86,0.0,2020-07-09 23:30:00+00:00
20200710:0030,12.4,63.55,0.0,12.6,27.05,3.93,0.0,2020-07-10 00:30:00+00:00
20200710:0130,37.8,154.1,0.0,25.81,27.46,3.45,0.0,2020-07-10 01:30:00+00:00
20200710:0230,94.1,221.15,0.0,39.29,28.29,5.17,0.0,2020-07-10 02:30:00+00:00
20200710:0330,131.75,258.45,0.0,52.93,29.33,5.31,0.0,2020-07-10 03:30:00+00:00
20200710:0430,185.5,326.1,0.0,66.68,30.33,4.83,0.0,2020-07-10 04:30:00+00:00
20200710:0530,240.35,371.95,0.0,80.48,31.01,4.97,0.0,2020-07-10 05:30:00+00:00
20200710:0630,365.5,328.8,0.0,85.58,31.86,4.55,0.0,2020-07-10 06:30:00+00:00
20200710:0730,357.95,282.35,0.0,71.8,32.38,4.41,0.0,2020-07-10 07:30:00+00:00
20200710:0830,420.4,199.1,0.0,58.02,32.58,4.41,0.0,2020-07-10 08:30:00+00:00
20200710:0930,223.75,167.7,0.0,44.33,32.81,4.55,0.0,2020-07-10 09:30:00+00:00
20200710:1030,174.7,124.2,0.0,30.78,31.82,4.97,0.0,2020-07-10 10:30:00+00:00
20200710:1130,25.2,82.45,0.0,17.46,30.64,4.21,0.0,2020-07-10 11:30:00+00:00
20200710:1230,2.15,16.5,0.0,4.46,30.1,4.07,0.0,2020-07-10 12:30:00+00:00
20200710:1330,0.0,0.0,0.0,0.0,29.47,3.79,0.0,2020-07-10 13:30:00+00:00
20200710:1430,0.0,0.0,0.0,0.0,29.07,3.45,0.0,2020-07-10 14:30:00+00:00
20200710:1530,0.0,0.0,0.0,0.0,28.81,3.59,0.0,2020-07-10 15:30:00+00:00
20200710:1630,0.0,0.0,0.0,0.0,28.27,3.72,0.0,2020-07-10 16:30:00+00:00
20200710:1730,0.0,0.0,0.0,0.0,28.26,3.66,0.0,2020-07-10 17:30:00+00:00
20200710:1830,0.0,0.0,0.0,0.0,28.2,3.86,0.0,2020-07-10 18:30:00+00:00
20200710:1930,0.0,0.0,0.0,0.0,28.37,3.66,0.0,2020-07-10 19:30:00+00:00
20200710:2030,0.0,0.0,0.0,0.0,28.2,3.45,0.0,2020-07-10 20:30:00+00:00
20200710:2130,0.0,0.0,0.0,0.0,28.04,3.38,0.0,2020-07-10 21:30:00+00:00
20200710:2230,0.0,0.0,0.0,0.0,27.86,3.31,0.0,2020-07-10 22:30:00+00:00
20200710:2330,0.0,0.0,0.0,-0.23,27.7,3.38,0.0,2020-07-10 23:30:00+00:00
20200711:0030,0.15,39.4,0.0,12.52,27.53,3.72,0.0,2020-07-11 00:30:00+00:00
20200711:0130,3.4,101.95,0.0,25.75,27.54,3.66,0.0,2020-07-11 01:30:00+00:00
20200711:0230,17.05,188.35,0.0,39.23,27.52,4.0,0.0,2020-07-11 02:30:00+00:00
20200711:0330,125.1,295.35,0.0,52.88,27.9,3.72,0.0,2020-07-11 03:30:00+00:00
20200711:0430,280.95,339.45,0.0,66.64,29.31,4.28,0.0,2020-07-11 04:30:00+00:00
20200711:0530,157.8,329.7,0.0,80.44,30.71,4.28,0.0,2020-07-11 05:30:00+00:00
20200711:0630,77.55,252.9,0.0,85.59,29.92,4.07,0.0,2020-07-11 06:30:00+00:00
20200711:0730,24.6,189.75,0.0,71.81,30.29,3.38,0.0,2020-07-11 07:30:00+00:00
20200711:0830,19.8,224.3,0.0,58.03,28.76,3.31,0.0,2020-07-11 08:30:00+00:00
20200711:0930,19.45,143.55,0.0,44.33,28.95,2.41,0.0,2020-07-11 09:30:00+00:00
20200711:1030,12.25,80.5,0.0,30.78,28.5,2.21,0.0,2020-07-11 10:30:00+00:00
20200711:1130,1.1,53.8,0.0,17.45,28.15,2.21,0.0,2020-07-11 11:30:00+00:00
20200711:1230,0.7,15.05,0.0,4.44,27.92,2.07,0.0,2020-07-11 12:30:00+00:00
20200711:1330,0.0,0.0,0.0,0.0,27.52,2.41,0.0,2020-07-11 13:30:00+00:00
20200711:1430,0.0,0.0,0.0,0.0,27.29,2.14,0.0,2020-07-11 14:30:00+00:00
20200711:1530,0.0,0.0,0.0,0.0,27.21,2.34,0.0,2020-07-11 15:30:00+00:00
20200711:1630,0.0,0.0,0.0,0.0,27.21,2.48,0.0,2020-07-11 16:30:00+00:00
20200711:1730,0.0,0.0,0.0,0.0,27.21,2.55,0.0,2020-07-11 17:30:00+00:00
20200711:1830,0.0,0.0,0.0,0.0,27.22,2.83,0.0,2020-07-11 18:30:00+00:00
20200711:1930,0.0,0.0,0.0,0.0,27.04,2.62,0.0,2020-07-11 19:30:00+00:00
20200711:2030,0.0,0.0,0.0,0.0,26.99,2.34,0.0,2020-07-11 20:30:00+00:00
20200711:2130,0.0,0.0,0.0,0.0,26.91,2.48,0.0,2020-07-11 21:30:00+00:00
20200711:2230,0.0,0.0,0.0,0.0,26.88,2.21,0.0,2020-07-11 22:30:00+00:00
20200711:2330,0.0,0.0,0.0,-0.32,26.82,1.93,0.0,2020-07-11 23:30:00+00:00
20200712:0030,0.0,14.25,0.0,12.45,26.75,1.66,0.0,2020-07-12 00:30:00+00:00
20200712:0130,12.8,48.7,0.0,25.68,26.75,1.31,0.0,2020-07-12 01:30:00+00:00
20200712:0230,24.7,117.0,0.0,39.17,27.28,1.59,0.0,2020-07-12 02:30:00+00:00
20200712:0330,44.5,198.45,0.0,52.83,27.92,1.93,0.0,2020-07-12 03:30:00+00:00
20200712:0430,111.15,268.65,0.0,66.59,28.51,1.93,0.0,2020-07-12 04:30:00+00:00
20200712:0530,66.0,265.6,0.0,80.39,29.47,1.93,0.0,2020-07-12 05:30:00+00:00
20200712:0630,68.05,315.25,0.0,85.58,30.35,1.79,0.0,2020-07-12 06:30:00+00:00
20200712:0730,88.7,235.35,0.0,71.83,30.29,2.55,0.0,2020-07-12 07:30:00+00:00
20200712:0830,28.9,191.75,0.0,58.04,28.94,2.0,0.0,2020-07-12 08:30:00+00:00
20200712:0930,34.1,186.8,0.0,44.34,28.85,1.72,0.0,2020-07-12 09:30:00+00:00
20200712:1030,0.0,65.8,0.0,30.78,29.18,2.0,0.0,2020-07-12 10:30:00+00:00
20200712:1130,2.45,63.6,0.0,17.43,28.59,1.45,0.0,2020-07-12 11:30:00+00:00
20200712:1230,0.1,14.29,0.0,4.42,28.72,1.31,0.0,2020-07-12 12:30:00+00:00
20200712:1330,0.0,0.0,0.0,0.0,28.42,1.52,0.0,2020-07-12 13:30:00+00:00
20200712:1430,0.0,0.0,0.0,0.0,28.13,1.79,0.0,2020-07-12 14:30:00+00:00
20200712:1530,0.0,0.0,0.0,0.0,27.96,1.79,0.0,2020-07-12 15:30:00+00:00
20200712:1630,0.0,0.0,0.0,0.0,27.8,1.86,0.0,2020-07-12 16:30:00+00:00
20200712:1730,0.0,0.0,0.0,0.0,27.61,1.52,0.0,2020-07-12 17:30:00+00:00
20200712:1830,0.0,0.0,0.0,0.0,27.4,1.1,0.0,2020-07-12 18:30:00+00:00
20200712:1930,0.0,0.0,0.0,0.0,27.21,2.07,0.0,2020-07-12 19:30:00+00:00
20200712:2030,0.0,0.0,0.0,0.0,27.18,2.21,0.0,2020-07-12 20:30:00+00:00
20200712:2130,0.0,0.0,0.0,0.0,27.16,2.14,0.0,2020-07-12 21:30:00+00:00
20200712:2230,0.0,0.0,0.0,0.0,27.04,2.0,0.0,2020-07-12 22:30:00+00:00
20200712:2330,0.0,0.0,0.0,-0.4,26.97,1.86,0.0,2020-07-12 23:30:00+00:00
20200713:0030,7.95,56.75,0.0,12.37,26.97,1.79,0.0,2020-07-13 00:30:00+00:00
20200713:0130,39.05,138.65,0.0,25.61,27.6,1.93,0.0,2020-07-13 01:30:00+00:00
20200713:0230,101.25,203.5,0.0,39.11,28.51,2.34,0.0,2020-07-13 02:30:00+00:00
20200713:0330,201.4,203.2,0.0,52.77,29.42,2.14,0.0,2020-07-13 03:30:00+00:00
20200713:0430,282.9,280.1,0.0,66.54,30.24,1.66,0.0,2020-07-13 04:30:00+00:00
20200713:0530,154.1,382.5,0.0,80.34,31.08,1.38,0.0,2020-07-13 05:30:00+00:00
20200713:0630,31.5,260.1,0.0,85.58,31.54,1.52,0.0,2020-07-13 06:30:00+00:00
20200713:0730,97.25,257.35,0.0,71.84,30.01,2.21,0.0,2020-07-13 07:30:00+00:00
20200713:0830,76.55,177.9,0.0,58.05,29.91,2.48,0.0,2020-07-13 08:30:00+00:00
20200713:0930,110.5,182.65,0.0,44.34,29.6,2.07,0.0,2020-07-13 09:30:00+00:00
20200713:1030,38.2,141.6,0.0,30.77,29.77,2.48,0.0,2020-07-13 10:30:00+00:00
20200713:1130,21.25,60.6,0.0,17.42,28.69,2.76,0.0,2020-07-13 11:30:00+00:00
20200713:1230,0.5,11.39,0.0,4.39,28.22,2.07,0.0,2020-07-13 12:30:00+00:00
20200713:1330,0.0,0.0,0.0,0.0,27.74,2.14,0.0,2020-07-13 13:30:00+00:00
20200713:1430,0.0,0.0,0.0,0.0,27.5,2.0,0.0,2020-07-13 14:30:00+00:00
20200713:1530,0.0,0.0,0.0,0.0,27.37,1.72,0.0,2020-07-13 15:30:00+00:00
20200713:1630,0.0,0.0,0.0,0.0,27.19,1.66,0.0,2020-07-13 16:30:00+00:00
20200713:1730,0.0,0.0,0.0,0.0,27.04,1.93,0.0,2020-07-13 17:30:00+00:00
20200713:1830,0.0,0.0,0.0,0.0,26.88,1.79,0.0,2020-07-13 18:30:00+00:00
20200713:1930,0.0,0.0,0.0,0.0,26.36,2.14,0.0,2020-07-13 19:30:00+00:00
20200713:2030,0.0,0.0,0.0,0.0,25.84,1.93,0.0,2020-07-13 20:30:00+00:00
20200713:2130,0.0,0.0,0.0,0.0,25.71,1.38,0.0,2020-07-13 21:30:00+00:00
20200713:2230,0.0,0.0,0.0,0.0,25.55,1.45,0.0,2020-07-13 22:30:00+00:00
20200713:2330,0.0,0.0,0.0,-0.49,25.61,1.52,0.0,2020-07-13 23:30:00+00:00
20200714:0030,8.7,44.4,0.0,12.29,25.66,1.59,0.0,2020-07-14 00:30:00+00:00
20200714:0130,43.65,94.15,0.0,25.55,26.2,2.07,0.0,2020-07-14 01:30:00+00:00
20200714:0230,36.95,112.8,0.0,39.05,27.01,2.28,0.0,2020-07-14 02:30:00+00:00
20200714:0330,200.9,199.1,0.0,52.72,27.42,2.07,0.0,2020-07-14 03:30:00+00:00
20200714:0430,383.5,217.15,0.0,66.49,28.79,2.34,0.0,2020-07-14 04:30:00+00:00
20200714:0530,329.5,242.75,0.0,80.29,29.98,2.28,0.0,2020-07-14 05:30:00+00:00
20200714:0630,211.45,310.45,0.0,85.56,30.74,1.86,0.0,2020-07-14 06:30:00+00:00
20200714:0730,236.95,303.65,0.0,71.85,31.28,2.28,0.0,2020-07-14 07:30:00+00:00
20200714:0830,77.95,216.3,0.0,58.05,30.1,3.31,0.0,2020-07-14 08:30:00+00:00
20200714:0930,52.6,173.1,0.0,44.34,28.95,3.24,0.0,2020-07-14 09:30:00+00:00
20200714:1030,93.25,139.6,0.0,30.76,28.91,2.83,0.0,2020-07-14 10:30:00+00:00
20200714:1130,15.55,67.7,0.0,17.4,29.11,3.17,0.0,2020-07-14 11:30:00+00:00
20200714:1230,1.4,16.91,0.0,4.36,28.63,2.97,0.0,2020-07-14 12:30:00+00:00
20200714:1330,0.0,0.0,0.0,0.0,28.04,2.69,0.0,2020-07-14 13:30:00+00:00
20200714:1430,0.0,0.0,0.0,0.0,27.55,2.34,0.0,2020-07-14 14:30:00+00:00
20200714:1530,0.0,0.0,0.0,0.0,27.23,2.48,0.0,2020-07-14 15:30:00+00:00
20200714:1630,0.0,0.0,0.0,0.0,27.03,2.48,0.0,2020-07-14 16:30:00+00:00
20200714:1730,0.0,0.0,0.0,0.0,26.69,1.86,0.0,2020-07-14 17:30:00+00:00
20200714:1830,0.0,0.0,0.0,0.0,26.67,1.52,0.0,2020-07-14 18:30:00+00:00
20200714:1930,0.0,0.0,0.0,0.0,26.66,1.66,0.0,2020-07-14 19:30:00+00:00
20200714:2030,0.0,0.0,0.0,0.0,26.67,1.72,0.0,2020-07-14 20:30:00+00:00
20200714:2130,0.0,0.0,0.0,0.0,26.53,2.07,0.0,2020-07-14 21:30:00+00:00
20200714:2230,0.0,0.0,0.0,0.0,26.27,2.21,0.0,2020-07-14 22:30:00+00:00
20200714:2330,0.0,0.0,0.0,-0.58,26.12,1.93,0.0,2020-07-14 23:30:00+00:00
20200715:0030,12.3,66.05,0.0,12.22,26.15,1.86,0.0,2020-07-15 00:30:00+00:00
20200715:0130,90.35,136.5,0.0,25.48,26.66,2.41,0.0,2020-07-15 01:30:00+00:00
20200715:0230,279.85,168.3,0.0,38.99,27.54,2.76,0.0,2020-07-15 02:30:00+00:00
20200715:0330,378.75,208.9,0.0,52.67,28.89,2.76,0.0,2020-07-15 03:30:00+00:00
20200715:0430,327.4,279.8,0.0,66.45,29.99,2.97,0.0,2020-07-15 04:30:00+00:00
20200715:0530,191.85,353.2,0.0,80.24,31.06,3.31,0.0,2020-07-15 05:30:00+00:00
20200715:0630,241.3,260.9,0.0,85.53,31.04,3.59,0.0,2020-07-15 06:30:00+00:00
20200715:0730,309.05,219.3,0.0,71.85,31.35,3.1,0.0,2020-07-15 07:30:00+00:00
20200715:0830,346.15,200.95,0.0,58.06,30.15,4.0,0.0,2020-07-15 08:30:00+00:00
20200715:0930,120.75,172.45,0.0,44.33,29.83,3.93,0.0,2020-07-15 09:30:00+00:00
20200715:1030,65.7,101.9,0.0,30.75,29.9,3.24,0.0,2020-07-15 10:30:00+00:00
20200715:1130,40.55,48.65,0.0,17.37,29.11,3.24,0.0,2020-07-15 11:30:00+00:00
20200715:1230,7.75,13.14,0.0,4.32,28.52,3.45,0.0,2020-07-15 12:30:00+00:00
20200715:1330,0.0,0.0,0.0,0.0,28.03,3.31,0.0,2020-07-15 13:30:00+00:00
20200715:1430,0.0,0.0,0.0,0.0,27.71,3.31,0.0,2020-07-15 14:30:00+00:00
20200715:1530,0.0,0.0,0.0,0.0,27.46,2.97,0.0,2020-07-15 15:30:00+00:00
20200715:1630,0.0,0.0,0.0,0.0,27.26,2.62,0.0,2020-07-15 16:30:00+00:00
20200715:1730,0.0,0.0,0.0,0.0,27.16,2.55,0.0,2020-07-15 17:30:00+00:00
20200715:1830,0.0,0.0,0.0,0.0,26.96,2.48,0.0,2020-07-15 18:30:00+00:00
20200715:1930,0.0,0.0,0.0,0.0,26.8,2.21,0.0,2020-07-15 19:30:00+00:00
20200715:2030,0.0,0.0,0.0,0.0,26.67,2.14,0.0,2020-07-15 20:30:00+00:00
20200715:2130,0.0,0.0,0.0,0.0,26.53,2.14,0.0,2020-07-15 21:30:00+00:00
20200715:2230,0.0,0.0,0.0,0.0,26.56,2.21,0.0,2020-07-15 22:30:00+00:00
20200715:2330,0.0,0.0,0.0,-0.66,26.53,2.41,0.0,2020-07-15 23:30:00+00:00
20200716:0030,45.2,50.85,0.0,12.14,26.5,2.62,0.0,2020-07-16 00:30:00+00:00
20200716:0130,158.3,106.35,0.0,25.41,27.19,2.9,0.0,2020-07-16 01:30:00+00:00
20200716:0230,206.65,149.95,0.0,38.93,28.04,3.45,0.0,2020-07-16 02:30:00+00:00
20200716:0330,406.75,173.35,0.0,52.62,28.85,3.31,0.0,2020-07-16 03:30:00+00:00
20200716:0430,385.3,250.7,0.0,66.4,30.0,3.38,0.0,2020-07-16 04:30:00+00:00
20200716:0530,565.85,206.5,0.0,80.18,31.03,3.38,0.0,2020-07-16 05:30:00+00:00
20200716:0630,372.85,212.85,0.0,85.5,31.68,3.79,0.0,2020-07-16 06:30:00+00:00
20200716:0730,242.95,240.3,0.0,71.85,30.5,3.79,0.0,2020-07-16 07:30:00+00:00
20200716:0830,479.15,173.25,0.0,58.05,30.76,3.45,0.0,2020-07-16 08:30:00+00:00
20200716:0930,293.1,167.7,0.0,44.32,31.4,3.93,0.0,2020-07-16 09:30:00+00:00
20200716:1030,132.55,103.05,0.0,30.73,31.3,3.93,0.0,2020-07-16 10:30:00+00:00
20200716:1130,56.25,57.85,0.0,17.34,30.63,3.38,0.0,2020-07-16 11:30:00+00:00
20200716:1230,3.6,21.49,0.0,4.28,29.76,3.52,0.0,2020-07-16 12:30:00+00:00
20200716:1330,0.0,0.0,0.0,0.0,28.9,3.45,0.0,2020-07-16 13:30:00+00:00
20200716:1430,0.0,0.0,0.0,0.0,28.25,3.38,0.0,2020-07-16 14:30:00+00:00
20200716:1530,0.0,0.0,0.0,0.0,27.96,3.1,0.0,2020-07-16 15:30:00+00:00
20200716:1630,0.0,0.0,0.0,0.0,27.72,2.83,0.0,2020-07-16 16:30:00+00:00
20200716:1730,0.0,0.0,0.0,0.0,27.57,2.76,0.0,2020-07-16 17:30:00+00:00
20200716:1830,0.0,0.0,0.0,0.0,27.39,2.76,0.0,2020-07-16 18:30:00+00:00
20200716:1930,0.0,0.0,0.0,0.0,27.55,2.69,0.0,2020-07-16 19:30:00+00:00
20200716:2030,0.0,0.0,0.0,0.0,27.39,2.48,0.0,2020-07-16 20:30:00+00:00
20200716:2130,0.0,0.0,0.0,0.0,27.13,2.62,0.0,2020-07-16 21:30:00+00:00
20200716:2230,0.0,0.0,0.0,0.0,26.92,2.34,0.0,2020-07-16 22:30:00+00:00
20200716:2330,0.0,0.0,0.0,-0.75,26.88,2.28,0.0,2020-07-16 23:30:00+00:00
20200717:0030,23.3,45.25,0.0,12.06,26.87,2.28,0.0,2020-07-17 00:30:00+00:00
20200717:0130,107.95,121.75,0.0,25.35,27.26,2.34,0.0,2020-07-17 01:30:00+00:00
20200717:0230,270.85,146.1,0.0,38.88,28.1,2.97,0.0,2020-07-17 02:30:00+00:00
20200717:0330,286.7,201.85,0.0,52.57,29.18,3.17,0.0,2020-07-17 03:30:00+00:00
20200717:0430,140.1,265.35,0.0,66.35,30.47,3.72,0.0,2020-07-17 04:30:00+00:00
20200717:0530,422.25,250.85,0.0,80.13,30.36,3.72,0.0,2020-07-17 05:30:00+00:00
20200717:0630,525.25,219.25,0.0,85.46,31.3,3.72,0.0,2020-07-17 06:30:00+00:00
20200717:0730,559.5,190.4,0.0,71.85,31.78,3.24,0.0,2020-07-17 07:30:00+00:00
20200717:0830,399.65,202.55,0.0,58.05,32.21,3.59,0.0,2020-07-17 08:30:00+00:00
20200717:0930,348.55,141.6,0.0,44.31,31.73,3.86,0.0,2020-07-17 09:30:00+00:00
20200717:1030,188.35,108.1,0.0,30.71,30.85,3.93,0.0,2020-07-17 10:30:00+00:00
20200717:1130,49.55,68.2,0.0,17.31,30.63,3.79,0.0,2020-07-17 11:30:00+00:00
20200717:1230,7.05,16.01,0.0,4.24,30.02,3.45,0.0,2020-07-17 12:30:00+00:00
20200717:1330,0.0,0.0,0.0,0.0,29.35,3.31,0.0,2020-07-17 13:30:00+00:00
20200717:1430,0.0,0.0,0.0,0.0,28.87,3.24,0.0,2020-07-17 14:30:00+00:00
20200717:1530,0.0,0.0,0.0,0.0,28.5,2.9,0.0,2020-07-17 15:30:00+00:00
20200717:1630,0.0,0.0,0.0,0.0,28.07,2.62,0.0,2020-07-17 16:30:00+00:00
20200717:1730,0.0,0.0,0.0,0.0,27.8,2.76,0.0,2020-07-17 17:30:00+00:00
20200717:1830,0.0,0.0,0.0,0.0,27.68,3.03,0.0,2020-07-17 18:30:00+00:00
20200717:1930,0.0,0.0,0.0,0.0,27.72,3.1,0.0,2020-07-17 19:30:00+00:00
20200717:2030,0.0,0.0,0.0,0.0,27.64,3.03,0.0,2020-07-17 20:30:00+00:00
20200717:2130,0.0,0.0,0.0,0.0,27.53,3.03,0.0,2020-07-17 21:30:00+00:00
20200717:2230,0.0,0.0,0.0,0.0,27.37,3.03,0.0,2020-07-17 22:30:00+00:00
20200717:2330,0.0,0.0,0.0,-0.84,27.23,2.69,0.0,2020-07-17 23:30:00+00:00
20200718:0030,36.4,61.25,0.0,11.98,27.13,2.48,0.0,2020-07-18 00:30:00+00:00
20200718:0130,145.55,116.95,0.0,25.28,27.75,2.62,0.0,2020-07-18 01:30:00+00:00
20200718:0230,258.7,172.95,0.0,38.82,28.9,3.93,0.0,2020-07-18 02:30:00+00:00
20200718:0330,327.45,152.5,0.0,52.52,29.94,3.66,0.0,2020-07-18 03:30:00+00:00
20200718:0430,419.15,210.05,0.0,66.3,30.55,3.38,0.0,2020-07-18 04:30:00+00:00
20200718:0530,254.85,271.55,0.0,80.07,31.63,3.38,0.0,2020-07-18 05:30:00+00:00
20200718:0630,468.0,260.95,0.0,85.4,31.25,3.38,0.0,2020-07-18 06:30:00+00:00
20200718:0730,319.55,278.9,0.0,71.84,32.43,3.93,0.0,2020-07-18 07:30:00+00:00
20200718:0830,294.05,209.45,0.0,58.04,31.5,3.79,0.0,2020-07-18 08:30:00+00:00
20200718:0930,222.45,160.3,0.0,44.29,31.32,4.41,0.0,2020-07-18 09:30:00+00:00
20200718:1030,163.15,112.25,0.0,30.68,31.31,4.41,0.0,2020-07-18 10:30:00+00:00
20200718:1130,83.6,74.6,0.0,17.28,31.0,4.07,0.0,2020-07-18 11:30:00+00:00
20200718:1230,5.75,17.21,0.0,4.19,30.57,3.66,0.0,2020-07-18 12:30:00+00:00
20200718:1330,0.0,0.0,0.0,0.0,29.84,3.66,0.0,2020-07-18 13:30:00+00:00
20200718:1430,0.0,0.0,0.0,0.0,29.17,3.59,0.0,2020-07-18 14:30:00+00:00
20200718:1530,0.0,0.0,0.0,0.0,28.78,3.24,0.0,2020-07-18 15:30:00+00:00
20200718:1630,0.0,0.0,0.0,0.0,28.41,2.97,0.0,2020-07-18 16:30:00+00:00
20200718:1730,0.0,0.0,0.0,0.0,28.19,3.1,0.0,2020-07-18 17:30:00+00:00
20200718:1830,0.0,0.0,0.0,0.0,28.11,3.31,0.0,2020-07-18 18:30:00+00:00
20200718:1930,0.0,0.0,0.0,0.0,28.08,3.31,0.0,2020-07-18 19:30:00+00:00
20200718:2030,0.0,0.0,0.0,0.0,27.98,3.38,0.0,2020-07-18 20:30:00+00:00
20200718:2130,0.0,0.0,0.0,0.0,27.9,3.52,0.0,2020-07-18 21:30:00+00:00
20200718:2230,0.0,0.0,0.0,0.0,27.72,3.45,0.0,2020-07-18 22:30:00+00:00
20200718:2330,0.0,0.0,0.0,-0.93,27.65,3.45,0.0,2020-07-18 23:30:00+00:00
20200719:0030,26.25,58.45,0.0,11.91,27.53,3.38,0.0,2020-07-19 00:30:00+00:00
20200719:0130,111.9,132.9,0.0,25.21,27.91,3.24,0.0,2020-07-19 01:30:00+00:00
20200719:0230,179.6,203.9,0.0,38.76,28.95,4.76,0.0,2020-07-19 02:30:00+00:00
20200719:0330,345.6,235.8,0.0,52.47,29.9,4.0,0.0,2020-07-19 03:30:00+00:00
20200719:0430,511.05,230.65,0.0,66.26,30.94,3.86,0.0,2020-07-19 04:30:00+00:00
20200719:0530,467.75,209.05,0.0,80.01,31.91,3.86,0.0,2020-07-19 05:30:00+00:00
20200719:0630,536.7,246.1,0.0,85.34,32.31,3.79,0.0,2020-07-19 06:30:00+00:00
20200719:0730,386.25,248.2,0.0,71.82,33.24,4.55,0.0,2020-07-19 07:30:00+00:00
20200719:0830,217.55,187.95,0.0,58.02,32.23,4.55,0.0,2020-07-19 08:30:00+00:00
20200719:0930,41.75,152.5,0.0,44.27,30.81,3.79,0.0,2020-07-19 09:30:00+00:00
20200719:1030,27.9,175.95,0.0,30.65,30.25,3.1,0.0,2020-07-19 10:30:00+00:00
20200719:1130,20.55,87.75,0.0,17.24,30.32,3.38,0.0,2020-07-19 11:30:00+00:00
20200719:1230,0.65,19.81,0.0,4.14,30.04,3.66,0.0,2020-07-19 12:30:00+00:00
20200719:1330,0.0,0.0,0.0,0.0,29.55,3.66,0.0,2020-07-19 13:30:00+00:00
20200719:1430,0.0,0.0,0.0,0.0,29.19,3.66,0.0,2020-07-19 14:30:00+00:00
20200719:1530,0.0,0.0,0.0,0.0,28.9,3.52,0.0,2020-07-19 15:30:00+00:00
20200719:1630,0.0,0.0,0.0,0.0,28.76,3.52,0.0,2020-07-19 16:30:00+00:00
20200719:1730,0.0,0.0,0.0,0.0,28.57,3.45,0.0,2020-07-19 17:30:00+00:00
20200719:1830,0.0,0.0,0.0,0.0,28.46,3.52,0.0,2020-07-19 18:30:00+00:00
20200719:1930,0.0,0.0,0.0,0.0,28.29,3.38,0.0,2020-07-19 19:30:00+00:00
20200719:2030,0.0,0.0,0.0,0.0,28.19,3.52,0.0,2020-07-19 20:30:00+00:00
20200719:2130,0.0,0.0,0.0,0.0,28.02,3.59,0.0,2020-07-19 21:30:00+00:00
20200719:2230,0.0,0.0,0.0,0.0,27.88,3.45,0.0,2020-07-19 22:30:00+00:00
20200719:2330,0.0,0.0,0.0,-1.03,27.79,3.38,0.0,2020-07-19 23:30:00+00:00
20200720:0030,5.15,64.35,0.0,11.83,27.67,3.38,0.0,2020-07-20 00:30:00+00:00
20200720:0130,32.2,146.9,0.0,25.14,28.06,3.1,0.0,2020-07-20 01:30:00+00:00
20200720:0230,100.05,211.25,0.0,38.7,28.78,4.41,0.0,2020-07-20 02:30:00+00:00
20200720:0330,151.3,293.3,0.0,52.41,29.57,4.41,0.0,2020-07-20 03:30:00+00:00
20200720:0430,248.75,365.6,0.0,66.21,30.31,4.07,0.0,2020-07-20 04:30:00+00:00
20200720:0530,291.9,346.05,0.0,79.95,31.24,4.0,0.0,2020-07-20 05:30:00+00:00
20200720:0630,119.45,304.9,0.0,85.26,32.15,4.07,0.0,2020-07-20 06:30:00+00:00
20200720:0730,99.3,226.2,0.0,71.81,31.79,4.0,0.0,2020-07-20 07:30:00+00:00
20200720:0830,62.9,194.45,0.0,58.01,30.25,3.59,0.0,2020-07-20 08:30:00+00:00
20200720:0930,1.55,148.5,0.0,44.25,30.25,3.66,0.0,2020-07-20 09:30:00+00:00
20200720:1030,11.75,154.95,0.0,30.62,29.49,3.59,0.0,2020-07-20 10:30:00+00:00
20200720:1130,4.3,78.8,0.0,17.19,29.53,2.97,0.0,2020-07-20 11:30:00+00:00
20200720:1230,0.15,13.08,0.0,4.08,29.42,3.52,0.0,2020-07-20 12:30:00+00:00
20200720:1330,0.0,0.0,0.0,0.0,29.22,3.79,0.0,2020-07-20 13:30:00+00:00
20200720:1430,0.0,0.0,0.0,0.0,28.92,3.59,0.0,2020-07-20 14:30:00+00:00
20200720:1530,0.0,0.0,0.0,0.0,28.68,3.72,0.0,2020-07-20 15:30:00+00:00
20200720:1630,0.0,0.0,0.0,0.0,28.49,3.72,0.0,2020-07-20 16:30:00+00:00
20200720:1730,0.0,0.0,0.0,0.0,28.31,3.59,0.0,2020-07-20 17:30:00+00:00
20200720:1830,0.0,0.0,0.0,0.0,28.2,3.66,0.0,2020-07-20 18:30:00+00:00
20200720:1930,0.0,0.0,0.0,0.0,28.08,3.59,0.0,2020-07-20 19:30:00+00:00
20200720:2030,0.0,0.0,0.0,0.0,27.91,3.66,0.0,2020-07-20 20:30:00+00:00
20200720:2130,0.0,0.0,0.0,0.0,27.76,3.59,0.0,2020-07-20 21:30:00+00:00
20200720:2230,0.0,0.0,0.0,0.0,27.64,3.59,0.0,2020-07-20 22:30:00+00:00
20200720:2330,0.0,0.0,0.0,-1.12,27.51,3.45,0.0,2020-07-20 23:30:00+00:00
20200721:0030,3.85,39.1,0.0,11.75,27.38,3.38,0.0,2020-07-21 00:30:00+00:00
20200721:0130,21.0,111.9,0.0,25.08,27.43,3.17,0.0,2020-07-21 01:30:00+00:00
20200721:0230,58.35,201.95,0.0,38.64,27.85,2.97,0.0,2020-07-21 02:30:00+00:00
20200721:0330,91.1,266.25,0.0,52.36,28.62,4.21,0.0,2020-07-21 03:30:00+00:00
20200721:0430,101.0,252.35,0.0,66.16,29.19,3.24,0.0,2020-07-21 04:30:00+00:00
20200721:0530,152.0,322.5,0.0,79.88,29.67,3.1,0.0,2020-07-21 05:30:00+00:00
20200721:0630,21.55,290.9,0.0,85.18,30.88,3.1,0.0,2020-07-21 06:30:00+00:00
20200721:0730,40.55,235.3,0.0,71.78,30.03,3.1,0.0,2020-07-21 07:30:00+00:00
20200721:0830,4.6,96.1,0.0,57.98,29.17,3.79,0.0,2020-07-21 08:30:00+00:00
20200721:0930,0.05,76.15,0.0,44.22,28.1,3.45,0.0,2020-07-21 09:30:00+00:00
20200721:1030,4.9,107.65,0.0,30.58,27.78,3.1,0.0,2020-07-21 10:30:00+00:00
20200721:1130,0.1,57.95,0.0,17.15,27.93,3.1,0.0,2020-07-21 11:30:00+00:00
20200721:1230,0.0,11.65,0.0,4.02,27.72,2.76,0.0,2020-07-21 12:30:00+00:00
20200721:1330,0.0,0.0,0.0,0.0,27.4,2.62,0.0,2020-07-21 13:30:00+00:00
20200721:1430,0.0,0.0,0.0,0.0,27.32,2.9,0.0,2020-07-21 14:30:00+00:00
20200721:1530,0.0,0.0,0.0,0.0,27.31,2.9,0.0,2020-07-21 15:30:00+00:00
20200721:1630,0.0,0.0,0.0,0.0,27.3,2.48,0.0,2020-07-21 16:30:00+00:00
20200721:1730,0.0,0.0,0.0,0.0,27.28,2.48,0.0,2020-07-21 17:30:00+00:00
20200721:1830,0.0,0.0,0.0,0.0,27.22,2.83,0.0,2020-07-21 18:30:00+00:00
20200721:1930,0.0,0.0,0.0,0.0,26.76,2.55,0.0,2020-07-21 19:30:00+00:00
20200721:2030,0.0,0.0,0.0,0.0,26.62,2.62,0.0,2020-07-21 20:30:00+00:00
20200721:2130,0.0,0.0,0.0,0.0,26.45,2.76,0.0,2020-07-21 21:30:00+00:00
20200721:2230,0.0,0.0,0.0,0.0,26.31,2.76,0.0,2020-07-21 22:30:00+00:00
20200721:2330,0.0,0.0,0.0,-1.21,26.2,2.48,0.0,2020-07-21 23:30:00+00:00
20200722:0030,0.0,6.3,0.0,11.67,26.15,2.07,0.0,2020-07-22 00:30:00+00:00
20200722:0130,6.5,30.3,0.0,25.01,26.15,1.93,0.0,2020-07-22 01:30:00+00:00
20200722:0230,0.35,59.9,0.0,38.59,26.35,1.86,0.0,2020-07-22 02:30:00+00:00
20200722:0330,0.0,69.25,0.0,52.31,26.73,2.28,0.0,2020-07-22 03:30:00+00:00
20200722:0430,0.0,100.25,0.0,66.11,26.86,2.48,0.0,2020-07-22 04:30:00+00:00
20200722:0530,2.0,141.2,0.0,79.82,27.09,2.62,0.0,2020-07-22 05:30:00+00:00
20200722:0630,3.85,137.1,0.0,85.08,27.32,3.1,0.0,2020-07-22 06:30:00+00:00
20200722:0730,4.1,145.4,0.0,71.76,27.26,3.1,0.0,2020-07-22 07:30:00+00:00
20200722:0830,1.75,118.95,0.0,57.96,27.19,3.03,0.0,2020-07-22 08:30:00+00:00
20200722:0930,0.0,82.75,0.0,44.19,27.18,2.34,0.0,2020-07-22 09:30:00+00:00
20200722:1030,0.15,97.0,0.0,30.54,27.21,2.21,0.0,2020-07-22 10:30:00+00:00
20200722:1130,3.75,62.85,0.0,17.1,27.36,2.14,0.0,2020-07-22 11:30:00+00:00
20200722:1230,0.95,13.61,0.0,3.95,27.36,1.24,0.0,2020-07-22 12:30:00+00:00
20200722:1330,0.0,0.0,0.0,0.0,27.09,1.24,0.0,2020-07-22 13:30:00+00:00
20200722:1430,0.0,0.0,0.0,0.0,26.9,1.52,0.0,2020-07-22 14:30:00+00:00
20200722:1530,0.0,0.0,0.0,0.0,26.82,1.52,0.0,2020-07-22 15:30:00+00:00
20200722:1630,0.0,0.0,0.0,0.0,26.62,1.38,0.0,2020-07-22 16:30:00+00:00
20200722:1730,0.0,0.0,0.0,0.0,26.57,1.31,0.0,2020-07-22 17:30:00+00:00
20200722:1830,0.0,0.0,0.0,0.0,26.42,0.97,0.0,2020-07-22 18:30:00+00:00
20200722:1930,0.0,0.0,0.0,0.0,26.64,1.17,0.0,2020-07-22 19:30:00+00:00
20200722:2030,0.0,0.0,0.0,0.0,26.51,0.97,0.0,2020-07-22 20:30:00+00:00
20200722:2130,0.0,0.0,0.0,0.0,26.4,0.97,0.0,2020-07-22 21:30:00+00:00
20200722:2230,0.0,0.0,0.0,0.0,26.09,0.62,0.0,2020-07-22 22:30:00+00:00
20200722:2330,0.0,0.0,0.0,-1.3,26.0,0.9,0.0,2020-07-22 23:30:00+00:00
20200723:0030,0.0,15.2,0.0,11.59,25.8,0.9,0.0,2020-07-23 00:30:00+00:00
20200723:0130,0.2,30.0,0.0,24.94,25.79,0.55,0.0,2020-07-23 01:30:00+00:00
20200723:0230,2.5,42.4,0.0,38.53,25.68,0.21,0.0,2020-07-23 02:30:00+00:00
20200723:0330,13.75,80.65,0.0,52.26,26.0,0.41,0.0,2020-07-23 03:30:00+00:00
20200723:0430,10.3,143.6,0.0,66.06,26.33,1.03,0.0,2020-07-23 04:30:00+00:00
20200723:0530,13.95,155.65,0.0,79.75,26.9,1.38,0.0,2020-07-23 05:30:00+00:00
20200723:0630,350.75,233.95,0.0,84.97,27.34,1.17,0.0,2020-07-23 06:30:00+00:00
20200723:0730,158.6,240.2,0.0,71.72,30.66,2.41,0.0,2020-07-23 07:30:00+00:00
20200723:0830,73.85,222.85,0.0,57.93,30.78,2.48,0.0,2020-07-23 08:30:00+00:00
20200723:0930,87.4,192.65,0.0,44.16,30.3,2.76,0.0,2020-07-23 09:30:00+00:00
20200723:1030,19.2,130.4,0.0,30.5,29.49,3.45,0.0,2020-07-23 10:30:00+00:00
20200723:1130,11.15,51.9,0.0,17.04,28.1,2.69,0.0,2020-07-23 11:30:00+00:00
20200723:1230,2.3,12.13,0.0,3.88,27.6,1.45,0.0,2020-07-23 12:30:00+00:00
20200723:1330,0.0,0.0,0.0,0.0,27.32,1.03,0.0,2020-07-23 13:30:00+00:00
20200723:1430,0.0,0.0,0.0,0.0,26.98,1.52,0.0,2020-07-23 14:30:00+00:00
20200723:1530,0.0,0.0,0.0,0.0,26.8,1.72,0.0,2020-07-23 15:30:00+00:00
20200723:1630,0.0,0.0,0.0,0.0,26.44,1.52,0.0,2020-07-23 16:30:00+00:00
20200723:1730,0.0,0.0,0.0,0.0,26.03,1.66,0.0,2020-07-23 17:30:00+00:00
20200723:1830,0.0,0.0,0.0,0.0,25.45,1.66,0.0,2020-07-23 18:30:00+00:00
20200723:1930,0.0,0.0,0.0,0.0,25.96,1.72,0.0,2020-07-23 19:30:00+00:00
20200723:2030,0.0,0.0,0.0,0.0,25.75,1.72,0.0,2020-07-23 20:30:00+00:00
20200723:2130,0.0,0.0,0.0,0.0,25.56,1.59,0.0,2020-07-23 21:30:00+00:00
20200723:2230,0.0,0.0,0.0,0.0,25.42,1.52,0.0,2020-07-23 22:30:00+00:00
20200723:2330,0.0,0.0,0.0,-1.4,25.35,1.52,0.0,2020-07-23 23:30:00+00:00
20200724:0030,7.9,49.35,0.0,11.51,25.33,1.72,0.0,2020-07-24 00:30:00+00:00
20200724:0130,30.35,119.35,0.0,24.88,25.86,2.07,0.0,2020-07-24 01:30:00+00:00
20200724:0230,100.15,201.1,0.0,38.47,26.69,2.14,0.0,2020-07-24 02:30:00+00:00
20200724:0330,45.75,219.8,0.0,52.21,28.07,2.14,0.0,2020-07-24 03:30:00+00:00
20200724:0430,211.15,350.55,0.0,66.01,28.65,1.93,0.0,2020-07-24 04:30:00+00:00
20200724:0530,232.9,343.05,0.0,79.67,30.0,1.93,0.0,2020-07-24 05:30:00+00:00
20200724:0630,137.1,326.0,0.0,84.86,31.03,1.66,0.0,2020-07-24 06:30:00+00:00
20200724:0730,111.45,206.1,0.0,71.68,29.42,3.45,0.0,2020-07-24 07:30:00+00:00
20200724:0830,110.55,232.15,0.0,57.89,28.17,3.31,0.0,2020-07-24 08:30:00+00:00
20200724:0930,137.45,198.9,0.0,44.12,28.22,3.79,0.0,2020-07-24 09:30:00+00:00
20200724:1030,176.5,123.35,0.0,30.45,28.4,3.79,0.0,2020-07-24 10:30:00+00:00
20200724:1130,50.8,78.15,0.0,16.98,28.73,3.1,0.0,2020-07-24 11:30:00+00:00
20200724:1230,4.25,12.75,0.0,3.81,28.06,2.34,0.0,2020-07-24 12:30:00+00:00
20200724:1330,0.0,0.0,0.0,0.0,27.36,2.0,0.0,2020-07-24 13:30:00+00:00
20200724:1430,0.0,0.0,0.0,0.0,26.89,1.72,0.0,2020-07-24 14:30:00+00:00
20200724:1530,0.0,0.0,0.0,0.0,26.56,1.79,0.0,2020-07-24 15:30:00+00:00
20200724:1630,0.0,0.0,0.0,0.0,26.38,1.66,0.0,2020-07-24 16:30:00+00:00
20200724:1730,0.0,0.0,0.0,0.0,26.26,1.38,0.0,2020-07-24 17:30:00+00:00
20200724:1830,0.0,0.0,0.0,0.0,25.94,1.38,0.0,2020-07-24 18:30:00+00:00
20200724:1930,0.0,0.0,0.0,0.0,26.07,1.17,0.0,2020-07-24 19:30:00+00:00
20200724:2030,0.0,0.0,0.0,0.0,25.79,1.38,0.0,2020-07-24 20:30:00+00:00
20200724:2130,0.0,0.0,0.0,0.0,25.65,1.38,0.0,2020-07-24 21:30:00+00:00
20200724:2230,0.0,0.0,0.0,0.0,25.4,1.45,0.0,2020-07-24 22:30:00+00:00
20200724:2330,0.0,0.0,0.0,-1.49,25.29,1.59,0.0,2020-07-24 23:30:00+00:00
20200725:0030,49.85,56.2,0.0,11.43,25.28,1.45,0.0,2020-07-25 00:30:00+00:00
20200725:0130,196.35,100.45,0.0,24.81,26.21,1.72,0.0,2020-07-25 01:30:00+00:00
20200725:0230,331.5,147.2,0.0,38.42,27.65,2.0,0.0,2020-07-25 02:30:00+00:00
20200725:0330,488.9,163.65,0.0,52.16,28.92,2.0,0.0,2020-07-25 03:30:00+00:00
20200725:0430,526.7,183.15,0.0,65.96,30.16,2.21,0.0,2020-07-25 04:30:00+00:00
20200725:0530,558.35,226.25,0.0,79.6,31.0,2.55,0.0,2020-07-25 05:30:00+00:00
20200725:0630,499.45,183.2,0.0,84.73,31.68,2.76,0.0,2020-07-25 06:30:00+00:00
20200725:0730,398.9,229.55,0.0,71.64,31.91,2.14,0.0,2020-07-25 07:30:00+00:00
20200725:0830,510.0,147.25,0.0,57.85,32.01,2.41,0.0,2020-07-25 08:30:00+00:00
20200725:0930,291.8,179.55,0.0,44.07,32.08,2.55,0.0,2020-07-25 09:30:00+00:00
20200725:1030,223.75,109.35,0.0,30.4,31.84,2.21,0.0,2020-07-25 10:30:00+00:00
20200725:1130,84.85,68.6,0.0,16.92,31.26,2.21,0.0,2020-07-25 11:30:00+00:00
20200725:1230,6.2,16.89,0.0,3.73,30.41,2.07,0.0,2020-07-25 12:30:00+00:00
20200725:1330,0.0,0.0,0.0,0.0,29.53,1.79,0.0,2020-07-25 13:30:00+00:00
20200725:1430,0.0,0.0,0.0,0.0,28.82,1.93,0.0,2020-07-25 14:30:00+00:00
20200725:1530,0.0,0.0,0.0,0.0,28.31,2.21,0.0,2020-07-25 15:30:00+00:00
20200725:1630,0.0,0.0,0.0,0.0,27.96,2.34,0.0,2020-07-25 16:30:00+00:00
20200725:1730,0.0,0.0,0.0,0.0,27.63,2.48,0.0,2020-07-25 17:30:00+00:00
20200725:1830,0.0,0.0,0.0,0.0,27.38,2.41,0.0,2020-07-25 18:30:00+00:00
20200725:1930,0.0,0.0,0.0,0.0,27.35,2.21,0.0,2020-07-25 19:30:00+00:00
20200725:2030,0.0,0.0,0.0,0.0,27.18,2.14,0.0,2020-07-25 20:30:00+00:00
20200725:2130,0.0,0.0,0.0,0.0,26.99,2.0,0.0,2020-07-25 21:30:00+00:00
20200725:2230,0.0,0.0,0.0,0.0,26.84,1.86,0.0,2020-07-25 22:30:00+00:00
20200725:2330,0.0,0.0,0.0,-1.59,26.65,1.72,0.0,2020-07-25 23:30:00+00:00
20200726:0030,47.95,53.0,0.0,11.36,26.62,1.52,0.0,2020-07-26 00:30:00+00:00
20200726:0130,192.95,101.8,0.0,24.74,27.77,1.59,0.0,2020-07-26 01:30:00+00:00
20200726:0230,344.35,149.2,0.0,38.36,29.2,2.48,0.0,2020-07-26 02:30:00+00:00
20200726:0330,453.65,198.3,0.0,52.11,30.32,1.93,0.0,2020-07-26 03:30:00+00:00
20200726:0430,561.2,198.5,0.0,65.91,31.29,1.45,0.0,2020-07-26 04:30:00+00:00
20200726:0530,625.95,209.85,0.0,79.52,32.08,1.17,0.0,2020-07-26 05:30:00+00:00
20200726:0630,497.75,244.3,0.0,84.59,32.7,1.31,0.0,2020-07-26 06:30:00+00:00
20200726:0730,312.2,293.6,0.0,71.59,33.72,1.17,0.0,2020-07-26 07:30:00+00:00
20200726:0830,365.95,203.2,0.0,57.81,33.86,1.1,0.0,2020-07-26 08:30:00+00:00
20200726:0930,236.65,183.65,0.0,44.03,33.85,1.45,0.0,2020-07-26 09:30:00+00:00
20200726:1030,84.65,136.4,0.0,30.34,31.32,1.86,0.0,2020-07-26 10:30:00+00:00
20200726:1130,34.8,81.85,0.0,16.85,30.43,2.0,0.0,2020-07-26 11:30:00+00:00
20200726:1230,1.45,15.23,0.0,3.65,30.07,1.72,0.0,2020-07-26 12:30:00+00:00
20200726:1330,0.0,0.0,0.0,0.0,29.38,1.72,0.0,2020-07-26 13:30:00+00:00
20200726:1430,0.0,0.0,0.0,0.0,28.95,1.66,0.0,2020-07-26 14:30:00+00:00
20200726:1530,0.0,0.0,0.0,0.0,28.64,1.52,0.0,2020-07-26 15:30:00+00:00
20200726:1630,0.0,0.0,0.0,0.0,28.4,1.79,0.0,2020-07-26 16:30:00+00:00
20200726:1730,0.0,0.0,0.0,0.0,28.19,2.07,0.0,2020-07-26 17:30:00+00:00
20200726:1830,0.0,0.0,0.0,0.0,28.08,2.07,0.0,2020-07-26 18:30:00+00:00
20200726:1930,0.0,0.0,0.0,0.0,28.26,2.14,0.0,2020-07-26 19:30:00+00:00
20200726:2030,0.0,0.0,0.0,0.0,28.11,1.93,0.0,2020-07-26 20:30:00+00:00
20200726:2130,0.0,0.0,0.0,0.0,27.94,1.93,0.0,2020-07-26 21:30:00+00:00
20200726:2230,0.0,0.0,0.0,0.0,27.89,1.93,0.0,2020-07-26 22:30:00+00:00
20200726:2330,0.0,0.0,0.0,-1.68,27.74,1.79,0.0,2020-07-26 23:30:00+00:00
20200727:0030,14.45,50.2,0.0,11.28,27.58,1.79,0.0,2020-07-27 00:30:00+00:00
20200727:0130,40.0,121.1,0.0,24.68,28.05,1.93,0.0,2020-07-27 01:30:00+00:00
20200727:0230,45.0,197.2,0.0,38.31,28.45,1.59,0.0,2020-07-27 02:30:00+00:00
20200727:0330,55.9,245.35,0.0,52.06,29.12,1.17,0.0,2020-07-27 03:30:00+00:00
20200727:0430,233.8,303.65,0.0,65.86,29.86,1.03,0.0,2020-07-27 04:30:00+00:00
20200727:0530,316.0,337.7,0.0,79.43,30.92,1.24,0.0,2020-07-27 05:30:00+00:00
20200727:0630,161.45,349.2,0.0,84.44,31.77,1.17,0.0,2020-07-27 06:30:00+00:00
20200727:0730,88.2,285.75,0.0,71.53,32.84,1.31,0.0,2020-07-27 07:30:00+00:00
20200727:0830,118.05,260.05,0.0,57.76,32.85,0.28,0.0,2020-07-27 08:30:00+00:00
20200727:0930,97.2,251.8,0.0,43.97,32.19,1.24,0.0,2020-07-27 09:30:00+00:00
20200727:1030,47.8,171.75,0.0,30.28,31.07,2.55,0.0,2020-07-27 10:30:00+00:00
20200727:1130,14.7,75.85,0.0,16.78,30.1,2.07,0.0,2020-07-27 11:30:00+00:00
20200727:1230,0.0,11.2,0.0,3.56,29.31,0.55,0.0,2020-07-27 12:30:00+00:00
20200727:1330,0.0,0.0,0.0,0.0,28.72,0.28,0.0,2020-07-27 13:30:00+00:00
20200727:1430,0.0,0.0,0.0,0.0,28.05,0.34,0.0,2020-07-27 14:30:00+00:00
20200727:1530,0.0,0.0,0.0,0.0,27.58,0.62,0.0,2020-07-27 15:30:00+00:00
20200727:1630,0.0,0.0,0.0,0.0,27.42,1.03,0.0,2020-07-27 16:30:00+00:00
20200727:1730,0.0,0.0,0.0,0.0,27.36,1.03,0.0,2020-07-27 17:30:00+00:00
20200727:1830,0.0,0.0,0.0,0.0,27.29,1.1,0.0,2020-07-27 18:30:00+00:00
20200727:1930,0.0,0.0,0.0,0.0,27.17,0.83,0.0,2020-07-27 19:30:00+00:00
20200727:2030,0.0,0.0,0.0,0.0,27.18,0.97,0.0,2020-07-27 20:30:00+00:00
20200727:2130,0.0,0.0,0.0,0.0,27.04,1.03,0.0,2020-07-27 21:30:00+00:00
20200727:2230,0.0,0.0,0.0,0.0,26.91,0.83,0.0,2020-07-27 22:30:00+00:00
20200727:2330,0.0,0.0,0.0,-1.78,26.94,0.9,0.0,2020-07-27 23:30:00+00:00
20200728:0030,6.15,33.45,0.0,11.2,26.87,1.52,0.0,2020-07-28 00:30:00+00:00
20200728:0130,24.65,117.85,0.0,24.61,27.11,1.79,0.0,2020-07-28 01:30:00+00:00
20200728:0230,148.45,196.45,0.0,38.25,27.8,2.0,0.0,2020-07-28 02:30:00+00:00
20200728:0330,300.6,214.8,0.0,52.01,29.19,2.07,0.0,2020-07-28 03:30:00+00:00
20200728:0430,157.45,269.75,0.0,65.81,30.54,2.69,0.0,2020-07-28 04:30:00+00:00
20200728:0530,123.95,296.15,0.0,79.35,30.1,2.76,0.0,2020-07-28 05:30:00+00:00
20200728:0630,276.3,268.9,0.0,84.28,30.01,2.9,0.0,2020-07-28 06:30:00+00:00
20200728:0730,197.0,310.15,0.0,71.47,30.89,2.9,0.0,2020-07-28 07:30:00+00:00
20200728:0830,33.35,173.4,0.0,57.71,29.6,3.45,0.0,2020-07-28 08:30:00+00:00
20200728:0930,58.45,238.2,0.0,43.92,29.2,1.45,0.0,2020-07-28 09:30:00+00:00
20200728:1030,19.55,127.0,0.0,30.22,29.91,2.55,0.0,2020-07-28 10:30:00+00:00
20200728:1130,9.45,58.1,0.0,16.7,28.62,2.07,0.0,2020-07-28 11:30:00+00:00
20200728:1230,1.5,12.07,0.0,3.47,28.37,1.66,0.0,2020-07-28 12:30:00+00:00
20200728:1330,0.0,0.0,0.0,0.0,27.97,2.0,0.0,2020-07-28 13:30:00+00:00
20200728:1430,0.0,0.0,0.0,0.0,27.76,2.07,0.0,2020-07-28 14:30:00+00:00
20200728:1530,0.0,0.0,0.0,0.0,27.68,2.07,0.0,2020-07-28 15:30:00+00:00
20200728:1630,0.0,0.0,0.0,0.0,27.26,1.93,0.0,2020-07-28 16:30:00+00:00
20200728:1730,0.0,0.0,0.0,0.0,27.06,2.28,0.0,2020-07-28 17:30:00+00:00
20200728:1830,0.0,0.0,0.0,0.0,27.06,2.62,0.0,2020-07-28 18:30:00+00:00
20200728:1930,0.0,0.0,0.0,0.0,26.46,1.17,0.0,2020-07-28 19:30:00+00:00
20200728:2030,0.0,0.0,0.0,0.0,26.14,1.59,0.0,2020-07-28 20:30:00+00:00
20200728:2130,0.0,0.0,0.0,0.0,25.96,1.72,0.0,2020-07-28 21:30:00+00:00
20200728:2230,0.0,0.0,0.0,0.0,25.89,1.59,0.0,2020-07-28 22:30:00+00:00
20200728:2330,0.0,0.0,0.0,-1.87,25.9,1.86,0.0,2020-07-28 23:30:00+00:00
20200729:0030,13.35,56.65,0.0,11.12,25.94,1.86,0.0,2020-07-29 00:30:00+00:00
20200729:0130,36.05,138.0,0.0,24.55,26.63,2.14,0.0,2020-07-29 01:30:00+00:00
20200729:0230,78.85,191.9,0.0,38.19,27.49,3.17,0.0,2020-07-29 02:30:00+00:00
20200729:0330,146.7,262.15,0.0,51.96,28.47,3.52,0.0,2020-07-29 03:30:00+00:00
20200729:0430,299.75,287.05,0.0,65.76,29.31,3.66,0.0,2020-07-29 04:30:00+00:00
20200729:0530,449.4,239.45,0.0,79.25,30.4,4.0,0.0,2020-07-29 05:30:00+00:00
20200729:0630,103.2,338.5,0.0,84.11,31.27,4.0,0.0,2020-07-29 06:30:00+00:00
20200729:0730,111.25,306.45,0.0,71.4,31.07,3.31,0.0,2020-07-29 07:30:00+00:00
20200729:0830,100.7,254.15,0.0,57.65,29.95,2.62,0.0,2020-07-29 08:30:00+00:00
20200729:0930,31.85,153.35,0.0,43.86,30.07,2.97,0.0,2020-07-29 09:30:00+00:00
20200729:1030,57.9,137.55,0.0,30.15,29.69,2.76,0.0,2020-07-29 10:30:00+00:00
20200729:1130,25.65,81.15,0.0,16.62,29.77,2.83,0.0,2020-07-29 11:30:00+00:00
20200729:1230,1.2,16.79,0.0,3.37,29.46,2.69,0.0,2020-07-29 12:30:00+00:00
20200729:1330,0.0,0.0,0.0,0.0,28.93,2.62,0.0,2020-07-29 13:30:00+00:00
20200729:1430,0.0,0.0,0.0,0.0,28.59,2.9,0.0,2020-07-29 14:30:00+00:00
20200729:1530,0.0,0.0,0.0,0.0,28.33,2.97,0.0,2020-07-29 15:30:00+00:00
20200729:1630,0.0,0.0,0.0,0.0,28.02,2.76,0.0,2020-07-29 16:30:00+00:00
20200729:1730,0.0,0.0,0.0,0.0,27.73,2.62,0.0,2020-07-29 17:30:00+00:00
20200729:1830,0.0,0.0,0.0,0.0,27.38,2.55,0.0,2020-07-29 18:30:00+00:00
20200729:1930,0.0,0.0,0.0,0.0,27.36,2.69,0.0,2020-07-29 19:30:00+00:00
20200729:2030,0.0,0.0,0.0,0.0,27.28,2.48,0.0,2020-07-29 20:30:00+00:00
20200729:2130,0.0,0.0,0.0,0.0,27.06,2.14,0.0,2020-07-29 21:30:00+00:00
20200729:2230,0.0,0.0,0.0,0.0,26.84,1.79,0.0,2020-07-29 22:30:00+00:00
20200729:2330,0.0,0.0,0.0,-1.96,26.6,1.72,0.0,2020-07-29 23:30:00+00:00
20200730:0030,14.35,59.05,0.0,11.04,26.54,1.86,0.0,2020-07-30 00:30:00+00:00
20200730:0130,64.4,144.95,0.0,24.49,27.34,2.07,0.0,2020-07-30 01:30:00+00:00
20200730:0230,134.35,210.05,0.0,38.14,28.39,3.1,0.0,2020-07-30 02:30:00+00:00
20200730:0330,321.85,238.4,0.0,51.92,29.29,2.55,0.0,2020-07-30 03:30:00+00:00
20200730:0430,385.05,275.3,0.0,65.71,30.5,2.55,0.0,2020-07-30 04:30:00+00:00
20200730:0530,637.35,208.1,0.0,79.16,31.24,2.76,0.0,2020-07-30 05:30:00+00:00
20200730:0630,304.25,333.35,0.0,83.93,32.02,2.9,0.0,2020-07-30 06:30:00+00:00
20200730:0730,389.05,243.55,0.0,71.32,31.9,2.55,0.0,2020-07-30 07:30:00+00:00
20200730:0830,467.7,224.4,0.0,57.59,32.14,1.93,0.0,2020-07-30 08:30:00+00:00
20200730:0930,325.7,166.9,0.0,43.79,32.53,2.07,0.0,2020-07-30 09:30:00+00:00
20200730:1030,130.8,139.65,0.0,30.07,32.07,1.86,0.0,2020-07-30 10:30:00+00:00
20200730:1130,35.2,80.5,0.0,16.53,30.21,2.55,0.0,2020-07-30 11:30:00+00:00
20200730:1230,4.05,14.01,0.0,3.27,29.6,1.86,0.0,2020-07-30 12:30:00+00:00
20200730:1330,0.0,0.0,0.0,0.0,28.72,2.0,0.0,2020-07-30 13:30:00+00:00
20200730:1430,0.0,0.0,0.0,0.0,28.27,2.21,0.0,2020-07-30 14:30:00+00:00
20200730:1530,0.0,0.0,0.0,0.0,27.97,2.0,0.0,2020-07-30 15:30:00+00:00
20200730:1630,0.0,0.0,0.0,0.0,27.66,1.52,0.0,2020-07-30 16:30:00+00:00
20200730:1730,0.0,0.0,0.0,0.0,27.4,1.59,0.0,2020-07-30 17:30:00+00:00
20200730:1830,0.0,0.0,0.0,0.0,27.26,1.38,0.0,2020-07-30 18:30:00+00:00
20200730:1930,0.0,0.0,0.0,0.0,27.45,1.93,0.0,2020-07-30 19:30:00+00:00
20200730:2030,0.0,0.0,0.0,0.0,27.33,2.07,0.0,2020-07-30 20:30:00+00:00
20200730:2130,0.0,0.0,0.0,0.0,27.15,1.86,0.0,2020-07-30 21:30:00+00:00
20200730:2230,0.0,0.0,0.0,0.0,27.01,1.66,0.0,2020-07-30 22:30:00+00:00
20200730:2330,0.0,0.0,0.0,-2.06,26.93,1.52,0.0,2020-07-30 23:30:00+00:00
20200731:0030,19.2,55.35,0.0,10.97,26.8,1.38,0.0,2020-07-31 00:30:00+00:00
20200731:0130,138.9,127.4,0.0,24.42,27.66,1.79,0.0,2020-07-31 01:30:00+00:00
20200731:0230,323.7,138.8,0.0,38.09,28.97,2.76,0.0,2020-07-31 02:30:00+00:00
20200731:0330,415.65,188.35,0.0,51.87,29.99,2.41,0.0,2020-07-31 03:30:00+00:00
20200731:0430,484.45,165.25,0.0,65.65,31.02,1.66,0.0,2020-07-31 04:30:00+00:00
20200731:0530,488.85,191.8,0.0,79.06,31.77,1.45,0.0,2020-07-31 05:30:00+00:00
20200731:0630,596.65,201.75,0.0,83.74,32.4,1.86,0.0,2020-07-31 06:30:00+00:00
20200731:0730,614.1,198.85,0.0,71.24,32.85,2.07,0.0,2020-07-31 07:30:00+00:00
20200731:0830,359.3,180.6,0.0,57.52,33.5,1.79,0.0,2020-07-31 08:30:00+00:00
20200731:0930,298.7,165.5,0.0,43.72,33.05,1.17,0.0,2020-07-31 09:30:00+00:00
20200731:1030,165.3,104.45,0.0,30.0,32.08,2.55,0.0,2020-07-31 10:30:00+00:00
20200731:1130,38.75,72.7,0.0,16.44,30.34,2.83,0.0,2020-07-31 11:30:00+00:00
20200731:1230,3.25,13.38,0.0,3.17,29.69,1.93,0.0,2020-07-31 12:30:00+00:00
20200731:1330,0.0,0.0,0.0,0.0,29.21,1.38,0.0,2020-07-31 13:30:00+00:00
20200731:1430,0.0,0.0,0.0,0.0,28.74,1.72,0.0,2020-07-31 14:30:00+00:00
20200731:1530,0.0,0.0,0.0,0.0,28.44,1.79,0.0,2020-07-31 15:30:00+00:00
20200731:1630,0.0,0.0,0.0,0.0,28.17,1.72,0.0,2020-07-31 16:30:00+00:00
20200731:1730,0.0,0.0,0.0,0.0,27.91,1.79,0.0,2020-07-31 17:30:00+00:00
20200731:1830,0.0,0.0,0.0,0.0,27.64,1.72,0.0,2020-07-31 18:30:00+00:00
20200731:1930,0.0,0.0,0.0,0.0,27.88,1.52,0.0,2020-07-31 19:30:00+00:00
20200731:2030,0.0,0.0,0.0,0.0,27.71,1.59,0.0,2020-07-31 20:30:00+00:00
20200731:2130,0.0,0.0,0.0,0.0,27.49,1.45,0.0,2020-07-31 21:30:00+00:00
20200731:2230,0.0,0.0,0.0,0.0,27.4,1.24,0.0,2020-07-31 22:30:00+00:00
20200731:2330,0.0,0.0,0.0,-2.15,27.1,1.24,0.0,2020-07-31 23:30:00+00:00
20200801:0030,24.05,55.95,0.0,10.89,26.92,1.1,0.0,2020-08-01 00:30:00+00:00
20200801:0130,155.45,103.1,0.0,24.36,27.86,0.97,0.0,2020-08-01 01:30:00+00:00
20200801:0230,304.7,127.45,0.0,38.03,29.02,0.97,0.0,2020-08-01 02:30:00+00:00
20200801:0330,396.75,185.45,0.0,51.82,30.2,0.9,0.0,2020-08-01 03:30:00+00:00
20200801:0430,468.15,191.25,0.0,65.6,31.26,1.45,0.0,2020-08-01 04:30:00+00:00
20200801:0530,615.45,182.45,0.0,78.95,31.95,2.0,0.0,2020-08-01 05:30:00+00:00
20200801:0630,647.25,191.6,0.0,83.54,32.59,2.0,0.0,2020-08-01 06:30:00+00:00
20200801:0730,519.05,204.4,0.0,71.15,33.23,1.17,0.0,2020-08-01 07:30:00+00:00
20200801:0830,266.9,197.25,0.0,57.45,33.37,0.97,0.0,2020-08-01 08:30:00+00:00
20200801:0930,158.75,192.8,0.0,43.64,32.58,0.76,0.0,2020-08-01 09:30:00+00:00
20200801:1030,114.1,121.75,0.0,29.91,30.97,0.62,0.0,2020-08-01 10:30:00+00:00
20200801:1130,51.25,64.5,0.0,16.35,30.51,2.07,0.0,2020-08-01 11:30:00+00:00
20200801:1230,4.5,12.59,0.0,3.06,29.86,2.0,0.0,2020-08-01 12:30:00+00:00
20200801:1330,0.0,0.0,0.0,0.0,29.24,1.79,0.0,2020-08-01 13:30:00+00:00
20200801:1430,0.0,0.0,0.0,0.0,28.81,1.79,0.0,2020-08-01 14:30:00+00:00
20200801:1530,0.0,0.0,0.0,0.0,28.61,1.72,0.0,2020-08-01 15:30:00+00:00
20200801:1630,0.0,0.0,0.0,0.0,28.45,1.66,0.0,2020-08-01 16:30:00+00:00
20200801:1730,0.0,0.0,0.0,0.0,28.26,1.66,0.0,2020-08-01 17:30:00+00:00
20200801:1830,0.0,0.0,0.0,0.0,28.11,1.52,0.0,2020-08-01 18:30:00+00:00
20200801:1930,0.0,0.0,0.0,0.0,28.22,1.72,0.0,2020-08-01 19:30:00+00:00
20200801:2030,0.0,0.0,0.0,0.0,27.95,1.66,0.0,2020-08-01 20:30:00+00:00
20200801:2130,0.0,0.0,0.0,0.0,27.65,1.38,0.0,2020-08-01 21:30:00+00:00
20200801:2230,0.0,0.0,0.0,0.0,27.37,1.24,0.0,2020-08-01 22:30:00+00:00
20200801:2330,0.0,0.0,0.0,-2.25,27.02,1.03,0.0,2020-08-01 23:30:00+00:00
20200802:0030,33.7,58.05,0.0,10.81,27.01,0.69,0.0,2020-08-02 00:30:00+00:00
20200802:0130,132.5,108.8,0.0,24.29,28.29,0.48,0.0,2020-08-02 01:30:00+00:00
20200802:0230,363.7,132.6,0.0,37.98,29.26,0.34,0.0,2020-08-02 02:30:00+00:00
20200802:0330,499.05,165.8,0.0,51.77,30.61,0.07,0.0,2020-08-02 03:30:00+00:00
20200802:0430,568.4,194.1,0.0,65.54,31.83,0.41,0.0,2020-08-02 04:30:00+00:00
20200802:0530,590.05,224.0,0.0,78.84,32.61,0.55,0.0,2020-08-02 05:30:00+00:00
20200802:0630,441.65,326.15,0.0,83.34,33.2,0.21,0.0,2020-08-02 06:30:00+00:00
20200802:0730,334.5,309.3,0.0,71.06,33.42,0.76,0.0,2020-08-02 07:30:00+00:00
20200802:0830,246.45,269.8,0.0,57.37,33.47,0.97,0.0,2020-08-02 08:30:00+00:00
20200802:0930,109.3,218.2,0.0,43.56,33.39,1.03,0.0,2020-08-02 09:30:00+00:00
20200802:1030,76.55,141.5,0.0,29.83,32.69,0.55,0.0,2020-08-02 10:30:00+00:00
20200802:1130,9.75,70.9,0.0,16.25,31.35,1.66,0.0,2020-08-02 11:30:00+00:00
20200802:1230,0.2,12.36,0.0,2.95,30.16,1.31,0.0,2020-08-02 12:30:00+00:00
20200802:1330,0.0,0.0,0.0,0.0,29.56,1.66,0.0,2020-08-02 13:30:00+00:00
20200802:1430,0.0,0.0,0.0,0.0,29.06,1.79,0.0,2020-08-02 14:30:00+00:00
20200802:1530,0.0,0.0,0.0,0.0,28.83,1.72,0.0,2020-08-02 15:30:00+00:00
20200802:1630,0.0,0.0,0.0,0.0,28.59,1.59,0.0,2020-08-02 16:30:00+00:00
20200802:1730,0.0,0.0,0.0,0.0,28.41,1.31,0.0,2020-08-02 17:30:00+00:00
20200802:1830,0.0,0.0,0.0,0.0,28.17,1.38,0.0,2020-08-02 18:30:00+00:00
20200802:1930,0.0,0.0,0.0,0.0,28.29,1.59,0.0,2020-08-02 19:30:00+00:00
20200802:2030,0.0,0.0,0.0,0.0,28.23,1.72,0.0,2020-08-02 20:30:00+00:00
20200802:2130,0.0,0.0,0.0,0.0,28.14,1.38,0.0,2020-08-02 21:30:00+00:00
20200802:2230,0.0,0.0,0.0,0.0,27.93,1.03,0.0,2020-08-02 22:30:00+00:00
20200802:2330,0.0,0.0,0.0,-2.34,27.63,0.76,0.0,2020-08-02 23:30:00+00:00
20200803:0030,4.6,28.9,0.0,10.74,26.99,1.24,0.0,2020-08-03 00:30:00+00:00
20200803:0130,9.45,86.95,0.0,24.23,26.68,0.97,0.0,2020-08-03 01:30:00+00:00
20200803:0230,87.1,218.55,0.0,37.92,27.18,1.72,0.0,2020-08-03 02:30:00+00:00
20200803:0330,136.55,284.85,0.0,51.72,28.72,1.45,0.0,2020-08-03 03:30:00+00:00
20200803:0430,174.7,304.95,0.0,65.48,30.11,0.97,0.0,2020-08-03 04:30:00+00:00
20200803:0530,264.95,234.6,0.0,78.73,30.99,0.83,0.0,2020-08-03 05:30:00+00:00
20200803:0630,629.1,180.75,0.0,83.12,31.39,0.69,0.0,2020-08-03 06:30:00+00:00
20200803:0730,462.25,256.85,0.0,70.96,33.5,0.97,0.0,2020-08-03 07:30:00+00:00
20200803:0830,378.7,175.6,0.0,57.28,33.71,1.24,0.0,2020-08-03 08:30:00+00:00
20200803:0930,336.0,141.3,0.0,43.48,33.45,1.31,0.0,2020-08-03 09:30:00+00:00
20200803:1030,147.5,126.25,0.0,29.74,33.47,0.83,0.0,2020-08-03 10:30:00+00:00
20200803:1130,46.65,79.2,0.0,16.15,33.0,0.69,0.0,2020-08-03 11:30:00+00:00
20200803:1230,2.35,15.18,0.0,2.83,31.8,1.93,0.0,2020-08-03 12:30:00+00:00
20200803:1330,0.0,0.0,0.0,0.0,30.49,2.55,0.0,2020-08-03 13:30:00+00:00
20200803:1430,0.0,0.0,0.0,0.0,29.63,2.55,0.0,2020-08-03 14:30:00+00:00
20200803:1530,0.0,0.0,0.0,0.0,29.18,2.28,0.0,2020-08-03 15:30:00+00:00
20200803:1630,0.0,0.0,0.0,0.0,28.72,1.93,0.0,2020-08-03 16:30:00+00:00
20200803:1730,0.0,0.0,0.0,0.0,28.45,1.45,0.0,2020-08-03 17:30:00+00:00
20200803:1830,0.0,0.0,0.0,0.0,28.03,0.97,0.0,2020-08-03 18:30:00+00:00
20200803:1930,0.0,0.0,0.0,0.0,27.01,1.24,0.0,2020-08-03 19:30:00+00:00
20200803:2030,0.0,0.0,0.0,0.0,27.06,0.97,0.0,2020-08-03 20:30:00+00:00
20200803:2130,0.0,0.0,0.0,0.0,26.98,0.83,0.0,2020-08-03 21:30:00+00:00
20200803:2230,0.0,0.0,0.0,0.0,26.94,0.76,0.0,2020-08-03 22:30:00+00:00
20200803:2330,0.0,0.0,0.0,-2.44,26.92,0.83,0.0,2020-08-03 23:30:00+00:00
20200804:0030,0.2,18.95,0.0,10.66,26.89,0.76,0.0,2020-08-04 00:30:00+00:00
20200804:0130,0.05,42.0,0.0,24.17,27.13,0.9,0.0,2020-08-04 01:30:00+00:00
20200804:0230,0.0,62.6,0.0,37.87,27.41,1.17,0.0,2020-08-04 02:30:00+00:00
20200804:0330,3.35,168.95,0.0,51.67,27.74,1.24,0.0,2020-08-04 03:30:00+00:00
20200804:0430,13.5,243.45,0.0,65.42,28.54,1.38,0.0,2020-08-04 04:30:00+00:00
20200804:0530,12.75,247.45,0.0,78.61,29.25,1.79,0.0,2020-08-04 05:30:00+00:00
20200804:0630,0.0,85.8,0.0,82.9,29.81,1.66,0.0,2020-08-04 06:30:00+00:00
20200804:0730,0.2,49.0,0.0,70.85,28.73,3.03,0.0,2020-08-04 07:30:00+00:00
20200804:0830,0.0,25.5,0.0,57.19,28.24,3.52,0.0,2020-08-04 08:30:00+00:00
20200804:0930,3.85,46.5,0.0,43.39,27.9,4.41,0.0,2020-08-04 09:30:00+00:00
20200804:1030,1.95,77.15,0.0,29.64,27.63,4.48,0.0,2020-08-04 10:30:00+00:00
20200804:1130,0.0,47.7,0.0,16.04,27.66,4.34,0.0,2020-08-04 11:30:00+00:00
20200804:1230,0.15,7.18,0.0,2.71,27.52,4.14,0.0,2020-08-04 12:30:00+00:00
20200804:1330,0.0,0.0,0.0,0.0,27.21,3.93,0.0,2020-08-04 13:30:00+00:00
20200804:1430,0.0,0.0,0.0,0.0,27.12,3.66,0.0,2020-08-04 14:30:00+00:00
20200804:1530,0.0,0.0,0.0,0.0,27.03,3.52,0.0,2020-08-04 15:30:00+00:00
20200804:1630,0.0,0.0,0.0,0.0,26.91,3.31,0.0,2020-08-04 16:30:00+00:00
20200804:1730,0.0,0.0,0.0,0.0,26.81,3.1,0.0,2020-08-04 17:30:00+00:00
20200804:1830,0.0,0.0,0.0,0.0,26.74,2.9,0.0,2020-08-04 18:30:00+00:00
20200804:1930,0.0,0.0,0.0,0.0,26.67,2.76,0.0,2020-08-04 19:30:00+00:00
20200804:2030,0.0,0.0,0.0,0.0,26.62,3.03,0.0,2020-08-04 20:30:00+00:00
20200804:2130,0.0,0.0,0.0,0.0,26.47,3.86,0.0,2020-08-04 21:30:00+00:00
20200804:2230,0.0,0.0,0.0,0.0,26.18,2.97,0.0,2020-08-04 22:30:00+00:00
20200804:2330,0.0,0.0,0.0,-2.53,26.2,2.69,0.0,2020-08-04 23:30:00+00:00
20200805:0030,20.35,39.3,0.0,10.59,26.37,3.1,0.0,2020-08-05 00:30:00+00:00
20200805:0130,7.1,63.7,0.0,24.11,26.76,3.38,0.0,2020-08-05 01:30:00+00:00
20200805:0230,27.05,123.5,0.0,37.82,27.01,3.79,0.0,2020-08-05 02:30:00+00:00
20200805:0330,56.25,161.0,0.0,51.62,27.46,3.31,0.0,2020-08-05 03:30:00+00:00
20200805:0430,35.95,178.05,0.0,65.36,28.08,3.52,0.0,2020-08-05 04:30:00+00:00
20200805:0530,202.8,285.45,0.0,78.49,28.17,3.52,0.0,2020-08-05 05:30:00+00:00
20200805:0630,70.7,135.25,0.0,82.67,29.75,3.66,0.0,2020-08-05 06:30:00+00:00
20200805:0730,246.7,232.85,0.0,70.73,28.19,4.97,0.0,2020-08-05 07:30:00+00:00
20200805:0830,138.4,179.4,0.0,57.1,29.27,5.1,0.0,2020-08-05 08:30:00+00:00
20200805:0930,169.15,120.45,0.0,43.3,28.93,5.24,0.0,2020-08-05 09:30:00+00:00
20200805:1030,81.15,95.9,0.0,29.54,28.87,4.69,0.0,2020-08-05 10:30:00+00:00
20200805:1130,35.2,44.5,0.0,15.93,28.73,4.07,0.0,2020-08-05 11:30:00+00:00
20200805:1230,1.2,6.42,0.0,2.58,28.43,4.34,0.0,2020-08-05 12:30:00+00:00
20200805:1330,0.0,0.0,0.0,0.0,27.87,3.86,0.0,2020-08-05 13:30:00+00:00
20200805:1430,0.0,0.0,0.0,0.0,27.54,3.86,0.0,2020-08-05 14:30:00+00:00
20200805:1530,0.0,0.0,0.0,0.0,27.4,4.14,0.0,2020-08-05 15:30:00+00:00
20200805:1630,0.0,0.0,0.0,0.0,27.36,4.69,0.0,2020-08-05 16:30:00+00:00
20200805:1730,0.0,0.0,0.0,0.0,27.34,4.76,0.0,2020-08-05 17:30:00+00:00
20200805:1830,0.0,0.0,0.0,0.0,27.27,5.03,0.0,2020-08-05 18:30:00+00:00
20200805:1930,0.0,0.0,0.0,0.0,26.26,3.79,0.0,2020-08-05 19:30:00+00:00
20200805:2030,0.0,0.0,0.0,0.0,26.27,3.45,0.0,2020-08-05 20:30:00+00:00
20200805:2130,0.0,0.0,0.0,0.0,26.0,2.9,0.0,2020-08-05 21:30:00+00:00
20200805:2230,0.0,0.0,0.0,0.0,25.89,2.83,0.0,2020-08-05 22:30:00+00:00
20200805:2330,0.0,0.0,0.0,-2.62,25.83,3.03,0.0,2020-08-05 23:30:00+00:00
20200806:0030,0.7,29.55,0.0,10.51,25.84,3.24,0.0,2020-08-06 00:30:00+00:00
20200806:0130,22.7,120.9,0.0,24.05,26.12,3.1,0.0,2020-08-06 01:30:00+00:00
20200806:0230,25.55,173.5,0.0,37.77,26.85,4.21,0.0,2020-08-06 02:30:00+00:00
20200806:0330,119.95,261.85,0.0,51.56,27.56,4.07,0.0,2020-08-06 03:30:00+00:00
20200806:0430,318.5,320.35,0.0,65.3,28.55,4.07,0.0,2020-08-06 04:30:00+00:00
20200806:0530,327.1,316.5,0.0,78.36,29.99,4.21,0.0,2020-08-06 05:30:00+00:00
20200806:0630,143.45,349.0,0.0,82.43,31.04,3.93,0.0,2020-08-06 06:30:00+00:00
20200806:0730,66.8,311.45,0.0,70.61,30.45,2.97,0.0,2020-08-06 07:30:00+00:00
20200806:0830,45.25,214.7,0.0,57.0,29.7,3.59,0.0,2020-08-06 08:30:00+00:00
20200806:0930,9.5,98.05,0.0,43.2,28.7,3.72,0.0,2020-08-06 09:30:00+00:00
20200806:1030,29.05,127.9,0.0,29.44,28.34,2.9,0.0,2020-08-06 10:30:00+00:00
20200806:1130,6.35,36.95,0.0,15.82,27.9,2.55,0.0,2020-08-06 11:30:00+00:00
20200806:1230,0.75,8.29,0.0,2.45,27.64,1.72,0.0,2020-08-06 12:30:00+00:00
20200806:1330,0.0,0.0,0.0,0.0,27.25,1.31,0.0,2020-08-06 13:30:00+00:00
20200806:1430,0.0,0.0,0.0,0.0,27.04,1.38,0.0,2020-08-06 14:30:00+00:00
20200806:1530,0.0,0.0,0.0,0.0,26.88,1.66,0.0,2020-08-06 15:30:00+00:00
20200806:1630,0.0,0.0,0.0,0.0,26.83,1.72,0.0,2020-08-06 16:30:00+00:00
20200806:1730,0.0,0.0,0.0,0.0,26.8,1.59,0.0,2020-08-06 17:30:00+00:00
20200806:1830,0.0,0.0,0.0,0.0,26.73,1.45,0.0,2020-08-06 18:30:00+00:00
20200806:1930,0.0,0.0,0.0,0.0,26.67,2.07,0.0,2020-08-06 19:30:00+00:00
20200806:2030,0.0,0.0,0.0,0.0,26.73,2.0,0.0,2020-08-06 20:30:00+00:00
20200806:2130,0.0,0.0,0.0,0.0,26.71,1.79,0.0,2020-08-06 21:30:00+00:00
20200806:2230,0.0,0.0,0.0,0.0,26.52,1.79,0.0,2020-08-06 22:30:00+00:00
20200806:2330,0.0,0.0,0.0,-2.71,26.46,2.0,0.0,2020-08-06 23:30:00+00:00
20200807:0030,7.55,46.1,0.0,10.44,26.51,2.28,0.0,2020-08-07 00:30:00+00:00
20200807:0130,71.9,108.85,0.0,23.99,27.05,1.93,0.0,2020-08-07 01:30:00+00:00
20200807:0230,216.6,153.65,0.0,37.71,27.98,2.62,0.0,2020-08-07 02:30:00+00:00
20200807:0330,246.8,209.8,0.0,51.51,29.15,2.76,0.0,2020-08-07 03:30:00+00:00
20200807:0430,365.2,264.25,0.0,65.23,30.06,2.83,0.0,2020-08-07 04:30:00+00:00
20200807:0530,261.7,312.75,0.0,78.22,31.26,2.76,0.0,2020-08-07 05:30:00+00:00
20200807:0630,94.55,220.15,0.0,82.18,31.87,2.97,0.0,2020-08-07 06:30:00+00:00
20200807:0730,134.55,241.35,0.0,70.48,30.13,2.97,0.0,2020-08-07 07:30:00+00:00
20200807:0830,93.85,296.85,0.0,56.89,30.28,3.59,0.0,2020-08-07 08:30:00+00:00
20200807:0930,31.7,174.4,0.0,43.1,29.56,3.93,0.0,2020-08-07 09:30:00+00:00
20200807:1030,53.8,151.3,0.0,29.33,28.97,2.83,0.0,2020-08-07 10:30:00+00:00
20200807:1130,22.7,81.75,0.0,15.7,29.26,2.76,0.0,2020-08-07 11:30:00+00:00
20200807:1230,1.6,11.45,0.0,2.32,29.13,2.76,0.0,2020-08-07 12:30:00+00:00
20200807:1330,0.0,0.0,0.0,0.0,28.78,2.55,0.0,2020-08-07 13:30:00+00:00
20200807:1430,0.0,0.0,0.0,0.0,28.48,2.48,0.0,2020-08-07 14:30:00+00:00
20200807:1530,0.0,0.0,0.0,0.0,28.39,2.41,0.0,2020-08-07 15:30:00+00:00
20200807:1630,0.0,0.0,0.0,0.0,28.09,2.21,0.0,2020-08-07 16:30:00+00:00
20200807:1730,0.0,0.0,0.0,0.0,27.69,1.72,0.0,2020-08-07 17:30:00+00:00
20200807:1830,0.0,0.0,0.0,0.0,27.49,1.72,0.0,2020-08-07 18:30:00+00:00
20200807:1930,0.0,0.0,0.0,0.0,27.36,1.66,0.0,2020-08-07 19:30:00+00:00
20200807:2030,0.0,0.0,0.0,0.0,27.1,1.72,0.0,2020-08-07 20:30:00+00:00
20200807:2130,0.0,0.0,0.0,0.0,26.93,1.72,0.0,2020-08-07 21:30:00+00:00
20200807:2230,0.0,0.0,0.0,0.0,26.77,1.66,0.0,2020-08-07 22:30:00+00:00
20200807:2330,0.0,0.0,0.0,-2.81,26.64,1.59,0.0,2020-08-07 23:30:00+00:00
20200808:0030,24.8,58.95,0.0,10.37,26.67,1.66,0.0,2020-08-08 00:30:00+00:00
20200808:0130,142.9,114.9,0.0,23.93,27.47,2.55,0.0,2020-08-08 01:30:00+00:00
20200808:0230,258.3,153.1,0.0,37.66,28.68,2.83,0.0,2020-08-08 02:30:00+00:00
20200808:0330,358.45,194.0,0.0,51.46,29.74,2.9,0.0,2020-08-08 03:30:00+00:00
20200808:0430,440.05,208.45,0.0,65.17,30.53,2.62,0.0,2020-08-08 04:30:00+00:00
20200808:0530,344.15,266.9,0.0,78.08,31.35,2.41,0.0,2020-08-08 05:30:00+00:00
20200808:0630,316.3,295.5,0.0,81.93,32.25,2.0,0.0,2020-08-08 06:30:00+00:00
20200808:0730,306.25,284.45,0.0,70.34,32.33,2.62,0.0,2020-08-08 07:30:00+00:00
20200808:0830,192.9,256.3,0.0,56.78,31.27,2.83,0.0,2020-08-08 08:30:00+00:00
20200808:0930,66.75,177.3,0.0,42.99,31.12,3.59,0.0,2020-08-08 09:30:00+00:00
20200808:1030,60.95,155.15,0.0,29.21,30.25,3.38,0.0,2020-08-08 10:30:00+00:00
20200808:1130,22.0,82.15,0.0,15.57,29.85,3.59,0.0,2020-08-08 11:30:00+00:00
20200808:1230,0.0,13.75,0.0,2.18,29.37,2.69,0.0,2020-08-08 12:30:00+00:00
20200808:1330,0.0,0.0,0.0,0.0,28.77,2.28,0.0,2020-08-08 13:30:00+00:00
20200808:1430,0.0,0.0,0.0,0.0,28.39,2.28,0.0,2020-08-08 14:30:00+00:00
20200808:1530,0.0,0.0,0.0,0.0,28.14,2.41,0.0,2020-08-08 15:30:00+00:00
20200808:1630,0.0,0.0,0.0,0.0,27.89,2.21,0.0,2020-08-08 16:30:00+00:00
20200808:1730,0.0,0.0,0.0,0.0,27.7,2.28,0.0,2020-08-08 17:30:00+00:00
20200808:1830,0.0,0.0,0.0,0.0,27.53,2.28,0.0,2020-08-08 18:30:00+00:00
20200808:1930,0.0,0.0,0.0,0.0,27.38,2.62,0.0,2020-08-08 19:30:00+00:00
20200808:2030,0.0,0.0,0.0,0.0,27.28,2.76,0.0,2020-08-08 20:30:00+00:00
20200808:2130,0.0,0.0,0.0,0.0,27.12,2.28,0.0,2020-08-08 21:30:00+00:00
20200808:2230,0.0,0.0,0.0,0.0,26.94,1.86,0.0,2020-08-08 22:30:00+00:00
20200808:2330,0.0,0.0,0.0,-2.9,26.64,1.79,0.0,2020-08-08 23:30:00+00:00
20200809:0030,13.3,44.85,0.0,10.29,26.56,1.86,0.0,2020-08-09 00:30:00+00:00
20200809:0130,79.0,114.15,0.0,23.87,27.12,2.41,0.0,2020-08-09 01:30:00+00:00
20200809:0230,251.8,163.5,0.0,37.61,27.81,3.52,0.0,2020-08-09 02:30:00+00:00
20200809:0330,268.6,203.25,0.0,51.41,28.93,3.17,0.0,2020-08-09 03:30:00+00:00
20200809:0430,396.5,261.1,0.0,65.1,30.02,2.83,0.0,2020-08-09 04:30:00+00:00
20200809:0530,562.55,174.05,0.0,77.94,31.08,3.03,0.0,2020-08-09 05:30:00+00:00
20200809:0630,237.1,303.85,0.0,81.67,31.85,3.59,0.0,2020-08-09 06:30:00+00:00
20200809:0730,324.3,268.2,0.0,70.2,30.82,3.72,0.0,2020-08-09 07:30:00+00:00
20200809:0830,262.9,283.95,0.0,56.66,31.38,3.66,0.0,2020-08-09 08:30:00+00:00
20200809:0930,325.4,155.4,0.0,42.88,31.9,3.45,0.0,2020-08-09 09:30:00+00:00
20200809:1030,52.75,123.8,0.0,29.1,29.73,4.07,0.0,2020-08-09 10:30:00+00:00
20200809:1130,30.75,54.75,0.0,15.45,29.16,3.03,0.0,2020-08-09 11:30:00+00:00
20200809:1230,0.0,14.0,0.0,2.04,28.96,2.9,0.0,2020-08-09 12:30:00+00:00
20200809:1330,0.0,0.0,0.0,0.0,28.58,3.03,0.0,2020-08-09 13:30:00+00:00
20200809:1430,0.0,0.0,0.0,0.0,28.34,3.1,0.0,2020-08-09 14:30:00+00:00
20200809:1530,0.0,0.0,0.0,0.0,28.12,2.97,0.0,2020-08-09 15:30:00+00:00
20200809:1630,0.0,0.0,0.0,0.0,27.84,2.69,0.0,2020-08-09 16:30:00+00:00
20200809:1730,0.0,0.0,0.0,0.0,27.61,2.69,0.0,2020-08-09 17:30:00+00:00
20200809:1830,0.0,0.0,0.0,0.0,27.43,2.83,0.0,2020-08-09 18:30:00+00:00
20200809:1930,0.0,0.0,0.0,0.0,27.46,2.69,0.0,2020-08-09 19:30:00+00:00
20200809:2030,0.0,0.0,0.0,0.0,27.38,2.48,0.0,2020-08-09 20:30:00+00:00
20200809:2130,0.0,0.0,0.0,0.0,27.18,2.14,0.0,2020-08-09 21:30:00+00:00
20200809:2230,0.0,0.0,0.0,0.0,26.96,2.07,0.0,2020-08-09 22:30:00+00:00
20200809:2330,0.0,0.0,0.0,-2.99,26.8,1.93,0.0,2020-08-09 23:30:00+00:00
20200810:0030,9.9,44.3,0.0,10.22,26.6,2.21,0.0,2020-08-10 00:30:00+00:00
20200810:0130,69.3,106.55,0.0,23.81,26.94,2.14,0.0,2020-08-10 01:30:00+00:00
20200810:0230,184.6,149.05,0.0,37.56,27.74,2.69,0.0,2020-08-10 02:30:00+00:00
20200810:0330,287.9,198.75,0.0,51.36,28.73,2.55,0.0,2020-08-10 03:30:00+00:00
20200810:0430,336.35,240.3,0.0,65.03,29.81,2.62,0.0,2020-08-10 04:30:00+00:00
20200810:0530,69.65,269.9,0.0,77.78,31.19,3.1,0.0,2020-08-10 05:30:00+00:00
20200810:0630,254.3,297.7,0.0,81.4,30.48,3.1,0.0,2020-08-10 06:30:00+00:00
20200810:0730,231.6,272.85,0.0,70.05,31.77,3.31,0.0,2020-08-10 07:30:00+00:00
20200810:0830,236.3,241.2,0.0,56.54,31.1,3.72,0.0,2020-08-10 08:30:00+00:00
20200810:0930,134.05,158.4,0.0,42.76,30.01,3.1,0.0,2020-08-10 09:30:00+00:00
20200810:1030,128.15,125.25,0.0,28.98,30.15,3.03,0.0,2020-08-10 10:30:00+00:00
20200810:1130,53.1,66.1,0.0,15.31,30.25,2.9,0.0,2020-08-10 11:30:00+00:00
20200810:1230,0.0,9.9,0.0,1.89,29.56,2.62,0.0,2020-08-10 12:30:00+00:00
20200810:1330,0.0,0.0,0.0,0.0,28.78,2.55,0.0,2020-08-10 13:30:00+00:00
20200810:1430,0.0,0.0,0.0,0.0,28.26,2.55,0.0,2020-08-10 14:30:00+00:00
20200810:1530,0.0,0.0,0.0,0.0,27.9,2.34,0.0,2020-08-10 15:30:00+00:00
20200810:1630,0.0,0.0,0.0,0.0,27.6,2.14,0.0,2020-08-10 16:30:00+00:00
20200810:1730,0.0,0.0,0.0,0.0,27.48,1.93,0.0,2020-08-10 17:30:00+00:00
20200810:1830,0.0,0.0,0.0,0.0,27.28,1.66,0.0,2020-08-10 18:30:00+00:00
20200810:1930,0.0,0.0,0.0,0.0,27.6,1.72,0.0,2020-08-10 19:30:00+00:00
20200810:2030,0.0,0.0,0.0,0.0,27.45,1.59,0.0,2020-08-10 20:30:00+00:00
20200810:2130,0.0,0.0,0.0,0.0,27.34,1.52,0.0,2020-08-10 21:30:00+00:00
20200810:2230,0.0,0.0,0.0,0.0,27.2,1.52,0.0,2020-08-10 22:30:00+00:00
20200810:2330,0.0,0.0,0.0,-3.08,27.01,1.59,0.0,2020-08-10 23:30:00+00:00
20200811:0030,29.9,44.6,0.0,10.15,26.69,1.86,0.0,2020-08-11 00:30:00+00:00
20200811:0130,67.45,108.1,0.0,23.75,27.34,1.93,0.0,2020-08-11 01:30:00+00:00
20200811:0230,210.85,139.3,0.0,37.51,28.05,2.14,0.0,2020-08-11 02:30:00+00:00
20200811:0330,365.95,208.9,0.0,51.3,29.04,1.72,0.0,2020-08-11 03:30:00+00:00
20200811:0430,205.05,277.7,0.0,64.96,30.68,1.66,0.0,2020-08-11 04:30:00+00:00
20200811:0530,334.55,286.2,0.0,77.63,31.25,1.52,0.0,2020-08-11 05:30:00+00:00
20200811:0630,114.35,313.9,0.0,81.13,32.28,1.38,0.0,2020-08-11 06:30:00+00:00
20200811:0730,109.25,285.7,0.0,69.89,30.4,3.1,0.0,2020-08-11 07:30:00+00:00
20200811:0830,188.85,276.35,0.0,56.41,30.35,2.69,0.0,2020-08-11 08:30:00+00:00
20200811:0930,159.35,202.05,0.0,42.64,30.84,2.83,0.0,2020-08-11 09:30:00+00:00
20200811:1030,113.95,141.65,0.0,28.85,31.13,2.97,0.0,2020-08-11 10:30:00+00:00
20200811:1130,54.35,74.55,0.0,15.18,31.06,2.69,0.0,2020-08-11 11:30:00+00:00
20200811:1230,0.0,12.0,0.0,1.74,30.52,2.07,0.0,2020-08-11 12:30:00+00:00
20200811:1330,0.0,0.0,0.0,0.0,29.75,2.21,0.0,2020-08-11 13:30:00+00:00
20200811:1430,0.0,0.0,0.0,0.0,29.1,2.28,0.0,2020-08-11 14:30:00+00:00
20200811:1530,0.0,0.0,0.0,0.0,28.8,2.41,0.0,2020-08-11 15:30:00+00:00
20200811:1630,0.0,0.0,0.0,0.0,28.51,2.41,0.0,2020-08-11 16:30:00+00:00
20200811:1730,0.0,0.0,0.0,0.0,28.26,2.34,0.0,2020-08-11 17:30:00+00:00
20200811:1830,0.0,0.0,0.0,0.0,27.94,2.21,0.0,2020-08-11 18:30:00+00:00
20200811:1930,0.0,0.0,0.0,0.0,27.96,2.28,0.0,2020-08-11 19:30:00+00:00
20200811:2030,0.0,0.0,0.0,0.0,27.87,2.21,0.0,2020-08-11 20:30:00+00:00
20200811:2130,0.0,0.0,0.0,0.0,27.9,1.79,0.0,2020-08-11 21:30:00+00:00
20200811:2230,0.0,0.0,0.0,0.0,27.66,1.72,0.0,2020-08-11 22:30:00+00:00
20200811:2330,0.0,0.0,0.0,-3.17,27.45,1.66,0.0,2020-08-11 23:30:00+00:00
20200812:0030,27.9,52.3,0.0,10.08,27.36,1.66,0.0,2020-08-12 00:30:00+00:00
20200812:0130,151.65,100.6,0.0,23.69,28.07,1.79,0.0,2020-08-12 01:30:00+00:00
20200812:0230,295.35,138.3,0.0,37.45,29.19,2.48,0.0,2020-08-12 02:30:00+00:00
20200812:0330,444.55,172.7,0.0,51.25,30.27,2.62,0.0,2020-08-12 03:30:00+00:00
20200812:0430,566.45,194.65,0.0,64.88,31.39,2.55,0.0,2020-08-12 04:30:00+00:00
20200812:0530,552.65,234.9,0.0,77.47,32.38,2.62,0.0,2020-08-12 05:30:00+00:00
20200812:0630,407.85,202.35,0.0,80.85,33.25,2.62,0.0,2020-08-12 06:30:00+00:00
20200812:0730,459.25,217.4,0.0,69.72,32.27,2.69,0.0,2020-08-12 07:30:00+00:00
20200812:0830,299.45,229.8,0.0,56.28,32.67,3.24,0.0,2020-08-12 08:30:00+00:00
20200812:0930,192.7,171.0,0.0,42.51,31.69,2.97,0.0,2020-08-12 09:30:00+00:00
20200812:1030,108.5,127.2,0.0,28.72,30.76,2.34,0.0,2020-08-12 10:30:00+00:00
20200812:1130,27.1,51.2,0.0,15.04,29.43,2.14,0.0,2020-08-12 11:30:00+00:00
20200812:1230,0.0,9.5,0.0,1.58,28.65,2.41,0.0,2020-08-12 12:30:00+00:00
20200812:1330,0.0,0.0,0.0,0.0,28.0,1.79,0.0,2020-08-12 13:30:00+00:00
20200812:1430,0.0,0.0,0.0,0.0,27.74,1.66,0.0,2020-08-12 14:30:00+00:00
20200812:1530,0.0,0.0,0.0,0.0,27.6,1.86,0.0,2020-08-12 15:30:00+00:00
20200812:1630,0.0,0.0,0.0,0.0,27.44,2.0,0.0,2020-08-12 16:30:00+00:00
20200812:1730,0.0,0.0,0.0,0.0,27.34,2.0,0.0,2020-08-12 17:30:00+00:00
20200812:1830,0.0,0.0,0.0,0.0,27.13,2.28,0.0,2020-08-12 18:30:00+00:00
20200812:1930,0.0,0.0,0.0,0.0,27.53,2.41,0.0,2020-08-12 19:30:00+00:00
20200812:2030,0.0,0.0,0.0,0.0,27.36,2.55,0.0,2020-08-12 20:30:00+00:00
20200812:2130,0.0,0.0,0.0,0.0,27.14,2.41,0.0,2020-08-12 21:30:00+00:00
20200812:2230,0.0,0.0,0.0,0.0,26.93,2.28,0.0,2020-08-12 22:30:00+00:00
20200812:2330,0.0,0.0,0.0,-3.26,26.65,2.21,0.0,2020-08-12 23:30:00+00:00
20200813:0030,23.7,41.55,0.0,10.01,26.56,2.34,0.0,2020-08-13 00:30:00+00:00
20200813:0130,140.3,106.1,0.0,23.63,26.91,3.03,0.0,2020-08-13 01:30:00+00:00
20200813:0230,218.0,151.75,0.0,37.4,28.03,3.66,0.0,2020-08-13 02:30:00+00:00
20200813:0330,347.55,145.85,0.0,51.2,29.03,3.72,0.0,2020-08-13 03:30:00+00:00
20200813:0430,478.0,185.8,0.0,64.8,30.07,3.66,0.0,2020-08-13 04:30:00+00:00
20200813:0530,481.4,211.7,0.0,77.3,31.0,3.59,0.0,2020-08-13 05:30:00+00:00
20200813:0630,647.15,200.8,0.0,80.57,31.76,3.79,0.0,2020-08-13 06:30:00+00:00
20200813:0730,500.8,202.8,0.0,69.55,32.4,3.79,0.0,2020-08-13 07:30:00+00:00
20200813:0830,500.45,158.75,0.0,56.14,32.36,3.66,0.0,2020-08-13 08:30:00+00:00
20200813:0930,260.7,183.15,0.0,42.38,32.26,3.72,0.0,2020-08-13 09:30:00+00:00
20200813:1030,168.85,107.95,0.0,28.58,31.35,3.93,0.0,2020-08-13 10:30:00+00:00
20200813:1130,75.25,61.5,0.0,14.89,31.07,3.72,0.0,2020-08-13 11:30:00+00:00
20200813:1230,0.0,9.75,0.0,1.43,30.51,3.45,0.0,2020-08-13 12:30:00+00:00
20200813:1330,0.0,0.0,0.0,0.0,29.82,3.24,0.0,2020-08-13 13:30:00+00:00
20200813:1430,0.0,0.0,0.0,0.0,29.38,3.1,0.0,2020-08-13 14:30:00+00:00
20200813:1530,0.0,0.0,0.0,0.0,28.8,2.69,0.0,2020-08-13 15:30:00+00:00
20200813:1630,0.0,0.0,0.0,0.0,28.3,2.48,0.0,2020-08-13 16:30:00+00:00
20200813:1730,0.0,0.0,0.0,0.0,27.9,2.41,0.0,2020-08-13 17:30:00+00:00
20200813:1830,0.0,0.0,0.0,0.0,27.57,2.34,0.0,2020-08-13 18:30:00+00:00
20200813:1930,0.0,0.0,0.0,0.0,27.48,1.79,0.0,2020-08-13 19:30:00+00:00
20200813:2030,0.0,0.0,0.0,0.0,27.26,2.07,0.0,2020-08-13 20:30:00+00:00
20200813:2130,0.0,0.0,0.0,0.0,27.08,2.34,0.0,2020-08-13 21:30:00+00:00
20200813:2230,0.0,0.0,0.0,0.0,27.02,2.69,0.0,2020-08-13 22:30:00+00:00
20200813:2330,0.0,0.0,0.0,-3.34,26.97,2.76,0.0,2020-08-13 23:30:00+00:00
20200814:0030,31.1,46.0,0.0,9.94,26.97,2.69,0.0,2020-08-14 00:30:00+00:00
20200814:0130,145.85,100.65,0.0,23.58,27.57,3.38,0.0,2020-08-14 01:30:00+00:00
20200814:0230,126.5,203.1,0.0,37.35,28.8,4.69,0.0,2020-08-14 02:30:00+00:00
20200814:0330,335.3,177.55,0.0,51.14,29.64,5.03,0.0,2020-08-14 03:30:00+00:00
20200814:0430,495.65,178.2,0.0,64.72,30.48,5.17,0.0,2020-08-14 04:30:00+00:00
20200814:0530,596.2,198.55,0.0,77.12,31.47,4.48,0.0,2020-08-14 05:30:00+00:00
20200814:0630,402.55,193.2,0.0,80.28,32.02,4.14,0.0,2020-08-14 06:30:00+00:00
20200814:0730,467.55,220.25,0.0,69.37,31.56,3.66,0.0,2020-08-14 07:30:00+00:00
20200814:0830,309.1,268.75,0.0,55.99,32.07,4.0,0.0,2020-08-14 08:30:00+00:00
20200814:0930,147.75,183.5,0.0,42.24,32.01,4.14,0.0,2020-08-14 09:30:00+00:00
20200814:1030,88.8,118.7,0.0,28.44,30.71,3.66,0.0,2020-08-14 10:30:00+00:00
20200814:1130,34.15,58.85,0.0,14.74,29.64,3.38,0.0,2020-08-14 11:30:00+00:00
20200814:1230,0.0,7.2,0.0,1.26,29.21,3.17,0.0,2020-08-14 12:30:00+00:00
20200814:1330,0.0,0.0,0.0,0.0,28.81,3.24,0.0,2020-08-14 13:30:00+00:00
20200814:1430,0.0,0.0,0.0,0.0,28.47,3.52,0.0,2020-08-14 14:30:00+00:00
20200814:1530,0.0,0.0,0.0,0.0,28.14,3.66,0.0,2020-08-14 15:30:00+00:00
20200814:1630,0.0,0.0,0.0,0.0,27.87,3.66,0.0,2020-08-14 16:30:00+00:00
20200814:1730,0.0,0.0,0.0,0.0,27.6,3.59,0.0,2020-08-14 17:30:00+00:00
20200814:1830,0.0,0.0,0.0,0.0,27.39,3.66,0.0,2020-08-14 18:30:00+00:00
20200814:1930,0.0,0.0,0.0,0.0,27.69,3.45,0.0,2020-08-14 19:30:00+00:00
20200814:2030,0.0,0.0,0.0,0.0,27.53,3.45,0.0,2020-08-14 20:30:00+00:00
20200814:2130,0.0,0.0,0.0,0.0,27.29,3.59,0.0,2020-08-14 21:30:00+00:00
20200814:2230,0.0,0.0,0.0,0.0,27.12,3.93,0.0,2020-08-14 22:30:00+00:00
20200814:2330,0.0,0.0,0.0,-3.43,27.09,4.14,0.0,2020-08-14 23:30:00+00:00
20200815:0030,1.55,37.25,0.0,9.87,27.18,4.28,0.0,2020-08-15 00:30:00+00:00
20200815:0130,42.0,105.85,0.0,23.52,27.44,3.93,0.0,2020-08-15 01:30:00+00:00
20200815:0230,138.5,148.3,0.0,37.3,27.84,5.17,0.0,2020-08-15 02:30:00+00:00
20200815:0330,177.8,190.7,0.0,51.08,28.71,5.31,0.0,2020-08-15 03:30:00+00:00
20200815:0430,293.8,270.9,0.0,64.64,29.39,4.41,0.0,2020-08-15 04:30:00+00:00
20200815:0530,233.95,268.8,0.0,76.94,30.21,4.21,0.0,2020-08-15 05:30:00+00:00
20200815:0630,105.65,261.4,0.0,79.98,30.89,4.14,0.0,2020-08-15 06:30:00+00:00
20200815:0730,184.5,227.0,0.0,69.18,30.22,4.28,0.0,2020-08-15 07:30:00+00:00
20200815:0830,221.1,231.0,0.0,55.84,30.4,4.28,0.0,2020-08-15 08:30:00+00:00
20200815:0930,234.95,150.15,0.0,42.1,30.52,4.83,0.0,2020-08-15 09:30:00+00:00
20200815:1030,107.2,115.0,0.0,28.3,30.37,4.55,0.0,2020-08-15 10:30:00+00:00
20200815:1130,14.85,51.1,0.0,14.59,29.61,3.66,0.0,2020-08-15 11:30:00+00:00
20200815:1230,0.0,7.25,0.0,1.1,29.03,3.24,0.0,2020-08-15 12:30:00+00:00
20200815:1330,0.0,0.0,0.0,0.0,28.4,3.38,0.0,2020-08-15 13:30:00+00:00
20200815:1430,0.0,0.0,0.0,0.0,27.72,3.31,0.0,2020-08-15 14:30:00+00:00
20200815:1530,0.0,0.0,0.0,0.0,27.21,3.24,0.0,2020-08-15 15:30:00+00:00
20200815:1630,0.0,0.0,0.0,0.0,27.15,3.31,0.0,2020-08-15 16:30:00+00:00
20200815:1730,0.0,0.0,0.0,0.0,27.08,3.31,0.0,2020-08-15 17:30:00+00:00
20200815:1830,0.0,0.0,0.0,0.0,27.06,3.17,0.0,2020-08-15 18:30:00+00:00
20200815:1930,0.0,0.0,0.0,0.0,27.04,3.1,0.0,2020-08-15 19:30:00+00:00
20200815:2030,0.0,0.0,0.0,0.0,26.97,3.03,0.0,2020-08-15 20:30:00+00:00
20200815:2130,0.0,0.0,0.0,0.0,26.79,3.1,0.0,2020-08-15 21:30:00+00:00
20200815:2230,0.0,0.0,0.0,0.0,26.68,3.1,0.0,2020-08-15 22:30:00+00:00
20200815:2330,0.0,0.0,0.0,-3.52,26.6,3.38,0.0,2020-08-15 23:30:00+00:00
20200816:0030,18.2,41.05,0.0,9.8,26.63,3.45,0.0,2020-08-16 00:30:00+00:00
20200816:0130,93.1,105.4,0.0,23.46,27.01,3.45,0.0,2020-08-16 01:30:00+00:00
20200816:0230,229.6,139.35,0.0,37.25,27.97,3.86,0.0,2020-08-16 02:30:00+00:00
20200816:0330,289.0,216.7,0.0,51.03,28.95,3.93,0.0,2020-08-16 03:30:00+00:00
20200816:0430,144.05,337.15,0.0,64.56,29.92,3.79,0.0,2020-08-16 04:30:00+00:00
20200816:0530,157.4,386.3,0.0,76.76,30.46,3.59,0.0,2020-08-16 05:30:00+00:00
20200816:0630,344.95,231.7,0.0,79.68,31.17,3.72,0.0,2020-08-16 06:30:00+00:00
20200816:0730,201.95,177.0,0.0,68.99,29.86,3.52,0.0,2020-08-16 07:30:00+00:00
20200816:0830,59.6,220.6,0.0,55.69,30.37,3.45,0.0,2020-08-16 08:30:00+00:00
20200816:0930,129.0,199.25,0.0,41.95,30.42,3.52,0.0,2020-08-16 09:30:00+00:00
20200816:1030,124.65,110.45,0.0,28.15,29.93,3.79,0.0,2020-08-16 10:30:00+00:00
20200816:1130,48.05,48.85,0.0,14.44,29.54,3.31,0.0,2020-08-16 11:30:00+00:00
20200816:1230,0.0,5.1,0.0,0.93,29.02,3.38,0.0,2020-08-16 12:30:00+00:00
20200816:1330,0.0,0.0,0.0,0.0,28.36,3.17,0.0,2020-08-16 13:30:00+00:00
20200816:1430,0.0,0.0,0.0,0.0,27.94,2.9,0.0,2020-08-16 14:30:00+00:00
20200816:1530,0.0,0.0,0.0,0.0,27.66,2.69,0.0,2020-08-16 15:30:00+00:00
20200816:1630,0.0,0.0,0.0,0.0,27.43,2.69,0.0,2020-08-16 16:30:00+00:00
20200816:1730,0.0,0.0,0.0,0.0,27.29,2.48,0.0,2020-08-16 17:30:00+00:00
20200816:1830,0.0,0.0,0.0,0.0,27.07,2.21,0.0,2020-08-16 18:30:00+00:00
20200816:1930,0.0,0.0,0.0,0.0,27.1,2.76,0.0,2020-08-16 19:30:00+00:00
20200816:2030,0.0,0.0,0.0,0.0,26.92,2.62,0.0,2020-08-16 20:30:00+00:00
20200816:2130,0.0,0.0,0.0,0.0,26.68,2.21,0.0,2020-08-16 21:30:00+00:00
20200816:2230,0.0,0.0,0.0,0.0,26.58,2.14,0.0,2020-08-16 22:30:00+00:00
20200816:2330,0.0,0.0,0.0,-3.6,26.52,2.07,0.0,2020-08-16 23:30:00+00:00
20200817:0030,15.35,34.85,0.0,9.74,26.45,2.14,0.0,2020-08-17 00:30:00+00:00
20200817:0130,38.9,102.8,0.0,23.41,26.94,2.69,0.0,2020-08-17 01:30:00+00:00
20200817:0230,172.3,155.2,0.0,37.19,27.77,3.66,0.0,2020-08-17 02:30:00+00:00
20200817:0330,333.05,202.25,0.0,50.97,28.86,3.45,0.0,2020-08-17 03:30:00+00:00
20200817:0430,429.65,228.0,0.0,64.47,30.05,3.31,0.0,2020-08-17 04:30:00+00:00
20200817:0530,445.2,289.8,0.0,76.57,30.79,3.31,0.0,2020-08-17 05:30:00+00:00
20200817:0630,72.75,214.8,0.0,79.37,31.23,3.66,0.0,2020-08-17 06:30:00+00:00
20200817:0730,123.1,188.0,0.0,68.79,29.03,3.66,0.0,2020-08-17 07:30:00+00:00
20200817:0830,107.75,169.1,0.0,55.53,29.13,3.79,0.0,2020-08-17 08:30:00+00:00
20200817:0930,82.0,112.65,0.0,41.8,28.93,4.21,0.0,2020-08-17 09:30:00+00:00
20200817:1030,10.4,70.9,0.0,28.0,28.63,3.86,0.0,2020-08-17 10:30:00+00:00
20200817:1130,2.7,42.0,0.0,14.28,27.86,3.1,0.0,2020-08-17 11:30:00+00:00
20200817:1230,0.0,5.15,0.0,0.75,27.48,2.83,0.0,2020-08-17 12:30:00+00:00
20200817:1330,0.0,0.0,0.0,0.0,27.18,2.48,0.0,2020-08-17 13:30:00+00:00
20200817:1430,0.0,0.0,0.0,0.0,26.99,2.34,0.0,2020-08-17 14:30:00+00:00
20200817:1530,0.0,0.0,0.0,0.0,26.86,2.34,0.0,2020-08-17 15:30:00+00:00
20200817:1630,0.0,0.0,0.0,0.0,26.7,2.28,0.0,2020-08-17 16:30:00+00:00
20200817:1730,0.0,0.0,0.0,0.0,26.61,2.34,0.0,2020-08-17 17:30:00+00:00
20200817:1830,0.0,0.0,0.0,0.0,26.54,2.48,0.0,2020-08-17 18:30:00+00:00
20200817:1930,0.0,0.0,0.0,0.0,26.63,1.86,0.0,2020-08-17 19:30:00+00:00
20200817:2030,0.0,0.0,0.0,0.0,26.56,1.79,0.0,2020-08-17 20:30:00+00:00
20200817:2130,0.0,0.0,0.0,0.0,26.56,1.72,0.0,2020-08-17 21:30:00+00:00
20200817:2230,0.0,0.0,0.0,0.0,26.49,1.93,0.0,2020-08-17 22:30:00+00:00
20200817:2330,0.0,0.0,0.0,-3.69,26.25,1.79,0.0,2020-08-17 23:30:00+00:00
20200818:0030,7.05,42.05,0.0,9.67,26.11,1.59,0.0,2020-08-18 00:30:00+00:00
20200818:0130,34.4,118.95,0.0,23.35,26.21,1.38,0.0,2020-08-18 01:30:00+00:00
20200818:0230,177.15,162.1,0.0,37.14,26.95,2.0,0.0,2020-08-18 02:30:00+00:00
20200818:0330,194.75,204.4,0.0,50.91,28.21,1.79,0.0,2020-08-18 03:30:00+00:00
20200818:0430,123.7,277.1,0.0,64.38,28.98,1.38,0.0,2020-08-18 04:30:00+00:00
20200818:0530,107.35,264.4,0.0,76.37,29.35,1.31,0.0,2020-08-18 05:30:00+00:00
20200818:0630,32.3,211.9,0.0,79.06,30.09,1.38,0.0,2020-08-18 06:30:00+00:00
20200818:0730,74.4,180.85,0.0,68.59,29.26,1.72,0.0,2020-08-18 07:30:00+00:00
20200818:0830,16.5,161.15,0.0,55.36,28.71,2.28,0.0,2020-08-18 08:30:00+00:00
20200818:0930,54.9,195.2,0.0,41.64,28.08,2.07,0.0,2020-08-18 09:30:00+00:00
20200818:1030,14.15,96.25,0.0,27.84,28.53,2.76,0.0,2020-08-18 10:30:00+00:00
20200818:1130,11.75,52.5,0.0,14.11,28.26,2.76,0.0,2020-08-18 11:30:00+00:00
20200818:1230,0.0,4.55,0.0,0.57,27.9,2.28,0.0,2020-08-18 12:30:00+00:00
20200818:1330,0.0,0.0,0.0,0.0,27.5,1.86,0.0,2020-08-18 13:30:00+00:00
20200818:1430,0.0,0.0,0.0,0.0,27.33,2.0,0.0,2020-08-18 14:30:00+00:00
20200818:1530,0.0,0.0,0.0,0.0,27.11,1.72,0.0,2020-08-18 15:30:00+00:00
20200818:1630,0.0,0.0,0.0,0.0,26.83,1.93,0.0,2020-08-18 16:30:00+00:00
20200818:1730,0.0,0.0,0.0,0.0,26.62,2.28,0.0,2020-08-18 17:30:00+00:00
20200818:1830,0.0,0.0,0.0,0.0,26.46,2.0,0.0,2020-08-18 18:30:00+00:00
20200818:1930,0.0,0.0,0.0,0.0,26.21,1.45,0.0,2020-08-18 19:30:00+00:00
20200818:2030,0.0,0.0,0.0,0.0,25.76,1.45,0.0,2020-08-18 20:30:00+00:00
20200818:2130,0.0,0.0,0.0,0.0,25.67,1.59,0.0,2020-08-18 21:30:00+00:00
20200818:2230,0.0,0.0,0.0,0.0,25.53,1.45,0.0,2020-08-18 22:30:00+00:00
20200818:2330,0.0,0.0,0.0,-3.77,25.47,1.52,0.0,2020-08-18 23:30:00+00:00
20200819:0030,18.7,42.25,0.0,9.6,25.47,1.79,0.0,2020-08-19 00:30:00+00:00
20200819:0130,66.85,94.3,0.0,23.29,25.9,2.55,0.0,2020-08-19 01:30:00+00:00
20200819:0230,78.2,145.7,0.0,37.09,26.8,2.41,0.0,2020-08-19 02:30:00+00:00
20200819:0330,22.65,177.35,0.0,50.85,27.5,2.55,0.0,2020-08-19 03:30:00+00:00
20200819:0430,23.4,157.9,0.0,64.29,28.1,2.62,0.0,2020-08-19 04:30:00+00:00
20200819:0530,29.7,162.55,0.0,76.17,28.46,2.76,0.0,2020-08-19 05:30:00+00:00
20200819:0630,407.4,182.6,0.0,78.74,28.67,2.76,0.0,2020-08-19 06:30:00+00:00
20200819:0730,400.75,188.9,0.0,68.37,30.5,4.34,0.0,2020-08-19 07:30:00+00:00
20200819:0830,110.1,157.1,0.0,55.19,29.98,5.03,0.0,2020-08-19 08:30:00+00:00
20200819:0930,47.95,116.15,0.0,41.48,27.93,3.79,0.0,2020-08-19 09:30:00+00:00
20200819:1030,54.7,112.05,0.0,27.68,27.5,3.52,0.0,2020-08-19 10:30:00+00:00
20200819:1130,7.25,32.45,0.0,13.94,27.48,3.45,0.0,2020-08-19 11:30:00+00:00
20200819:1230,0.0,2.0,0.0,0.39,26.92,4.14,0.0,2020-08-19 12:30:00+00:00
20200819:1330,0.0,0.0,0.0,0.0,26.55,3.17,0.0,2020-08-19 13:30:00+00:00
20200819:1430,0.0,0.0,0.0,0.0,26.48,3.17,0.0,2020-08-19 14:30:00+00:00
20200819:1530,0.0,0.0,0.0,0.0,26.37,3.66,0.0,2020-08-19 15:30:00+00:00
20200819:1630,0.0,0.0,0.0,0.0,26.17,4.07,0.0,2020-08-19 16:30:00+00:00
20200819:1730,0.0,0.0,0.0,0.0,25.9,4.34,0.0,2020-08-19 17:30:00+00:00
20200819:1830,0.0,0.0,0.0,0.0,25.57,4.34,0.0,2020-08-19 18:30:00+00:00
20200819:1930,0.0,0.0,0.0,0.0,25.81,5.45,0.0,2020-08-19 19:30:00+00:00
20200819:2030,0.0,0.0,0.0,0.0,25.54,4.9,0.0,2020-08-19 20:30:00+00:00
20200819:2130,0.0,0.0,0.0,0.0,25.42,5.24,0.0,2020-08-19 21:30:00+00:00
20200819:2230,0.0,0.0,0.0,0.0,25.58,6.41,0.0,2020-08-19 22:30:00+00:00
20200819:2330,0.0,0.0,0.0,-3.86,25.72,7.1,0.0,2020-08-19 23:30:00+00:00
20200820:0030,0.0,4.9,0.0,9.54,25.74,7.17,0.0,2020-08-20 00:30:00+00:00
20200820:0130,0.0,19.85,0.0,23.24,25.77,6.76,0.0,2020-08-20 01:30:00+00:00
20200820:0230,0.0,29.9,0.0,37.04,25.91,6.14,0.0,2020-08-20 02:30:00+00:00
20200820:0330,6.05,65.15,0.0,50.79,26.21,6.07,0.0,2020-08-20 03:30:00+00:00
20200820:0430,6.9,65.25,0.0,64.19,26.42,6.34,0.0,2020-08-20 04:30:00+00:00
20200820:0530,29.75,134.2,0.0,75.96,26.41,6.14,0.0,2020-08-20 05:30:00+00:00
20200820:0630,40.0,263.4,0.0,78.42,26.73,5.52,0.0,2020-08-20 06:30:00+00:00
20200820:0730,13.15,252.0,0.0,68.15,27.12,5.31,0.0,2020-08-20 07:30:00+00:00
20200820:0830,71.35,243.6,0.0,55.01,27.72,4.69,0.0,2020-08-20 08:30:00+00:00
20200820:0930,38.4,156.25,0.0,41.32,27.97,4.9,0.0,2020-08-20 09:30:00+00:00
20200820:1030,12.7,102.75,0.0,27.52,27.06,4.83,0.0,2020-08-20 10:30:00+00:00
20200820:1130,1.6,42.7,0.0,13.77,27.0,4.76,0.0,2020-08-20 11:30:00+00:00
20200820:1230,0.0,6.75,0.0,0.21,26.81,4.76,0.0,2020-08-20 12:30:00+00:00
20200820:1330,0.0,0.0,0.0,0.0,26.6,4.9,0.0,2020-08-20 13:30:00+00:00
20200820:1430,0.0,0.0,0.0,0.0,26.49,4.9,0.0,2020-08-20 14:30:00+00:00
20200820:1530,0.0,0.0,0.0,0.0,26.57,4.83,0.0,2020-08-20 15:30:00+00:00
20200820:1630,0.0,0.0,0.0,0.0,26.65,4.83,0.0,2020-08-20 16:30:00+00:00
20200820:1730,0.0,0.0,0.0,0.0,26.44,5.24,0.0,2020-08-20 17:30:00+00:00
20200820:1830,0.0,0.0,0.0,0.0,26.27,4.76,0.0,2020-08-20 18:30:00+00:00
20200820:1930,0.0,0.0,0.0,0.0,26.03,4.41,0.0,2020-08-20 19:30:00+00:00
20200820:2030,0.0,0.0,0.0,0.0,26.0,4.55,0.0,2020-08-20 20:30:00+00:00
20200820:2130,0.0,0.0,0.0,0.0,26.05,4.28,0.0,2020-08-20 21:30:00+00:00
20200820:2230,0.0,0.0,0.0,0.0,25.97,4.14,0.0,2020-08-20 22:30:00+00:00
20200820:2330,0.0,0.0,0.0,-3.94,25.94,4.07,0.0,2020-08-20 23:30:00+00:00
20200821:0030,2.3,35.9,0.0,9.47,25.81,3.79,0.0,2020-08-21 00:30:00+00:00
20200821:0130,10.35,79.0,0.0,23.18,25.9,3.86,0.0,2020-08-21 01:30:00+00:00
20200821:0230,56.5,137.85,0.0,36.98,26.12,4.07,0.0,2020-08-21 02:30:00+00:00
20200821:0330,69.7,176.25,0.0,50.72,26.74,4.0,0.0,2020-08-21 03:30:00+00:00
20200821:0430,182.65,254.95,0.0,64.09,27.53,4.41,0.0,2020-08-21 04:30:00+00:00
20200821:0530,123.95,193.5,0.0,75.74,28.13,5.17,0.0,2020-08-21 05:30:00+00:00
20200821:0630,216.2,254.15,0.0,78.09,28.52,5.72,0.0,2020-08-21 06:30:00+00:00
20200821:0730,67.35,269.55,0.0,67.93,28.33,5.17,0.0,2020-08-21 07:30:00+00:00
20200821:0830,75.3,218.9,0.0,54.82,28.64,4.76,0.0,2020-08-21 08:30:00+00:00
20200821:0930,28.7,147.6,0.0,41.15,27.5,5.31,0.0,2020-08-21 09:30:00+00:00
20200821:1030,25.0,89.45,0.0,27.35,27.12,4.21,0.0,2020-08-21 10:30:00+00:00
20200821:1130,9.35,54.05,0.0,13.6,27.22,4.21,0.0,2020-08-21 11:30:00+00:00
20200821:1230,0.0,6.7,0.0,0.02,27.08,4.14,0.0,2020-08-21 12:30:00+00:00
20200821:1330,0.0,0.0,0.0,0.0,26.78,3.72,0.0,2020-08-21 13:30:00+00:00
20200821:1430,0.0,0.0,0.0,0.0,26.67,3.45,0.0,2020-08-21 14:30:00+00:00
20200821:1530,0.0,0.0,0.0,0.0,26.64,3.31,0.0,2020-08-21 15:30:00+00:00
20200821:1630,0.0,0.0,0.0,0.0,26.62,2.9,0.0,2020-08-21 16:30:00+00:00
20200821:1730,0.0,0.0,0.0,0.0,26.07,2.55,0.0,2020-08-21 17:30:00+00:00
20200821:1830,0.0,0.0,0.0,0.0,25.8,2.48,0.0,2020-08-21 18:30:00+00:00
20200821:1930,0.0,0.0,0.0,0.0,26.65,2.9,0.0,2020-08-21 19:30:00+00:00
20200821:2030,0.0,0.0,0.0,0.0,26.47,2.76,0.0,2020-08-21 20:30:00+00:00
20200821:2130,0.0,0.0,0.0,0.0,26.31,2.62,0.0,2020-08-21 21:30:00+00:00
20200821:2230,0.0,0.0,0.0,0.0,26.04,2.41,0.0,2020-08-21 22:30:00+00:00
20200821:2330,0.0,0.0,0.0,-4.02,25.84,2.41,0.0,2020-08-21 23:30:00+00:00
20200822:0030,6.1,33.45,0.0,9.41,25.74,2.55,0.0,2020-08-22 00:30:00+00:00
20200822:0130,46.65,109.8,0.0,23.13,26.06,2.34,0.0,2020-08-22 01:30:00+00:00
20200822:0230,54.8,170.3,0.0,36.93,26.89,2.97,0.0,2020-08-22 02:30:00+00:00
20200822:0330,91.5,255.7,0.0,50.66,27.83,3.45,0.0,2020-08-22 03:30:00+00:00
20200822:0430,30.25,273.2,0.0,63.99,28.72,3.24,0.0,2020-08-22 04:30:00+00:00
20200822:0530,48.35,326.9,0.0,75.52,29.16,2.76,0.0,2020-08-22 05:30:00+00:00
20200822:0630,10.05,273.15,0.0,77.76,29.73,2.34,0.0,2020-08-22 06:30:00+00:00
20200822:0730,28.35,195.7,0.0,67.69,29.42,1.66,0.0,2020-08-22 07:30:00+00:00
20200822:0830,0.35,122.5,0.0,54.64,28.71,2.21,0.0,2020-08-22 08:30:00+00:00
20200822:0930,0.0,65.55,0.0,40.97,27.15,2.34,0.0,2020-08-22 09:30:00+00:00
20200822:1030,0.1,62.3,0.0,27.17,26.82,2.07,0.0,2020-08-22 10:30:00+00:00
20200822:1130,0.0,24.5,0.0,13.42,26.78,2.21,0.0,2020-08-22 11:30:00+00:00
20200822:1230,0.0,0.0,0.0,-0.17,26.47,2.0,0.0,2020-08-22 12:30:00+00:00
20200822:1330,0.0,0.0,0.0,0.0,26.32,1.66,0.0,2020-08-22 13:30:00+00:00
20200822:1430,0.0,0.0,0.0,0.0,26.27,1.79,0.0,2020-08-22 14:30:00+00:00
20200822:1530,0.0,0.0,0.0,0.0,26.26,1.86,0.0,2020-08-22 15:30:00+00:00
20200822:1630,0.0,0.0,0.0,0.0,26.19,1.72,0.0,2020-08-22 16:30:00+00:00
20200822:1730,0.0,0.0,0.0,0.0,26.1,1.52,0.0,2020-08-22 17:30:00+00:00
20200822:1830,0.0,0.0,0.0,0.0,26.0,1.52,0.0,2020-08-22 18:30:00+00:00
20200822:1930,0.0,0.0,0.0,0.0,26.15,1.38,0.0,2020-08-22 19:30:00+00:00
20200822:2030,0.0,0.0,0.0,0.0,25.88,0.83,0.0,2020-08-22 20:30:00+00:00
20200822:2130,0.0,0.0,0.0,0.0,25.69,0.69,0.0,2020-08-22 21:30:00+00:00
20200822:2230,0.0,0.0,0.0,0.0,25.44,0.9,0.0,2020-08-22 22:30:00+00:00
20200822:2330,0.0,0.0,0.0,-4.1,25.29,0.9,0.0,2020-08-22 23:30:00+00:00
20200823:0030,6.95,27.1,0.0,9.35,25.48,0.48,0.0,2020-08-23 00:30:00+00:00
20200823:0130,11.4,66.35,0.0,23.08,26.02,0.48,0.0,2020-08-23 01:30:00+00:00
20200823:0230,9.85,125.0,0.0,36.88,26.41,0.41,0.0,2020-08-23 02:30:00+00:00
20200823:0330,41.15,248.05,0.0,50.59,26.82,0.55,0.0,2020-08-23 03:30:00+00:00
20200823:0430,35.05,225.0,0.0,63.88,27.68,0.9,0.0,2020-08-23 04:30:00+00:00
20200823:0530,31.7,240.6,0.0,75.3,28.02,0.97,0.0,2020-08-23 05:30:00+00:00
20200823:0630,115.6,362.95,0.0,77.43,28.27,0.76,0.0,2020-08-23 06:30:00+00:00
20200823:0730,201.6,327.75,0.0,67.46,29.42,0.41,0.0,2020-08-23 07:30:00+00:00
20200823:0830,136.45,251.0,0.0,54.44,30.02,0.48,0.0,2020-08-23 08:30:00+00:00
20200823:0930,93.2,207.75,0.0,40.79,30.22,0.28,0.0,2020-08-23 09:30:00+00:00
20200823:1030,50.7,132.25,0.0,27.0,30.15,0.28,0.0,2020-08-23 10:30:00+00:00
20200823:1130,10.0,49.45,0.0,13.23,29.66,0.83,0.0,2020-08-23 11:30:00+00:00
20200823:1230,0.0,0.0,0.0,-0.37,27.63,1.17,0.0,2020-08-23 12:30:00+00:00
20200823:1330,0.0,0.0,0.0,0.0,26.75,1.31,0.0,2020-08-23 13:30:00+00:00
20200823:1430,0.0,0.0,0.0,0.0,26.23,1.31,0.0,2020-08-23 14:30:00+00:00
20200823:1530,0.0,0.0,0.0,0.0,25.99,1.45,0.0,2020-08-23 15:30:00+00:00
20200823:1630,0.0,0.0,0.0,0.0,25.94,1.24,0.0,2020-08-23 16:30:00+00:00
20200823:1730,0.0,0.0,0.0,0.0,25.82,1.24,0.0,2020-08-23 17:30:00+00:00
20200823:1830,0.0,0.0,0.0,0.0,25.74,0.97,0.0,2020-08-23 18:30:00+00:00
20200823:1930,0.0,0.0,0.0,0.0,25.82,0.48,0.0,2020-08-23 19:30:00+00:00
20200823:2030,0.0,0.0,0.0,0.0,25.58,0.41,0.0,2020-08-23 20:30:00+00:00
20200823:2130,0.0,0.0,0.0,0.0,25.44,0.07,0.0,2020-08-23 21:30:00+00:00
20200823:2230,0.0,0.0,0.0,0.0,25.38,0.28,0.0,2020-08-23 22:30:00+00:00
20200823:2330,0.0,0.0,0.0,-4.18,25.36,0.14,0.0,2020-08-23 23:30:00+00:00
20200824:0030,7.55,29.5,0.0,9.28,25.31,0.07,0.0,2020-08-24 00:30:00+00:00
20200824:0130,14.25,76.55,0.0,23.02,25.64,0.41,0.0,2020-08-24 01:30:00+00:00
20200824:0230,72.05,133.6,0.0,36.82,26.09,0.69,0.0,2020-08-24 02:30:00+00:00
20200824:0330,37.2,122.4,0.0,50.53,26.75,1.1,0.0,2020-08-24 03:30:00+00:00
20200824:0430,56.55,147.45,0.0,63.77,27.06,1.45,0.0,2020-08-24 04:30:00+00:00
20200824:0530,81.45,233.0,0.0,75.07,27.64,1.38,0.0,2020-08-24 05:30:00+00:00
20200824:0630,331.95,232.35,0.0,77.09,28.59,1.31,0.0,2020-08-24 06:30:00+00:00
20200824:0730,362.05,237.1,0.0,67.21,31.38,0.14,0.0,2020-08-24 07:30:00+00:00
20200824:0830,270.55,220.65,0.0,54.24,31.97,0.28,0.0,2020-08-24 08:30:00+00:00
20200824:0930,254.2,178.8,0.0,40.61,32.05,0.34,0.0,2020-08-24 09:30:00+00:00
20200824:1030,51.45,110.85,0.0,26.82,31.04,1.66,0.0,2020-08-24 10:30:00+00:00
20200824:1130,16.6,44.65,0.0,13.05,29.71,1.45,0.0,2020-08-24 11:30:00+00:00
20200824:1230,0.0,0.0,0.0,-0.56,28.39,1.52,0.0,2020-08-24 12:30:00+00:00
20200824:1330,0.0,0.0,0.0,0.0,27.47,1.1,0.0,2020-08-24 13:30:00+00:00
20200824:1430,0.0,0.0,0.0,0.0,27.07,1.17,0.0,2020-08-24 14:30:00+00:00
20200824:1530,0.0,0.0,0.0,0.0,26.79,1.31,0.0,2020-08-24 15:30:00+00:00
20200824:1630,0.0,0.0,0.0,0.0,26.32,1.38,0.0,2020-08-24 16:30:00+00:00
20200824:1730,0.0,0.0,0.0,0.0,26.14,1.59,0.0,2020-08-24 17:30:00+00:00
20200824:1830,0.0,0.0,0.0,0.0,26.08,1.45,0.0,2020-08-24 18:30:00+00:00
20200824:1930,0.0,0.0,0.0,0.0,26.28,1.52,0.0,2020-08-24 19:30:00+00:00
20200824:2030,0.0,0.0,0.0,0.0,26.03,1.93,0.0,2020-08-24 20:30:00+00:00
20200824:2130,0.0,0.0,0.0,0.0,25.88,1.72,0.0,2020-08-24 21:30:00+00:00
20200824:2230,0.0,0.0,0.0,0.0,25.68,1.45,0.0,2020-08-24 22:30:00+00:00
20200824:2330,0.0,0.0,0.0,-4.26,25.58,1.38,0.0,2020-08-24 23:30:00+00:00
20200825:0030,6.45,29.7,0.0,9.22,25.53,1.31,0.0,2020-08-25 00:30:00+00:00
20200825:0130,66.85,97.85,0.0,22.97,25.98,1.03,0.0,2020-08-25 01:30:00+00:00
20200825:0230,27.45,105.15,0.0,36.77,27.03,1.86,0.0,2020-08-25 02:30:00+00:00
20200825:0330,162.7,144.0,0.0,50.46,27.32,1.93,0.0,2020-08-25 03:30:00+00:00
20200825:0430,172.1,203.8,0.0,63.66,28.55,2.9,0.0,2020-08-25 04:30:00+00:00
20200825:0530,317.3,227.75,0.0,74.83,29.2,3.03,0.0,2020-08-25 05:30:00+00:00
20200825:0630,394.15,188.2,0.0,76.75,30.35,3.31,0.0,2020-08-25 06:30:00+00:00
20200825:0730,455.5,222.7,0.0,66.96,31.91,4.07,0.0,2020-08-25 07:30:00+00:00
20200825:0830,155.75,251.3,0.0,54.04,32.25,4.07,0.0,2020-08-25 08:30:00+00:00
20200825:0930,159.9,155.15,0.0,40.42,31.23,3.31,0.0,2020-08-25 09:30:00+00:00
20200825:1030,68.3,128.6,0.0,26.63,30.71,3.1,0.0,2020-08-25 10:30:00+00:00
20200825:1130,0.55,42.35,0.0,12.86,29.99,2.97,0.0,2020-08-25 11:30:00+00:00
20200825:1230,0.0,0.0,0.0,-0.76,28.71,3.31,0.0,2020-08-25 12:30:00+00:00
20200825:1330,0.0,0.0,0.0,0.0,27.78,3.38,0.0,2020-08-25 13:30:00+00:00
20200825:1430,0.0,0.0,0.0,0.0,27.42,3.66,0.0,2020-08-25 14:30:00+00:00
20200825:1530,0.0,0.0,0.0,0.0,27.2,3.72,0.0,2020-08-25 15:30:00+00:00
20200825:1630,0.0,0.0,0.0,0.0,26.96,3.79,0.0,2020-08-25 16:30:00+00:00
20200825:1730,0.0,0.0,0.0,0.0,26.71,3.79,0.0,2020-08-25 17:30:00+00:00
20200825:1830,0.0,0.0,0.0,0.0,26.53,3.79,0.0,2020-08-25 18:30:00+00:00
20200825:1930,0.0,0.0,0.0,0.0,26.79,4.14,0.0,2020-08-25 19:30:00+00:00
20200825:2030,0.0,0.0,0.0,0.0,26.66,4.41,0.0,2020-08-25 20:30:00+00:00
20200825:2130,0.0,0.0,0.0,0.0,26.71,4.83,0.0,2020-08-25 21:30:00+00:00
20200825:2230,0.0,0.0,0.0,0.0,26.7,5.17,0.0,2020-08-25 22:30:00+00:00
20200825:2330,0.0,0.0,0.0,-4.34,26.67,5.52,0.0,2020-08-25 23:30:00+00:00
20200826:0030,0.65,14.05,0.0,9.16,26.55,6.0,0.0,2020-08-26 00:30:00+00:00
20200826:0130,4.1,52.0,0.0,22.91,26.24,6.14,0.0,2020-08-26 01:30:00+00:00
20200826:0230,23.85,90.1,0.0,36.71,26.27,6.41,0.0,2020-08-26 02:30:00+00:00
20200826:0330,84.75,213.5,0.0,50.39,26.52,6.48,0.0,2020-08-26 03:30:00+00:00
20200826:0430,293.4,223.4,0.0,63.55,27.72,5.31,0.0,2020-08-26 04:30:00+00:00
20200826:0530,134.4,316.0,0.0,74.59,29.73,5.66,0.0,2020-08-26 05:30:00+00:00
20200826:0630,87.55,282.85,0.0,76.4,29.7,5.66,0.0,2020-08-26 06:30:00+00:00
20200826:0730,208.9,242.55,0.0,66.71,29.17,5.17,0.0,2020-08-26 07:30:00+00:00
20200826:0830,205.85,225.4,0.0,53.83,29.4,4.97,0.0,2020-08-26 08:30:00+00:00
20200826:0930,250.2,154.65,0.0,40.23,29.58,4.21,0.0,2020-08-26 09:30:00+00:00
20200826:1030,69.45,101.6,0.0,26.44,29.11,4.55,0.0,2020-08-26 10:30:00+00:00
20200826:1130,23.7,55.0,0.0,12.67,28.21,4.55,0.0,2020-08-26 11:30:00+00:00
20200826:1230,0.0,0.0,0.0,-0.97,27.96,3.72,0.0,2020-08-26 12:30:00+00:00
20200826:1330,0.0,0.0,0.0,0.0,27.67,3.66,0.0,2020-08-26 13:30:00+00:00
20200826:1430,0.0,0.0,0.0,0.0,27.42,3.93,0.0,2020-08-26 14:30:00+00:00
20200826:1530,0.0,0.0,0.0,0.0,27.27,3.93,0.0,2020-08-26 15:30:00+00:00
20200826:1630,0.0,0.0,0.0,0.0,27.16,3.79,0.0,2020-08-26 16:30:00+00:00
20200826:1730,0.0,0.0,0.0,0.0,27.0,3.93,0.0,2020-08-26 17:30:00+00:00
20200826:1830,0.0,0.0,0.0,0.0,27.0,4.21,0.0,2020-08-26 18:30:00+00:00
20200826:1930,0.0,0.0,0.0,0.0,26.2,4.34,0.0,2020-08-26 19:30:00+00:00
20200826:2030,0.0,0.0,0.0,0.0,26.11,4.28,0.0,2020-08-26 20:30:00+00:00
20200826:2130,0.0,0.0,0.0,0.0,25.89,4.07,0.0,2020-08-26 21:30:00+00:00
20200826:2230,0.0,0.0,0.0,0.0,25.85,4.14,0.0,2020-08-26 22:30:00+00:00
20200826:2330,0.0,0.0,0.0,-4.42,25.74,4.14,0.0,2020-08-26 23:30:00+00:00
20200827:0030,18.5,33.35,0.0,9.1,25.64,4.14,0.0,2020-08-27 00:30:00+00:00
20200827:0130,49.95,85.45,0.0,22.86,25.93,5.03,0.0,2020-08-27 01:30:00+00:00
20200827:0230,160.65,140.55,0.0,36.65,26.47,5.59,0.0,2020-08-27 02:30:00+00:00
20200827:0330,272.2,171.65,0.0,50.31,27.68,5.03,0.0,2020-08-27 03:30:00+00:00
20200827:0430,204.15,229.3,0.0,63.43,28.24,5.59,0.0,2020-08-27 04:30:00+00:00
20200827:0530,186.8,207.45,0.0,74.34,28.37,5.1,0.0,2020-08-27 05:30:00+00:00
20200827:0630,412.75,272.45,0.0,76.05,27.9,4.41,0.0,2020-08-27 06:30:00+00:00
20200827:0730,134.3,236.75,0.0,66.44,30.11,4.34,0.0,2020-08-27 07:30:00+00:00
20200827:0830,166.2,158.8,0.0,53.61,28.54,4.07,0.0,2020-08-27 08:30:00+00:00
20200827:0930,29.7,135.55,0.0,40.03,28.41,3.66,0.0,2020-08-27 09:30:00+00:00
20200827:1030,14.05,102.3,0.0,26.25,28.0,3.52,0.0,2020-08-27 10:30:00+00:00
20200827:1130,8.7,47.2,0.0,12.47,27.67,3.38,0.0,2020-08-27 11:30:00+00:00
20200827:1230,0.0,0.0,0.0,-1.18,27.53,3.66,0.0,2020-08-27 12:30:00+00:00
20200827:1330,0.0,0.0,0.0,0.0,27.23,3.66,0.0,2020-08-27 13:30:00+00:00
20200827:1430,0.0,0.0,0.0,0.0,26.98,3.52,0.0,2020-08-27 14:30:00+00:00
20200827:1530,0.0,0.0,0.0,0.0,26.93,3.31,0.0,2020-08-27 15:30:00+00:00
20200827:1630,0.0,0.0,0.0,0.0,26.72,3.17,0.0,2020-08-27 16:30:00+00:00
20200827:1730,0.0,0.0,0.0,0.0,26.39,3.1,0.0,2020-08-27 17:30:00+00:00
20200827:1830,0.0,0.0,0.0,0.0,26.24,3.03,0.0,2020-08-27 18:30:00+00:00
20200827:1930,0.0,0.0,0.0,0.0,26.24,2.9,0.0,2020-08-27 19:30:00+00:00
20200827:2030,0.0,0.0,0.0,0.0,26.05,2.69,0.0,2020-08-27 20:30:00+00:00
20200827:2130,0.0,0.0,0.0,0.0,25.88,2.48,0.0,2020-08-27 21:30:00+00:00
20200827:2230,0.0,0.0,0.0,0.0,25.8,2.48,0.0,2020-08-27 22:30:00+00:00
20200827:2330,0.0,0.0,0.0,-4.49,25.79,2.55,0.0,2020-08-27 23:30:00+00:00
20200828:0030,6.55,41.05,0.0,9.04,25.76,2.55,0.0,2020-08-28 00:30:00+00:00
20200828:0130,68.1,125.1,0.0,22.8,26.24,2.55,0.0,2020-08-28 01:30:00+00:00
20200828:0230,145.95,138.5,0.0,36.6,27.32,4.0,0.0,2020-08-28 02:30:00+00:00
20200828:0330,291.85,239.95,0.0,50.24,28.15,3.93,0.0,2020-08-28 03:30:00+00:00
20200828:0430,317.15,251.0,0.0,63.3,29.46,4.0,0.0,2020-08-28 04:30:00+00:00
20200828:0530,417.55,286.3,0.0,74.09,30.08,4.07,0.0,2020-08-28 05:30:00+00:00
20200828:0630,238.3,319.2,0.0,75.7,30.91,4.21,0.0,2020-08-28 06:30:00+00:00
20200828:0730,158.35,305.7,0.0,66.18,30.65,3.31,0.0,2020-08-28 07:30:00+00:00
20200828:0830,224.25,223.0,0.0,53.4,30.72,3.24,0.0,2020-08-28 08:30:00+00:00
20200828:0930,244.2,173.8,0.0,39.84,30.93,3.38,0.0,2020-08-28 09:30:00+00:00
20200828:1030,172.5,89.45,0.0,26.06,30.98,3.72,0.0,2020-08-28 10:30:00+00:00
20200828:1130,50.2,56.7,0.0,12.27,30.52,3.45,0.0,2020-08-28 11:30:00+00:00
20200828:1230,0.0,0.0,0.0,-1.38,29.7,3.24,0.0,2020-08-28 12:30:00+00:00
20200828:1330,0.0,0.0,0.0,0.0,28.9,3.1,0.0,2020-08-28 13:30:00+00:00
20200828:1430,0.0,0.0,0.0,0.0,28.19,3.1,0.0,2020-08-28 14:30:00+00:00
20200828:1530,0.0,0.0,0.0,0.0,27.67,3.24,0.0,2020-08-28 15:30:00+00:00
20200828:1630,0.0,0.0,0.0,0.0,27.29,3.1,0.0,2020-08-28 16:30:00+00:00
20200828:1730,0.0,0.0,0.0,0.0,27.07,2.97,0.0,2020-08-28 17:30:00+00:00
20200828:1830,0.0,0.0,0.0,0.0,26.86,2.76,0.0,2020-08-28 18:30:00+00:00
20200828:1930,0.0,0.0,0.0,0.0,26.97,2.48,0.0,2020-08-28 19:30:00+00:00
20200828:2030,0.0,0.0,0.0,0.0,26.76,2.21,0.0,2020-08-28 20:30:00+00:00
20200828:2130,0.0,0.0,0.0,0.0,26.57,2.14,0.0,2020-08-28 21:30:00+00:00
20200828:2230,0.0,0.0,0.0,0.0,26.42,2.21,0.0,2020-08-28 22:30:00+00:00
20200828:2330,0.0,0.0,0.0,-4.57,26.38,2.28,0.0,2020-08-28 23:30:00+00:00
20200829:0030,31.25,45.15,0.0,8.97,26.4,2.34,0.0,2020-08-29 00:30:00+00:00
20200829:0130,143.45,111.1,0.0,22.75,27.14,2.28,0.0,2020-08-29 01:30:00+00:00
20200829:0230,173.75,172.7,0.0,36.54,28.54,4.0,0.0,2020-08-29 02:30:00+00:00
20200829:0330,333.35,203.95,0.0,50.16,29.45,3.45,0.0,2020-08-29 03:30:00+00:00
20200829:0430,536.35,198.25,0.0,63.17,30.52,2.69,0.0,2020-08-29 04:30:00+00:00
20200829:0530,562.15,238.45,0.0,73.83,31.48,2.41,0.0,2020-08-29 05:30:00+00:00
20200829:0630,315.5,273.1,0.0,75.34,32.09,2.21,0.0,2020-08-29 06:30:00+00:00
20200829:0730,587.5,179.45,0.0,65.9,32.15,2.62,0.0,2020-08-29 07:30:00+00:00
20200829:0830,476.15,168.5,0.0,53.17,32.7,2.69,0.0,2020-08-29 08:30:00+00:00
20200829:0930,354.0,148.3,0.0,39.63,32.85,2.62,0.0,2020-08-29 09:30:00+00:00
20200829:1030,175.95,90.15,0.0,25.86,32.66,2.55,0.0,2020-08-29 10:30:00+00:00
20200829:1130,37.65,43.65,0.0,12.07,31.64,2.41,0.0,2020-08-29 11:30:00+00:00
20200829:1230,0.0,0.0,0.0,-1.6,30.51,2.69,0.0,2020-08-29 12:30:00+00:00
20200829:1330,0.0,0.0,0.0,0.0,29.43,2.76,0.0,2020-08-29 13:30:00+00:00
20200829:1430,0.0,0.0,0.0,0.0,28.79,2.9,0.0,2020-08-29 14:30:00+00:00
20200829:1530,0.0,0.0,0.0,0.0,28.19,2.9,0.0,2020-08-29 15:30:00+00:00
20200829:1630,0.0,0.0,0.0,0.0,27.77,2.76,0.0,2020-08-29 16:30:00+00:00
20200829:1730,0.0,0.0,0.0,0.0,27.41,2.41,0.0,2020-08-29 17:30:00+00:00
20200829:1830,0.0,0.0,0.0,0.0,27.16,2.21,0.0,2020-08-29 18:30:00+00:00
20200829:1930,0.0,0.0,0.0,0.0,27.48,2.48,0.0,2020-08-29 19:30:00+00:00
20200829:2030,0.0,0.0,0.0,0.0,27.36,2.41,0.0,2020-08-29 20:30:00+00:00
20200829:2130,0.0,0.0,0.0,0.0,27.19,2.34,0.0,2020-08-29 21:30:00+00:00
20200829:2230,0.0,0.0,0.0,0.0,27.03,2.28,0.0,2020-08-29 22:30:00+00:00
20200829:2330,0.0,0.0,0.0,-4.64,26.88,2.34,0.0,2020-08-29 23:30:00+00:00
20200830:0030,36.25,44.95,0.0,8.91,26.77,2.28,0.0,2020-08-30 00:30:00+00:00
20200830:0130,166.25,100.3,0.0,22.69,27.54,2.41,0.0,2020-08-30 01:30:00+00:00
20200830:0230,307.25,146.6,0.0,36.48,28.88,2.83,0.0,2020-08-30 02:30:00+00:00
20200830:0330,452.35,181.2,0.0,50.08,30.19,2.48,0.0,2020-08-30 03:30:00+00:00
20200830:0430,595.9,160.4,0.0,63.04,31.34,2.14,0.0,2020-08-30 04:30:00+00:00
20200830:0530,681.2,186.5,0.0,73.57,32.18,1.93,0.0,2020-08-30 05:30:00+00:00
20200830:0630,355.7,263.85,0.0,74.98,33.19,1.79,0.0,2020-08-30 06:30:00+00:00
20200830:0730,537.15,222.5,0.0,65.63,32.91,1.66,0.0,2020-08-30 07:30:00+00:00
20200830:0830,392.3,224.4,0.0,52.94,33.54,1.59,0.0,2020-08-30 08:30:00+00:00
20200830:0930,266.7,170.6,0.0,39.42,33.73,1.45,0.0,2020-08-30 09:30:00+00:00
20200830:1030,81.95,119.1,0.0,25.66,32.88,2.14,0.0,2020-08-30 10:30:00+00:00
20200830:1130,15.7,57.5,0.0,11.86,31.37,2.34,0.0,2020-08-30 11:30:00+00:00
20200830:1230,0.0,0.0,0.0,-1.81,30.43,2.28,0.0,2020-08-30 12:30:00+00:00
20200830:1330,0.0,0.0,0.0,0.0,29.61,2.07,0.0,2020-08-30 13:30:00+00:00
20200830:1430,0.0,0.0,0.0,0.0,29.14,2.14,0.0,2020-08-30 14:30:00+00:00
20200830:1530,0.0,0.0,0.0,0.0,28.87,2.14,0.0,2020-08-30 15:30:00+00:00
20200830:1630,0.0,0.0,0.0,0.0,28.62,2.07,0.0,2020-08-30 16:30:00+00:00
20200830:1730,0.0,0.0,0.0,0.0,28.37,2.07,0.0,2020-08-30 17:30:00+00:00
20200830:1830,0.0,0.0,0.0,0.0,28.05,2.14,0.0,2020-08-30 18:30:00+00:00
20200830:1930,0.0,0.0,0.0,0.0,28.15,2.0,0.0,2020-08-30 19:30:00+00:00
20200830:2030,0.0,0.0,0.0,0.0,27.87,1.86,0.0,2020-08-30 20:30:00+00:00
20200830:2130,0.0,0.0,0.0,0.0,27.62,1.86,0.0,2020-08-30 21:30:00+00:00
20200830:2230,0.0,0.0,0.0,0.0,27.45,1.93,0.0,2020-08-30 22:30:00+00:00
20200830:2330,0.0,0.0,0.0,-4.72,27.29,1.86,0.0,2020-08-30 23:30:00+00:00
20200831:0030,22.2,49.7,0.0,8.85,27.26,1.79,0.0,2020-08-31 00:30:00+00:00
20200831:0130,107.75,103.9,0.0,22.64,28.05,1.72,0.0,2020-08-31 01:30:00+00:00
20200831:0230,247.15,143.25,0.0,36.42,29.33,1.93,0.0,2020-08-31 02:30:00+00:00
20200831:0330,284.0,230.75,0.0,50.0,30.62,1.79,0.0,2020-08-31 03:30:00+00:00
20200831:0430,215.4,327.85,0.0,62.91,31.58,1.17,0.0,2020-08-31 04:30:00+00:00
20200831:0530,284.3,366.55,0.0,73.3,32.02,0.97,0.0,2020-08-31 05:30:00+00:00
20200831:0630,269.9,298.15,0.0,74.62,32.87,1.1,0.0,2020-08-31 06:30:00+00:00
20200831:0730,116.6,322.15,0.0,65.35,33.09,1.1,0.0,2020-08-31 07:30:00+00:00
20200831:0830,91.25,294.0,0.0,52.71,32.7,0.34,0.0,2020-08-31 08:30:00+00:00
20200831:0930,72.05,223.15,0.0,39.21,32.41,0.55,0.0,2020-08-31 09:30:00+00:00
20200831:1030,5.2,117.4,0.0,25.45,32.07,1.1,0.0,2020-08-31 10:30:00+00:00
20200831:1130,0.8,47.95,0.0,11.66,31.18,0.9,0.0,2020-08-31 11:30:00+00:00
20200831:1230,0.0,0.0,0.0,-2.03,30.58,1.03,0.0,2020-08-31 12:30:00+00:00
20200831:1330,0.0,0.0,0.0,0.0,29.86,1.17,0.0,2020-08-31 13:30:00+00:00
20200831:1430,0.0,0.0,0.0,0.0,29.34,1.1,0.0,2020-08-31 14:30:00+00:00
20200831:1530,0.0,0.0,0.0,0.0,28.88,1.1,0.0,2020-08-31 15:30:00+00:00
20200831:1630,0.0,0.0,0.0,0.0,28.58,1.1,0.0,2020-08-31 16:30:00+00:00
20200831:1730,0.0,0.0,0.0,0.0,28.37,1.17,0.0,2020-08-31 17:30:00+00:00
20200831:1830,0.0,0.0,0.0,0.0,28.17,1.03,0.0,2020-08-31 18:30:00+00:00
20200831:1930,0.0,0.0,0.0,0.0,27.96,0.41,0.0,2020-08-31 19:30:00+00:00
20200831:2030,0.0,0.0,0.0,0.0,27.45,0.83,0.0,2020-08-31 20:30:00+00:00
20200831:2130,0.0,0.0,0.0,0.0,26.78,1.31,0.0,2020-08-31 21:30:00+00:00
20200831:2230,0.0,0.0,0.0,0.0,26.19,1.24,0.0,2020-08-31 22:30:00+00:00
20200831:2330,0.0,0.0,0.0,-4.79,25.72,0.83,0.0,2020-08-31 23:30:00+00:00
20200901:0030,1.25,12.5,0.0,8.79,25.58,0.48,0.0,2020-09-01 00:30:00+00:00
20200901:0130,3.85,60.3,0.0,22.58,25.91,0.69,0.0,2020-09-01 01:30:00+00:00
20200901:0230,7.35,109.9,0.0,36.36,26.37,0.48,0.0,2020-09-01 02:30:00+00:00
20200901:0330,20.25,198.1,0.0,49.92,27.06,0.48,0.0,2020-09-01 03:30:00+00:00
20200901:0430,56.4,322.4,0.0,62.77,27.8,0.55,0.0,2020-09-01 04:30:00+00:00
20200901:0530,36.6,334.0,0.0,73.03,28.77,0.9,0.0,2020-09-01 05:30:00+00:00
20200901:0630,14.0,172.75,0.0,74.25,29.08,1.31,0.0,2020-09-01 06:30:00+00:00
20200901:0730,9.4,161.25,0.0,65.06,27.76,0.9,0.0,2020-09-01 07:30:00+00:00
20200901:0830,1.35,117.9,0.0,52.48,27.4,1.45,0.0,2020-09-01 08:30:00+00:00
20200901:0930,0.95,81.4,0.0,39.0,27.09,1.03,0.0,2020-09-01 09:30:00+00:00
20200901:1030,0.6,56.45,0.0,25.24,27.0,0.9,0.0,2020-09-01 10:30:00+00:00
20200901:1130,0.9,44.15,0.0,11.44,27.02,0.48,0.0,2020-09-01 11:30:00+00:00
20200901:1230,0.0,0.0,0.0,-2.25,27.1,0.34,0.0,2020-09-01 12:30:00+00:00
20200901:1330,0.0,0.0,0.0,0.0,26.77,1.1,0.0,2020-09-01 13:30:00+00:00
20200901:1430,0.0,0.0,0.0,0.0,26.44,1.52,0.0,2020-09-01 14:30:00+00:00
20200901:1530,0.0,0.0,0.0,0.0,26.32,1.93,0.0,2020-09-01 15:30:00+00:00
20200901:1630,0.0,0.0,0.0,0.0,26.22,2.0,0.0,2020-09-01 16:30:00+00:00
20200901:1730,0.0,0.0,0.0,0.0,26.12,1.79,0.0,2020-09-01 17:30:00+00:00
20200901:1830,0.0,0.0,0.0,0.0,26.03,1.93,0.0,2020-09-01 18:30:00+00:00
20200901:1930,0.0,0.0,0.0,0.0,25.69,1.79,0.0,2020-09-01 19:30:00+00:00
20200901:2030,0.0,0.0,0.0,0.0,25.55,1.72,0.0,2020-09-01 20:30:00+00:00
20200901:2130,0.0,0.0,0.0,0.0,25.46,1.66,0.0,2020-09-01 21:30:00+00:00
20200901:2230,0.0,0.0,0.0,0.0,25.32,1.52,0.0,2020-09-01 22:30:00+00:00
20200901:2330,0.0,0.0,0.0,-4.86,25.28,1.52,0.0,2020-09-01 23:30:00+00:00
20200902:0030,21.5,40.05,0.0,8.73,25.22,1.59,0.0,2020-09-02 00:30:00+00:00
20200902:0130,116.45,98.45,0.0,22.53,25.92,1.79,0.0,2020-09-02 01:30:00+00:00
20200902:0230,291.6,144.45,0.0,36.3,26.99,1.93,0.0,2020-09-02 02:30:00+00:00
20200902:0330,398.95,184.9,0.0,49.83,28.24,1.93,0.0,2020-09-02 03:30:00+00:00
20200902:0430,416.15,268.0,0.0,62.62,29.26,2.21,0.0,2020-09-02 04:30:00+00:00
20200902:0530,302.95,289.9,0.0,72.75,30.22,2.0,0.0,2020-09-02 05:30:00+00:00
20200902:0630,169.15,206.35,0.0,73.88,31.08,2.28,0.0,2020-09-02 06:30:00+00:00
20200902:0730,226.55,263.45,0.0,64.77,29.69,2.76,0.0,2020-09-02 07:30:00+00:00
20200902:0830,236.95,190.3,0.0,52.23,28.71,3.1,0.0,2020-09-02 08:30:00+00:00
20200902:0930,214.6,171.15,0.0,38.78,29.08,2.55,0.0,2020-09-02 09:30:00+00:00
20200902:1030,84.3,105.6,0.0,25.03,29.1,3.45,0.0,2020-09-02 10:30:00+00:00
20200902:1130,37.15,48.2,0.0,11.23,28.04,2.41,0.0,2020-09-02 11:30:00+00:00
20200902:1230,0.0,0.0,0.0,-2.47,27.46,1.93,0.0,2020-09-02 12:30:00+00:00
20200902:1330,0.0,0.0,0.0,0.0,26.82,1.52,0.0,2020-09-02 13:30:00+00:00
20200902:1430,0.0,0.0,0.0,0.0,26.55,1.45,0.0,2020-09-02 14:30:00+00:00
20200902:1530,0.0,0.0,0.0,0.0,26.34,1.52,0.0,2020-09-02 15:30:00+00:00
20200902:1630,0.0,0.0,0.0,0.0,26.12,1.52,0.0,2020-09-02 16:30:00+00:00
20200902:1730,0.0,0.0,0.0,0.0,25.92,1.59,0.0,2020-09-02 17:30:00+00:00
20200902:1830,0.0,0.0,0.0,0.0,25.68,1.52,0.0,2020-09-02 18:30:00+00:00
20200902:1930,0.0,0.0,0.0,0.0,25.8,1.72,0.0,2020-09-02 19:30:00+00:00
20200902:2030,0.0,0.0,0.0,0.0,25.67,1.45,0.0,2020-09-02 20:30:00+00:00
20200902:2130,0.0,0.0,0.0,0.0,25.52,1.38,0.0,2020-09-02 21:30:00+00:00
20200902:2230,0.0,0.0,0.0,0.0,25.43,1.38,0.0,2020-09-02 22:30:00+00:00
20200902:2330,0.0,0.0,0.0,-4.94,25.26,1.52,0.0,2020-09-02 23:30:00+00:00
20200903:0030,14.8,31.2,0.0,8.67,25.13,1.31,0.0,2020-09-03 00:30:00+00:00
20200903:0130,145.95,93.6,0.0,22.47,25.88,1.38,0.0,2020-09-03 01:30:00+00:00
20200903:0230,200.65,143.3,0.0,36.23,27.25,2.55,0.0,2020-09-03 02:30:00+00:00
20200903:0330,409.5,147.0,0.0,49.74,28.31,2.55,0.0,2020-09-03 03:30:00+00:00
20200903:0430,368.8,229.6,0.0,62.48,29.58,2.48,0.0,2020-09-03 04:30:00+00:00
20200903:0530,498.7,209.15,0.0,72.47,30.21,2.07,0.0,2020-09-03 05:30:00+00:00
20200903:0630,590.9,165.8,0.0,73.51,31.26,1.79,0.0,2020-09-03 06:30:00+00:00
20200903:0730,272.05,237.55,0.0,64.47,31.62,1.86,0.0,2020-09-03 07:30:00+00:00
20200903:0830,315.55,220.55,0.0,51.99,31.51,1.79,0.0,2020-09-03 08:30:00+00:00
20200903:0930,352.2,113.5,0.0,38.56,31.38,2.0,0.0,2020-09-03 09:30:00+00:00
20200903:1030,97.4,93.05,0.0,24.82,30.43,2.76,0.0,2020-09-03 10:30:00+00:00
20200903:1130,37.85,37.85,0.0,11.02,29.39,2.14,0.0,2020-09-03 11:30:00+00:00
20200903:1230,0.0,0.0,0.0,-2.7,28.86,1.79,0.0,2020-09-03 12:30:00+00:00
20200903:1330,0.0,0.0,0.0,0.0,28.15,1.86,0.0,2020-09-03 13:30:00+00:00
20200903:1430,0.0,0.0,0.0,0.0,27.72,1.66,0.0,2020-09-03 14:30:00+00:00
20200903:1530,0.0,0.0,0.0,0.0,27.26,1.59,0.0,2020-09-03 15:30:00+00:00
20200903:1630,0.0,0.0,0.0,0.0,26.91,1.59,0.0,2020-09-03 16:30:00+00:00
20200903:1730,0.0,0.0,0.0,0.0,26.71,1.45,0.0,2020-09-03 17:30:00+00:00
20200903:1830,0.0,0.0,0.0,0.0,26.36,1.38,0.0,2020-09-03 18:30:00+00:00
20200903:1930,0.0,0.0,0.0,0.0,26.24,1.24,0.0,2020-09-03 19:30:00+00:00
20200903:2030,0.0,0.0,0.0,0.0,25.98,1.45,0.0,2020-09-03 20:30:00+00:00
20200903:2130,0.0,0.0,0.0,0.0,25.85,1.52,0.0,2020-09-03 21:30:00+00:00
20200903:2230,0.0,0.0,0.0,0.0,25.77,1.59,0.0,2020-09-03 22:30:00+00:00
20200903:2330,0.0,0.0,0.0,-5.01,25.64,1.38,0.0,2020-09-03 23:30:00+00:00
20200904:0030,40.05,40.95,0.0,8.61,25.39,1.17,0.0,2020-09-04 00:30:00+00:00
20200904:0130,188.7,90.15,0.0,22.41,26.74,0.69,0.0,2020-09-04 01:30:00+00:00
20200904:0230,349.25,121.75,0.0,36.17,28.35,1.52,0.0,2020-09-04 02:30:00+00:00
20200904:0330,441.95,165.35,0.0,49.65,29.65,1.66,0.0,2020-09-04 03:30:00+00:00
20200904:0430,461.5,216.15,0.0,62.32,30.65,1.45,0.0,2020-09-04 04:30:00+00:00
20200904:0530,450.65,219.7,0.0,72.19,31.32,1.45,0.0,2020-09-04 05:30:00+00:00
20200904:0630,585.3,177.55,0.0,73.14,31.77,1.45,0.0,2020-09-04 06:30:00+00:00
20200904:0730,426.0,175.1,0.0,64.17,32.2,1.59,0.0,2020-09-04 07:30:00+00:00
20200904:0830,390.85,167.0,0.0,51.74,32.31,1.24,0.0,2020-09-04 08:30:00+00:00
20200904:0930,229.75,130.7,0.0,38.33,32.24,1.38,0.0,2020-09-04 09:30:00+00:00
20200904:1030,140.8,80.85,0.0,24.6,31.56,2.28,0.0,2020-09-04 10:30:00+00:00
20200904:1130,48.95,40.4,0.0,10.8,30.65,2.28,0.0,2020-09-04 11:30:00+00:00
20200904:1230,0.0,0.0,0.0,-2.92,29.87,2.21,0.0,2020-09-04 12:30:00+00:00
20200904:1330,0.0,0.0,0.0,0.0,29.16,2.0,0.0,2020-09-04 13:30:00+00:00
20200904:1430,0.0,0.0,0.0,0.0,28.54,2.07,0.0,2020-09-04 14:30:00+00:00
20200904:1530,0.0,0.0,0.0,0.0,28.17,2.21,0.0,2020-09-04 15:30:00+00:00
20200904:1630,0.0,0.0,0.0,0.0,27.85,2.28,0.0,2020-09-04 16:30:00+00:00
20200904:1730,0.0,0.0,0.0,0.0,27.61,2.34,0.0,2020-09-04 17:30:00+00:00
20200904:1830,0.0,0.0,0.0,0.0,27.32,2.21,0.0,2020-09-04 18:30:00+00:00
20200904:1930,0.0,0.0,0.0,0.0,27.33,2.0,0.0,2020-09-04 19:30:00+00:00
20200904:2030,0.0,0.0,0.0,0.0,27.1,1.93,0.0,2020-09-04 20:30:00+00:00
20200904:2130,0.0,0.0,0.0,0.0,26.91,1.86,0.0,2020-09-04 21:30:00+00:00
20200904:2230,0.0,0.0,0.0,0.0,26.74,1.93,0.0,2020-09-04 22:30:00+00:00
20200904:2330,0.0,0.0,0.0,-5.08,26.64,2.0,0.0,2020-09-04 23:30:00+00:00
20200905:0030,37.75,39.4,0.0,8.56,26.58,2.0,0.0,2020-09-05 00:30:00+00:00
20200905:0130,154.2,91.25,0.0,22.35,27.36,2.14,0.0,2020-09-05 01:30:00+00:00
20200905:0230,330.0,132.75,0.0,36.1,28.7,3.45,0.0,2020-09-05 02:30:00+00:00
20200905:0330,491.15,144.4,0.0,49.56,29.93,3.1,0.0,2020-09-05 03:30:00+00:00
20200905:0430,568.2,157.65,0.0,62.17,31.07,2.83,0.0,2020-09-05 04:30:00+00:00
20200905:0530,608.95,202.25,0.0,71.89,31.86,2.62,0.0,2020-09-05 05:30:00+00:00
20200905:0630,522.95,204.0,0.0,72.76,32.76,2.48,0.0,2020-09-05 06:30:00+00:00
20200905:0730,328.85,267.2,0.0,63.87,33.1,2.55,0.0,2020-09-05 07:30:00+00:00
20200905:0830,299.8,178.0,0.0,51.49,33.11,2.62,0.0,2020-09-05 08:30:00+00:00
20200905:0930,175.1,154.8,0.0,38.1,31.35,2.76,0.0,2020-09-05 09:30:00+00:00
20200905:1030,138.9,101.3,0.0,24.38,30.62,2.83,0.0,2020-09-05 10:30:00+00:00
20200905:1130,17.55,49.4,0.0,10.58,30.41,2.34,0.0,2020-09-05 11:30:00+00:00
20200905:1230,0.0,0.0,0.0,-3.15,29.75,1.93,0.0,2020-09-05 12:30:00+00:00
20200905:1330,0.0,0.0,0.0,0.0,29.01,2.0,0.0,2020-09-05 13:30:00+00:00
20200905:1430,0.0,0.0,0.0,0.0,28.62,2.28,0.0,2020-09-05 14:30:00+00:00
20200905:1530,0.0,0.0,0.0,0.0,28.27,2.69,0.0,2020-09-05 15:30:00+00:00
20200905:1630,0.0,0.0,0.0,0.0,28.02,2.83,0.0,2020-09-05 16:30:00+00:00
20200905:1730,0.0,0.0,0.0,0.0,27.72,2.9,0.0,2020-09-05 17:30:00+00:00
20200905:1830,0.0,0.0,0.0,0.0,27.53,2.83,0.0,2020-09-05 18:30:00+00:00
20200905:1930,0.0,0.0,0.0,0.0,27.63,2.62,0.0,2020-09-05 19:30:00+00:00
20200905:2030,0.0,0.0,0.0,0.0,27.49,2.69,0.0,2020-09-05 20:30:00+00:00
20200905:2130,0.0,0.0,0.0,0.0,27.43,2.76,0.0,2020-09-05 21:30:00+00:00
20200905:2230,0.0,0.0,0.0,0.0,27.34,2.55,0.0,2020-09-05 22:30:00+00:00
20200905:2330,0.0,0.0,0.0,-5.15,27.27,2.34,0.0,2020-09-05 23:30:00+00:00
20200906:0030,27.45,38.5,0.0,8.5,27.16,2.34,0.0,2020-09-06 00:30:00+00:00
20200906:0130,149.45,99.3,0.0,22.3,27.78,2.48,0.0,2020-09-06 01:30:00+00:00
20200906:0230,299.7,140.5,0.0,36.03,29.01,4.28,0.0,2020-09-06 02:30:00+00:00
20200906:0330,477.1,148.15,0.0,49.47,30.05,3.59,0.0,2020-09-06 03:30:00+00:00
20200906:0430,602.05,178.3,0.0,62.01,31.17,3.45,0.0,2020-09-06 04:30:00+00:00
20200906:0530,422.55,188.75,0.0,71.6,32.53,3.45,0.0,2020-09-06 05:30:00+00:00
20200906:0630,615.5,204.3,0.0,72.38,31.73,3.38,0.0,2020-09-06 06:30:00+00:00
20200906:0730,472.7,148.9,0.0,63.56,32.65,3.17,0.0,2020-09-06 07:30:00+00:00
20200906:0830,332.55,140.1,0.0,51.23,32.41,3.45,0.0,2020-09-06 08:30:00+00:00
20200906:0930,160.8,163.95,0.0,37.87,30.25,3.38,0.0,2020-09-06 09:30:00+00:00
20200906:1030,156.35,102.5,0.0,24.16,30.31,2.69,0.0,2020-09-06 10:30:00+00:00
20200906:1130,34.75,46.0,0.0,10.36,30.5,3.03,0.0,2020-09-06 11:30:00+00:00
20200906:1230,0.0,0.0,0.0,-3.38,29.31,2.55,0.0,2020-09-06 12:30:00+00:00
20200906:1330,0.0,0.0,0.0,0.0,28.83,2.34,0.0,2020-09-06 13:30:00+00:00
20200906:1430,0.0,0.0,0.0,0.0,28.43,2.69,0.0,2020-09-06 14:30:00+00:00
20200906:1530,0.0,0.0,0.0,0.0,28.2,2.9,0.0,2020-09-06 15:30:00+00:00
20200906:1630,0.0,0.0,0.0,0.0,28.0,2.76,0.0,2020-09-06 16:30:00+00:00
20200906:1730,0.0,0.0,0.0,0.0,27.8,2.76,0.0,2020-09-06 17:30:00+00:00
20200906:1830,0.0,0.0,0.0,0.0,27.59,2.76,0.0,2020-09-06 18:30:00+00:00
20200906:1930,0.0,0.0,0.0,0.0,27.89,2.83,0.0,2020-09-06 19:30:00+00:00
20200906:2030,0.0,0.0,0.0,0.0,27.8,2.83,0.0,2020-09-06 20:30:00+00:00
20200906:2130,0.0,0.0,0.0,0.0,27.57,2.83,0.0,2020-09-06 21:30:00+00:00
20200906:2230,0.0,0.0,0.0,0.0,27.44,2.9,0.0,2020-09-06 22:30:00+00:00
20200906:2330,0.0,0.0,0.0,-5.22,27.29,2.83,0.0,2020-09-06 23:30:00+00:00
20200907:0030,31.75,43.35,0.0,8.44,27.1,2.62,0.0,2020-09-07 00:30:00+00:00
20200907:0130,165.85,98.1,0.0,22.24,27.69,2.34,0.0,2020-09-07 01:30:00+00:00
20200907:0230,328.2,134.7,0.0,35.96,28.89,3.52,0.0,2020-09-07 02:30:00+00:00
20200907:0330,422.95,172.75,0.0,49.37,30.02,3.03,0.0,2020-09-07 03:30:00+00:00
20200907:0430,605.9,184.4,0.0,61.84,30.95,2.69,0.0,2020-09-07 04:30:00+00:00
20200907:0530,577.65,229.0,0.0,71.3,32.19,2.69,0.0,2020-09-07 05:30:00+00:00
20200907:0630,519.2,216.05,0.0,72.0,32.94,2.62,0.0,2020-09-07 06:30:00+00:00
20200907:0730,461.6,211.25,0.0,63.25,33.28,2.9,0.0,2020-09-07 07:30:00+00:00
20200907:0830,219.8,203.15,0.0,50.97,32.53,3.03,0.0,2020-09-07 08:30:00+00:00
20200907:0930,173.3,126.4,0.0,37.64,31.06,3.66,0.0,2020-09-07 09:30:00+00:00
20200907:1030,80.95,125.1,0.0,23.93,30.78,2.62,0.0,2020-09-07 10:30:00+00:00
20200907:1130,12.6,52.3,0.0,10.13,30.47,2.55,0.0,2020-09-07 11:30:00+00:00
20200907:1230,0.0,0.0,0.0,-3.61,29.48,2.21,0.0,2020-09-07 12:30:00+00:00
20200907:1330,0.0,0.0,0.0,0.0,29.01,2.07,0.0,2020-09-07 13:30:00+00:00
20200907:1430,0.0,0.0,0.0,0.0,28.61,2.14,0.0,2020-09-07 14:30:00+00:00
20200907:1530,0.0,0.0,0.0,0.0,28.41,2.07,0.0,2020-09-07 15:30:00+00:00
20200907:1630,0.0,0.0,0.0,0.0,28.09,2.14,0.0,2020-09-07 16:30:00+00:00
20200907:1730,0.0,0.0,0.0,0.0,27.88,2.48,0.0,2020-09-07 17:30:00+00:00
20200907:1830,0.0,0.0,0.0,0.0,27.68,2.41,0.0,2020-09-07 18:30:00+00:00
20200907:1930,0.0,0.0,0.0,0.0,27.37,2.21,0.0,2020-09-07 19:30:00+00:00
20200907:2030,0.0,0.0,0.0,0.0,27.3,2.28,0.0,2020-09-07 20:30:00+00:00
20200907:2130,0.0,0.0,0.0,0.0,27.24,2.34,0.0,2020-09-07 21:30:00+00:00
20200907:2230,0.0,0.0,0.0,0.0,27.13,2.21,0.0,2020-09-07 22:30:00+00:00
20200907:2330,0.0,0.0,0.0,-5.29,27.04,2.14,0.0,2020-09-07 23:30:00+00:00
20200908:0030,17.55,45.25,0.0,8.38,26.95,2.41,0.0,2020-09-08 00:30:00+00:00
20200908:0130,100.35,123.35,0.0,22.18,27.5,2.28,0.0,2020-09-08 01:30:00+00:00
20200908:0230,179.0,197.3,0.0,35.89,28.49,3.38,0.0,2020-09-08 02:30:00+00:00
20200908:0330,348.75,219.45,0.0,49.27,29.44,2.97,0.0,2020-09-08 03:30:00+00:00
20200908:0430,464.0,236.85,0.0,61.68,30.49,2.69,0.0,2020-09-08 04:30:00+00:00
20200908:0530,345.0,281.85,0.0,71.0,31.47,2.48,0.0,2020-09-08 05:30:00+00:00
20200908:0630,264.8,353.75,0.0,71.62,32.12,2.07,0.0,2020-09-08 06:30:00+00:00
20200908:0730,340.95,282.85,0.0,62.93,31.94,1.38,0.0,2020-09-08 07:30:00+00:00
20200908:0830,282.2,262.35,0.0,50.71,32.25,1.52,0.0,2020-09-08 08:30:00+00:00
20200908:0930,112.0,179.1,0.0,37.4,31.3,1.66,0.0,2020-09-08 09:30:00+00:00
20200908:1030,16.45,99.25,0.0,23.71,29.9,1.52,0.0,2020-09-08 10:30:00+00:00
20200908:1130,3.45,34.4,0.0,9.91,29.29,1.72,0.0,2020-09-08 11:30:00+00:00
20200908:1230,0.0,0.0,0.0,-3.84,28.21,1.59,0.0,2020-09-08 12:30:00+00:00
20200908:1330,0.0,0.0,0.0,0.0,27.82,1.59,0.0,2020-09-08 13:30:00+00:00
20200908:1430,0.0,0.0,0.0,0.0,27.65,1.38,0.0,2020-09-08 14:30:00+00:00
20200908:1530,0.0,0.0,0.0,0.0,27.53,1.45,0.0,2020-09-08 15:30:00+00:00
20200908:1630,0.0,0.0,0.0,0.0,27.41,1.59,0.0,2020-09-08 16:30:00+00:00
20200908:1730,0.0,0.0,0.0,0.0,27.38,1.38,0.0,2020-09-08 17:30:00+00:00
20200908:1830,0.0,0.0,0.0,0.0,27.19,1.52,0.0,2020-09-08 18:30:00+00:00
20200908:1930,0.0,0.0,0.0,0.0,26.5,1.24,0.0,2020-09-08 19:30:00+00:00
20200908:2030,0.0,0.0,0.0,0.0,26.2,1.1,0.0,2020-09-08 20:30:00+00:00
20200908:2130,0.0,0.0,0.0,0.0,26.13,1.03,0.0,2020-09-08 21:30:00+00:00
20200908:2230,0.0,0.0,0.0,0.0,26.16,1.03,0.0,2020-09-08 22:30:00+00:00
20200908:2330,0.0,0.0,0.0,-5.36,26.2,1.1,0.0,2020-09-08 23:30:00+00:00
20200909:0030,5.9,33.05,0.0,8.32,26.02,1.03,0.0,2020-09-09 00:30:00+00:00
20200909:0130,41.35,118.9,0.0,22.12,26.25,0.83,0.0,2020-09-09 01:30:00+00:00
20200909:0230,132.1,161.25,0.0,35.82,27.01,1.45,0.0,2020-09-09 02:30:00+00:00
20200909:0330,203.7,276.4,0.0,49.16,28.21,1.24,0.0,2020-09-09 03:30:00+00:00
20200909:0430,132.25,300.6,0.0,61.5,29.58,0.83,0.0,2020-09-09 04:30:00+00:00
20200909:0530,105.7,326.75,0.0,70.69,29.99,0.76,0.0,2020-09-09 05:30:00+00:00
20200909:0630,659.3,181.5,0.0,71.23,30.77,0.62,0.0,2020-09-09 06:30:00+00:00
20200909:0730,467.95,187.15,0.0,62.61,32.88,0.97,0.0,2020-09-09 07:30:00+00:00
20200909:0830,362.8,182.3,0.0,50.44,32.89,0.97,0.0,2020-09-09 08:30:00+00:00
20200909:0930,221.5,163.15,0.0,37.16,32.92,0.9,0.0,2020-09-09 09:30:00+00:00
20200909:1030,61.2,100.5,0.0,23.48,30.46,2.62,0.0,2020-09-09 10:30:00+00:00
20200909:1130,18.25,33.6,0.0,9.68,29.03,1.86,0.0,2020-09-09 11:30:00+00:00
20200909:1230,0.0,0.0,0.0,-4.08,28.44,1.86,0.0,2020-09-09 12:30:00+00:00
20200909:1330,0.0,0.0,0.0,0.0,28.08,1.72,0.0,2020-09-09 13:30:00+00:00
20200909:1430,0.0,0.0,0.0,0.0,27.88,2.0,0.0,2020-09-09 14:30:00+00:00
20200909:1530,0.0,0.0,0.0,0.0,27.9,2.14,0.0,2020-09-09 15:30:00+00:00
20200909:1630,0.0,0.0,0.0,0.0,27.73,2.14,0.0,2020-09-09 16:30:00+00:00
20200909:1730,0.0,0.0,0.0,0.0,27.45,2.21,0.0,2020-09-09 17:30:00+00:00
20200909:1830,0.0,0.0,0.0,0.0,27.23,1.93,0.0,2020-09-09 18:30:00+00:00
20200909:1930,0.0,0.0,0.0,0.0,27.48,1.66,0.0,2020-09-09 19:30:00+00:00
20200909:2030,0.0,0.0,0.0,0.0,27.24,1.59,0.0,2020-09-09 20:30:00+00:00
20200909:2130,0.0,0.0,0.0,0.0,27.13,1.45,0.0,2020-09-09 21:30:00+00:00
20200909:2230,0.0,0.0,0.0,0.0,26.92,1.24,0.0,2020-09-09 22:30:00+00:00
20200909:2330,0.0,0.0,0.0,-5.43,26.72,1.17,0.0,2020-09-09 23:30:00+00:00
20200910:0030,0.45,31.05,0.0,8.26,26.65,1.38,0.0,2020-09-10 00:30:00+00:00
20200910:0130,6.05,90.3,0.0,22.06,27.12,1.59,0.0,2020-09-10 01:30:00+00:00
20200910:0230,76.55,187.85,0.0,35.74,27.54,2.41,0.0,2020-09-10 02:30:00+00:00
20200910:0330,305.7,210.85,0.0,49.05,28.2,2.62,0.0,2020-09-10 03:30:00+00:00
20200910:0430,381.55,243.1,0.0,61.33,29.47,2.48,0.0,2020-09-10 04:30:00+00:00
20200910:0530,420.0,267.15,0.0,70.38,30.71,2.34,0.0,2020-09-10 05:30:00+00:00
20200910:0630,149.15,270.4,0.0,70.85,31.59,2.21,0.0,2020-09-10 06:30:00+00:00
20200910:0730,32.6,308.85,0.0,62.29,29.6,2.07,0.0,2020-09-10 07:30:00+00:00
20200910:0830,56.55,254.55,0.0,50.17,28.74,2.28,0.0,2020-09-10 08:30:00+00:00
20200910:0930,23.3,134.05,0.0,36.91,28.78,2.9,0.0,2020-09-10 09:30:00+00:00
20200910:1030,51.95,118.8,0.0,23.25,28.75,2.62,0.0,2020-09-10 10:30:00+00:00
20200910:1130,17.3,41.1,0.0,9.45,28.8,2.76,0.0,2020-09-10 11:30:00+00:00
20200910:1230,0.0,0.0,0.0,-4.31,27.94,2.34,0.0,2020-09-10 12:30:00+00:00
20200910:1330,0.0,0.0,0.0,0.0,27.59,1.86,0.0,2020-09-10 13:30:00+00:00
20200910:1430,0.0,0.0,0.0,0.0,27.31,1.79,0.0,2020-09-10 14:30:00+00:00
20200910:1530,0.0,0.0,0.0,0.0,27.13,1.93,0.0,2020-09-10 15:30:00+00:00
20200910:1630,0.0,0.0,0.0,0.0,27.01,1.93,0.0,2020-09-10 16:30:00+00:00
20200910:1730,0.0,0.0,0.0,0.0,27.04,2.07,0.0,2020-09-10 17:30:00+00:00
20200910:1830,0.0,0.0,0.0,0.0,26.85,2.14,0.0,2020-09-10 18:30:00+00:00
20200910:1930,0.0,0.0,0.0,0.0,27.23,2.21,0.0,2020-09-10 19:30:00+00:00
20200910:2030,0.0,0.0,0.0,0.0,27.16,2.28,0.0,2020-09-10 20:30:00+00:00
20200910:2130,0.0,0.0,0.0,0.0,27.01,2.62,0.0,2020-09-10 21:30:00+00:00
20200910:2230,0.0,0.0,0.0,0.0,26.81,2.69,0.0,2020-09-10 22:30:00+00:00
20200910:2330,0.0,0.0,0.0,-5.49,26.71,2.69,0.0,2020-09-10 23:30:00+00:00
20200911:0030,8.7,34.0,0.0,8.2,26.49,2.48,0.0,2020-09-11 00:30:00+00:00
20200911:0130,110.1,96.9,0.0,21.99,26.57,1.86,0.0,2020-09-11 01:30:00+00:00
20200911:0230,216.05,167.0,0.0,35.67,27.65,3.03,0.0,2020-09-11 02:30:00+00:00
20200911:0330,383.7,174.8,0.0,48.94,28.85,2.83,0.0,2020-09-11 03:30:00+00:00
20200911:0430,466.5,177.05,0.0,61.14,29.96,2.34,0.0,2020-09-11 04:30:00+00:00
20200911:0530,480.65,223.7,0.0,70.06,30.75,2.21,0.0,2020-09-11 05:30:00+00:00
20200911:0630,325.8,282.35,0.0,70.46,31.43,2.34,0.0,2020-09-11 06:30:00+00:00
20200911:0730,501.95,220.45,0.0,61.96,31.61,2.69,0.0,2020-09-11 07:30:00+00:00
20200911:0830,386.65,177.3,0.0,49.9,32.07,2.69,0.0,2020-09-11 08:30:00+00:00
20200911:0930,311.1,123.9,0.0,36.67,31.84,2.69,0.0,2020-09-11 09:30:00+00:00
20200911:1030,122.55,96.7,0.0,23.01,30.86,3.45,0.0,2020-09-11 10:30:00+00:00
20200911:1130,26.1,26.95,0.0,9.22,29.85,2.62,0.0,2020-09-11 11:30:00+00:00
20200911:1230,0.0,0.0,0.0,-4.55,29.07,2.48,0.0,2020-09-11 12:30:00+00:00
20200911:1330,0.0,0.0,0.0,0.0,28.58,2.21,0.0,2020-09-11 13:30:00+00:00
20200911:1430,0.0,0.0,0.0,0.0,28.24,2.28,0.0,2020-09-11 14:30:00+00:00
20200911:1530,0.0,0.0,0.0,0.0,28.13,2.55,0.0,2020-09-11 15:30:00+00:00
20200911:1630,0.0,0.0,0.0,0.0,27.85,2.55,0.0,2020-09-11 16:30:00+00:00
20200911:1730,0.0,0.0,0.0,0.0,27.65,2.55,0.0,2020-09-11 17:30:00+00:00
20200911:1830,0.0,0.0,0.0,0.0,27.39,2.21,0.0,2020-09-11 18:30:00+00:00
20200911:1930,0.0,0.0,0.0,0.0,27.25,1.93,0.0,2020-09-11 19:30:00+00:00
20200911:2030,0.0,0.0,0.0,0.0,27.07,1.79,0.0,2020-09-11 20:30:00+00:00
20200911:2130,0.0,0.0,0.0,0.0,26.91,1.86,0.0,2020-09-11 21:30:00+00:00
20200911:2230,0.0,0.0,0.0,0.0,26.79,1.93,0.0,2020-09-11 22:30:00+00:00
20200911:2330,0.0,0.0,0.0,-5.56,26.66,1.79,0.0,2020-09-11 23:30:00+00:00
20200912:0030,15.35,44.05,0.0,8.14,26.47,1.52,0.0,2020-09-12 00:30:00+00:00
20200912:0130,77.7,121.1,0.0,21.93,27.03,1.38,0.0,2020-09-12 01:30:00+00:00
20200912:0230,151.15,216.8,0.0,35.59,28.06,2.34,0.0,2020-09-12 02:30:00+00:00
20200912:0330,307.7,211.7,0.0,48.83,29.15,2.28,0.0,2020-09-12 03:30:00+00:00
20200912:0430,392.65,248.6,0.0,60.96,30.08,1.93,0.0,2020-09-12 04:30:00+00:00
20200912:0530,52.0,303.4,0.0,69.74,31.3,1.79,0.0,2020-09-12 05:30:00+00:00
20200912:0630,366.5,271.1,0.0,70.07,31.08,1.52,0.0,2020-09-12 06:30:00+00:00
20200912:0730,264.8,300.95,0.0,61.64,32.14,2.14,0.0,2020-09-12 07:30:00+00:00
20200912:0830,272.35,266.75,0.0,49.62,31.89,2.34,0.0,2020-09-12 08:30:00+00:00
20200912:0930,153.05,225.65,0.0,36.42,31.65,3.03,0.0,2020-09-12 09:30:00+00:00
20200912:1030,29.6,138.95,0.0,22.78,31.15,3.03,0.0,2020-09-12 10:30:00+00:00
20200912:1130,14.4,48.5,0.0,8.99,30.41,2.21,0.0,2020-09-12 11:30:00+00:00
20200912:1230,0.0,0.0,0.0,-4.78,29.66,2.0,0.0,2020-09-12 12:30:00+00:00
20200912:1330,0.0,0.0,0.0,0.0,28.9,2.07,0.0,2020-09-12 13:30:00+00:00
20200912:1430,0.0,0.0,0.0,0.0,28.5,2.34,0.0,2020-09-12 14:30:00+00:00
20200912:1530,0.0,0.0,0.0,0.0,28.24,2.34,0.0,2020-09-12 15:30:00+00:00
20200912:1630,0.0,0.0,0.0,0.0,28.02,2.34,0.0,2020-09-12 16:30:00+00:00
20200912:1730,0.0,0.0,0.0,0.0,27.8,2.34,0.0,2020-09-12 17:30:00+00:00
20200912:1830,0.0,0.0,0.0,0.0,27.55,2.07,0.0,2020-09-12 18:30:00+00:00
20200912:1930,0.0,0.0,0.0,0.0,27.56,1.93,0.0,2020-09-12 19:30:00+00:00
20200912:2030,0.0,0.0,0.0,0.0,27.31,1.52,0.0,2020-09-12 20:30:00+00:00
20200912:2130,0.0,0.0,0.0,0.0,26.99,1.38,0.0,2020-09-12 21:30:00+00:00
20200912:2230,0.0,0.0,0.0,0.0,26.71,1.38,0.0,2020-09-12 22:30:00+00:00
20200912:2330,0.0,0.0,0.0,-5.63,26.55,1.38,0.0,2020-09-12 23:30:00+00:00
20200913:0030,23.2,45.25,0.0,8.07,26.34,1.24,0.0,2020-09-13 00:30:00+00:00
20200913:0130,110.9,125.85,0.0,21.87,27.47,1.03,0.0,2020-09-13 01:30:00+00:00
20200913:0230,259.7,149.9,0.0,35.51,28.9,2.07,0.0,2020-09-13 02:30:00+00:00
20200913:0330,373.5,203.65,0.0,48.72,29.83,2.69,0.0,2020-09-13 03:30:00+00:00
20200913:0430,365.9,245.35,0.0,60.77,30.65,2.9,0.0,2020-09-13 04:30:00+00:00
20200913:0530,374.9,270.5,0.0,69.42,31.04,2.9,0.0,2020-09-13 05:30:00+00:00
20200913:0630,160.35,336.0,0.0,69.68,31.6,2.69,0.0,2020-09-13 06:30:00+00:00
20200913:0730,379.9,241.55,0.0,61.3,31.88,2.07,0.0,2020-09-13 07:30:00+00:00
20200913:0830,241.7,233.8,0.0,49.35,31.88,2.76,0.0,2020-09-13 08:30:00+00:00
20200913:0930,164.95,191.25,0.0,36.17,31.66,2.76,0.0,2020-09-13 09:30:00+00:00
20200913:1030,53.15,98.3,0.0,22.54,31.34,2.62,0.0,2020-09-13 10:30:00+00:00
20200913:1130,17.4,42.55,0.0,8.75,30.6,2.07,0.0,2020-09-13 11:30:00+00:00
20200913:1230,0.0,0.0,0.0,-5.02,29.87,2.0,0.0,2020-09-13 12:30:00+00:00
20200913:1330,0.0,0.0,0.0,0.0,29.15,1.79,0.0,2020-09-13 13:30:00+00:00
20200913:1430,0.0,0.0,0.0,0.0,28.56,2.0,0.0,2020-09-13 14:30:00+00:00
20200913:1530,0.0,0.0,0.0,0.0,28.21,2.28,0.0,2020-09-13 15:30:00+00:00
20200913:1630,0.0,0.0,0.0,0.0,27.94,2.21,0.0,2020-09-13 16:30:00+00:00
20200913:1730,0.0,0.0,0.0,0.0,27.72,2.0,0.0,2020-09-13 17:30:00+00:00
20200913:1830,0.0,0.0,0.0,0.0,27.51,1.79,0.0,2020-09-13 18:30:00+00:00
20200913:1930,0.0,0.0,0.0,0.0,27.41,1.72,0.0,2020-09-13 19:30:00+00:00
20200913:2030,0.0,0.0,0.0,0.0,27.19,1.45,0.0,2020-09-13 20:30:00+00:00
20200913:2130,0.0,0.0,0.0,0.0,26.88,1.31,0.0,2020-09-13 21:30:00+00:00
20200913:2230,0.0,0.0,0.0,0.0,26.62,1.31,0.0,2020-09-13 22:30:00+00:00
20200913:2330,0.0,0.0,0.0,-5.7,26.43,1.45,0.0,2020-09-13 23:30:00+00:00
20200914:0030,16.25,40.3,0.0,8.01,26.39,1.38,0.0,2020-09-14 00:30:00+00:00
20200914:0130,84.75,120.05,0.0,21.8,27.15,1.17,0.0,2020-09-14 01:30:00+00:00
20200914:0230,240.65,157.1,0.0,35.43,28.29,1.86,0.0,2020-09-14 02:30:00+00:00
20200914:0330,347.85,156.5,0.0,48.6,29.29,2.14,0.0,2020-09-14 03:30:00+00:00
20200914:0430,350.9,306.75,0.0,60.57,30.04,2.14,0.0,2020-09-14 04:30:00+00:00
20200914:0530,131.6,245.2,0.0,69.1,31.21,2.21,0.0,2020-09-14 05:30:00+00:00
20200914:0630,255.95,263.9,0.0,69.28,30.35,1.1,0.0,2020-09-14 06:30:00+00:00
20200914:0730,184.2,300.65,0.0,60.97,29.63,2.9,0.0,2020-09-14 07:30:00+00:00
20200914:0830,37.2,191.4,0.0,49.07,29.28,2.83,0.0,2020-09-14 08:30:00+00:00
20200914:0930,109.8,182.45,0.0,35.92,29.14,1.79,0.0,2020-09-14 09:30:00+00:00
20200914:1030,95.5,113.0,0.0,22.3,29.46,2.41,0.0,2020-09-14 10:30:00+00:00
20200914:1130,25.85,41.2,0.0,8.52,29.54,2.14,0.0,2020-09-14 11:30:00+00:00
20200914:1230,0.0,0.0,0.0,-5.26,29.04,1.59,0.0,2020-09-14 12:30:00+00:00
20200914:1330,0.0,0.0,0.0,0.0,28.34,1.93,0.0,2020-09-14 13:30:00+00:00
20200914:1430,0.0,0.0,0.0,0.0,27.98,2.34,0.0,2020-09-14 14:30:00+00:00
20200914:1530,0.0,0.0,0.0,0.0,27.69,2.55,0.0,2020-09-14 15:30:00+00:00
20200914:1630,0.0,0.0,0.0,0.0,27.37,2.55,0.0,2020-09-14 16:30:00+00:00
20200914:1730,0.0,0.0,0.0,0.0,27.1,2.28,0.0,2020-09-14 17:30:00+00:00
20200914:1830,0.0,0.0,0.0,0.0,26.78,2.0,0.0,2020-09-14 18:30:00+00:00
20200914:1930,0.0,0.0,0.0,0.0,26.73,1.66,0.0,2020-09-14 19:30:00+00:00
20200914:2030,0.0,0.0,0.0,0.0,26.54,1.45,0.0,2020-09-14 20:30:00+00:00
20200914:2130,0.0,0.0,0.0,0.0,26.32,1.24,0.0,2020-09-14 21:30:00+00:00
20200914:2230,0.0,0.0,0.0,0.0,26.17,1.31,0.0,2020-09-14 22:30:00+00:00
20200914:2330,0.0,0.0,0.0,-5.77,26.12,1.31,0.0,2020-09-14 23:30:00+00:00
20200915:0030,27.9,38.45,0.0,7.95,26.13,1.24,0.0,2020-09-15 00:30:00+00:00
20200915:0130,75.75,102.35,0.0,21.73,27.06,1.59,0.0,2020-09-15 01:30:00+00:00
20200915:0230,185.8,153.8,0.0,35.34,27.91,2.28,0.0,2020-09-15 02:30:00+00:00
20200915:0330,329.65,184.65,0.0,48.47,28.74,2.69,0.0,2020-09-15 03:30:00+00:00
20200915:0430,320.4,270.25,0.0,60.38,29.69,2.83,0.0,2020-09-15 04:30:00+00:00
20200915:0530,113.5,270.45,0.0,68.77,30.94,2.97,0.0,2020-09-15 05:30:00+00:00
20200915:0630,204.15,333.0,0.0,68.89,30.39,2.83,0.0,2020-09-15 06:30:00+00:00
20200915:0730,42.3,212.4,0.0,60.64,30.51,2.34,0.0,2020-09-15 07:30:00+00:00
20200915:0830,42.2,189.45,0.0,48.78,28.98,2.28,0.0,2020-09-15 08:30:00+00:00
20200915:0930,11.2,124.15,0.0,35.67,29.01,2.14,0.0,2020-09-15 09:30:00+00:00
20200915:1030,3.85,100.9,0.0,22.07,28.89,2.07,0.0,2020-09-15 10:30:00+00:00
20200915:1130,3.35,40.85,0.0,8.29,28.6,2.07,0.0,2020-09-15 11:30:00+00:00
20200915:1230,0.0,0.0,0.0,-5.5,28.14,1.93,0.0,2020-09-15 12:30:00+00:00
20200915:1330,0.0,0.0,0.0,0.0,27.6,2.07,0.0,2020-09-15 13:30:00+00:00
20200915:1430,0.0,0.0,0.0,0.0,27.33,2.28,0.0,2020-09-15 14:30:00+00:00
20200915:1530,0.0,0.0,0.0,0.0,27.2,2.14,0.0,2020-09-15 15:30:00+00:00
20200915:1630,0.0,0.0,0.0,0.0,26.99,2.21,0.0,2020-09-15 16:30:00+00:00
20200915:1730,0.0,0.0,0.0,0.0,26.93,2.28,0.0,2020-09-15 17:30:00+00:00
20200915:1830,0.0,0.0,0.0,0.0,26.8,2.28,0.0,2020-09-15 18:30:00+00:00
20200915:1930,0.0,0.0,0.0,0.0,26.95,2.14,0.0,2020-09-15 19:30:00+00:00
20200915:2030,0.0,0.0,0.0,0.0,26.78,1.86,0.0,2020-09-15 20:30:00+00:00
20200915:2130,0.0,0.0,0.0,0.0,26.63,1.66,0.0,2020-09-15 21:30:00+00:00
20200915:2230,0.0,0.0,0.0,0.0,26.45,1.72,0.0,2020-09-15 22:30:00+00:00
20200915:2330,0.0,0.0,0.0,-5.83,26.38,1.66,0.0,2020-09-15 23:30:00+00:00
20200916:0030,16.0,42.5,0.0,7.89,26.3,1.66,0.0,2020-09-16 00:30:00+00:00
20200916:0130,107.85,112.3,0.0,21.66,27.01,1.66,0.0,2020-09-16 01:30:00+00:00
20200916:0230,238.95,151.75,0.0,35.26,28.54,2.55,0.0,2020-09-16 02:30:00+00:00
20200916:0330,402.1,175.9,0.0,48.35,29.71,2.76,0.0,2020-09-16 03:30:00+00:00
20200916:0430,430.75,166.85,0.0,60.17,30.71,2.69,0.0,2020-09-16 04:30:00+00:00
20200916:0530,475.4,181.75,0.0,68.44,31.23,3.1,0.0,2020-09-16 05:30:00+00:00
20200916:0630,516.65,193.35,0.0,68.5,31.54,3.31,0.0,2020-09-16 06:30:00+00:00
20200916:0730,364.45,233.25,0.0,60.3,32.36,2.69,0.0,2020-09-16 07:30:00+00:00
20200916:0830,167.4,225.05,0.0,48.5,29.98,3.45,0.0,2020-09-16 08:30:00+00:00
20200916:0930,50.4,156.8,0.0,35.41,29.62,3.79,0.0,2020-09-16 09:30:00+00:00
20200916:1030,86.25,124.4,0.0,21.83,29.41,3.31,0.0,2020-09-16 10:30:00+00:00
20200916:1130,12.5,39.35,0.0,8.05,29.55,3.17,0.0,2020-09-16 11:30:00+00:00
20200916:1230,0.0,0.0,0.0,-5.74,29.12,2.21,0.0,2020-09-16 12:30:00+00:00
20200916:1330,0.0,0.0,0.0,0.0,28.67,1.93,0.0,2020-09-16 13:30:00+00:00
20200916:1430,0.0,0.0,0.0,0.0,28.23,1.86,0.0,2020-09-16 14:30:00+00:00
20200916:1530,0.0,0.0,0.0,0.0,27.96,2.0,0.0,2020-09-16 15:30:00+00:00
20200916:1630,0.0,0.0,0.0,0.0,27.57,2.07,0.0,2020-09-16 16:30:00+00:00
20200916:1730,0.0,0.0,0.0,0.0,27.28,2.14,0.0,2020-09-16 17:30:00+00:00
20200916:1830,0.0,0.0,0.0,0.0,27.13,2.28,0.0,2020-09-16 18:30:00+00:00
20200916:1930,0.0,0.0,0.0,0.0,27.53,2.62,0.0,2020-09-16 19:30:00+00:00
20200916:2030,0.0,0.0,0.0,0.0,27.47,2.55,0.0,2020-09-16 20:30:00+00:00
20200916:2130,0.0,0.0,0.0,0.0,27.34,2.55,0.0,2020-09-16 21:30:00+00:00
20200916:2230,0.0,0.0,0.0,0.0,27.18,2.48,0.0,2020-09-16 22:30:00+00:00
20200916:2330,0.0,0.0,0.0,-5.9,27.0,2.28,0.0,2020-09-16 23:30:00+00:00
20200917:0030,22.65,38.15,0.0,7.82,26.87,2.21,0.0,2020-09-17 00:30:00+00:00
20200917:0130,133.15,105.85,0.0,21.59,27.46,2.48,0.0,2020-09-17 01:30:00+00:00
20200917:0230,242.95,147.3,0.0,35.17,28.67,3.24,0.0,2020-09-17 02:30:00+00:00
20200917:0330,389.9,175.05,0.0,48.22,29.74,2.83,0.0,2020-09-17 03:30:00+00:00
20200917:0430,507.3,235.05,0.0,59.97,30.77,2.83,0.0,2020-09-17 04:30:00+00:00
20200917:0530,543.55,217.6,0.0,68.1,31.7,2.76,0.0,2020-09-17 05:30:00+00:00
20200917:0630,573.35,192.45,0.0,68.1,32.2,2.69,0.0,2020-09-17 06:30:00+00:00
20200917:0730,525.65,191.6,0.0,59.96,32.76,2.41,0.0,2020-09-17 07:30:00+00:00
20200917:0830,271.9,205.5,0.0,48.21,32.94,2.62,0.0,2020-09-17 08:30:00+00:00
20200917:0930,165.35,153.7,0.0,35.16,31.11,2.83,0.0,2020-09-17 09:30:00+00:00
20200917:1030,92.55,100.5,0.0,21.58,30.64,3.1,0.0,2020-09-17 10:30:00+00:00
20200917:1130,21.4,34.85,0.0,7.81,30.14,2.48,0.0,2020-09-17 11:30:00+00:00
20200917:1230,0.0,0.0,0.0,-5.98,29.5,2.21,0.0,2020-09-17 12:30:00+00:00
20200917:1330,0.0,0.0,0.0,0.0,29.0,2.28,0.0,2020-09-17 13:30:00+00:00
20200917:1430,0.0,0.0,0.0,0.0,28.78,2.28,0.0,2020-09-17 14:30:00+00:00
20200917:1530,0.0,0.0,0.0,0.0,28.48,2.28,0.0,2020-09-17 15:30:00+00:00
20200917:1630,0.0,0.0,0.0,0.0,28.21,2.41,0.0,2020-09-17 16:30:00+00:00
20200917:1730,0.0,0.0,0.0,0.0,27.93,2.34,0.0,2020-09-17 17:30:00+00:00
20200917:1830,0.0,0.0,0.0,0.0,27.66,2.41,0.0,2020-09-17 18:30:00+00:00
20200917:1930,0.0,0.0,0.0,0.0,27.66,2.14,0.0,2020-09-17 19:30:00+00:00
20200917:2030,0.0,0.0,0.0,0.0,27.54,2.07,0.0,2020-09-17 20:30:00+00:00
20200917:2130,0.0,0.0,0.0,0.0,27.34,2.0,0.0,2020-09-17 21:30:00+00:00
20200917:2230,0.0,0.0,0.0,0.0,27.24,1.72,0.0,2020-09-17 22:30:00+00:00
20200917:2330,0.0,0.0,0.0,-5.97,27.26,1.59,0.0,2020-09-17 23:30:00+00:00
20200918:0030,25.35,38.1,0.0,7.76,27.02,1.66,0.0,2020-09-18 00:30:00+00:00
20200918:0130,150.85,97.75,0.0,21.52,27.64,1.72,0.0,2020-09-18 01:30:00+00:00
20200918:0230,294.15,130.4,0.0,35.08,28.93,2.34,0.0,2020-09-18 02:30:00+00:00
20200918:0330,347.65,162.1,0.0,48.09,29.92,1.79,0.0,2020-09-18 03:30:00+00:00
20200918:0430,512.95,171.35,0.0,59.76,30.7,1.38,0.0,2020-09-18 04:30:00+00:00
20200918:0530,626.1,167.6,0.0,67.77,31.61,0.97,0.0,2020-09-18 05:30:00+00:00
20200918:0630,491.5,216.5,0.0,67.7,32.3,1.03,0.0,2020-09-18 06:30:00+00:00
20200918:0730,466.0,151.0,0.0,59.62,31.96,0.9,0.0,2020-09-18 07:30:00+00:00
20200918:0830,362.1,162.25,0.0,47.92,32.06,0.9,0.0,2020-09-18 08:30:00+00:00
20200918:0930,205.85,117.75,0.0,34.9,32.27,0.97,0.0,2020-09-18 09:30:00+00:00
20200918:1030,100.7,91.75,0.0,21.34,31.75,0.69,0.0,2020-09-18 10:30:00+00:00
20200918:1130,5.3,25.7,0.0,7.58,29.71,1.93,0.0,2020-09-18 11:30:00+00:00
20200918:1230,0.0,0.0,0.0,-6.22,28.28,1.66,0.0,2020-09-18 12:30:00+00:00
20200918:1330,0.0,0.0,0.0,0.0,27.78,0.9,0.0,2020-09-18 13:30:00+00:00
20200918:1430,0.0,0.0,0.0,0.0,27.63,0.62,0.0,2020-09-18 14:30:00+00:00
20200918:1530,0.0,0.0,0.0,0.0,27.83,0.21,0.0,2020-09-18 15:30:00+00:00
20200918:1630,0.0,0.0,0.0,0.0,27.38,0.76,0.0,2020-09-18 16:30:00+00:00
20200918:1730,0.0,0.0,0.0,0.0,27.22,1.03,0.0,2020-09-18 17:30:00+00:00
20200918:1830,0.0,0.0,0.0,0.0,27.05,1.1,0.0,2020-09-18 18:30:00+00:00
20200918:1930,0.0,0.0,0.0,0.0,27.32,0.55,0.0,2020-09-18 19:30:00+00:00
20200918:2030,0.0,0.0,0.0,0.0,26.71,0.9,0.0,2020-09-18 20:30:00+00:00
20200918:2130,0.0,0.0,0.0,0.0,26.49,0.9,0.0,2020-09-18 21:30:00+00:00
20200918:2230,0.0,0.0,0.0,0.0,26.42,1.03,0.0,2020-09-18 22:30:00+00:00
20200918:2330,0.0,0.0,0.0,-6.04,26.45,1.17,0.0,2020-09-18 23:30:00+00:00
20200919:0030,29.05,38.4,0.0,7.69,26.32,1.24,0.0,2020-09-19 00:30:00+00:00
20200919:0130,134.4,98.15,0.0,21.45,27.04,1.1,0.0,2020-09-19 01:30:00+00:00
20200919:0230,324.5,135.25,0.0,34.98,28.43,1.24,0.0,2020-09-19 02:30:00+00:00
20200919:0330,438.1,170.05,0.0,47.95,29.98,1.59,0.0,2020-09-19 03:30:00+00:00
20200919:0430,454.1,207.25,0.0,59.54,31.18,1.59,0.0,2020-09-19 04:30:00+00:00
20200919:0530,465.15,229.05,0.0,67.43,31.97,1.52,0.0,2020-09-19 05:30:00+00:00
20200919:0630,466.65,213.4,0.0,67.31,32.51,1.38,0.0,2020-09-19 06:30:00+00:00
20200919:0730,546.45,192.75,0.0,59.28,32.75,1.38,0.0,2020-09-19 07:30:00+00:00
20200919:0830,396.55,173.55,0.0,47.63,32.99,1.17,0.0,2020-09-19 08:30:00+00:00
20200919:0930,288.85,141.85,0.0,34.64,32.95,1.38,0.0,2020-09-19 09:30:00+00:00
20200919:1030,101.2,86.1,0.0,21.1,32.59,1.52,0.0,2020-09-19 10:30:00+00:00
20200919:1130,19.4,30.85,0.0,7.34,31.92,0.9,0.0,2020-09-19 11:30:00+00:00
20200919:1230,0.0,0.0,0.0,0.0,30.7,0.28,0.0,2020-09-19 12:30:00+00:00
20200919:1330,0.0,0.0,0.0,0.0,30.26,0.21,0.0,2020-09-19 13:30:00+00:00
20200919:1430,0.0,0.0,0.0,0.0,29.67,1.03,0.0,2020-09-19 14:30:00+00:00
20200919:1530,0.0,0.0,0.0,0.0,29.2,1.31,0.0,2020-09-19 15:30:00+00:00
20200919:1630,0.0,0.0,0.0,0.0,28.82,1.31,0.0,2020-09-19 16:30:00+00:00
20200919:1730,0.0,0.0,0.0,0.0,28.47,1.1,0.0,2020-09-19 17:30:00+00:00
20200919:1830,0.0,0.0,0.0,0.0,28.09,1.03,0.0,2020-09-19 18:30:00+00:00
20200919:1930,0.0,0.0,0.0,0.0,27.75,1.17,0.0,2020-09-19 19:30:00+00:00
20200919:2030,0.0,0.0,0.0,0.0,27.61,1.45,0.0,2020-09-19 20:30:00+00:00
20200919:2130,0.0,0.0,0.0,0.0,27.59,1.66,0.0,2020-09-19 21:30:00+00:00
20200919:2230,0.0,0.0,0.0,0.0,27.63,1.86,0.0,2020-09-19 22:30:00+00:00
20200919:2330,0.0,0.0,0.0,-6.1,27.55,2.07,0.0,2020-09-19 23:30:00+00:00
20200920:0030,14.6,42.9,0.0,7.63,27.47,2.07,0.0,2020-09-20 00:30:00+00:00
20200920:0130,40.25,145.7,0.0,21.38,28.09,1.86,0.0,2020-09-20 01:30:00+00:00
20200920:0230,67.85,213.35,0.0,34.89,29.45,2.28,0.0,2020-09-20 02:30:00+00:00
20200920:0330,117.6,309.05,0.0,47.81,30.56,2.34,0.0,2020-09-20 03:30:00+00:00
20200920:0430,233.25,350.2,0.0,59.32,31.75,2.34,0.0,2020-09-20 04:30:00+00:00
20200920:0530,281.35,376.45,0.0,67.08,32.91,2.28,0.0,2020-09-20 05:30:00+00:00
20200920:0630,0.0,90.4,0.0,66.91,33.78,2.21,0.0,2020-09-20 06:30:00+00:00
20200920:0730,0.0,110.0,0.0,58.93,28.65,2.28,0.0,2020-09-20 07:30:00+00:00
20200920:0830,102.05,183.4,0.0,47.34,28.62,1.31,0.0,2020-09-20 08:30:00+00:00
20200920:0930,108.0,141.15,0.0,34.38,29.11,0.62,0.0,2020-09-20 09:30:00+00:00
20200920:1030,63.0,98.15,0.0,20.85,29.9,0.97,0.0,2020-09-20 10:30:00+00:00
20200920:1130,11.4,36.85,0.0,7.1,30.01,1.79,0.0,2020-09-20 11:30:00+00:00
20200920:1230,0.0,0.0,0.0,0.0,29.44,2.14,0.0,2020-09-20 12:30:00+00:00
20200920:1330,0.0,0.0,0.0,0.0,28.6,2.14,0.0,2020-09-20 13:30:00+00:00
20200920:1430,0.0,0.0,0.0,0.0,28.14,2.21,0.0,2020-09-20 14:30:00+00:00
20200920:1530,0.0,0.0,0.0,0.0,27.83,2.41,0.0,2020-09-20 15:30:00+00:00
20200920:1630,0.0,0.0,0.0,0.0,27.61,2.9,0.0,2020-09-20 16:30:00+00:00
20200920:1730,0.0,0.0,0.0,0.0,27.45,3.31,0.0,2020-09-20 17:30:00+00:00
20200920:1830,0.0,0.0,0.0,0.0,27.06,3.17,0.0,2020-09-20 18:30:00+00:00
20200920:1930,0.0,0.0,0.0,0.0,26.7,3.17,0.0,2020-09-20 19:30:00+00:00
20200920:2030,0.0,0.0,0.0,0.0,26.56,2.9,0.0,2020-09-20 20:30:00+00:00
20200920:2130,0.0,0.0,0.0,0.0,26.45,2.97,0.0,2020-09-20 21:30:00+00:00
20200920:2230,0.0,0.0,0.0,0.0,26.45,3.72,0.0,2020-09-20 22:30:00+00:00
20200920:2330,0.0,0.0,0.0,-6.17,26.28,3.31,0.0,2020-09-20 23:30:00+00:00
20200921:0030,8.3,23.85,0.0,7.56,26.24,3.1,0.0,2020-09-21 00:30:00+00:00
20200921:0130,37.75,81.95,0.0,21.3,26.49,2.97,0.0,2020-09-21 01:30:00+00:00
20200921:0230,143.3,114.4,0.0,34.79,27.04,4.28,0.0,2020-09-21 02:30:00+00:00
20200921:0330,193.85,203.1,0.0,47.67,27.83,3.66,0.0,2020-09-21 03:30:00+00:00
20200921:0430,67.6,218.3,0.0,59.1,28.95,3.52,0.0,2020-09-21 04:30:00+00:00
20200921:0530,137.6,271.15,0.0,66.74,29.1,3.72,0.0,2020-09-21 05:30:00+00:00
20200921:0630,58.55,178.85,0.0,66.51,28.89,4.14,0.0,2020-09-21 06:30:00+00:00
20200921:0730,19.9,124.0,0.0,58.59,28.05,4.48,0.0,2020-09-21 07:30:00+00:00
20200921:0830,24.95,96.85,0.0,47.05,26.86,3.93,0.0,2020-09-21 08:30:00+00:00
20200921:0930,56.75,100.85,0.0,34.12,26.81,2.55,0.0,2020-09-21 09:30:00+00:00
20200921:1030,13.0,58.85,0.0,20.61,27.14,2.55,0.0,2020-09-21 10:30:00+00:00
20200921:1130,5.75,29.95,0.0,6.86,26.97,2.9,0.0,2020-09-21 11:30:00+00:00
20200921:1230,0.0,0.0,0.0,0.0,26.99,2.55,0.0,2020-09-21 12:30:00+00:00
20200921:1330,0.0,0.0,0.0,0.0,26.87,1.93,0.0,2020-09-21 13:30:00+00:00
20200921:1430,0.0,0.0,0.0,0.0,26.77,2.07,0.0,2020-09-21 14:30:00+00:00
20200921:1530,0.0,0.0,0.0,0.0,26.76,2.28,0.0,2020-09-21 15:30:00+00:00
20200921:1630,0.0,0.0,0.0,0.0,26.68,2.28,0.0,2020-09-21 16:30:00+00:00
20200921:1730,0.0,0.0,0.0,0.0,26.26,2.62,0.0,2020-09-21 17:30:00+00:00
20200921:1830,0.0,0.0,0.0,0.0,26.36,2.9,0.0,2020-09-21 18:30:00+00:00
20200921:1930,0.0,0.0,0.0,0.0,25.86,2.62,0.0,2020-09-21 19:30:00+00:00
20200921:2030,0.0,0.0,0.0,0.0,25.89,2.55,0.0,2020-09-21 20:30:00+00:00
20200921:2130,0.0,0.0,0.0,0.0,25.91,2.41,0.0,2020-09-21 21:30:00+00:00
20200921:2230,0.0,0.0,0.0,0.0,26.03,2.76,0.0,2020-09-21 22:30:00+00:00
20200921:2330,0.0,0.0,0.0,0.0,26.19,3.1,0.0,2020-09-21 23:30:00+00:00
20200922:0030,2.75,28.15,0.0,7.49,26.25,2.83,0.0,2020-09-22 00:30:00+00:00
20200922:0130,13.2,97.2,0.0,21.22,26.44,3.03,0.0,2020-09-22 01:30:00+00:00
20200922:0230,90.45,199.8,0.0,34.69,27.08,3.66,0.0,2020-09-22 02:30:00+00:00
20200922:0330,192.6,256.15,0.0,47.53,28.02,4.34,0.0,2020-09-22 03:30:00+00:00
20200922:0430,297.35,292.05,0.0,58.87,29.17,4.21,0.0,2020-09-22 04:30:00+00:00
20200922:0530,250.65,346.85,0.0,66.39,30.19,4.14,0.0,2020-09-22 05:30:00+00:00
20200922:0630,121.2,368.95,0.0,66.11,30.94,4.34,0.0,2020-09-22 06:30:00+00:00
20200922:0730,138.25,268.0,0.0,58.24,30.59,3.66,0.0,2020-09-22 07:30:00+00:00
20200922:0830,131.45,272.15,0.0,46.75,30.81,3.86,0.0,2020-09-22 08:30:00+00:00
20200922:0930,64.35,182.75,0.0,33.85,30.74,4.0,0.0,2020-09-22 09:30:00+00:00
20200922:1030,50.5,99.8,0.0,20.37,29.47,2.97,0.0,2020-09-22 10:30:00+00:00
20200922:1130,12.05,28.4,0.0,6.63,29.4,2.34,0.0,2020-09-22 11:30:00+00:00
20200922:1230,0.0,0.0,0.0,0.0,28.92,2.97,0.0,2020-09-22 12:30:00+00:00
20200922:1330,0.0,0.0,0.0,0.0,28.44,3.03,0.0,2020-09-22 13:30:00+00:00
20200922:1430,0.0,0.0,0.0,0.0,28.07,3.31,0.0,2020-09-22 14:30:00+00:00
20200922:1530,0.0,0.0,0.0,0.0,27.79,3.24,0.0,2020-09-22 15:30:00+00:00
20200922:1630,0.0,0.0,0.0,0.0,27.53,2.83,0.0,2020-09-22 16:30:00+00:00
20200922:1730,0.0,0.0,0.0,0.0,27.31,2.62,0.0,2020-09-22 17:30:00+00:00
20200922:1830,0.0,0.0,0.0,0.0,27.09,2.9,0.0,2020-09-22 18:30:00+00:00
20200922:1930,0.0,0.0,0.0,0.0,26.05,3.17,0.0,2020-09-22 19:30:00+00:00
20200922:2030,0.0,0.0,0.0,0.0,25.88,3.45,0.0,2020-09-22 20:30:00+00:00
20200922:2130,0.0,0.0,0.0,0.0,25.88,3.24,0.0,2020-09-22 21:30:00+00:00
20200922:2230,0.0,0.0,0.0,0.0,25.94,2.97,0.0,2020-09-22 22:30:00+00:00
20200922:2330,0.0,0.0,0.0,-6.31,26.1,2.9,0.0,2020-09-22 23:30:00+00:00
20200923:0030,13.7,34.8,0.0,7.42,26.1,2.83,0.0,2020-09-23 00:30:00+00:00
20200923:0130,35.35,103.35,0.0,21.14,26.51,3.1,0.0,2020-09-23 01:30:00+00:00
20200923:0230,129.1,169.75,0.0,34.58,27.28,3.17,0.0,2020-09-23 02:30:00+00:00
20200923:0330,46.5,210.1,0.0,47.38,28.67,3.66,0.0,2020-09-23 03:30:00+00:00
20200923:0430,158.25,287.0,0.0,58.64,28.35,4.41,0.0,2020-09-23 04:30:00+00:00
20200923:0530,304.6,305.3,0.0,66.04,28.93,4.21,0.0,2020-09-23 05:30:00+00:00
20200923:0630,17.15,167.15,0.0,65.71,30.25,4.55,0.0,2020-09-23 06:30:00+00:00
20200923:0730,7.95,181.5,0.0,57.89,28.19,3.79,0.0,2020-09-23 07:30:00+00:00
20200923:0830,18.5,230.25,0.0,46.46,28.02,4.41,0.0,2020-09-23 08:30:00+00:00
20200923:0930,37.4,172.3,0.0,33.59,28.4,4.0,0.0,2020-09-23 09:30:00+00:00
20200923:1030,4.2,69.0,0.0,20.12,27.81,4.48,0.0,2020-09-23 10:30:00+00:00
20200923:1130,0.0,17.1,0.0,6.39,27.57,3.45,0.0,2020-09-23 11:30:00+00:00
20200923:1230,0.0,0.0,0.0,0.0,27.23,3.17,0.0,2020-09-23 12:30:00+00:00
20200923:1330,0.0,0.0,0.0,0.0,27.02,3.03,0.0,2020-09-23 13:30:00+00:00
20200923:1430,0.0,0.0,0.0,0.0,26.93,2.83,0.0,2020-09-23 14:30:00+00:00
20200923:1530,0.0,0.0,0.0,0.0,26.93,2.97,0.0,2020-09-23 15:30:00+00:00
20200923:1630,0.0,0.0,0.0,0.0,26.63,2.83,0.0,2020-09-23 16:30:00+00:00
20200923:1730,0.0,0.0,0.0,0.0,26.45,3.03,0.0,2020-09-23 17:30:00+00:00
20200923:1830,0.0,0.0,0.0,0.0,26.36,3.03,0.0,2020-09-23 18:30:00+00:00
20200923:1930,0.0,0.0,0.0,0.0,26.36,3.03,0.0,2020-09-23 19:30:00+00:00
20200923:2030,0.0,0.0,0.0,0.0,26.07,3.38,0.0,2020-09-23 20:30:00+00:00
20200923:2130,0.0,0.0,0.0,0.0,25.86,3.31,0.0,2020-09-23 21:30:00+00:00
20200923:2230,0.0,0.0,0.0,0.0,25.81,3.1,0.0,2020-09-23 22:30:00+00:00
20200923:2330,0.0,0.0,0.0,0.0,25.84,2.9,0.0,2020-09-23 23:30:00+00:00
20200924:0030,3.65,38.25,0.0,7.35,25.91,2.69,0.0,2020-09-24 00:30:00+00:00
20200924:0130,21.6,116.1,0.0,21.06,26.34,2.62,0.0,2020-09-24 01:30:00+00:00
20200924:0230,90.25,157.6,0.0,34.48,27.22,3.03,0.0,2020-09-24 02:30:00+00:00
20200924:0330,183.5,226.35,0.0,47.23,28.07,3.1,0.0,2020-09-24 03:30:00+00:00
20200924:0430,130.6,254.2,0.0,58.41,29.29,3.52,0.0,2020-09-24 04:30:00+00:00
20200924:0530,130.6,332.1,0.0,65.69,29.25,3.38,0.0,2020-09-24 05:30:00+00:00
20200924:0630,37.25,222.4,0.0,65.32,30.2,3.24,0.0,2020-09-24 06:30:00+00:00
20200924:0730,54.2,234.75,0.0,57.54,29.47,3.03,0.0,2020-09-24 07:30:00+00:00
20200924:0830,39.8,215.1,0.0,46.16,29.74,2.9,0.0,2020-09-24 08:30:00+00:00
20200924:0930,16.15,173.25,0.0,33.33,29.14,3.17,0.0,2020-09-24 09:30:00+00:00
20200924:1030,33.55,92.7,0.0,19.88,29.09,3.1,0.0,2020-09-24 10:30:00+00:00
20200924:1130,4.4,25.4,0.0,6.15,28.85,3.03,0.0,2020-09-24 11:30:00+00:00
20200924:1230,0.0,0.0,0.0,0.0,28.28,2.83,0.0,2020-09-24 12:30:00+00:00
20200924:1330,0.0,0.0,0.0,0.0,27.98,3.1,0.0,2020-09-24 13:30:00+00:00
20200924:1430,0.0,0.0,0.0,0.0,27.76,3.1,0.0,2020-09-24 14:30:00+00:00
20200924:1530,0.0,0.0,0.0,0.0,27.74,3.1,0.0,2020-09-24 15:30:00+00:00
20200924:1630,0.0,0.0,0.0,0.0,27.7,3.38,0.0,2020-09-24 16:30:00+00:00
20200924:1730,0.0,0.0,0.0,0.0,27.57,3.38,0.0,2020-09-24 17:30:00+00:00
20200924:1830,0.0,0.0,0.0,0.0,27.39,3.31,0.0,2020-09-24 18:30:00+00:00
20200924:1930,0.0,0.0,0.0,0.0,27.54,3.17,0.0,2020-09-24 19:30:00+00:00
20200924:2030,0.0,0.0,0.0,0.0,27.39,3.31,0.0,2020-09-24 20:30:00+00:00
20200924:2130,0.0,0.0,0.0,0.0,27.28,3.24,0.0,2020-09-24 21:30:00+00:00
20200924:2230,0.0,0.0,0.0,0.0,27.22,3.17,0.0,2020-09-24 22:30:00+00:00
20200924:2330,0.0,0.0,0.0,0.0,27.12,3.17,0.0,2020-09-24 23:30:00+00:00
20200925:0030,15.6,33.0,0.0,7.28,27.01,3.17,0.0,2020-09-25 00:30:00+00:00
20200925:0130,81.15,97.0,0.0,20.98,27.34,2.76,0.0,2020-09-25 01:30:00+00:00
20200925:0230,179.6,176.75,0.0,34.37,28.22,4.34,0.0,2020-09-25 02:30:00+00:00
20200925:0330,269.95,207.25,0.0,47.07,29.07,3.86,0.0,2020-09-25 03:30:00+00:00
20200925:0430,331.8,282.15,0.0,58.17,29.85,3.79,0.0,2020-09-25 04:30:00+00:00
20200925:0530,194.35,310.05,0.0,65.34,30.97,3.86,0.0,2020-09-25 05:30:00+00:00
20200925:0630,118.05,260.4,0.0,64.92,30.24,4.0,0.0,2020-09-25 06:30:00+00:00
20200925:0730,124.6,209.75,0.0,57.19,28.9,4.07,0.0,2020-09-25 07:30:00+00:00
20200925:0830,111.2,186.95,0.0,45.86,29.05,3.38,0.0,2020-09-25 08:30:00+00:00
20200925:0930,108.75,141.1,0.0,33.07,29.5,3.45,0.0,2020-09-25 09:30:00+00:00
20200925:1030,30.05,62.15,0.0,19.63,28.67,3.66,0.0,2020-09-25 10:30:00+00:00
20200925:1130,1.6,22.2,0.0,5.92,27.93,2.97,0.0,2020-09-25 11:30:00+00:00
20200925:1230,0.0,0.0,0.0,0.0,27.61,2.76,0.0,2020-09-25 12:30:00+00:00
20200925:1330,0.0,0.0,0.0,0.0,27.45,2.9,0.0,2020-09-25 13:30:00+00:00
20200925:1430,0.0,0.0,0.0,0.0,27.34,3.03,0.0,2020-09-25 14:30:00+00:00
20200925:1530,0.0,0.0,0.0,0.0,27.08,2.9,0.0,2020-09-25 15:30:00+00:00
20200925:1630,0.0,0.0,0.0,0.0,27.04,3.03,0.0,2020-09-25 16:30:00+00:00
20200925:1730,0.0,0.0,0.0,0.0,26.78,3.17,0.0,2020-09-25 17:30:00+00:00
20200925:1830,0.0,0.0,0.0,0.0,26.35,3.17,0.0,2020-09-25 18:30:00+00:00
20200925:1930,0.0,0.0,0.0,0.0,26.93,2.9,0.0,2020-09-25 19:30:00+00:00
20200925:2030,0.0,0.0,0.0,0.0,26.86,2.69,0.0,2020-09-25 20:30:00+00:00
20200925:2130,0.0,0.0,0.0,0.0,26.71,2.69,0.0,2020-09-25 21:30:00+00:00
20200925:2230,0.0,0.0,0.0,0.0,26.6,2.76,0.0,2020-09-25 22:30:00+00:00
20200925:2330,0.0,0.0,0.0,0.0,26.32,2.62,0.0,2020-09-25 23:30:00+00:00
20200926:0030,7.65,24.25,0.0,7.21,26.02,2.55,0.0,2020-09-26 00:30:00+00:00
20200926:0130,42.95,91.65,0.0,20.89,26.15,2.34,0.0,2020-09-26 01:30:00+00:00
20200926:0230,146.6,144.5,0.0,34.26,27.03,2.9,0.0,2020-09-26 02:30:00+00:00
20200926:0330,273.8,202.1,0.0,46.91,28.2,2.62,0.0,2020-09-26 03:30:00+00:00
20200926:0430,233.4,223.8,0.0,57.93,29.48,2.62,0.0,2020-09-26 04:30:00+00:00
20200926:0530,121.75,259.05,0.0,64.99,30.31,2.9,0.0,2020-09-26 05:30:00+00:00
20200926:0630,241.4,250.05,0.0,64.52,28.61,3.72,0.0,2020-09-26 06:30:00+00:00
20200926:0730,317.8,217.2,0.0,56.84,30.7,3.59,0.0,2020-09-26 07:30:00+00:00
20200926:0830,250.85,186.1,0.0,45.57,30.94,3.45,0.0,2020-09-26 08:30:00+00:00
20200926:0930,13.6,108.2,0.0,32.8,28.26,4.14,0.0,2020-09-26 09:30:00+00:00
20200926:1030,13.75,60.75,0.0,19.39,27.7,1.72,0.0,2020-09-26 10:30:00+00:00
20200926:1130,2.25,24.09,0.0,5.68,27.54,2.07,0.0,2020-09-26 11:30:00+00:00
20200926:1230,0.0,0.0,0.0,0.0,27.28,2.28,0.0,2020-09-26 12:30:00+00:00
20200926:1330,0.0,0.0,0.0,0.0,26.62,1.79,0.0,2020-09-26 13:30:00+00:00
20200926:1430,0.0,0.0,0.0,0.0,26.58,1.66,0.0,2020-09-26 14:30:00+00:00
20200926:1530,0.0,0.0,0.0,0.0,26.46,1.93,0.0,2020-09-26 15:30:00+00:00
20200926:1630,0.0,0.0,0.0,0.0,26.27,1.52,0.0,2020-09-26 16:30:00+00:00
20200926:1730,0.0,0.0,0.0,0.0,26.07,1.59,0.0,2020-09-26 17:30:00+00:00
20200926:1830,0.0,0.0,0.0,0.0,25.93,1.93,0.0,2020-09-26 18:30:00+00:00
20200926:1930,0.0,0.0,0.0,0.0,26.59,2.48,0.0,2020-09-26 19:30:00+00:00
20200926:2030,0.0,0.0,0.0,0.0,26.58,2.21,0.0,2020-09-26 20:30:00+00:00
20200926:2130,0.0,0.0,0.0,0.0,26.49,1.86,0.0,2020-09-26 21:30:00+00:00
20200926:2230,0.0,0.0,0.0,0.0,26.28,1.86,0.0,2020-09-26 22:30:00+00:00
20200926:2330,0.0,0.0,0.0,0.0,26.32,1.86,0.0,2020-09-26 23:30:00+00:00
20200927:0030,11.55,28.75,0.0,7.13,26.22,1.72,0.0,2020-09-27 00:30:00+00:00
20200927:0130,103.65,84.55,0.0,20.81,26.61,1.59,0.0,2020-09-27 01:30:00+00:00
20200927:0230,224.8,144.95,0.0,34.14,27.89,2.55,0.0,2020-09-27 02:30:00+00:00
20200927:0330,304.7,197.85,0.0,46.75,28.92,2.0,0.0,2020-09-27 03:30:00+00:00
20200927:0430,265.8,221.9,0.0,57.69,30.26,1.72,0.0,2020-09-27 04:30:00+00:00
20200927:0530,276.4,290.2,0.0,64.63,30.78,1.52,0.0,2020-09-27 05:30:00+00:00
20200927:0630,380.65,249.7,0.0,64.12,31.43,1.24,0.0,2020-09-27 06:30:00+00:00
20200927:0730,239.85,265.3,0.0,56.5,31.77,0.21,0.0,2020-09-27 07:30:00+00:00
20200927:0830,123.7,209.1,0.0,45.27,31.74,0.07,0.0,2020-09-27 08:30:00+00:00
20200927:0930,46.6,165.4,0.0,32.54,31.08,0.34,0.0,2020-09-27 09:30:00+00:00
20200927:1030,28.15,86.6,0.0,19.14,30.35,1.31,0.0,2020-09-27 10:30:00+00:00
20200927:1130,8.1,23.76,0.0,5.45,29.51,2.0,0.0,2020-09-27 11:30:00+00:00
20200927:1230,0.0,0.0,0.0,0.0,28.41,2.21,0.0,2020-09-27 12:30:00+00:00
20200927:1330,0.0,0.0,0.0,0.0,27.76,2.0,0.0,2020-09-27 13:30:00+00:00
20200927:1430,0.0,0.0,0.0,0.0,27.3,1.52,0.0,2020-09-27 14:30:00+00:00
20200927:1530,0.0,0.0,0.0,0.0,26.99,1.52,0.0,2020-09-27 15:30:00+00:00
20200927:1630,0.0,0.0,0.0,0.0,26.66,1.66,0.0,2020-09-27 16:30:00+00:00
20200927:1730,0.0,0.0,0.0,0.0,26.53,1.72,0.0,2020-09-27 17:30:00+00:00
20200927:1830,0.0,0.0,0.0,0.0,26.36,1.66,0.0,2020-09-27 18:30:00+00:00
20200927:1930,0.0,0.0,0.0,0.0,26.66,1.52,0.0,2020-09-27 19:30:00+00:00
20200927:2030,0.0,0.0,0.0,0.0,26.49,1.45,0.0,2020-09-27 20:30:00+00:00
20200927:2130,0.0,0.0,0.0,0.0,26.32,1.24,0.0,2020-09-27 21:30:00+00:00
20200927:2230,0.0,0.0,0.0,0.0,26.04,1.03,0.0,2020-09-27 22:30:00+00:00
20200927:2330,0.0,0.0,0.0,0.0,26.01,0.69,0.0,2020-09-27 23:30:00+00:00
20200928:0030,26.45,33.1,0.0,7.06,25.42,0.97,0.0,2020-09-28 00:30:00+00:00
20200928:0130,146.2,94.05,0.0,20.72,26.69,0.76,0.0,2020-09-28 01:30:00+00:00
20200928:0230,227.4,149.45,0.0,34.03,28.24,0.62,0.0,2020-09-28 02:30:00+00:00
20200928:0330,275.45,166.85,0.0,46.59,29.32,0.76,0.0,2020-09-28 03:30:00+00:00
20200928:0430,470.75,198.2,0.0,57.44,30.07,0.83,0.0,2020-09-28 04:30:00+00:00
20200928:0530,489.85,226.1,0.0,64.28,31.12,0.76,0.0,2020-09-28 05:30:00+00:00
20200928:0630,530.9,174.55,0.0,63.72,31.58,0.83,0.0,2020-09-28 06:30:00+00:00
20200928:0730,432.0,165.8,0.0,56.15,32.28,1.03,0.0,2020-09-28 07:30:00+00:00
20200928:0830,259.3,152.9,0.0,44.97,32.2,0.9,0.0,2020-09-28 08:30:00+00:00
20200928:0930,204.9,120.65,0.0,32.27,31.0,0.41,0.0,2020-09-28 09:30:00+00:00
20200928:1030,93.5,76.0,0.0,18.9,30.35,0.34,0.0,2020-09-28 10:30:00+00:00
20200928:1130,12.95,17.82,0.0,5.21,30.03,0.62,0.0,2020-09-28 11:30:00+00:00
20200928:1230,0.0,0.0,0.0,0.0,29.31,0.9,0.0,2020-09-28 12:30:00+00:00
20200928:1330,0.0,0.0,0.0,0.0,28.37,1.66,0.0,2020-09-28 13:30:00+00:00
20200928:1430,0.0,0.0,0.0,0.0,27.84,1.59,0.0,2020-09-28 14:30:00+00:00
20200928:1530,0.0,0.0,0.0,0.0,27.56,1.52,0.0,2020-09-28 15:30:00+00:00
20200928:1630,0.0,0.0,0.0,0.0,27.33,1.52,0.0,2020-09-28 16:30:00+00:00
20200928:1730,0.0,0.0,0.0,0.0,27.18,1.38,0.0,2020-09-28 17:30:00+00:00
20200928:1830,0.0,0.0,0.0,0.0,26.93,1.24,0.0,2020-09-28 18:30:00+00:00
20200928:1930,0.0,0.0,0.0,0.0,26.92,0.83,0.0,2020-09-28 19:30:00+00:00
20200928:2030,0.0,0.0,0.0,0.0,26.74,0.83,0.0,2020-09-28 20:30:00+00:00
20200928:2130,0.0,0.0,0.0,0.0,26.93,0.48,0.0,2020-09-28 21:30:00+00:00
20200928:2230,0.0,0.0,0.0,0.0,26.95,0.07,0.0,2020-09-28 22:30:00+00:00
20200928:2330,0.0,0.0,0.0,0.0,26.14,0.9,0.0,2020-09-28 23:30:00+00:00
20200929:0030,14.1,37.35,0.0,6.98,25.89,1.03,0.0,2020-09-29 00:30:00+00:00
20200929:0130,89.4,117.3,0.0,20.62,26.97,0.62,0.0,2020-09-29 01:30:00+00:00
20200929:0230,134.2,207.7,0.0,33.91,28.49,0.97,0.0,2020-09-29 02:30:00+00:00
20200929:0330,98.2,294.75,0.0,46.42,29.38,1.17,0.0,2020-09-29 03:30:00+00:00
20200929:0430,125.65,339.75,0.0,57.19,29.89,0.41,0.0,2020-09-29 04:30:00+00:00
20200929:0530,198.45,307.15,0.0,63.92,30.51,1.1,0.0,2020-09-29 05:30:00+00:00
20200929:0630,484.9,223.1,0.0,63.33,31.01,1.17,0.0,2020-09-29 06:30:00+00:00
20200929:0730,382.35,230.5,0.0,55.8,31.73,1.03,0.0,2020-09-29 07:30:00+00:00
20200929:0830,338.05,175.45,0.0,44.67,31.83,0.83,0.0,2020-09-29 08:30:00+00:00
20200929:0930,171.3,170.9,0.0,32.01,31.97,0.69,0.0,2020-09-29 09:30:00+00:00
20200929:1030,20.2,93.0,0.0,18.66,31.73,0.69,0.0,2020-09-29 10:30:00+00:00
20200929:1130,1.7,14.24,0.0,4.98,29.46,1.17,0.0,2020-09-29 11:30:00+00:00
20200929:1230,0.0,0.0,0.0,0.0,27.79,0.69,0.0,2020-09-29 12:30:00+00:00
20200929:1330,0.0,0.0,0.0,0.0,27.5,0.76,0.0,2020-09-29 13:30:00+00:00
20200929:1430,0.0,0.0,0.0,0.0,27.23,1.31,0.0,2020-09-29 14:30:00+00:00
20200929:1530,0.0,0.0,0.0,0.0,27.06,1.17,0.0,2020-09-29 15:30:00+00:00
20200929:1630,0.0,0.0,0.0,0.0,26.8,0.97,0.0,2020-09-29 16:30:00+00:00
20200929:1730,0.0,0.0,0.0,0.0,26.52,0.97,0.0,2020-09-29 17:30:00+00:00
20200929:1830,0.0,0.0,0.0,0.0,26.32,1.03,0.0,2020-09-29 18:30:00+00:00
20200929:1930,0.0,0.0,0.0,0.0,26.69,0.69,0.0,2020-09-29 19:30:00+00:00
20200929:2030,0.0,0.0,0.0,0.0,27.14,0.34,0.0,2020-09-29 20:30:00+00:00
20200929:2130,0.0,0.0,0.0,0.0,26.92,0.48,0.0,2020-09-29 21:30:00+00:00
20200929:2230,0.0,0.0,0.0,0.0,26.34,0.62,0.0,2020-09-29 22:30:00+00:00
20200929:2330,0.0,0.0,0.0,0.0,25.96,0.76,0.0,2020-09-29 23:30:00+00:00
20200930:0030,8.7,37.35,0.0,6.9,25.89,0.97,0.0,2020-09-30 00:30:00+00:00
20200930:0130,42.15,129.0,0.0,20.53,26.68,0.69,0.0,2020-09-30 01:30:00+00:00
20200930:0230,81.25,195.65,0.0,33.79,27.81,1.17,0.0,2020-09-30 02:30:00+00:00
20200930:0330,124.0,257.0,0.0,46.24,28.6,1.52,0.0,2020-09-30 03:30:00+00:00
20200930:0430,146.6,269.05,0.0,56.93,29.22,1.52,0.0,2020-09-30 04:30:00+00:00
20200930:0530,132.35,363.4,0.0,63.56,29.69,1.66,0.0,2020-09-30 05:30:00+00:00
20200930:0630,263.95,253.05,0.0,62.93,30.21,1.38,0.0,2020-09-30 06:30:00+00:00
20200930:0730,264.2,221.4,0.0,55.45,31.46,1.52,0.0,2020-09-30 07:30:00+00:00
20200930:0830,249.95,172.05,0.0,44.37,31.55,1.45,0.0,2020-09-30 08:30:00+00:00
20200930:0930,145.3,144.6,0.0,31.75,30.12,1.72,0.0,2020-09-30 09:30:00+00:00
20200930:1030,31.45,90.0,0.0,18.41,29.48,1.66,0.0,2020-09-30 10:30:00+00:00
20200930:1130,1.4,13.73,0.0,4.75,28.46,1.31,0.0,2020-09-30 11:30:00+00:00
20200930:1230,0.0,0.0,0.0,0.0,28.1,0.83,0.0,2020-09-30 12:30:00+00:00
20200930:1330,0.0,0.0,0.0,0.0,27.71,0.83,0.0,2020-09-30 13:30:00+00:00
20200930:1430,0.0,0.0,0.0,0.0,27.44,1.03,0.0,2020-09-30 14:30:00+00:00
20200930:1530,0.0,0.0,0.0,0.0,27.13,1.17,0.0,2020-09-30 15:30:00+00:00
20200930:1630,0.0,0.0,0.0,0.0,26.94,1.31,0.0,2020-09-30 16:30:00+00:00
20200930:1730,0.0,0.0,0.0,0.0,26.69,1.38,0.0,2020-09-30 17:30:00+00:00
20200930:1830,0.0,0.0,0.0,0.0,26.47,1.45,0.0,2020-09-30 18:30:00+00:00
20200930:1930,0.0,0.0,0.0,0.0,26.73,1.24,0.0,2020-09-30 19:30:00+00:00
20200930:2030,0.0,0.0,0.0,0.0,26.58,1.45,0.0,2020-09-30 20:30:00+00:00
20200930:2130,0.0,0.0,0.0,0.0,26.52,1.59,0.0,2020-09-30 21:30:00+00:00
20200930:2230,0.0,0.0,0.0,0.0,26.35,1.38,0.0,2020-09-30 22:30:00+00:00
20200930:2330,0.0,0.0,0.0,0.0,26.15,1.38,0.0,2020-09-30 23:30:00+00:00
20201001:0030,16.05,33.75,0.0,6.82,26.04,1.45,0.0,2020-10-01 00:30:00+00:00
20201001:0130,82.15,90.75,0.0,20.44,26.59,1.72,0.0,2020-10-01 01:30:00+00:00
20201001:0230,202.7,136.9,0.0,33.66,27.71,2.07,0.0,2020-10-01 02:30:00+00:00
20201001:0330,388.9,164.75,0.0,46.07,28.74,2.14,0.0,2020-10-01 03:30:00+00:00
20201001:0430,431.05,254.2,0.0,56.67,29.88,2.34,0.0,2020-10-01 04:30:00+00:00
20201001:0530,311.65,287.65,0.0,63.2,30.7,2.28,0.0,2020-10-01 05:30:00+00:00
20201001:0630,299.15,258.2,0.0,62.54,31.11,2.41,0.0,2020-10-01 06:30:00+00:00
20201001:0730,115.1,245.45,0.0,55.1,31.15,2.9,0.0,2020-10-01 07:30:00+00:00
20201001:0830,80.45,192.3,0.0,44.08,28.94,3.17,0.0,2020-10-01 08:30:00+00:00
20201001:0930,88.8,140.4,0.0,31.49,28.39,1.93,0.0,2020-10-01 09:30:00+00:00
20201001:1030,43.95,76.55,0.0,18.17,28.75,1.24,0.0,2020-10-01 10:30:00+00:00
20201001:1130,5.45,21.45,0.0,4.52,28.75,1.45,0.0,2020-10-01 11:30:00+00:00
20201001:1230,0.0,0.0,0.0,0.0,27.94,1.17,0.0,2020-10-01 12:30:00+00:00
20201001:1330,0.0,0.0,0.0,0.0,27.67,1.38,0.0,2020-10-01 13:30:00+00:00
20201001:1430,0.0,0.0,0.0,0.0,27.36,1.45,0.0,2020-10-01 14:30:00+00:00
20201001:1530,0.0,0.0,0.0,0.0,26.65,1.38,0.0,2020-10-01 15:30:00+00:00
20201001:1630,0.0,0.0,0.0,0.0,26.24,1.45,0.0,2020-10-01 16:30:00+00:00
20201001:1730,0.0,0.0,0.0,0.0,26.21,1.52,0.0,2020-10-01 17:30:00+00:00
20201001:1830,0.0,0.0,0.0,0.0,26.12,1.66,0.0,2020-10-01 18:30:00+00:00
20201001:1930,0.0,0.0,0.0,0.0,26.47,1.66,0.0,2020-10-01 19:30:00+00:00
20201001:2030,0.0,0.0,0.0,0.0,26.39,1.59,0.0,2020-10-01 20:30:00+00:00
20201001:2130,0.0,0.0,0.0,0.0,26.23,1.72,0.0,2020-10-01 21:30:00+00:00
20201001:2230,0.0,0.0,0.0,0.0,26.03,1.93,0.0,2020-10-01 22:30:00+00:00
20201001:2330,0.0,0.0,0.0,0.0,25.89,1.72,0.0,2020-10-01 23:30:00+00:00
20201002:0030,17.35,28.2,0.0,6.74,25.72,1.52,0.0,2020-10-02 00:30:00+00:00
20201002:0130,98.25,100.7,0.0,20.34,26.21,1.66,0.0,2020-10-02 01:30:00+00:00
20201002:0230,172.3,140.65,0.0,33.53,27.39,2.34,0.0,2020-10-02 02:30:00+00:00
20201002:0330,257.85,220.85,0.0,45.89,28.25,2.48,0.0,2020-10-02 03:30:00+00:00
20201002:0430,233.2,320.45,0.0,56.41,29.32,2.76,0.0,2020-10-02 04:30:00+00:00
20201002:0530,163.8,360.75,0.0,62.84,30.05,2.76,0.0,2020-10-02 05:30:00+00:00
20201002:0630,180.75,232.8,0.0,62.14,30.47,2.83,0.0,2020-10-02 06:30:00+00:00
20201002:0730,233.35,195.05,0.0,54.75,30.19,2.0,0.0,2020-10-02 07:30:00+00:00
20201002:0830,134.0,143.3,0.0,43.78,29.17,2.69,0.0,2020-10-02 08:30:00+00:00
20201002:0930,105.95,112.45,0.0,31.22,28.61,1.79,0.0,2020-10-02 09:30:00+00:00
20201002:1030,36.1,77.1,0.0,17.93,28.67,1.66,0.0,2020-10-02 10:30:00+00:00
20201002:1130,5.9,13.9,0.0,4.29,28.57,0.69,0.0,2020-10-02 11:30:00+00:00
20201002:1230,0.0,0.0,0.0,0.0,28.08,1.31,0.0,2020-10-02 12:30:00+00:00
20201002:1330,0.0,0.0,0.0,0.0,27.48,1.31,0.0,2020-10-02 13:30:00+00:00
20201002:1430,0.0,0.0,0.0,0.0,27.21,1.59,0.0,2020-10-02 14:30:00+00:00
20201002:1530,0.0,0.0,0.0,0.0,26.91,1.79,0.0,2020-10-02 15:30:00+00:00
20201002:1630,0.0,0.0,0.0,0.0,26.62,1.52,0.0,2020-10-02 16:30:00+00:00
20201002:1730,0.0,0.0,0.0,0.0,26.39,1.52,0.0,2020-10-02 17:30:00+00:00
20201002:1830,0.0,0.0,0.0,0.0,26.17,1.52,0.0,2020-10-02 18:30:00+00:00
20201002:1930,0.0,0.0,0.0,0.0,26.2,1.45,0.0,2020-10-02 19:30:00+00:00
20201002:2030,0.0,0.0,0.0,0.0,26.07,1.45,0.0,2020-10-02 20:30:00+00:00
20201002:2130,0.0,0.0,0.0,0.0,25.82,1.38,0.0,2020-10-02 21:30:00+00:00
20201002:2230,0.0,0.0,0.0,0.0,25.7,1.45,0.0,2020-10-02 22:30:00+00:00
20201002:2330,0.0,0.0,0.0,0.0,25.67,1.52,0.0,2020-10-02 23:30:00+00:00
20201003:0030,11.6,23.65,0.0,6.66,25.5,1.45,0.0,2020-10-03 00:30:00+00:00
20201003:0130,39.65,80.45,0.0,20.24,25.29,1.72,0.0,2020-10-03 01:30:00+00:00
20201003:0230,133.25,145.55,0.0,33.4,26.0,2.14,0.0,2020-10-03 02:30:00+00:00
20201003:0330,242.9,209.4,0.0,45.71,27.46,2.21,0.0,2020-10-03 03:30:00+00:00
20201003:0430,331.85,232.05,0.0,56.15,28.61,1.86,0.0,2020-10-03 04:30:00+00:00
20201003:0530,126.85,300.75,0.0,62.48,30.33,2.07,0.0,2020-10-03 05:30:00+00:00
20201003:0630,320.25,243.0,0.0,61.75,30.15,2.07,0.0,2020-10-03 06:30:00+00:00
20201003:0730,93.05,281.05,0.0,54.4,29.03,3.17,0.0,2020-10-03 07:30:00+00:00
20201003:0830,146.9,222.3,0.0,43.48,28.52,2.28,0.0,2020-10-03 08:30:00+00:00
20201003:0930,152.5,172.45,0.0,30.96,28.87,1.72,0.0,2020-10-03 09:30:00+00:00
20201003:1030,60.55,96.6,0.0,17.69,29.21,1.31,0.0,2020-10-03 10:30:00+00:00
20201003:1130,8.35,20.47,0.0,4.07,29.09,1.38,0.0,2020-10-03 11:30:00+00:00
20201003:1230,0.0,0.0,0.0,0.0,28.44,1.45,0.0,2020-10-03 12:30:00+00:00
20201003:1330,0.0,0.0,0.0,0.0,27.96,1.24,0.0,2020-10-03 13:30:00+00:00
20201003:1430,0.0,0.0,0.0,0.0,27.57,1.52,0.0,2020-10-03 14:30:00+00:00
20201003:1530,0.0,0.0,0.0,0.0,27.19,1.79,0.0,2020-10-03 15:30:00+00:00
20201003:1630,0.0,0.0,0.0,0.0,26.88,1.79,0.0,2020-10-03 16:30:00+00:00
20201003:1730,0.0,0.0,0.0,0.0,26.66,1.59,0.0,2020-10-03 17:30:00+00:00
20201003:1830,0.0,0.0,0.0,0.0,26.49,1.45,0.0,2020-10-03 18:30:00+00:00
20201003:1930,0.0,0.0,0.0,0.0,26.24,1.24,0.0,2020-10-03 19:30:00+00:00
20201003:2030,0.0,0.0,0.0,0.0,25.91,1.38,0.0,2020-10-03 20:30:00+00:00
20201003:2130,0.0,0.0,0.0,0.0,25.59,1.38,0.0,2020-10-03 21:30:00+00:00
20201003:2230,0.0,0.0,0.0,0.0,25.48,1.45,0.0,2020-10-03 22:30:00+00:00
20201003:2330,0.0,0.0,0.0,0.0,25.54,1.45,0.0,2020-10-03 23:30:00+00:00
20201004:0030,16.85,29.2,0.0,6.57,25.46,1.52,0.0,2020-10-04 00:30:00+00:00
20201004:0130,119.2,85.75,0.0,20.14,26.04,1.52,0.0,2020-10-04 01:30:00+00:00
20201004:0230,253.4,128.1,0.0,33.27,27.57,2.07,0.0,2020-10-04 02:30:00+00:00
20201004:0330,404.5,161.65,0.0,45.52,28.81,2.28,0.0,2020-10-04 03:30:00+00:00
20201004:0430,425.7,230.7,0.0,55.88,29.95,2.14,0.0,2020-10-04 04:30:00+00:00
20201004:0530,178.3,230.05,0.0,62.11,31.13,2.41,0.0,2020-10-04 05:30:00+00:00
20201004:0630,436.2,205.15,0.0,61.36,29.71,2.28,0.0,2020-10-04 06:30:00+00:00
20201004:0730,277.85,217.05,0.0,54.06,31.0,3.38,0.0,2020-10-04 07:30:00+00:00
20201004:0830,185.9,235.0,0.0,43.19,30.65,3.66,0.0,2020-10-04 08:30:00+00:00
20201004:0930,95.85,189.55,0.0,30.7,30.37,3.1,0.0,2020-10-04 09:30:00+00:00
20201004:1030,77.6,86.45,0.0,17.46,29.96,2.76,0.0,2020-10-04 10:30:00+00:00
20201004:1130,6.0,18.97,0.0,3.84,29.53,2.28,0.0,2020-10-04 11:30:00+00:00
20201004:1230,0.0,0.0,0.0,0.0,28.59,1.66,0.0,2020-10-04 12:30:00+00:00
20201004:1330,0.0,0.0,0.0,0.0,27.93,1.52,0.0,2020-10-04 13:30:00+00:00
20201004:1430,0.0,0.0,0.0,0.0,27.41,1.45,0.0,2020-10-04 14:30:00+00:00
20201004:1530,0.0,0.0,0.0,0.0,27.03,1.38,0.0,2020-10-04 15:30:00+00:00
20201004:1630,0.0,0.0,0.0,0.0,26.46,1.52,0.0,2020-10-04 16:30:00+00:00
20201004:1730,0.0,0.0,0.0,0.0,26.18,1.66,0.0,2020-10-04 17:30:00+00:00
20201004:1830,0.0,0.0,0.0,0.0,25.96,1.24,0.0,2020-10-04 18:30:00+00:00
20201004:1930,0.0,0.0,0.0,0.0,25.88,0.97,0.0,2020-10-04 19:30:00+00:00
20201004:2030,0.0,0.0,0.0,0.0,25.73,1.1,0.0,2020-10-04 20:30:00+00:00
20201004:2130,0.0,0.0,0.0,0.0,25.52,1.17,0.0,2020-10-04 21:30:00+00:00
20201004:2230,0.0,0.0,0.0,0.0,25.52,1.17,0.0,2020-10-04 22:30:00+00:00
20201004:2330,0.0,0.0,0.0,0.0,25.6,1.24,0.0,2020-10-04 23:30:00+00:00
20201005:0030,7.15,26.1,0.0,6.49,25.39,1.31,0.0,2020-10-05 00:30:00+00:00
20201005:0130,33.6,77.05,0.0,20.03,25.61,1.72,0.0,2020-10-05 01:30:00+00:00
20201005:0230,108.9,139.8,0.0,33.13,26.14,2.0,0.0,2020-10-05 02:30:00+00:00
20201005:0330,297.7,189.15,0.0,45.34,27.18,2.55,0.0,2020-10-05 03:30:00+00:00
20201005:0430,115.55,221.35,0.0,55.62,28.4,2.55,0.0,2020-10-05 04:30:00+00:00
20201005:0530,199.1,241.5,0.0,61.75,28.85,2.69,0.0,2020-10-05 05:30:00+00:00
20201005:0630,222.6,190.95,0.0,60.97,29.19,2.41,0.0,2020-10-05 06:30:00+00:00
20201005:0730,122.95,153.5,0.0,53.71,28.85,1.31,0.0,2020-10-05 07:30:00+00:00
20201005:0830,191.75,169.4,0.0,42.89,28.71,0.9,0.0,2020-10-05 08:30:00+00:00
20201005:0930,59.25,118.2,0.0,30.44,28.53,2.62,0.0,2020-10-05 09:30:00+00:00
20201005:1030,1.0,50.55,0.0,17.22,27.57,2.55,0.0,2020-10-05 10:30:00+00:00
20201005:1130,3.45,12.91,0.0,3.62,26.88,1.66,0.0,2020-10-05 11:30:00+00:00
20201005:1230,0.0,0.0,0.0,0.0,26.57,1.03,0.0,2020-10-05 12:30:00+00:00
20201005:1330,0.0,0.0,0.0,0.0,26.34,1.03,0.0,2020-10-05 13:30:00+00:00
20201005:1430,0.0,0.0,0.0,0.0,26.21,1.17,0.0,2020-10-05 14:30:00+00:00
20201005:1530,0.0,0.0,0.0,0.0,25.98,1.52,0.0,2020-10-05 15:30:00+00:00
20201005:1630,0.0,0.0,0.0,0.0,25.87,1.59,0.0,2020-10-05 16:30:00+00:00
20201005:1730,0.0,0.0,0.0,0.0,25.86,1.38,0.0,2020-10-05 17:30:00+00:00
20201005:1830,0.0,0.0,0.0,0.0,25.75,1.45,0.0,2020-10-05 18:30:00+00:00
20201005:1930,0.0,0.0,0.0,0.0,25.88,1.38,0.0,2020-10-05 19:30:00+00:00
20201005:2030,0.0,0.0,0.0,0.0,25.8,1.52,0.0,2020-10-05 20:30:00+00:00
20201005:2130,0.0,0.0,0.0,0.0,25.67,1.59,0.0,2020-10-05 21:30:00+00:00
20201005:2230,0.0,0.0,0.0,0.0,25.57,1.52,0.0,2020-10-05 22:30:00+00:00
20201005:2330,0.0,0.0,0.0,0.0,25.5,1.52,0.0,2020-10-05 23:30:00+00:00
20201006:0030,8.95,26.35,0.0,6.4,25.46,1.52,0.0,2020-10-06 00:30:00+00:00
20201006:0130,99.95,89.4,0.0,19.92,25.88,1.45,0.0,2020-10-06 01:30:00+00:00
20201006:0230,172.0,156.55,0.0,32.99,26.94,1.86,0.0,2020-10-06 02:30:00+00:00
20201006:0330,325.95,201.85,0.0,45.15,27.94,1.86,0.0,2020-10-06 03:30:00+00:00
20201006:0430,132.75,262.1,0.0,55.34,29.53,2.28,0.0,2020-10-06 04:30:00+00:00
20201006:0530,162.7,296.0,0.0,61.39,29.57,2.14,0.0,2020-10-06 05:30:00+00:00
20201006:0630,462.65,232.8,0.0,60.58,30.13,1.86,0.0,2020-10-06 06:30:00+00:00
20201006:0730,303.25,217.6,0.0,53.37,31.28,2.14,0.0,2020-10-06 07:30:00+00:00
20201006:0830,104.15,199.45,0.0,42.6,30.32,2.48,0.0,2020-10-06 08:30:00+00:00
20201006:0930,53.9,126.15,0.0,30.19,28.47,2.9,0.0,2020-10-06 09:30:00+00:00
20201006:1030,51.8,86.6,0.0,16.99,28.15,1.52,0.0,2020-10-06 10:30:00+00:00
20201006:1130,4.05,18.29,0.0,3.4,28.11,1.38,0.0,2020-10-06 11:30:00+00:00
20201006:1230,0.0,0.0,0.0,0.0,27.64,1.38,0.0,2020-10-06 12:30:00+00:00
20201006:1330,0.0,0.0,0.0,0.0,27.04,1.72,0.0,2020-10-06 13:30:00+00:00
20201006:1430,0.0,0.0,0.0,0.0,26.77,2.0,0.0,2020-10-06 14:30:00+00:00
20201006:1530,0.0,0.0,0.0,0.0,26.59,1.86,0.0,2020-10-06 15:30:00+00:00
20201006:1630,0.0,0.0,0.0,0.0,26.35,1.93,0.0,2020-10-06 16:30:00+00:00
20201006:1730,0.0,0.0,0.0,0.0,26.2,1.86,0.0,2020-10-06 17:30:00+00:00
20201006:1830,0.0,0.0,0.0,0.0,26.05,1.72,0.0,2020-10-06 18:30:00+00:00
20201006:1930,0.0,0.0,0.0,0.0,26.22,1.52,0.0,2020-10-06 19:30:00+00:00
20201006:2030,0.0,0.0,0.0,0.0,26.04,1.52,0.0,2020-10-06 20:30:00+00:00
20201006:2130,0.0,0.0,0.0,0.0,25.97,1.31,0.0,2020-10-06 21:30:00+00:00
20201006:2230,0.0,0.0,0.0,0.0,25.74,1.45,0.0,2020-10-06 22:30:00+00:00
20201006:2330,0.0,0.0,0.0,0.0,25.61,1.66,0.0,2020-10-06 23:30:00+00:00
20201007:0030,2.35,13.85,0.0,6.31,25.4,1.86,0.0,2020-10-07 00:30:00+00:00
20201007:0130,5.85,67.55,0.0,19.82,25.25,1.52,0.0,2020-10-07 01:30:00+00:00
20201007:0230,72.15,196.95,0.0,32.85,25.54,1.79,0.0,2020-10-07 02:30:00+00:00
20201007:0330,187.2,233.25,0.0,44.95,26.59,2.07,0.0,2020-10-07 03:30:00+00:00
20201007:0430,261.1,255.55,0.0,55.07,28.09,2.21,0.0,2020-10-07 04:30:00+00:00
20201007:0530,229.65,298.2,0.0,61.03,29.07,1.93,0.0,2020-10-07 05:30:00+00:00
20201007:0630,145.5,298.7,0.0,60.19,30.14,1.72,0.0,2020-10-07 06:30:00+00:00
20201007:0730,96.35,103.9,0.0,53.02,29.16,3.24,0.0,2020-10-07 07:30:00+00:00
20201007:0830,3.85,156.75,0.0,42.31,27.93,2.9,0.0,2020-10-07 08:30:00+00:00
20201007:0930,0.0,123.65,0.0,29.93,27.28,2.41,0.0,2020-10-07 09:30:00+00:00
20201007:1030,3.6,73.3,0.0,16.76,27.15,2.07,0.0,2020-10-07 10:30:00+00:00
20201007:1130,0.35,17.47,0.0,3.18,26.96,1.72,0.0,2020-10-07 11:30:00+00:00
20201007:1230,0.0,0.0,0.0,0.0,26.69,1.31,0.0,2020-10-07 12:30:00+00:00
20201007:1330,0.0,0.0,0.0,0.0,26.35,1.45,0.0,2020-10-07 13:30:00+00:00
20201007:1430,0.0,0.0,0.0,0.0,26.14,1.17,0.0,2020-10-07 14:30:00+00:00
20201007:1530,0.0,0.0,0.0,0.0,25.94,0.97,0.0,2020-10-07 15:30:00+00:00
20201007:1630,0.0,0.0,0.0,0.0,25.86,1.31,0.0,2020-10-07 16:30:00+00:00
20201007:1730,0.0,0.0,0.0,0.0,25.84,1.31,0.0,2020-10-07 17:30:00+00:00
20201007:1830,0.0,0.0,0.0,0.0,25.83,1.31,0.0,2020-10-07 18:30:00+00:00
20201007:1930,0.0,0.0,0.0,0.0,25.83,1.17,0.0,2020-10-07 19:30:00+00:00
20201007:2030,0.0,0.0,0.0,0.0,25.74,1.1,0.0,2020-10-07 20:30:00+00:00
20201007:2130,0.0,0.0,0.0,0.0,25.49,1.17,0.0,2020-10-07 21:30:00+00:00
20201007:2230,0.0,0.0,0.0,0.0,25.28,1.1,0.0,2020-10-07 22:30:00+00:00
20201007:2330,0.0,0.0,0.0,0.0,25.15,0.76,0.0,2020-10-07 23:30:00+00:00
20201008:0030,20.25,29.75,0.0,6.22,24.87,0.9,0.0,2020-10-08 00:30:00+00:00
20201008:0130,94.6,100.1,0.0,19.7,26.13,0.83,0.0,2020-10-08 01:30:00+00:00
20201008:0230,265.25,123.05,0.0,32.71,27.31,1.03,0.0,2020-10-08 02:30:00+00:00
20201008:0330,400.8,163.45,0.0,44.75,28.62,1.45,0.0,2020-10-08 03:30:00+00:00
20201008:0430,502.0,177.9,0.0,54.8,29.73,1.45,0.0,2020-10-08 04:30:00+00:00
20201008:0530,378.65,238.55,0.0,60.66,30.62,1.31,0.0,2020-10-08 05:30:00+00:00
20201008:0630,246.45,265.0,0.0,59.8,31.46,1.24,0.0,2020-10-08 06:30:00+00:00
20201008:0730,395.6,165.95,0.0,52.68,31.25,1.1,0.0,2020-10-08 07:30:00+00:00
20201008:0830,310.45,136.85,0.0,42.02,31.25,0.69,0.0,2020-10-08 08:30:00+00:00
20201008:0930,215.55,124.8,0.0,29.68,31.27,0.55,0.0,2020-10-08 09:30:00+00:00
20201008:1030,67.95,64.75,0.0,16.53,31.11,0.41,0.0,2020-10-08 10:30:00+00:00
20201008:1130,7.95,12.52,0.0,2.96,30.68,0.48,0.0,2020-10-08 11:30:00+00:00
20201008:1230,0.0,0.0,0.0,0.0,29.81,0.83,0.0,2020-10-08 12:30:00+00:00
20201008:1330,0.0,0.0,0.0,0.0,28.61,0.97,0.0,2020-10-08 13:30:00+00:00
20201008:1430,0.0,0.0,0.0,0.0,28.05,1.24,0.0,2020-10-08 14:30:00+00:00
20201008:1530,0.0,0.0,0.0,0.0,27.78,1.52,0.0,2020-10-08 15:30:00+00:00
20201008:1630,0.0,0.0,0.0,0.0,27.49,1.72,0.0,2020-10-08 16:30:00+00:00
20201008:1730,0.0,0.0,0.0,0.0,26.99,1.38,0.0,2020-10-08 17:30:00+00:00
20201008:1830,0.0,0.0,0.0,0.0,26.51,0.9,0.0,2020-10-08 18:30:00+00:00
20201008:1930,0.0,0.0,0.0,0.0,26.62,1.38,0.0,2020-10-08 19:30:00+00:00
20201008:2030,0.0,0.0,0.0,0.0,26.39,1.38,0.0,2020-10-08 20:30:00+00:00
20201008:2130,0.0,0.0,0.0,0.0,26.24,1.31,0.0,2020-10-08 21:30:00+00:00
20201008:2230,0.0,0.0,0.0,0.0,26.02,1.17,0.0,2020-10-08 22:30:00+00:00
20201008:2330,0.0,0.0,0.0,0.0,25.88,1.03,0.0,2020-10-08 23:30:00+00:00
20201009:0030,18.55,27.55,0.0,6.12,25.67,1.1,0.0,2020-10-09 00:30:00+00:00
20201009:0130,121.2,79.85,0.0,19.59,26.56,0.97,0.0,2020-10-09 01:30:00+00:00
20201009:0230,271.55,121.75,0.0,32.56,28.11,1.24,0.0,2020-10-09 02:30:00+00:00
20201009:0330,439.65,144.95,0.0,44.55,29.48,1.45,0.0,2020-10-09 03:30:00+00:00
20201009:0430,434.7,159.15,0.0,54.52,30.61,1.38,0.0,2020-10-09 04:30:00+00:00
20201009:0530,457.25,213.7,0.0,60.3,31.18,1.03,0.0,2020-10-09 05:30:00+00:00
20201009:0630,383.15,267.6,0.0,59.42,31.65,0.55,0.0,2020-10-09 06:30:00+00:00
20201009:0730,256.8,212.35,0.0,52.34,31.79,0.48,0.0,2020-10-09 07:30:00+00:00
20201009:0830,185.75,190.5,0.0,41.73,31.38,0.34,0.0,2020-10-09 08:30:00+00:00
20201009:0930,186.1,130.45,0.0,29.42,30.96,0.28,0.0,2020-10-09 09:30:00+00:00
20201009:1030,81.05,75.35,0.0,16.3,30.68,0.07,0.0,2020-10-09 10:30:00+00:00
20201009:1130,5.3,14.3,0.0,2.75,30.19,0.62,0.0,2020-10-09 11:30:00+00:00
20201009:1230,0.0,0.0,0.0,0.0,29.35,0.34,0.0,2020-10-09 12:30:00+00:00
20201009:1330,0.0,0.0,0.0,0.0,28.59,0.48,0.0,2020-10-09 13:30:00+00:00
20201009:1430,0.0,0.0,0.0,0.0,28.62,0.14,0.0,2020-10-09 14:30:00+00:00
20201009:1530,0.0,0.0,0.0,0.0,27.62,0.83,0.0,2020-10-09 15:30:00+00:00
20201009:1630,0.0,0.0,0.0,0.0,27.41,1.17,0.0,2020-10-09 16:30:00+00:00
20201009:1730,0.0,0.0,0.0,0.0,27.14,0.97,0.0,2020-10-09 17:30:00+00:00
20201009:1830,0.0,0.0,0.0,0.0,26.93,0.97,0.0,2020-10-09 18:30:00+00:00
20201009:1930,0.0,0.0,0.0,0.0,26.63,1.03,0.0,2020-10-09 19:30:00+00:00
20201009:2030,0.0,0.0,0.0,0.0,26.42,0.97,0.0,2020-10-09 20:30:00+00:00
20201009:2130,0.0,0.0,0.0,0.0,26.27,0.97,0.0,2020-10-09 21:30:00+00:00
20201009:2230,0.0,0.0,0.0,0.0,26.11,0.97,0.0,2020-10-09 22:30:00+00:00
20201009:2330,0.0,0.0,0.0,0.0,26.02,1.1,0.0,2020-10-09 23:30:00+00:00
20201010:0030,20.85,29.15,0.0,6.03,26.0,1.17,0.0,2020-10-10 00:30:00+00:00
20201010:0130,134.3,83.65,0.0,19.47,26.86,1.03,0.0,2020-10-10 01:30:00+00:00
20201010:0230,276.25,121.2,0.0,32.41,28.46,1.1,0.0,2020-10-10 02:30:00+00:00
20201010:0330,396.85,153.95,0.0,44.35,29.71,0.97,0.0,2020-10-10 03:30:00+00:00
20201010:0430,490.1,202.85,0.0,54.24,30.72,0.83,0.0,2020-10-10 04:30:00+00:00
20201010:0530,517.21,162.15,0.0,59.94,31.73,0.62,0.0,2020-10-10 05:30:00+00:00
20201010:0630,581.46,166.5,0.0,59.04,32.45,0.55,0.0,2020-10-10 06:30:00+00:00
20201010:0730,382.85,227.85,0.0,52.0,32.7,1.31,0.0,2020-10-10 07:30:00+00:00
20201010:0830,216.5,167.3,0.0,41.44,32.3,1.38,0.0,2020-10-10 08:30:00+00:00
20201010:0930,115.1,139.75,0.0,29.17,31.67,1.17,0.0,2020-10-10 09:30:00+00:00
20201010:1030,66.6,71.45,0.0,16.07,31.4,0.55,0.0,2020-10-10 10:30:00+00:00
20201010:1130,5.3,13.51,0.0,2.54,30.17,0.28,0.0,2020-10-10 11:30:00+00:00
20201010:1230,0.0,0.0,0.0,0.0,29.48,0.41,0.0,2020-10-10 12:30:00+00:00
20201010:1330,0.0,0.0,0.0,0.0,28.64,0.76,0.0,2020-10-10 13:30:00+00:00
20201010:1430,0.0,0.0,0.0,0.0,28.03,1.31,0.0,2020-10-10 14:30:00+00:00
20201010:1530,0.0,0.0,0.0,0.0,27.5,1.31,0.0,2020-10-10 15:30:00+00:00
20201010:1630,0.0,0.0,0.0,0.0,27.28,1.17,0.0,2020-10-10 16:30:00+00:00
20201010:1730,0.0,0.0,0.0,0.0,27.07,1.17,0.0,2020-10-10 17:30:00+00:00
20201010:1830,0.0,0.0,0.0,0.0,26.75,1.1,0.0,2020-10-10 18:30:00+00:00
20201010:1930,0.0,0.0,0.0,0.0,26.71,1.03,0.0,2020-10-10 19:30:00+00:00
20201010:2030,0.0,0.0,0.0,0.0,26.49,1.03,0.0,2020-10-10 20:30:00+00:00
20201010:2130,0.0,0.0,0.0,0.0,26.31,1.17,0.0,2020-10-10 21:30:00+00:00
20201010:2230,0.0,0.0,0.0,0.0,26.05,1.38,0.0,2020-10-10 22:30:00+00:00
20201010:2330,0.0,0.0,0.0,0.0,25.85,1.17,0.0,2020-10-10 23:30:00+00:00
20201011:0030,20.35,26.3,0.0,5.93,25.52,0.9,0.0,2020-10-11 00:30:00+00:00
20201011:0130,136.7,85.5,0.0,19.36,26.24,0.41,0.0,2020-10-11 01:30:00+00:00
20201011:0230,301.75,114.25,0.0,32.26,28.02,0.69,0.0,2020-10-11 02:30:00+00:00
20201011:0330,479.61,138.7,0.0,44.15,29.43,1.17,0.0,2020-10-11 03:30:00+00:00
20201011:0430,585.56,149.9,0.0,53.96,30.68,1.52,0.0,2020-10-11 04:30:00+00:00
20201011:0530,540.86,175.35,0.0,59.58,31.49,1.59,0.0,2020-10-11 05:30:00+00:00
20201011:0630,568.41,167.45,0.0,58.66,31.97,1.45,0.0,2020-10-11 06:30:00+00:00
20201011:0730,439.2,137.6,0.0,51.66,32.58,1.38,0.0,2020-10-11 07:30:00+00:00
20201011:0830,349.9,146.45,0.0,41.15,32.52,1.31,0.0,2020-10-11 08:30:00+00:00
20201011:0930,238.75,111.65,0.0,28.92,32.56,1.24,0.0,2020-10-11 09:30:00+00:00
20201011:1030,92.65,68.2,0.0,15.85,32.21,1.31,0.0,2020-10-11 10:30:00+00:00
20201011:1130,6.15,11.12,0.0,2.33,31.23,1.31,0.0,2020-10-11 11:30:00+00:00
20201011:1230,0.0,0.0,0.0,0.0,29.91,1.93,0.0,2020-10-11 12:30:00+00:00
20201011:1330,0.0,0.0,0.0,0.0,29.06,1.72,0.0,2020-10-11 13:30:00+00:00
20201011:1430,0.0,0.0,0.0,0.0,28.62,1.86,0.0,2020-10-11 14:30:00+00:00
20201011:1530,0.0,0.0,0.0,0.0,28.07,1.72,0.0,2020-10-11 15:30:00+00:00
20201011:1630,0.0,0.0,0.0,0.0,27.78,1.38,0.0,2020-10-11 16:30:00+00:00
20201011:1730,0.0,0.0,0.0,0.0,27.25,0.97,0.0,2020-10-11 17:30:00+00:00
20201011:1830,0.0,0.0,0.0,0.0,27.29,0.48,0.0,2020-10-11 18:30:00+00:00
20201011:1930,0.0,0.0,0.0,0.0,26.72,0.97,0.0,2020-10-11 19:30:00+00:00
20201011:2030,0.0,0.0,0.0,0.0,26.6,0.9,0.0,2020-10-11 20:30:00+00:00
20201011:2130,0.0,0.0,0.0,0.0,26.29,0.97,0.0,2020-10-11 21:30:00+00:00
20201011:2230,0.0,0.0,0.0,0.0,26.18,1.66,0.0,2020-10-11 22:30:00+00:00
20201011:2330,0.0,0.0,0.0,0.0,26.1,1.79,0.0,2020-10-11 23:30:00+00:00
20201012:0030,21.9,28.45,0.0,5.83,25.92,1.59,0.0,2020-10-12 00:30:00+00:00
20201012:0130,143.1,86.0,0.0,19.23,26.21,1.38,0.0,2020-10-12 01:30:00+00:00
20201012:0230,317.0,118.7,0.0,32.11,27.68,1.38,0.0,2020-10-12 02:30:00+00:00
20201012:0330,477.76,138.7,0.0,43.94,29.2,1.59,0.0,2020-10-12 03:30:00+00:00
20201012:0430,599.21,147.95,0.0,53.67,30.59,1.66,0.0,2020-10-12 04:30:00+00:00
20201012:0530,548.31,194.5,0.0,59.22,31.62,1.66,0.0,2020-10-12 05:30:00+00:00
20201012:0630,565.21,170.55,0.0,58.28,32.19,1.59,0.0,2020-10-12 06:30:00+00:00
20201012:0730,477.11,130.0,0.0,51.33,32.2,1.52,0.0,2020-10-12 07:30:00+00:00
20201012:0830,321.45,148.3,0.0,40.87,32.15,1.66,0.0,2020-10-12 08:30:00+00:00
20201012:0930,242.5,114.35,0.0,28.68,32.16,1.66,0.0,2020-10-12 09:30:00+00:00
20201012:1030,90.75,69.7,0.0,15.63,31.76,1.66,0.0,2020-10-12 10:30:00+00:00
20201012:1130,0.0,11.6,0.0,2.13,30.36,1.59,0.0,2020-10-12 11:30:00+00:00
20201012:1230,0.0,0.0,0.0,0.0,29.34,1.72,0.0,2020-10-12 12:30:00+00:00
20201012:1330,0.0,0.0,0.0,0.0,28.65,1.45,0.0,2020-10-12 13:30:00+00:00
20201012:1430,0.0,0.0,0.0,0.0,28.17,1.31,0.0,2020-10-12 14:30:00+00:00
20201012:1530,0.0,0.0,0.0,0.0,27.7,1.52,0.0,2020-10-12 15:30:00+00:00
20201012:1630,0.0,0.0,0.0,0.0,27.45,1.59,0.0,2020-10-12 16:30:00+00:00
20201012:1730,0.0,0.0,0.0,0.0,27.29,1.66,0.0,2020-10-12 17:30:00+00:00
20201012:1830,0.0,0.0,0.0,0.0,27.0,1.59,0.0,2020-10-12 18:30:00+00:00
20201012:1930,0.0,0.0,0.0,0.0,26.85,1.52,0.0,2020-10-12 19:30:00+00:00
20201012:2030,0.0,0.0,0.0,0.0,26.62,1.52,0.0,2020-10-12 20:30:00+00:00
20201012:2130,0.0,0.0,0.0,0.0,26.45,1.66,0.0,2020-10-12 21:30:00+00:00
20201012:2230,0.0,0.0,0.0,0.0,26.28,1.72,0.0,2020-10-12 22:30:00+00:00
20201012:2330,0.0,0.0,0.0,0.0,26.11,1.72,0.0,2020-10-12 23:30:00+00:00
20201013:0030,20.7,22.37,0.0,5.73,26.01,1.66,0.0,2020-10-13 00:30:00+00:00
20201013:0130,136.2,85.35,0.0,19.11,26.48,1.38,0.0,2020-10-13 01:30:00+00:00
20201013:0230,288.75,122.1,0.0,31.95,28.26,1.52,0.0,2020-10-13 02:30:00+00:00
20201013:0330,424.55,149.6,0.0,43.73,29.59,1.79,0.0,2020-10-13 03:30:00+00:00
20201013:0430,488.86,169.95,0.0,53.39,30.78,2.0,0.0,2020-10-13 04:30:00+00:00
20201013:0530,516.91,199.65,0.0,58.85,31.55,2.0,0.0,2020-10-13 05:30:00+00:00
20201013:0630,617.21,153.9,0.0,57.9,32.05,2.07,0.0,2020-10-13 06:30:00+00:00
20201013:0730,455.25,152.6,0.0,51.0,32.81,1.93,0.0,2020-10-13 07:30:00+00:00
20201013:0830,360.9,149.2,0.0,40.59,32.76,1.93,0.0,2020-10-13 08:30:00+00:00
20201013:0930,210.85,105.95,0.0,28.43,32.65,1.79,0.0,2020-10-13 09:30:00+00:00
20201013:1030,75.25,64.25,0.0,15.41,31.96,1.59,0.0,2020-10-13 10:30:00+00:00
20201013:1130,0.0,8.3,0.0,1.92,30.67,1.72,0.0,2020-10-13 11:30:00+00:00
20201013:1230,0.0,0.0,0.0,0.0,29.4,1.59,0.0,2020-10-13 12:30:00+00:00
20201013:1330,0.0,0.0,0.0,0.0,28.81,1.45,0.0,2020-10-13 13:30:00+00:00
20201013:1430,0.0,0.0,0.0,0.0,28.37,1.52,0.0,2020-10-13 14:30:00+00:00
20201013:1530,0.0,0.0,0.0,0.0,27.89,1.59,0.0,2020-10-13 15:30:00+00:00
20201013:1630,0.0,0.0,0.0,0.0,27.45,1.66,0.0,2020-10-13 16:30:00+00:00
20201013:1730,0.0,0.0,0.0,0.0,27.05,1.66,0.0,2020-10-13 17:30:00+00:00
20201013:1830,0.0,0.0,0.0,0.0,26.56,1.52,0.0,2020-10-13 18:30:00+00:00
20201013:1930,0.0,0.0,0.0,0.0,26.26,1.38,0.0,2020-10-13 19:30:00+00:00
20201013:2030,0.0,0.0,0.0,0.0,25.89,1.38,0.0,2020-10-13 20:30:00+00:00
20201013:2130,0.0,0.0,0.0,0.0,25.5,1.38,0.0,2020-10-13 21:30:00+00:00
20201013:2230,0.0,0.0,0.0,0.0,25.12,1.52,0.0,2020-10-13 22:30:00+00:00
20201013:2330,0.0,0.0,0.0,0.0,24.85,1.52,0.0,2020-10-13 23:30:00+00:00
20201014:0030,20.35,23.86,0.0,5.62,24.71,1.45,0.0,2020-10-14 00:30:00+00:00
20201014:0130,117.35,93.85,0.0,18.99,25.68,1.17,0.0,2020-10-14 01:30:00+00:00
20201014:0230,318.25,114.75,0.0,31.79,28.35,1.52,0.0,2020-10-14 02:30:00+00:00
20201014:0330,460.96,134.65,0.0,43.52,29.79,2.0,0.0,2020-10-14 03:30:00+00:00
20201014:0430,585.86,150.75,0.0,53.1,30.91,2.28,0.0,2020-10-14 04:30:00+00:00
20201014:0530,618.21,153.75,0.0,58.5,31.7,2.14,0.0,2020-10-14 05:30:00+00:00
20201014:0630,481.01,203.6,0.0,57.53,32.22,2.0,0.0,2020-10-14 06:30:00+00:00
20201014:0730,483.61,152.15,0.0,50.67,32.6,1.52,0.0,2020-10-14 07:30:00+00:00
20201014:0830,337.35,135.25,0.0,40.31,32.48,2.0,0.0,2020-10-14 08:30:00+00:00
20201014:0930,176.55,102.5,0.0,28.19,30.81,2.97,0.0,2020-10-14 09:30:00+00:00
20201014:1030,77.25,65.5,0.0,15.19,30.14,1.86,0.0,2020-10-14 10:30:00+00:00
20201014:1130,0.0,12.15,0.0,1.72,29.66,1.52,0.0,2020-10-14 11:30:00+00:00
20201014:1230,0.0,0.0,0.0,0.0,28.88,1.45,0.0,2020-10-14 12:30:00+00:00
20201014:1330,0.0,0.0,0.0,0.0,28.3,1.31,0.0,2020-10-14 13:30:00+00:00
20201014:1430,0.0,0.0,0.0,0.0,27.75,1.45,0.0,2020-10-14 14:30:00+00:00
20201014:1530,0.0,0.0,0.0,0.0,27.28,1.52,0.0,2020-10-14 15:30:00+00:00
20201014:1630,0.0,0.0,0.0,0.0,26.93,1.45,0.0,2020-10-14 16:30:00+00:00
20201014:1730,0.0,0.0,0.0,0.0,26.57,1.24,0.0,2020-10-14 17:30:00+00:00
20201014:1830,0.0,0.0,0.0,0.0,26.18,1.1,0.0,2020-10-14 18:30:00+00:00
20201014:1930,0.0,0.0,0.0,0.0,25.91,1.31,0.0,2020-10-14 19:30:00+00:00
20201014:2030,0.0,0.0,0.0,0.0,25.7,1.38,0.0,2020-10-14 20:30:00+00:00
20201014:2130,0.0,0.0,0.0,0.0,25.51,1.52,0.0,2020-10-14 21:30:00+00:00
20201014:2230,0.0,0.0,0.0,0.0,25.47,1.59,0.0,2020-10-14 22:30:00+00:00
20201014:2330,0.0,0.0,0.0,0.0,25.42,1.72,0.0,2020-10-14 23:30:00+00:00
20201015:0030,21.05,22.96,0.0,5.52,25.44,1.79,0.0,2020-10-15 00:30:00+00:00
20201015:0130,135.65,84.35,0.0,18.86,26.07,1.66,0.0,2020-10-15 01:30:00+00:00
20201015:0230,297.15,121.7,0.0,31.63,27.95,1.93,0.0,2020-10-15 02:30:00+00:00
20201015:0330,420.6,149.0,0.0,43.3,29.25,2.28,0.0,2020-10-15 03:30:00+00:00
20201015:0430,502.31,172.5,0.0,52.81,30.35,2.41,0.0,2020-10-15 04:30:00+00:00
20201015:0530,577.11,171.0,0.0,58.14,31.13,2.14,0.0,2020-10-15 05:30:00+00:00
20201015:0630,460.95,159.5,0.0,57.16,31.77,1.66,0.0,2020-10-15 06:30:00+00:00
20201015:0730,467.51,158.15,0.0,50.34,32.07,1.86,0.0,2020-10-15 07:30:00+00:00
20201015:0830,355.35,121.25,0.0,40.03,32.13,1.72,0.0,2020-10-15 08:30:00+00:00
20201015:0930,218.2,98.5,0.0,27.95,32.11,1.59,0.0,2020-10-15 09:30:00+00:00
20201015:1030,65.55,65.6,0.0,14.98,31.42,2.0,0.0,2020-10-15 10:30:00+00:00
20201015:1130,0.0,7.85,0.0,1.53,29.96,1.93,0.0,2020-10-15 11:30:00+00:00
20201015:1230,0.0,0.0,0.0,0.0,28.96,2.0,0.0,2020-10-15 12:30:00+00:00
20201015:1330,0.0,0.0,0.0,0.0,28.15,2.0,0.0,2020-10-15 13:30:00+00:00
20201015:1430,0.0,0.0,0.0,0.0,27.65,1.79,0.0,2020-10-15 14:30:00+00:00
20201015:1530,0.0,0.0,0.0,0.0,27.2,1.59,0.0,2020-10-15 15:30:00+00:00
20201015:1630,0.0,0.0,0.0,0.0,26.86,1.45,0.0,2020-10-15 16:30:00+00:00
20201015:1730,0.0,0.0,0.0,0.0,26.53,1.45,0.0,2020-10-15 17:30:00+00:00
20201015:1830,0.0,0.0,0.0,0.0,26.23,1.31,0.0,2020-10-15 18:30:00+00:00
20201015:1930,0.0,0.0,0.0,0.0,26.07,0.83,0.0,2020-10-15 19:30:00+00:00
20201015:2030,0.0,0.0,0.0,0.0,26.02,0.76,0.0,2020-10-15 20:30:00+00:00
20201015:2130,0.0,0.0,0.0,0.0,25.79,0.76,0.0,2020-10-15 21:30:00+00:00
20201015:2230,0.0,0.0,0.0,0.0,25.56,0.76,0.0,2020-10-15 22:30:00+00:00
20201015:2330,0.0,0.0,0.0,0.0,24.93,1.1,0.0,2020-10-15 23:30:00+00:00
20201016:0030,17.95,21.85,0.0,5.41,24.78,1.1,0.0,2020-10-16 00:30:00+00:00
20201016:0130,134.4,84.7,0.0,18.73,25.77,0.62,0.0,2020-10-16 01:30:00+00:00
20201016:0230,306.35,117.45,0.0,31.46,28.12,0.62,0.0,2020-10-16 02:30:00+00:00
20201016:0330,463.96,136.7,0.0,43.08,29.42,0.62,0.0,2020-10-16 03:30:00+00:00
20201016:0430,553.26,147.9,0.0,52.53,30.59,0.76,0.0,2020-10-16 04:30:00+00:00
20201016:0530,577.11,162.35,0.0,57.78,31.35,0.97,0.0,2020-10-16 05:30:00+00:00
20201016:0630,559.66,166.45,0.0,56.79,31.89,0.9,0.0,2020-10-16 06:30:00+00:00
20201016:0730,484.11,167.0,0.0,50.01,32.3,0.97,0.0,2020-10-16 07:30:00+00:00
20201016:0830,309.3,137.1,0.0,39.75,32.35,1.03,0.0,2020-10-16 08:30:00+00:00
20201016:0930,163.15,131.75,0.0,27.71,32.17,1.17,0.0,2020-10-16 09:30:00+00:00
20201016:1030,68.15,67.4,0.0,14.77,31.71,1.24,0.0,2020-10-16 10:30:00+00:00
20201016:1130,0.0,10.05,0.0,1.33,30.64,0.97,0.0,2020-10-16 11:30:00+00:00
20201016:1230,0.0,0.0,0.0,0.0,29.87,0.69,0.0,2020-10-16 12:30:00+00:00
20201016:1330,0.0,0.0,0.0,0.0,29.51,0.21,0.0,2020-10-16 13:30:00+00:00
20201016:1430,0.0,0.0,0.0,0.0,29.12,0.07,0.0,2020-10-16 14:30:00+00:00
20201016:1530,0.0,0.0,0.0,0.0,28.42,0.62,0.0,2020-10-16 15:30:00+00:00
20201016:1630,0.0,0.0,0.0,0.0,27.52,1.24,0.0,2020-10-16 16:30:00+00:00
20201016:1730,0.0,0.0,0.0,0.0,27.3,1.52,0.0,2020-10-16 17:30:00+00:00
20201016:1830,0.0,0.0,0.0,0.0,27.14,1.59,0.0,2020-10-16 18:30:00+00:00
20201016:1930,0.0,0.0,0.0,0.0,27.31,1.59,0.0,2020-10-16 19:30:00+00:00
20201016:2030,0.0,0.0,0.0,0.0,27.18,1.59,0.0,2020-10-16 20:30:00+00:00
20201016:2130,0.0,0.0,0.0,0.0,26.68,1.66,0.0,2020-10-16 21:30:00+00:00
20201016:2230,0.0,0.0,0.0,0.0,26.41,1.66,0.0,2020-10-16 22:30:00+00:00
20201016:2330,0.0,0.0,0.0,0.0,26.32,1.66,0.0,2020-10-16 23:30:00+00:00
20201017:0030,18.65,20.57,0.0,5.3,26.13,1.66,0.0,2020-10-17 00:30:00+00:00
20201017:0130,119.0,83.25,0.0,18.6,26.51,1.38,0.0,2020-10-17 01:30:00+00:00
20201017:0230,305.1,114.9,0.0,31.29,28.15,1.45,0.0,2020-10-17 02:30:00+00:00
20201017:0330,464.06,138.05,0.0,42.87,29.74,1.59,0.0,2020-10-17 03:30:00+00:00
20201017:0430,448.71,169.35,0.0,52.24,31.14,2.0,0.0,2020-10-17 04:30:00+00:00
20201017:0530,618.21,157.1,0.0,57.42,31.81,2.28,0.0,2020-10-17 05:30:00+00:00
20201017:0630,542.86,146.5,0.0,56.42,32.5,2.28,0.0,2020-10-17 06:30:00+00:00
20201017:0730,475.66,160.65,0.0,49.69,32.39,2.0,0.0,2020-10-17 07:30:00+00:00
20201017:0830,394.05,131.9,0.0,39.48,32.66,2.0,0.0,2020-10-17 08:30:00+00:00
20201017:0930,246.7,105.75,0.0,27.48,32.55,1.93,0.0,2020-10-17 09:30:00+00:00
20201017:1030,89.45,62.4,0.0,14.56,32.18,1.59,0.0,2020-10-17 10:30:00+00:00
20201017:1130,0.0,11.7,0.0,1.15,31.43,1.24,0.0,2020-10-17 11:30:00+00:00
20201017:1230,0.0,0.0,0.0,0.0,30.09,1.24,0.0,2020-10-17 12:30:00+00:00
20201017:1330,0.0,0.0,0.0,0.0,28.96,0.9,0.0,2020-10-17 13:30:00+00:00
20201017:1430,0.0,0.0,0.0,0.0,28.9,0.69,0.0,2020-10-17 14:30:00+00:00
20201017:1530,0.0,0.0,0.0,0.0,27.95,0.83,0.0,2020-10-17 15:30:00+00:00
20201017:1630,0.0,0.0,0.0,0.0,27.44,0.83,0.0,2020-10-17 16:30:00+00:00
20201017:1730,0.0,0.0,0.0,0.0,27.71,0.48,0.0,2020-10-17 17:30:00+00:00
20201017:1830,0.0,0.0,0.0,0.0,27.34,0.55,0.0,2020-10-17 18:30:00+00:00
20201017:1930,0.0,0.0,0.0,0.0,25.64,1.24,0.0,2020-10-17 19:30:00+00:00
20201017:2030,0.0,0.0,0.0,0.0,25.34,1.45,0.0,2020-10-17 20:30:00+00:00
20201017:2130,0.0,0.0,0.0,0.0,25.23,1.52,0.0,2020-10-17 21:30:00+00:00
20201017:2230,0.0,0.0,0.0,0.0,25.14,1.52,0.0,2020-10-17 22:30:00+00:00
20201017:2330,0.0,0.0,0.0,0.0,25.01,1.45,0.0,2020-10-17 23:30:00+00:00
20201018:0030,18.85,21.77,0.0,5.19,24.84,1.38,0.0,2020-10-18 00:30:00+00:00
20201018:0130,123.25,83.1,0.0,18.46,25.73,1.03,0.0,2020-10-18 01:30:00+00:00
20201018:0230,285.6,114.95,0.0,31.12,28.4,1.1,0.0,2020-10-18 02:30:00+00:00
20201018:0330,384.6,158.5,0.0,42.64,30.04,1.17,0.0,2020-10-18 03:30:00+00:00
20201018:0430,453.46,182.0,0.0,51.94,31.2,1.66,0.0,2020-10-18 04:30:00+00:00
20201018:0530,541.71,170.1,0.0,57.07,31.79,1.86,0.0,2020-10-18 05:30:00+00:00
20201018:0630,317.75,247.55,0.0,56.06,32.22,2.0,0.0,2020-10-18 06:30:00+00:00
20201018:0730,158.75,267.7,0.0,49.37,32.11,2.34,0.0,2020-10-18 07:30:00+00:00
20201018:0830,133.8,189.6,0.0,39.21,31.75,2.07,0.0,2020-10-18 08:30:00+00:00
20201018:0930,26.85,129.75,0.0,27.25,31.16,1.72,0.0,2020-10-18 09:30:00+00:00
20201018:1030,9.8,54.45,0.0,14.36,30.38,1.59,0.0,2020-10-18 10:30:00+00:00
20201018:1130,0.0,7.8,0.0,0.96,29.54,1.45,0.0,2020-10-18 11:30:00+00:00
20201018:1230,0.0,0.0,0.0,0.0,28.58,1.72,0.0,2020-10-18 12:30:00+00:00
20201018:1330,0.0,0.0,0.0,0.0,27.91,1.72,0.0,2020-10-18 13:30:00+00:00
20201018:1430,0.0,0.0,0.0,0.0,27.42,1.72,0.0,2020-10-18 14:30:00+00:00
20201018:1530,0.0,0.0,0.0,0.0,27.07,1.66,0.0,2020-10-18 15:30:00+00:00
20201018:1630,0.0,0.0,0.0,0.0,26.81,1.59,0.0,2020-10-18 16:30:00+00:00
20201018:1730,0.0,0.0,0.0,0.0,26.52,1.38,0.0,2020-10-18 17:30:00+00:00
20201018:1830,0.0,0.0,0.0,0.0,26.28,1.31,0.0,2020-10-18 18:30:00+00:00
20201018:1930,0.0,0.0,0.0,0.0,26.32,1.17,0.0,2020-10-18 19:30:00+00:00
20201018:2030,0.0,0.0,0.0,0.0,26.09,0.97,0.0,2020-10-18 20:30:00+00:00
20201018:2130,0.0,0.0,0.0,0.0,25.82,0.83,0.0,2020-10-18 21:30:00+00:00
20201018:2230,0.0,0.0,0.0,0.0,25.53,1.17,0.0,2020-10-18 22:30:00+00:00
20201018:2330,0.0,0.0,0.0,0.0,25.47,1.1,0.0,2020-10-18 23:30:00+00:00
20201019:0030,15.75,21.9,0.0,5.08,25.34,1.1,0.0,2020-10-19 00:30:00+00:00
20201019:0130,74.35,89.65,0.0,18.33,26.03,0.62,0.0,2020-10-19 01:30:00+00:00
20201019:0230,208.45,127.8,0.0,30.95,27.51,0.48,0.0,2020-10-19 02:30:00+00:00
20201019:0330,342.45,171.95,0.0,42.42,28.77,0.34,0.0,2020-10-19 03:30:00+00:00
20201019:0430,460.76,188.2,0.0,51.65,29.97,0.62,0.0,2020-10-19 04:30:00+00:00
20201019:0530,504.96,192.6,0.0,56.72,30.8,0.9,0.0,2020-10-19 05:30:00+00:00
20201019:0630,524.96,174.6,0.0,55.7,31.3,0.76,0.0,2020-10-19 06:30:00+00:00
20201019:0730,445.66,166.2,0.0,49.06,31.77,0.9,0.0,2020-10-19 07:30:00+00:00
20201019:0830,294.05,148.55,0.0,38.94,31.96,0.83,0.0,2020-10-19 08:30:00+00:00
20201019:0930,137.7,137.3,0.0,27.02,31.29,0.55,0.0,2020-10-19 09:30:00+00:00
20201019:1030,36.2,67.1,0.0,14.16,29.26,1.45,0.0,2020-10-19 10:30:00+00:00
20201019:1130,0.0,9.6,0.0,0.78,28.59,0.28,0.0,2020-10-19 11:30:00+00:00
20201019:1230,0.0,0.0,0.0,0.0,27.78,1.03,0.0,2020-10-19 12:30:00+00:00
20201019:1330,0.0,0.0,0.0,0.0,27.3,1.1,0.0,2020-10-19 13:30:00+00:00
20201019:1430,0.0,0.0,0.0,0.0,26.95,1.31,0.0,2020-10-19 14:30:00+00:00
20201019:1530,0.0,0.0,0.0,0.0,26.69,1.17,0.0,2020-10-19 15:30:00+00:00
20201019:1630,0.0,0.0,0.0,0.0,26.24,1.03,0.0,2020-10-19 16:30:00+00:00
20201019:1730,0.0,0.0,0.0,0.0,25.88,0.9,0.0,2020-10-19 17:30:00+00:00
20201019:1830,0.0,0.0,0.0,0.0,25.64,0.97,0.0,2020-10-19 18:30:00+00:00
20201019:1930,0.0,0.0,0.0,0.0,25.93,1.1,0.0,2020-10-19 19:30:00+00:00
20201019:2030,0.0,0.0,0.0,0.0,25.58,1.24,0.0,2020-10-19 20:30:00+00:00
20201019:2130,0.0,0.0,0.0,0.0,25.22,1.24,0.0,2020-10-19 21:30:00+00:00
20201019:2230,0.0,0.0,0.0,0.0,24.97,1.31,0.0,2020-10-19 22:30:00+00:00
20201019:2330,0.0,0.0,0.0,0.0,24.85,1.17,0.0,2020-10-19 23:30:00+00:00
20201020:0030,14.1,19.45,0.0,4.96,24.8,1.17,0.0,2020-10-20 00:30:00+00:00
20201020:0130,117.85,80.55,0.0,18.19,25.68,1.1,0.0,2020-10-20 01:30:00+00:00
20201020:0230,300.65,115.8,0.0,30.78,27.7,1.86,0.0,2020-10-20 02:30:00+00:00
20201020:0330,435.86,137.15,0.0,42.2,29.32,2.55,0.0,2020-10-20 03:30:00+00:00
20201020:0430,489.46,165.7,0.0,51.36,30.5,2.76,0.0,2020-10-20 04:30:00+00:00
20201020:0530,526.01,155.05,0.0,56.36,31.14,2.69,0.0,2020-10-20 05:30:00+00:00
20201020:0630,544.86,145.9,0.0,55.34,31.46,2.55,0.0,2020-10-20 06:30:00+00:00
20201020:0730,313.5,164.75,0.0,48.74,31.87,2.34,0.0,2020-10-20 07:30:00+00:00
20201020:0830,239.0,158.45,0.0,38.68,31.74,2.21,0.0,2020-10-20 08:30:00+00:00
20201020:0930,136.8,98.1,0.0,26.8,31.45,2.28,0.0,2020-10-20 09:30:00+00:00
20201020:1030,58.05,53.7,0.0,13.96,30.66,2.0,0.0,2020-10-20 10:30:00+00:00
20201020:1130,0.0,8.4,0.0,0.6,29.64,2.0,0.0,2020-10-20 11:30:00+00:00
20201020:1230,0.0,0.0,0.0,0.0,28.44,2.21,0.0,2020-10-20 12:30:00+00:00
20201020:1330,0.0,0.0,0.0,0.0,27.68,1.86,0.0,2020-10-20 13:30:00+00:00
20201020:1430,0.0,0.0,0.0,0.0,27.21,1.79,0.0,2020-10-20 14:30:00+00:00
20201020:1530,0.0,0.0,0.0,0.0,26.7,1.93,0.0,2020-10-20 15:30:00+00:00
20201020:1630,0.0,0.0,0.0,0.0,26.39,1.93,0.0,2020-10-20 16:30:00+00:00
20201020:1730,0.0,0.0,0.0,0.0,26.18,1.72,0.0,2020-10-20 17:30:00+00:00
20201020:1830,0.0,0.0,0.0,0.0,25.93,1.59,0.0,2020-10-20 18:30:00+00:00
20201020:1930,0.0,0.0,0.0,0.0,26.18,1.45,0.0,2020-10-20 19:30:00+00:00
20201020:2030,0.0,0.0,0.0,0.0,25.94,1.17,0.0,2020-10-20 20:30:00+00:00
20201020:2130,0.0,0.0,0.0,0.0,25.76,1.17,0.0,2020-10-20 21:30:00+00:00
20201020:2230,0.0,0.0,0.0,0.0,25.66,1.31,0.0,2020-10-20 22:30:00+00:00
20201020:2330,0.0,0.0,0.0,0.0,25.77,1.31,0.0,2020-10-20 23:30:00+00:00
20201021:0030,5.55,24.48,0.0,4.85,25.74,1.38,0.0,2020-10-21 00:30:00+00:00
20201021:0130,72.6,91.6,0.0,18.05,26.14,1.66,0.0,2020-10-21 01:30:00+00:00
20201021:0230,156.25,159.25,0.0,30.6,27.38,2.62,0.0,2020-10-21 02:30:00+00:00
20201021:0330,265.55,196.3,0.0,41.97,28.35,2.9,0.0,2020-10-21 03:30:00+00:00
20201021:0430,386.0,241.25,0.0,51.07,29.31,3.17,0.0,2020-10-21 04:30:00+00:00
20201021:0530,122.45,236.4,0.0,56.01,30.37,3.72,0.0,2020-10-21 05:30:00+00:00
20201021:0630,74.55,207.1,0.0,54.99,28.96,3.59,0.0,2020-10-21 06:30:00+00:00
20201021:0730,146.4,181.4,0.0,48.43,28.81,3.17,0.0,2020-10-21 07:30:00+00:00
20201021:0830,150.45,192.05,0.0,38.42,29.0,3.72,0.0,2020-10-21 08:30:00+00:00
20201021:0930,88.2,121.35,0.0,26.57,29.04,3.93,0.0,2020-10-21 09:30:00+00:00
20201021:1030,26.85,53.25,0.0,13.76,28.4,3.52,0.0,2020-10-21 10:30:00+00:00
20201021:1130,0.0,7.4,0.0,0.42,27.76,3.17,0.0,2020-10-21 11:30:00+00:00
20201021:1230,0.0,0.0,0.0,0.0,27.04,2.76,0.0,2020-10-21 12:30:00+00:00
20201021:1330,0.0,0.0,0.0,0.0,26.58,2.62,0.0,2020-10-21 13:30:00+00:00
20201021:1430,0.0,0.0,0.0,0.0,26.21,2.76,0.0,2020-10-21 14:30:00+00:00
20201021:1530,0.0,0.0,0.0,0.0,26.0,2.76,0.0,2020-10-21 15:30:00+00:00
20201021:1630,0.0,0.0,0.0,0.0,25.86,2.83,0.0,2020-10-21 16:30:00+00:00
20201021:1730,0.0,0.0,0.0,0.0,25.87,2.97,0.0,2020-10-21 17:30:00+00:00
20201021:1830,0.0,0.0,0.0,0.0,25.79,3.03,0.0,2020-10-21 18:30:00+00:00
20201021:1930,0.0,0.0,0.0,0.0,25.49,2.48,0.0,2020-10-21 19:30:00+00:00
20201021:2030,0.0,0.0,0.0,0.0,25.28,2.48,0.0,2020-10-21 20:30:00+00:00
20201021:2130,0.0,0.0,0.0,0.0,25.08,2.62,0.0,2020-10-21 21:30:00+00:00
20201021:2230,0.0,0.0,0.0,0.0,24.77,2.9,0.0,2020-10-21 22:30:00+00:00
20201021:2330,0.0,0.0,0.0,0.0,24.7,3.17,0.0,2020-10-21 23:30:00+00:00
20201022:0030,0.1,9.04,0.0,4.73,24.58,3.24,0.0,2020-10-22 00:30:00+00:00
20201022:0130,1.15,34.3,0.0,17.9,24.6,3.38,0.0,2020-10-22 01:30:00+00:00
20201022:0230,1.15,49.45,0.0,30.42,24.86,3.17,0.0,2020-10-22 02:30:00+00:00
20201022:0330,2.4,49.1,0.0,41.74,25.21,3.72,0.0,2020-10-22 03:30:00+00:00
20201022:0430,0.0,35.4,0.0,50.78,25.37,4.28,0.0,2020-10-22 04:30:00+00:00
20201022:0530,0.05,76.2,0.0,55.67,25.1,3.93,0.0,2020-10-22 05:30:00+00:00
20201022:0630,0.0,30.0,0.0,54.64,25.14,3.93,0.0,2020-10-22 06:30:00+00:00
20201022:0730,0.0,13.25,0.0,48.12,24.74,5.31,0.0,2020-10-22 07:30:00+00:00
20201022:0830,0.0,25.15,0.0,38.16,24.41,5.38,0.0,2020-10-22 08:30:00+00:00
20201022:0930,0.0,26.8,0.0,26.36,24.26,4.76,0.0,2020-10-22 09:30:00+00:00
20201022:1030,0.0,14.3,0.0,13.57,24.42,4.41,0.0,2020-10-22 10:30:00+00:00
20201022:1130,0.0,1.4,0.0,0.25,24.47,4.21,0.0,2020-10-22 11:30:00+00:00
20201022:1230,0.0,0.0,0.0,0.0,24.49,4.07,0.0,2020-10-22 12:30:00+00:00
20201022:1330,0.0,0.0,0.0,0.0,24.44,4.0,0.0,2020-10-22 13:30:00+00:00
20201022:1430,0.0,0.0,0.0,0.0,24.53,3.66,0.0,2020-10-22 14:30:00+00:00
20201022:1530,0.0,0.0,0.0,0.0,24.49,3.45,0.0,2020-10-22 15:30:00+00:00
20201022:1630,0.0,0.0,0.0,0.0,24.44,3.17,0.0,2020-10-22 16:30:00+00:00
20201022:1730,0.0,0.0,0.0,0.0,24.38,2.9,0.0,2020-10-22 17:30:00+00:00
20201022:1830,0.0,0.0,0.0,0.0,24.3,2.55,0.0,2020-10-22 18:30:00+00:00
20201022:1930,0.0,0.0,0.0,0.0,23.46,2.69,0.0,2020-10-22 19:30:00+00:00
20201022:2030,0.0,0.0,0.0,0.0,23.61,2.76,0.0,2020-10-22 20:30:00+00:00
20201022:2130,0.0,0.0,0.0,0.0,23.57,2.9,0.0,2020-10-22 21:30:00+00:00
20201022:2230,0.0,0.0,0.0,0.0,23.62,3.24,0.0,2020-10-22 22:30:00+00:00
20201022:2330,0.0,0.0,0.0,0.0,23.57,3.38,0.0,2020-10-22 23:30:00+00:00
20201023:0030,0.0,2.75,0.0,4.61,23.46,3.38,0.0,2020-10-23 00:30:00+00:00
20201023:0130,0.0,6.9,0.0,17.76,23.47,3.24,0.0,2020-10-23 01:30:00+00:00
20201023:0230,0.0,22.1,0.0,30.24,23.53,2.55,0.0,2020-10-23 02:30:00+00:00
20201023:0330,0.0,43.35,0.0,41.51,23.73,2.55,0.0,2020-10-23 03:30:00+00:00
20201023:0430,0.0,62.1,0.0,50.49,23.92,3.1,0.0,2020-10-23 04:30:00+00:00
20201023:0530,0.0,38.6,0.0,55.32,24.13,2.83,0.0,2020-10-23 05:30:00+00:00
20201023:0630,16.5,125.2,0.0,54.29,24.19,2.62,0.0,2020-10-23 06:30:00+00:00
20201023:0730,0.0,115.85,0.0,47.82,24.94,4.76,0.0,2020-10-23 07:30:00+00:00
20201023:0830,0.0,58.95,0.0,37.9,25.09,4.48,0.0,2020-10-23 08:30:00+00:00
20201023:0930,1.3,76.65,0.0,26.14,24.89,3.93,0.0,2020-10-23 09:30:00+00:00
20201023:1030,0.0,32.45,0.0,13.39,24.79,3.93,0.0,2020-10-23 10:30:00+00:00
20201023:1130,0.0,3.5,0.0,0.08,24.52,3.79,0.0,2020-10-23 11:30:00+00:00
20201023:1230,0.0,0.0,0.0,0.0,24.23,3.79,0.0,2020-10-23 12:30:00+00:00
20201023:1330,0.0,0.0,0.0,0.0,24.07,3.66,0.0,2020-10-23 13:30:00+00:00
20201023:1430,0.0,0.0,0.0,0.0,24.03,3.45,0.0,2020-10-23 14:30:00+00:00
20201023:1530,0.0,0.0,0.0,0.0,24.02,3.17,0.0,2020-10-23 15:30:00+00:00
20201023:1630,0.0,0.0,0.0,0.0,24.01,3.03,0.0,2020-10-23 16:30:00+00:00
20201023:1730,0.0,0.0,0.0,0.0,24.0,2.69,0.0,2020-10-23 17:30:00+00:00
20201023:1830,0.0,0.0,0.0,0.0,23.8,2.34,0.0,2020-10-23 18:30:00+00:00
20201023:1930,0.0,0.0,0.0,0.0,23.43,2.69,0.0,2020-10-23 19:30:00+00:00
20201023:2030,0.0,0.0,0.0,0.0,23.37,2.83,0.0,2020-10-23 20:30:00+00:00
20201023:2130,0.0,0.0,0.0,0.0,23.5,2.83,0.0,2020-10-23 21:30:00+00:00
20201023:2230,0.0,0.0,0.0,0.0,23.69,2.69,0.0,2020-10-23 22:30:00+00:00
20201023:2330,0.0,0.0,0.0,0.0,23.83,2.55,0.0,2020-10-23 23:30:00+00:00
20201024:0030,4.05,16.99,0.0,4.48,23.7,2.28,0.0,2020-10-24 00:30:00+00:00
20201024:0130,25.95,90.4,0.0,17.61,24.0,2.0,0.0,2020-10-24 01:30:00+00:00
20201024:0230,177.25,127.05,0.0,30.06,24.85,2.28,0.0,2020-10-24 02:30:00+00:00
20201024:0330,290.1,175.9,0.0,41.28,26.21,2.9,0.0,2020-10-24 03:30:00+00:00
20201024:0430,201.9,235.8,0.0,50.19,27.46,3.1,0.0,2020-10-24 04:30:00+00:00
20201024:0530,266.0,253.7,0.0,54.98,28.04,3.1,0.0,2020-10-24 05:30:00+00:00
20201024:0630,194.8,209.7,0.0,53.95,28.55,3.31,0.0,2020-10-24 06:30:00+00:00
20201024:0730,217.55,190.1,0.0,47.52,28.59,3.45,0.0,2020-10-24 07:30:00+00:00
20201024:0830,189.15,166.75,0.0,37.65,28.84,3.24,0.0,2020-10-24 08:30:00+00:00
20201024:0930,151.9,109.85,0.0,25.93,28.99,2.97,0.0,2020-10-24 09:30:00+00:00
20201024:1030,62.75,62.8,0.0,13.2,28.89,2.34,0.0,2020-10-24 10:30:00+00:00
20201024:1130,0.0,0.0,0.0,-0.08,27.72,1.03,0.0,2020-10-24 11:30:00+00:00
20201024:1230,0.0,0.0,0.0,0.0,27.18,0.28,0.0,2020-10-24 12:30:00+00:00
20201024:1330,0.0,0.0,0.0,0.0,26.07,1.38,0.0,2020-10-24 13:30:00+00:00
20201024:1430,0.0,0.0,0.0,0.0,25.28,1.17,0.0,2020-10-24 14:30:00+00:00
20201024:1530,0.0,0.0,0.0,0.0,24.9,0.83,0.0,2020-10-24 15:30:00+00:00
20201024:1630,0.0,0.0,0.0,0.0,25.29,0.41,0.0,2020-10-24 16:30:00+00:00
20201024:1730,0.0,0.0,0.0,0.0,24.01,0.97,0.0,2020-10-24 17:30:00+00:00
20201024:1830,0.0,0.0,0.0,0.0,23.39,1.24,0.0,2020-10-24 18:30:00+00:00
20201024:1930,0.0,0.0,0.0,0.0,23.2,0.97,0.0,2020-10-24 19:30:00+00:00
20201024:2030,0.0,0.0,0.0,0.0,22.79,1.24,0.0,2020-10-24 20:30:00+00:00
20201024:2130,0.0,0.0,0.0,0.0,22.53,1.24,0.0,2020-10-24 21:30:00+00:00
20201024:2230,0.0,0.0,0.0,0.0,22.37,1.31,0.0,2020-10-24 22:30:00+00:00
20201024:2330,0.0,0.0,0.0,0.0,22.15,1.24,0.0,2020-10-24 23:30:00+00:00
20201025:0030,10.95,23.79,0.0,4.36,21.99,1.03,0.0,2020-10-25 00:30:00+00:00
20201025:0130,105.7,92.5,0.0,17.46,22.95,0.55,0.0,2020-10-25 01:30:00+00:00
20201025:0230,282.1,118.9,0.0,29.88,25.39,0.55,0.0,2020-10-25 02:30:00+00:00
20201025:0330,423.56,142.6,0.0,41.05,27.1,0.9,0.0,2020-10-25 03:30:00+00:00
20201025:0430,546.11,150.5,0.0,49.9,28.37,1.17,0.0,2020-10-25 04:30:00+00:00
20201025:0530,487.56,157.9,0.0,54.64,29.44,1.79,0.0,2020-10-25 05:30:00+00:00
20201025:0630,589.16,153.25,0.0,53.61,29.9,2.0,0.0,2020-10-25 06:30:00+00:00
20201025:0730,506.26,141.35,0.0,47.22,30.4,1.1,0.0,2020-10-25 07:30:00+00:00
20201025:0830,330.15,114.95,0.0,37.41,30.55,1.17,0.0,2020-10-25 08:30:00+00:00
20201025:0930,196.5,104.45,0.0,25.72,30.23,1.24,0.0,2020-10-25 09:30:00+00:00
20201025:1030,54.75,58.5,0.0,13.02,29.83,1.03,0.0,2020-10-25 10:30:00+00:00
20201025:1130,0.0,0.0,0.0,-0.24,29.08,0.62,0.0,2020-10-25 11:30:00+00:00
20201025:1230,0.0,0.0,0.0,0.0,27.83,0.55,0.0,2020-10-25 12:30:00+00:00
20201025:1330,0.0,0.0,0.0,0.0,27.02,0.62,0.0,2020-10-25 13:30:00+00:00
20201025:1430,0.0,0.0,0.0,0.0,26.24,0.83,0.0,2020-10-25 14:30:00+00:00
20201025:1530,0.0,0.0,0.0,0.0,25.39,1.1,0.0,2020-10-25 15:30:00+00:00
20201025:1630,0.0,0.0,0.0,0.0,24.85,1.17,0.0,2020-10-25 16:30:00+00:00
20201025:1730,0.0,0.0,0.0,0.0,24.59,1.03,0.0,2020-10-25 17:30:00+00:00
20201025:1830,0.0,0.0,0.0,0.0,24.33,0.9,0.0,2020-10-25 18:30:00+00:00
20201025:1930,0.0,0.0,0.0,0.0,24.1,0.97,0.0,2020-10-25 19:30:00+00:00
20201025:2030,0.0,0.0,0.0,0.0,24.12,0.83,0.0,2020-10-25 20:30:00+00:00
20201025:2130,0.0,0.0,0.0,0.0,24.6,0.55,0.0,2020-10-25 21:30:00+00:00
20201025:2230,0.0,0.0,0.0,0.0,24.38,0.34,0.0,2020-10-25 22:30:00+00:00
20201025:2330,0.0,0.0,0.0,0.0,24.2,0.21,0.0,2020-10-25 23:30:00+00:00
20201026:0030,15.15,19.12,0.0,4.23,23.96,0.48,0.0,2020-10-26 00:30:00+00:00
20201026:0130,100.85,90.2,0.0,17.31,24.15,0.41,0.0,2020-10-26 01:30:00+00:00
20201026:0230,279.4,109.25,0.0,29.69,26.24,0.28,0.0,2020-10-26 02:30:00+00:00
20201026:0330,428.71,137.7,0.0,40.81,27.91,0.28,0.0,2020-10-26 03:30:00+00:00
20201026:0430,521.01,157.75,0.0,49.61,29.08,0.55,0.0,2020-10-26 04:30:00+00:00
20201026:0530,485.76,175.9,0.0,54.3,29.95,1.03,0.0,2020-10-26 05:30:00+00:00
20201026:0630,491.66,176.55,0.0,53.27,30.42,1.31,0.0,2020-10-26 06:30:00+00:00
20201026:0730,483.71,149.3,0.0,46.93,30.66,1.17,0.0,2020-10-26 07:30:00+00:00
20201026:0830,361.76,133.2,0.0,37.16,30.83,1.45,0.0,2020-10-26 08:30:00+00:00
20201026:0930,222.75,96.8,0.0,25.52,30.72,1.59,0.0,2020-10-26 09:30:00+00:00
20201026:1030,79.1,58.35,0.0,12.85,30.17,1.38,0.0,2020-10-26 10:30:00+00:00
20201026:1130,0.0,0.0,0.0,-0.39,28.96,1.45,0.0,2020-10-26 11:30:00+00:00
20201026:1230,0.0,0.0,0.0,0.0,27.4,1.79,0.0,2020-10-26 12:30:00+00:00
20201026:1330,0.0,0.0,0.0,0.0,25.93,1.79,0.0,2020-10-26 13:30:00+00:00
20201026:1430,0.0,0.0,0.0,0.0,24.61,1.66,0.0,2020-10-26 14:30:00+00:00
20201026:1530,0.0,0.0,0.0,0.0,23.69,1.45,0.0,2020-10-26 15:30:00+00:00
20201026:1630,0.0,0.0,0.0,0.0,23.2,1.38,0.0,2020-10-26 16:30:00+00:00
20201026:1730,0.0,0.0,0.0,0.0,22.46,1.45,0.0,2020-10-26 17:30:00+00:00
20201026:1830,0.0,0.0,0.0,0.0,21.87,1.52,0.0,2020-10-26 18:30:00+00:00
20201026:1930,0.0,0.0,0.0,0.0,21.52,1.59,0.0,2020-10-26 19:30:00+00:00
20201026:2030,0.0,0.0,0.0,0.0,21.08,1.72,0.0,2020-10-26 20:30:00+00:00
20201026:2130,0.0,0.0,0.0,0.0,20.79,1.79,0.0,2020-10-26 21:30:00+00:00
20201026:2230,0.0,0.0,0.0,0.0,20.48,1.79,0.0,2020-10-26 22:30:00+00:00
20201026:2330,0.0,0.0,0.0,0.0,20.23,1.79,0.0,2020-10-26 23:30:00+00:00
20201027:0030,18.8,17.95,0.0,4.11,19.97,1.79,0.0,2020-10-27 00:30:00+00:00
20201027:0130,141.9,75.95,0.0,17.16,20.48,1.31,0.0,2020-10-27 01:30:00+00:00
20201027:0230,316.86,107.05,0.0,29.5,24.23,1.24,0.0,2020-10-27 02:30:00+00:00
20201027:0330,476.66,125.4,0.0,40.58,26.31,1.45,0.0,2020-10-27 03:30:00+00:00
20201027:0430,591.26,136.2,0.0,49.32,28.02,1.59,0.0,2020-10-27 04:30:00+00:00
20201027:0530,627.91,151.9,0.0,53.96,29.25,1.79,0.0,2020-10-27 05:30:00+00:00
20201027:0630,625.71,143.0,0.0,52.94,29.95,1.93,0.0,2020-10-27 06:30:00+00:00
20201027:0730,531.16,142.15,0.0,46.64,30.17,1.72,0.0,2020-10-27 07:30:00+00:00
20201027:0830,403.11,126.05,0.0,36.92,30.28,1.72,0.0,2020-10-27 08:30:00+00:00
20201027:0930,249.25,97.5,0.0,25.32,30.06,1.86,0.0,2020-10-27 09:30:00+00:00
20201027:1030,81.8,59.25,0.0,12.68,29.48,1.66,0.0,2020-10-27 10:30:00+00:00
20201027:1130,0.0,0.0,0.0,-0.54,28.32,1.52,0.0,2020-10-27 11:30:00+00:00
20201027:1230,0.0,0.0,0.0,0.0,26.61,1.45,0.0,2020-10-27 12:30:00+00:00
20201027:1330,0.0,0.0,0.0,0.0,25.83,0.83,0.0,2020-10-27 13:30:00+00:00
20201027:1430,0.0,0.0,0.0,0.0,26.01,0.41,0.0,2020-10-27 14:30:00+00:00
20201027:1530,0.0,0.0,0.0,0.0,25.49,0.07,0.0,2020-10-27 15:30:00+00:00
20201027:1630,0.0,0.0,0.0,0.0,24.92,0.28,0.0,2020-10-27 16:30:00+00:00
20201027:1730,0.0,0.0,0.0,0.0,24.32,0.69,0.0,2020-10-27 17:30:00+00:00
20201027:1830,0.0,0.0,0.0,0.0,22.05,1.24,0.0,2020-10-27 18:30:00+00:00
20201027:1930,0.0,0.0,0.0,0.0,21.46,1.66,0.0,2020-10-27 19:30:00+00:00
20201027:2030,0.0,0.0,0.0,0.0,21.34,1.79,0.0,2020-10-27 20:30:00+00:00
20201027:2130,0.0,0.0,0.0,0.0,21.26,1.93,0.0,2020-10-27 21:30:00+00:00
20201027:2230,0.0,0.0,0.0,0.0,21.2,2.0,0.0,2020-10-27 22:30:00+00:00
20201027:2330,0.0,0.0,0.0,0.0,21.11,2.0,0.0,2020-10-27 23:30:00+00:00
20201028:0030,16.95,18.08,0.0,3.98,20.98,2.0,0.0,2020-10-28 00:30:00+00:00
20201028:0130,134.1,77.15,0.0,17.0,21.46,1.79,0.0,2020-10-28 01:30:00+00:00
20201028:0230,306.95,108.85,0.0,29.32,24.0,1.93,0.0,2020-10-28 02:30:00+00:00
20201028:0330,465.36,128.15,0.0,40.34,25.95,2.07,0.0,2020-10-28 03:30:00+00:00
20201028:0430,578.66,139.65,0.0,49.03,27.48,2.28,0.0,2020-10-28 04:30:00+00:00
20201028:0530,615.56,154.0,0.0,53.63,28.57,2.48,0.0,2020-10-28 05:30:00+00:00
20201028:0630,536.51,168.2,0.0,52.61,29.13,2.48,0.0,2020-10-28 06:30:00+00:00
20201028:0730,461.36,173.45,0.0,46.35,29.55,1.93,0.0,2020-10-28 07:30:00+00:00
20201028:0830,260.65,166.7,0.0,36.69,29.74,1.86,0.0,2020-10-28 08:30:00+00:00
20201028:0930,199.9,108.9,0.0,25.12,29.5,1.86,0.0,2020-10-28 09:30:00+00:00
20201028:1030,75.2,59.35,0.0,12.51,29.11,1.72,0.0,2020-10-28 10:30:00+00:00
20201028:1130,0.0,0.0,0.0,-0.69,28.08,1.59,0.0,2020-10-28 11:30:00+00:00
20201028:1230,0.0,0.0,0.0,0.0,26.68,1.79,0.0,2020-10-28 12:30:00+00:00
20201028:1330,0.0,0.0,0.0,0.0,25.48,1.72,0.0,2020-10-28 13:30:00+00:00
20201028:1430,0.0,0.0,0.0,0.0,24.42,1.59,0.0,2020-10-28 14:30:00+00:00
20201028:1530,0.0,0.0,0.0,0.0,23.45,1.38,0.0,2020-10-28 15:30:00+00:00
20201028:1630,0.0,0.0,0.0,0.0,22.82,1.59,0.0,2020-10-28 16:30:00+00:00
20201028:1730,0.0,0.0,0.0,0.0,22.42,1.72,0.0,2020-10-28 17:30:00+00:00
20201028:1830,0.0,0.0,0.0,0.0,22.21,1.86,0.0,2020-10-28 18:30:00+00:00
20201028:1930,0.0,0.0,0.0,0.0,22.31,1.86,0.0,2020-10-28 19:30:00+00:00
20201028:2030,0.0,0.0,0.0,0.0,22.27,2.07,0.0,2020-10-28 20:30:00+00:00
20201028:2130,0.0,0.0,0.0,0.0,22.23,2.14,0.0,2020-10-28 21:30:00+00:00
20201028:2230,0.0,0.0,0.0,0.0,22.14,2.14,0.0,2020-10-28 22:30:00+00:00
20201028:2330,0.0,0.0,0.0,0.0,22.05,2.14,0.0,2020-10-28 23:30:00+00:00
20201029:0030,15.9,17.86,0.0,3.85,21.99,2.21,0.0,2020-10-29 00:30:00+00:00
20201029:0130,128.9,77.35,0.0,16.85,22.44,2.0,0.0,2020-10-29 01:30:00+00:00
20201029:0230,294.5,112.2,0.0,29.13,24.5,2.21,0.0,2020-10-29 02:30:00+00:00
20201029:0330,454.51,129.5,0.0,40.11,26.36,2.41,0.0,2020-10-29 03:30:00+00:00
20201029:0430,563.91,142.3,0.0,48.74,27.94,2.48,0.0,2020-10-29 04:30:00+00:00
20201029:0530,603.46,154.05,0.0,53.3,29.17,2.69,0.0,2020-10-29 05:30:00+00:00
20201029:0630,524.66,172.25,0.0,52.28,29.9,2.48,0.0,2020-10-29 06:30:00+00:00
20201029:0730,433.51,185.25,0.0,46.07,30.42,2.21,0.0,2020-10-29 07:30:00+00:00
20201029:0830,301.45,159.2,0.0,36.45,30.63,2.14,0.0,2020-10-29 08:30:00+00:00
20201029:0930,228.65,99.8,0.0,24.93,30.44,2.14,0.0,2020-10-29 09:30:00+00:00
20201029:1030,72.95,58.65,0.0,12.35,30.11,2.0,0.0,2020-10-29 10:30:00+00:00
20201029:1130,0.0,0.0,0.0,-0.83,29.02,1.86,0.0,2020-10-29 11:30:00+00:00
20201029:1230,0.0,0.0,0.0,0.0,27.55,2.07,0.0,2020-10-29 12:30:00+00:00
20201029:1330,0.0,0.0,0.0,0.0,26.55,2.0,0.0,2020-10-29 13:30:00+00:00
20201029:1430,0.0,0.0,0.0,0.0,25.81,1.86,0.0,2020-10-29 14:30:00+00:00
20201029:1530,0.0,0.0,0.0,0.0,25.15,1.72,0.0,2020-10-29 15:30:00+00:00
20201029:1630,0.0,0.0,0.0,0.0,24.54,1.79,0.0,2020-10-29 16:30:00+00:00
20201029:1730,0.0,0.0,0.0,0.0,24.07,1.79,0.0,2020-10-29 17:30:00+00:00
20201029:1830,0.0,0.0,0.0,0.0,23.8,1.93,0.0,2020-10-29 18:30:00+00:00
20201029:1930,0.0,0.0,0.0,0.0,24.19,2.0,0.0,2020-10-29 19:30:00+00:00
20201029:2030,0.0,0.0,0.0,0.0,24.57,2.41,0.0,2020-10-29 20:30:00+00:00
20201029:2130,0.0,0.0,0.0,0.0,24.52,2.55,0.0,2020-10-29 21:30:00+00:00
20201029:2230,0.0,0.0,0.0,0.0,24.5,2.62,0.0,2020-10-29 22:30:00+00:00
20201029:2330,0.0,0.0,0.0,0.0,24.24,2.62,0.0,2020-10-29 23:30:00+00:00
20201030:0030,14.1,17.75,0.0,3.71,24.07,2.62,0.0,2020-10-30 00:30:00+00:00
20201030:0130,119.6,78.9,0.0,16.69,24.25,2.55,0.0,2020-10-30 01:30:00+00:00
20201030:0230,287.45,110.4,0.0,28.93,25.62,2.9,0.0,2020-10-30 02:30:00+00:00
20201030:0330,442.91,130.0,0.0,39.87,27.14,3.31,0.0,2020-10-30 03:30:00+00:00
20201030:0430,552.11,142.8,0.0,48.45,28.49,3.45,0.0,2020-10-30 04:30:00+00:00
20201030:0530,608.61,145.6,0.0,52.97,29.58,3.52,0.0,2020-10-30 05:30:00+00:00
20201030:0630,596.16,147.45,0.0,51.96,30.4,3.52,0.0,2020-10-30 06:30:00+00:00
20201030:0730,490.76,158.6,0.0,45.8,30.9,3.59,0.0,2020-10-30 07:30:00+00:00
20201030:0830,385.61,127.05,0.0,36.22,31.15,3.24,0.0,2020-10-30 08:30:00+00:00
20201030:0930,227.6,99.0,0.0,24.74,31.13,2.97,0.0,2020-10-30 09:30:00+00:00
20201030:1030,69.5,59.3,0.0,12.19,30.72,2.14,0.0,2020-10-30 10:30:00+00:00
20201030:1130,0.0,0.0,0.0,-0.97,29.67,1.79,0.0,2020-10-30 11:30:00+00:00
20201030:1230,0.0,0.0,0.0,0.0,28.19,2.07,0.0,2020-10-30 12:30:00+00:00
20201030:1330,0.0,0.0,0.0,0.0,27.23,2.0,0.0,2020-10-30 13:30:00+00:00
20201030:1430,0.0,0.0,0.0,0.0,26.5,1.93,0.0,2020-10-30 14:30:00+00:00
20201030:1530,0.0,0.0,0.0,0.0,25.81,1.86,0.0,2020-10-30 15:30:00+00:00
20201030:1630,0.0,0.0,0.0,0.0,25.21,1.93,0.0,2020-10-30 16:30:00+00:00
20201030:1730,0.0,0.0,0.0,0.0,24.77,2.07,0.0,2020-10-30 17:30:00+00:00
20201030:1830,0.0,0.0,0.0,0.0,24.52,2.28,0.0,2020-10-30 18:30:00+00:00
20201030:1930,0.0,0.0,0.0,0.0,24.84,2.41,0.0,2020-10-30 19:30:00+00:00
20201030:2030,0.0,0.0,0.0,0.0,24.64,2.55,0.0,2020-10-30 20:30:00+00:00
20201030:2130,0.0,0.0,0.0,0.0,24.39,2.55,0.0,2020-10-30 21:30:00+00:00
20201030:2230,0.0,0.0,0.0,0.0,24.11,2.28,0.0,2020-10-30 22:30:00+00:00
20201030:2330,0.0,0.0,0.0,0.0,23.73,2.0,0.0,2020-10-30 23:30:00+00:00
20201031:0030,8.15,19.93,0.0,3.58,23.36,1.86,0.0,2020-10-31 00:30:00+00:00
20201031:0130,97.7,85.2,0.0,16.53,23.44,1.72,0.0,2020-10-31 01:30:00+00:00
20201031:0230,270.9,119.35,0.0,28.74,25.01,2.0,0.0,2020-10-31 02:30:00+00:00
20201031:0330,375.06,155.35,0.0,39.64,26.56,2.21,0.0,2020-10-31 03:30:00+00:00
20201031:0430,462.41,168.75,0.0,48.16,27.89,2.0,0.0,2020-10-31 04:30:00+00:00
20201031:0530,450.31,204.0,0.0,52.65,28.96,1.66,0.0,2020-10-31 05:30:00+00:00
20201031:0630,439.91,196.65,0.0,51.65,29.77,1.17,0.0,2020-10-31 06:30:00+00:00
20201031:0730,302.7,188.75,0.0,45.52,30.56,0.76,0.0,2020-10-31 07:30:00+00:00
20201031:0830,116.55,173.6,0.0,36.0,30.74,0.9,0.0,2020-10-31 08:30:00+00:00
20201031:0930,35.95,107.05,0.0,24.55,28.79,2.14,0.0,2020-10-31 09:30:00+00:00
20201031:1030,19.75,57.6,0.0,12.03,27.6,1.93,0.0,2020-10-31 10:30:00+00:00
20201031:1130,0.0,0.0,0.0,-1.1,26.98,1.86,0.0,2020-10-31 11:30:00+00:00
20201031:1230,0.0,0.0,0.0,0.0,26.23,1.59,0.0,2020-10-31 12:30:00+00:00
20201031:1330,0.0,0.0,0.0,0.0,25.83,1.72,0.0,2020-10-31 13:30:00+00:00
20201031:1430,0.0,0.0,0.0,0.0,25.42,1.66,0.0,2020-10-31 14:30:00+00:00
20201031:1530,0.0,0.0,0.0,0.0,25.36,1.72,0.0,2020-10-31 15:30:00+00:00
20201031:1630,0.0,0.0,0.0,0.0,25.07,1.93,0.0,2020-10-31 16:30:00+00:00
20201031:1730,0.0,0.0,0.0,0.0,24.86,1.93,0.0,2020-10-31 17:30:00+00:00
20201031:1830,0.0,0.0,0.0,0.0,24.63,1.93,0.0,2020-10-31 18:30:00+00:00
20201031:1930,0.0,0.0,0.0,0.0,24.95,1.72,0.0,2020-10-31 19:30:00+00:00
20201031:2030,0.0,0.0,0.0,0.0,24.66,1.66,0.0,2020-10-31 20:30:00+00:00
20201031:2130,0.0,0.0,0.0,0.0,24.33,1.72,0.0,2020-10-31 21:30:00+00:00
20201031:2230,0.0,0.0,0.0,0.0,24.17,1.72,0.0,2020-10-31 22:30:00+00:00
20201031:2330,0.0,0.0,0.0,0.0,23.98,1.59,0.0,2020-10-31 23:30:00+00:00
20201101:0030,3.9,20.49,0.0,3.44,23.93,1.66,0.0,2020-11-01 00:30:00+00:00
20201101:0130,47.45,88.15,0.0,16.37,24.17,1.93,0.0,2020-11-01 01:30:00+00:00
20201101:0230,109.9,117.75,0.0,28.55,25.29,2.69,0.0,2020-11-01 02:30:00+00:00
20201101:0330,292.35,151.25,0.0,39.4,26.17,2.48,0.0,2020-11-01 03:30:00+00:00
20201101:0430,348.25,188.6,0.0,47.88,27.51,2.28,0.0,2020-11-01 04:30:00+00:00
20201101:0530,368.35,255.55,0.0,52.33,28.51,2.14,0.0,2020-11-01 05:30:00+00:00
20201101:0630,405.66,189.9,0.0,51.33,29.71,2.07,0.0,2020-11-01 06:30:00+00:00
20201101:0730,248.9,192.55,0.0,45.25,29.83,2.62,0.0,2020-11-01 07:30:00+00:00
20201101:0830,80.1,133.5,0.0,35.78,29.92,2.34,0.0,2020-11-01 08:30:00+00:00
20201101:0930,70.7,99.55,0.0,24.37,28.22,2.14,0.0,2020-11-01 09:30:00+00:00
20201101:1030,24.9,54.9,0.0,11.88,27.36,1.66,0.0,2020-11-01 10:30:00+00:00
20201101:1130,0.0,0.0,0.0,-1.23,26.87,1.66,0.0,2020-11-01 11:30:00+00:00
20201101:1230,0.0,0.0,0.0,0.0,26.26,1.79,0.0,2020-11-01 12:30:00+00:00
20201101:1330,0.0,0.0,0.0,0.0,25.81,1.72,0.0,2020-11-01 13:30:00+00:00
20201101:1430,0.0,0.0,0.0,0.0,25.54,1.72,0.0,2020-11-01 14:30:00+00:00
20201101:1530,0.0,0.0,0.0,0.0,25.26,1.72,0.0,2020-11-01 15:30:00+00:00
20201101:1630,0.0,0.0,0.0,0.0,24.86,1.86,0.0,2020-11-01 16:30:00+00:00
20201101:1730,0.0,0.0,0.0,0.0,24.69,2.07,0.0,2020-11-01 17:30:00+00:00
20201101:1830,0.0,0.0,0.0,0.0,24.44,2.21,0.0,2020-11-01 18:30:00+00:00
20201101:1930,0.0,0.0,0.0,0.0,24.36,1.72,0.0,2020-11-01 19:30:00+00:00
20201101:2030,0.0,0.0,0.0,0.0,24.01,1.72,0.0,2020-11-01 20:30:00+00:00
20201101:2130,0.0,0.0,0.0,0.0,23.7,1.66,0.0,2020-11-01 21:30:00+00:00
20201101:2230,0.0,0.0,0.0,0.0,23.51,1.52,0.0,2020-11-01 22:30:00+00:00
20201101:2330,0.0,0.0,0.0,0.0,23.31,1.52,0.0,2020-11-01 23:30:00+00:00
20201102:0030,7.45,15.51,0.0,3.3,23.2,1.52,0.0,2020-11-02 00:30:00+00:00
20201102:0130,69.65,76.15,0.0,16.21,23.55,1.38,0.0,2020-11-02 01:30:00+00:00
20201102:0230,151.25,118.7,0.0,28.35,25.29,1.93,0.0,2020-11-02 02:30:00+00:00
20201102:0330,221.65,183.8,0.0,39.16,26.71,2.55,0.0,2020-11-02 03:30:00+00:00
20201102:0430,306.85,153.2,0.0,47.59,27.85,3.17,0.0,2020-11-02 04:30:00+00:00
20201102:0530,347.45,223.45,0.0,52.01,28.56,3.17,0.0,2020-11-02 05:30:00+00:00
20201102:0630,337.6,154.8,0.0,51.03,29.24,3.1,0.0,2020-11-02 06:30:00+00:00
20201102:0730,294.85,164.5,0.0,44.99,29.64,2.62,0.0,2020-11-02 07:30:00+00:00
20201102:0830,267.05,128.75,0.0,35.56,29.75,2.41,0.0,2020-11-02 08:30:00+00:00
20201102:0930,110.9,90.9,0.0,24.2,29.41,2.41,0.0,2020-11-02 09:30:00+00:00
20201102:1030,32.35,47.25,0.0,11.74,28.86,2.0,0.0,2020-11-02 10:30:00+00:00
20201102:1130,0.0,0.0,0.0,-1.35,28.03,1.45,0.0,2020-11-02 11:30:00+00:00
20201102:1230,0.0,0.0,0.0,0.0,27.02,1.45,0.0,2020-11-02 12:30:00+00:00
20201102:1330,0.0,0.0,0.0,0.0,26.17,1.72,0.0,2020-11-02 13:30:00+00:00
20201102:1430,0.0,0.0,0.0,0.0,25.6,1.72,0.0,2020-11-02 14:30:00+00:00
20201102:1530,0.0,0.0,0.0,0.0,25.13,1.52,0.0,2020-11-02 15:30:00+00:00
20201102:1630,0.0,0.0,0.0,0.0,24.59,1.31,0.0,2020-11-02 16:30:00+00:00
20201102:1730,0.0,0.0,0.0,0.0,24.08,0.9,0.0,2020-11-02 17:30:00+00:00
20201102:1830,0.0,0.0,0.0,0.0,24.48,0.55,0.0,2020-11-02 18:30:00+00:00
20201102:1930,0.0,0.0,0.0,0.0,25.02,0.62,0.0,2020-11-02 19:30:00+00:00
20201102:2030,0.0,0.0,0.0,0.0,24.71,0.55,0.0,2020-11-02 20:30:00+00:00
20201102:2130,0.0,0.0,0.0,0.0,24.33,0.41,0.0,2020-11-02 21:30:00+00:00
20201102:2230,0.0,0.0,0.0,0.0,24.04,0.41,0.0,2020-11-02 22:30:00+00:00
20201102:2330,0.0,0.0,0.0,0.0,23.06,0.97,0.0,2020-11-02 23:30:00+00:00
20201103:0030,4.0,18.48,0.0,3.17,23.17,1.17,0.0,2020-11-03 00:30:00+00:00
20201103:0130,41.05,96.9,0.0,16.05,23.75,1.17,0.0,2020-11-03 01:30:00+00:00
20201103:0230,165.6,147.6,0.0,28.16,25.0,1.24,0.0,2020-11-03 02:30:00+00:00
20201103:0330,373.26,148.35,0.0,38.93,26.8,1.38,0.0,2020-11-03 03:30:00+00:00
20201103:0430,413.56,145.65,0.0,47.31,28.41,2.0,0.0,2020-11-03 04:30:00+00:00
20201103:0530,433.36,190.0,0.0,51.7,29.14,2.14,0.0,2020-11-03 05:30:00+00:00
20201103:0630,416.41,173.95,0.0,50.72,29.72,2.0,0.0,2020-11-03 06:30:00+00:00
20201103:0730,400.06,144.65,0.0,44.73,29.96,1.93,0.0,2020-11-03 07:30:00+00:00
20201103:0830,238.4,121.55,0.0,35.35,30.14,2.0,0.0,2020-11-03 08:30:00+00:00
20201103:0930,141.15,96.65,0.0,24.03,29.94,1.93,0.0,2020-11-03 09:30:00+00:00
20201103:1030,49.1,55.0,0.0,11.6,29.64,1.59,0.0,2020-11-03 10:30:00+00:00
20201103:1130,0.0,0.0,0.0,-1.47,28.83,1.31,0.0,2020-11-03 11:30:00+00:00
20201103:1230,0.0,0.0,0.0,0.0,27.58,1.24,0.0,2020-11-03 12:30:00+00:00
20201103:1330,0.0,0.0,0.0,0.0,26.48,0.83,0.0,2020-11-03 13:30:00+00:00
20201103:1430,0.0,0.0,0.0,0.0,25.48,1.03,0.0,2020-11-03 14:30:00+00:00
20201103:1530,0.0,0.0,0.0,0.0,24.54,1.38,0.0,2020-11-03 15:30:00+00:00
20201103:1630,0.0,0.0,0.0,0.0,24.05,1.38,0.0,2020-11-03 16:30:00+00:00
20201103:1730,0.0,0.0,0.0,0.0,23.64,1.31,0.0,2020-11-03 17:30:00+00:00
20201103:1830,0.0,0.0,0.0,0.0,23.44,1.1,0.0,2020-11-03 18:30:00+00:00
20201103:1930,0.0,0.0,0.0,0.0,22.57,1.72,0.0,2020-11-03 19:30:00+00:00
20201103:2030,0.0,0.0,0.0,0.0,22.36,1.93,0.0,2020-11-03 20:30:00+00:00
20201103:2130,0.0,0.0,0.0,0.0,22.14,2.14,0.0,2020-11-03 21:30:00+00:00
20201103:2230,0.0,0.0,0.0,0.0,21.82,2.21,0.0,2020-11-03 22:30:00+00:00
20201103:2330,0.0,0.0,0.0,0.0,21.34,2.14,0.0,2020-11-03 23:30:00+00:00
20201104:0030,12.95,15.65,0.0,3.03,20.87,2.0,0.0,2020-11-04 00:30:00+00:00
20201104:0130,123.9,73.45,0.0,15.88,20.76,1.66,0.0,2020-11-04 01:30:00+00:00
20201104:0230,299.96,103.75,0.0,27.96,23.22,1.59,0.0,2020-11-04 02:30:00+00:00
20201104:0330,422.91,124.9,0.0,38.69,25.22,2.14,0.0,2020-11-04 03:30:00+00:00
20201104:0430,544.36,128.7,0.0,47.03,26.71,2.28,0.0,2020-11-04 04:30:00+00:00
20201104:0530,634.76,135.75,0.0,51.39,27.87,2.14,0.0,2020-11-04 05:30:00+00:00
20201104:0630,616.66,131.85,0.0,50.42,28.72,1.79,0.0,2020-11-04 06:30:00+00:00
20201104:0730,520.16,128.85,0.0,44.48,28.76,1.31,0.0,2020-11-04 07:30:00+00:00
20201104:0830,407.41,115.1,0.0,35.15,28.93,1.17,0.0,2020-11-04 08:30:00+00:00
20201104:0930,227.8,94.6,0.0,23.86,28.89,1.31,0.0,2020-11-04 09:30:00+00:00
20201104:1030,73.6,53.9,0.0,11.46,28.35,1.17,0.0,2020-11-04 10:30:00+00:00
20201104:1130,0.0,0.0,0.0,-1.59,26.88,0.83,0.0,2020-11-04 11:30:00+00:00
20201104:1230,0.0,0.0,0.0,0.0,25.72,0.76,0.0,2020-11-04 12:30:00+00:00
20201104:1330,0.0,0.0,0.0,0.0,25.37,0.69,0.0,2020-11-04 13:30:00+00:00
20201104:1430,0.0,0.0,0.0,0.0,24.35,0.9,0.0,2020-11-04 14:30:00+00:00
20201104:1530,0.0,0.0,0.0,0.0,23.08,1.03,0.0,2020-11-04 15:30:00+00:00
20201104:1630,0.0,0.0,0.0,0.0,22.84,1.03,0.0,2020-11-04 16:30:00+00:00
20201104:1730,0.0,0.0,0.0,0.0,23.04,0.69,0.0,2020-11-04 17:30:00+00:00
20201104:1830,0.0,0.0,0.0,0.0,22.44,0.76,0.0,2020-11-04 18:30:00+00:00
20201104:1930,0.0,0.0,0.0,0.0,20.93,1.17,0.0,2020-11-04 19:30:00+00:00
20201104:2030,0.0,0.0,0.0,0.0,19.29,1.72,0.0,2020-11-04 20:30:00+00:00
20201104:2130,0.0,0.0,0.0,0.0,18.89,1.93,0.0,2020-11-04 21:30:00+00:00
20201104:2230,0.0,0.0,0.0,0.0,18.57,1.86,0.0,2020-11-04 22:30:00+00:00
20201104:2330,0.0,0.0,0.0,0.0,18.19,1.72,0.0,2020-11-04 23:30:00+00:00
20201105:0030,14.45,14.84,0.0,2.88,17.91,1.59,0.0,2020-11-05 00:30:00+00:00
20201105:0130,133.5,72.4,0.0,15.72,18.43,1.31,0.0,2020-11-05 01:30:00+00:00
20201105:0230,312.51,102.65,0.0,27.77,22.34,0.9,0.0,2020-11-05 02:30:00+00:00
20201105:0330,475.61,120.9,0.0,38.45,24.96,0.97,0.0,2020-11-05 03:30:00+00:00
20201105:0430,591.66,131.75,0.0,46.75,26.88,1.1,0.0,2020-11-05 04:30:00+00:00
20201105:0530,647.96,135.35,0.0,51.08,28.18,1.17,0.0,2020-11-05 05:30:00+00:00
20201105:0630,634.21,134.65,0.0,50.13,28.9,1.17,0.0,2020-11-05 06:30:00+00:00
20201105:0730,556.26,127.3,0.0,44.23,29.2,1.1,0.0,2020-11-05 07:30:00+00:00
20201105:0830,420.36,114.15,0.0,34.94,29.27,1.1,0.0,2020-11-05 08:30:00+00:00
20201105:0930,246.6,92.5,0.0,23.7,29.1,1.1,0.0,2020-11-05 09:30:00+00:00
20201105:1030,76.75,54.4,0.0,11.33,28.46,0.97,0.0,2020-11-05 10:30:00+00:00
20201105:1130,0.0,0.0,0.0,-1.7,26.45,0.83,0.0,2020-11-05 11:30:00+00:00
20201105:1230,0.0,0.0,0.0,0.0,24.95,0.97,0.0,2020-11-05 12:30:00+00:00
20201105:1330,0.0,0.0,0.0,0.0,24.79,0.83,0.0,2020-11-05 13:30:00+00:00
20201105:1430,0.0,0.0,0.0,0.0,23.94,0.83,0.0,2020-11-05 14:30:00+00:00
20201105:1530,0.0,0.0,0.0,0.0,22.27,1.1,0.0,2020-11-05 15:30:00+00:00
20201105:1630,0.0,0.0,0.0,0.0,20.83,1.24,0.0,2020-11-05 16:30:00+00:00
20201105:1730,0.0,0.0,0.0,0.0,19.98,1.38,0.0,2020-11-05 17:30:00+00:00
20201105:1830,0.0,0.0,0.0,0.0,19.49,1.38,0.0,2020-11-05 18:30:00+00:00
20201105:1930,0.0,0.0,0.0,0.0,18.94,1.45,0.0,2020-11-05 19:30:00+00:00
20201105:2030,0.0,0.0,0.0,0.0,18.38,1.52,0.0,2020-11-05 20:30:00+00:00
20201105:2130,0.0,0.0,0.0,0.0,17.79,1.66,0.0,2020-11-05 21:30:00+00:00
20201105:2230,0.0,0.0,0.0,0.0,17.55,1.59,0.0,2020-11-05 22:30:00+00:00
20201105:2330,0.0,0.0,0.0,0.0,17.4,1.52,0.0,2020-11-05 23:30:00+00:00
20201106:0030,14.85,14.37,0.0,2.74,17.58,1.31,0.0,2020-11-06 00:30:00+00:00
20201106:0130,136.15,72.2,0.0,15.55,18.18,1.03,0.0,2020-11-06 01:30:00+00:00
20201106:0230,315.91,102.65,0.0,27.57,21.64,0.41,0.0,2020-11-06 02:30:00+00:00
20201106:0330,478.81,120.85,0.0,38.22,24.77,0.48,0.0,2020-11-06 03:30:00+00:00
20201106:0430,593.91,131.8,0.0,46.47,26.75,0.55,0.0,2020-11-06 04:30:00+00:00
20201106:0530,645.46,137.3,0.0,50.78,28.03,0.83,0.0,2020-11-06 05:30:00+00:00
20201106:0630,628.76,137.2,0.0,49.84,28.72,1.24,0.0,2020-11-06 06:30:00+00:00
20201106:0730,549.56,129.65,0.0,43.98,28.72,1.45,0.0,2020-11-06 07:30:00+00:00
20201106:0830,413.61,115.9,0.0,34.75,28.76,1.72,0.0,2020-11-06 08:30:00+00:00
20201106:0930,240.35,93.7,0.0,23.54,28.54,1.79,0.0,2020-11-06 09:30:00+00:00
20201106:1030,73.05,54.55,0.0,11.2,27.87,1.38,0.0,2020-11-06 10:30:00+00:00
20201106:1130,0.0,0.0,0.0,-1.8,26.5,1.52,0.0,2020-11-06 11:30:00+00:00
20201106:1230,0.0,0.0,0.0,0.0,24.39,1.86,0.0,2020-11-06 12:30:00+00:00
20201106:1330,0.0,0.0,0.0,0.0,22.58,2.0,0.0,2020-11-06 13:30:00+00:00
20201106:1430,0.0,0.0,0.0,0.0,21.29,2.07,0.0,2020-11-06 14:30:00+00:00
20201106:1530,0.0,0.0,0.0,0.0,20.33,2.07,0.0,2020-11-06 15:30:00+00:00
20201106:1630,0.0,0.0,0.0,0.0,19.56,2.0,0.0,2020-11-06 16:30:00+00:00
20201106:1730,0.0,0.0,0.0,0.0,18.85,1.86,0.0,2020-11-06 17:30:00+00:00
20201106:1830,0.0,0.0,0.0,0.0,18.33,1.72,0.0,2020-11-06 18:30:00+00:00
20201106:1930,0.0,0.0,0.0,0.0,18.3,1.52,0.0,2020-11-06 19:30:00+00:00
20201106:2030,0.0,0.0,0.0,0.0,17.28,1.93,0.0,2020-11-06 20:30:00+00:00
20201106:2130,0.0,0.0,0.0,0.0,16.94,2.14,0.0,2020-11-06 21:30:00+00:00
20201106:2230,0.0,0.0,0.0,0.0,16.7,2.14,0.0,2020-11-06 22:30:00+00:00
20201106:2330,0.0,0.0,0.0,0.0,16.4,2.14,0.0,2020-11-06 23:30:00+00:00
20201107:0030,13.75,14.24,0.0,2.6,16.12,2.07,0.0,2020-11-07 00:30:00+00:00
20201107:0130,130.95,73.1,0.0,15.39,16.31,1.59,0.0,2020-11-07 01:30:00+00:00
20201107:0230,309.36,104.45,0.0,27.37,20.47,1.31,0.0,2020-11-07 02:30:00+00:00
20201107:0330,472.76,123.05,0.0,37.98,23.15,1.52,0.0,2020-11-07 03:30:00+00:00
20201107:0430,588.96,134.1,0.0,46.2,25.28,1.93,0.0,2020-11-07 04:30:00+00:00
20201107:0530,643.41,138.7,0.0,50.48,26.75,2.55,0.0,2020-11-07 05:30:00+00:00
20201107:0630,628.86,138.05,0.0,49.56,27.47,3.24,0.0,2020-11-07 06:30:00+00:00
20201107:0730,548.91,130.95,0.0,43.74,27.68,3.38,0.0,2020-11-07 07:30:00+00:00
20201107:0830,412.51,117.0,0.0,34.55,27.79,3.31,0.0,2020-11-07 08:30:00+00:00
20201107:0930,239.3,94.35,0.0,23.38,27.57,3.1,0.0,2020-11-07 09:30:00+00:00
20201107:1030,72.9,54.35,0.0,11.08,26.9,2.34,0.0,2020-11-07 10:30:00+00:00
20201107:1130,0.0,0.0,0.0,-1.9,25.34,2.14,0.0,2020-11-07 11:30:00+00:00
20201107:1230,0.0,0.0,0.0,0.0,23.64,2.34,0.0,2020-11-07 12:30:00+00:00
20201107:1330,0.0,0.0,0.0,0.0,22.37,2.28,0.0,2020-11-07 13:30:00+00:00
20201107:1430,0.0,0.0,0.0,0.0,21.4,2.28,0.0,2020-11-07 14:30:00+00:00
20201107:1530,0.0,0.0,0.0,0.0,20.51,2.21,0.0,2020-11-07 15:30:00+00:00
20201107:1630,0.0,0.0,0.0,0.0,19.77,2.34,0.0,2020-11-07 16:30:00+00:00
20201107:1730,0.0,0.0,0.0,0.0,19.17,2.28,0.0,2020-11-07 17:30:00+00:00
20201107:1830,0.0,0.0,0.0,0.0,18.74,2.34,0.0,2020-11-07 18:30:00+00:00
20201107:1930,0.0,0.0,0.0,0.0,18.71,2.34,0.0,2020-11-07 19:30:00+00:00
20201107:2030,0.0,0.0,0.0,0.0,18.41,2.34,0.0,2020-11-07 20:30:00+00:00
20201107:2130,0.0,0.0,0.0,0.0,18.05,2.28,0.0,2020-11-07 21:30:00+00:00
20201107:2230,0.0,0.0,0.0,0.0,17.7,2.21,0.0,2020-11-07 22:30:00+00:00
20201107:2330,0.0,0.0,0.0,0.0,17.35,2.21,0.0,2020-11-07 23:30:00+00:00
20201108:0030,12.6,13.41,0.0,2.45,17.09,2.14,0.0,2020-11-08 00:30:00+00:00
20201108:0130,123.45,74.4,0.0,15.22,17.36,1.79,0.0,2020-11-08 01:30:00+00:00
20201108:0230,302.81,105.25,0.0,27.17,20.43,1.72,0.0,2020-11-08 02:30:00+00:00
20201108:0330,460.56,125.35,0.0,37.75,23.01,1.93,0.0,2020-11-08 03:30:00+00:00
20201108:0430,580.31,135.75,0.0,45.92,25.07,2.14,0.0,2020-11-08 04:30:00+00:00
20201108:0530,635.01,140.25,0.0,50.18,26.66,2.34,0.0,2020-11-08 05:30:00+00:00
20201108:0630,617.46,139.85,0.0,49.28,27.56,2.55,0.0,2020-11-08 06:30:00+00:00
20201108:0730,538.86,132.15,0.0,43.51,28.02,2.28,0.0,2020-11-08 07:30:00+00:00
20201108:0830,404.31,117.75,0.0,34.37,28.25,2.21,0.0,2020-11-08 08:30:00+00:00
20201108:0930,233.15,94.6,0.0,23.24,28.18,2.14,0.0,2020-11-08 09:30:00+00:00
20201108:1030,69.5,54.05,0.0,10.96,27.71,1.72,0.0,2020-11-08 10:30:00+00:00
20201108:1130,0.0,0.0,0.0,-2.0,26.51,1.59,0.0,2020-11-08 11:30:00+00:00
20201108:1230,0.0,0.0,0.0,0.0,24.61,1.79,0.0,2020-11-08 12:30:00+00:00
20201108:1330,0.0,0.0,0.0,0.0,22.82,1.86,0.0,2020-11-08 13:30:00+00:00
20201108:1430,0.0,0.0,0.0,0.0,21.36,1.86,0.0,2020-11-08 14:30:00+00:00
20201108:1530,0.0,0.0,0.0,0.0,20.27,1.86,0.0,2020-11-08 15:30:00+00:00
20201108:1630,0.0,0.0,0.0,0.0,19.44,1.79,0.0,2020-11-08 16:30:00+00:00
20201108:1730,0.0,0.0,0.0,0.0,18.85,1.79,0.0,2020-11-08 17:30:00+00:00
20201108:1830,0.0,0.0,0.0,0.0,18.39,1.86,0.0,2020-11-08 18:30:00+00:00
20201108:1930,0.0,0.0,0.0,0.0,18.5,1.45,0.0,2020-11-08 19:30:00+00:00
20201108:2030,0.0,0.0,0.0,0.0,17.8,1.66,0.0,2020-11-08 20:30:00+00:00
20201108:2130,0.0,0.0,0.0,0.0,17.07,1.86,0.0,2020-11-08 21:30:00+00:00
20201108:2230,0.0,0.0,0.0,0.0,16.79,1.93,0.0,2020-11-08 22:30:00+00:00
20201108:2330,0.0,0.0,0.0,0.0,16.62,2.0,0.0,2020-11-08 23:30:00+00:00
20201109:0030,12.1,13.57,0.0,2.31,16.46,2.0,0.0,2020-11-09 00:30:00+00:00
20201109:0130,123.4,72.75,0.0,15.05,16.81,1.66,0.0,2020-11-09 01:30:00+00:00
20201109:0230,296.81,105.35,0.0,26.98,20.97,1.31,0.0,2020-11-09 02:30:00+00:00
20201109:0330,457.41,124.3,0.0,37.51,23.91,1.38,0.0,2020-11-09 03:30:00+00:00
20201109:0430,571.76,135.5,0.0,45.65,26.27,1.66,0.0,2020-11-09 04:30:00+00:00
20201109:0530,625.91,139.85,0.0,49.89,27.51,1.93,0.0,2020-11-09 05:30:00+00:00
20201109:0630,610.76,138.9,0.0,49.0,28.15,1.86,0.0,2020-11-09 06:30:00+00:00
20201109:0730,532.51,131.35,0.0,43.27,28.74,1.72,0.0,2020-11-09 07:30:00+00:00
20201109:0830,398.76,116.9,0.0,34.18,28.94,1.66,0.0,2020-11-09 08:30:00+00:00
20201109:0930,229.2,93.6,0.0,23.09,28.81,1.59,0.0,2020-11-09 09:30:00+00:00
20201109:1030,67.85,52.95,0.0,10.84,28.32,1.38,0.0,2020-11-09 10:30:00+00:00
20201109:1130,0.0,0.0,0.0,-2.09,27.08,1.52,0.0,2020-11-09 11:30:00+00:00
20201109:1230,0.0,0.0,0.0,0.0,25.0,1.93,0.0,2020-11-09 12:30:00+00:00
20201109:1330,0.0,0.0,0.0,0.0,23.22,2.07,0.0,2020-11-09 13:30:00+00:00
20201109:1430,0.0,0.0,0.0,0.0,21.83,1.93,0.0,2020-11-09 14:30:00+00:00
20201109:1530,0.0,0.0,0.0,0.0,20.64,1.79,0.0,2020-11-09 15:30:00+00:00
20201109:1630,0.0,0.0,0.0,0.0,19.7,1.72,0.0,2020-11-09 16:30:00+00:00
20201109:1730,0.0,0.0,0.0,0.0,19.12,1.66,0.0,2020-11-09 17:30:00+00:00
20201109:1830,0.0,0.0,0.0,0.0,18.7,1.66,0.0,2020-11-09 18:30:00+00:00
20201109:1930,0.0,0.0,0.0,0.0,18.51,1.79,0.0,2020-11-09 19:30:00+00:00
20201109:2030,0.0,0.0,0.0,0.0,18.46,1.86,0.0,2020-11-09 20:30:00+00:00
20201109:2130,0.0,0.0,0.0,0.0,18.51,2.07,0.0,2020-11-09 21:30:00+00:00
20201109:2230,0.0,0.0,0.0,0.0,18.52,2.07,0.0,2020-11-09 22:30:00+00:00
20201109:2330,0.0,0.0,0.0,0.0,18.48,2.14,0.0,2020-11-09 23:30:00+00:00
20201110:0030,0.0,16.2,0.0,2.16,18.38,2.07,0.0,2020-11-10 00:30:00+00:00
20201110:0130,110.1,71.65,0.0,14.88,18.72,1.79,0.0,2020-11-10 01:30:00+00:00
20201110:0230,271.81,104.65,0.0,26.78,22.16,1.66,0.0,2020-11-10 02:30:00+00:00
20201110:0330,418.46,129.25,0.0,37.28,24.81,2.0,0.0,2020-11-10 03:30:00+00:00
20201110:0430,517.11,139.5,0.0,45.39,26.76,2.48,0.0,2020-11-10 04:30:00+00:00
20201110:0530,581.16,138.95,0.0,49.61,27.91,2.48,0.0,2020-11-10 05:30:00+00:00
20201110:0630,575.21,140.3,0.0,48.73,28.67,2.21,0.0,2020-11-10 06:30:00+00:00
20201110:0730,491.76,132.5,0.0,43.05,29.26,2.0,0.0,2020-11-10 07:30:00+00:00
20201110:0830,362.71,119.55,0.0,34.01,29.52,1.93,0.0,2020-11-10 08:30:00+00:00
20201110:0930,203.15,94.55,0.0,22.95,29.52,1.86,0.0,2020-11-10 09:30:00+00:00
20201110:1030,58.9,51.1,0.0,10.73,29.15,1.66,0.0,2020-11-10 10:30:00+00:00
20201110:1130,0.0,0.0,0.0,-2.18,28.06,1.59,0.0,2020-11-10 11:30:00+00:00
20201110:1230,0.0,0.0,0.0,0.0,26.45,1.93,0.0,2020-11-10 12:30:00+00:00
20201110:1330,0.0,0.0,0.0,0.0,25.09,1.86,0.0,2020-11-10 13:30:00+00:00
20201110:1430,0.0,0.0,0.0,0.0,24.23,1.86,0.0,2020-11-10 14:30:00+00:00
20201110:1530,0.0,0.0,0.0,0.0,23.47,1.93,0.0,2020-11-10 15:30:00+00:00
20201110:1630,0.0,0.0,0.0,0.0,22.84,1.93,0.0,2020-11-10 16:30:00+00:00
20201110:1730,0.0,0.0,0.0,0.0,22.39,1.93,0.0,2020-11-10 17:30:00+00:00
20201110:1830,0.0,0.0,0.0,0.0,21.99,2.0,0.0,2020-11-10 18:30:00+00:00
20201110:1930,0.0,0.0,0.0,0.0,21.97,1.86,0.0,2020-11-10 19:30:00+00:00
20201110:2030,0.0,0.0,0.0,0.0,21.61,1.86,0.0,2020-11-10 20:30:00+00:00
20201110:2130,0.0,0.0,0.0,0.0,21.27,1.93,0.0,2020-11-10 21:30:00+00:00
20201110:2230,0.0,0.0,0.0,0.0,21.02,2.0,0.0,2020-11-10 22:30:00+00:00
20201110:2330,0.0,0.0,0.0,0.0,20.84,2.07,0.0,2020-11-10 23:30:00+00:00
20201111:0030,0.0,15.6,0.0,2.01,20.7,2.07,0.0,2020-11-11 00:30:00+00:00
20201111:0130,109.2,69.85,0.0,14.71,20.85,1.79,0.0,2020-11-11 01:30:00+00:00
20201111:0230,273.16,103.35,0.0,26.58,23.42,1.66,0.0,2020-11-11 02:30:00+00:00
20201111:0330,423.21,121.65,0.0,37.05,25.75,1.79,0.0,2020-11-11 03:30:00+00:00
20201111:0430,542.06,133.7,0.0,45.12,27.59,2.0,0.0,2020-11-11 04:30:00+00:00
20201111:0530,594.01,137.95,0.0,49.33,28.97,2.14,0.0,2020-11-11 05:30:00+00:00
20201111:0630,586.06,136.4,0.0,48.47,29.8,2.21,0.0,2020-11-11 06:30:00+00:00
20201111:0730,510.06,129.3,0.0,42.83,30.29,2.14,0.0,2020-11-11 07:30:00+00:00
20201111:0830,380.61,115.05,0.0,33.83,30.48,2.21,0.0,2020-11-11 08:30:00+00:00
20201111:0930,218.3,91.7,0.0,22.82,30.31,2.21,0.0,2020-11-11 09:30:00+00:00
20201111:1030,63.85,50.95,0.0,10.63,29.67,1.79,0.0,2020-11-11 10:30:00+00:00
20201111:1130,0.0,0.0,0.0,-2.26,28.15,1.93,0.0,2020-11-11 11:30:00+00:00
20201111:1230,0.0,0.0,0.0,0.0,26.09,2.34,0.0,2020-11-11 12:30:00+00:00
20201111:1330,0.0,0.0,0.0,0.0,24.65,2.34,0.0,2020-11-11 13:30:00+00:00
20201111:1430,0.0,0.0,0.0,0.0,23.65,2.28,0.0,2020-11-11 14:30:00+00:00
20201111:1530,0.0,0.0,0.0,0.0,22.7,2.21,0.0,2020-11-11 15:30:00+00:00
20201111:1630,0.0,0.0,0.0,0.0,21.71,2.07,0.0,2020-11-11 16:30:00+00:00
20201111:1730,0.0,0.0,0.0,0.0,20.66,1.93,0.0,2020-11-11 17:30:00+00:00
20201111:1830,0.0,0.0,0.0,0.0,19.63,1.93,0.0,2020-11-11 18:30:00+00:00
20201111:1930,0.0,0.0,0.0,0.0,19.22,1.93,0.0,2020-11-11 19:30:00+00:00
20201111:2030,0.0,0.0,0.0,0.0,18.97,2.07,0.0,2020-11-11 20:30:00+00:00
20201111:2130,0.0,0.0,0.0,0.0,18.95,2.21,0.0,2020-11-11 21:30:00+00:00
20201111:2230,0.0,0.0,0.0,0.0,19.06,2.14,0.0,2020-11-11 22:30:00+00:00
20201111:2330,0.0,0.0,0.0,0.0,19.0,2.0,0.0,2020-11-11 23:30:00+00:00
20201112:0030,0.0,18.3,0.0,1.87,18.7,1.93,0.0,2020-11-12 00:30:00+00:00
20201112:0130,76.75,89.1,0.0,14.54,18.91,1.59,0.0,2020-11-12 01:30:00+00:00
20201112:0230,246.61,123.55,0.0,26.38,21.98,1.45,0.0,2020-11-12 02:30:00+00:00
20201112:0330,394.61,149.2,0.0,36.82,24.47,1.66,0.0,2020-11-12 03:30:00+00:00
20201112:0430,499.26,166.45,0.0,44.86,26.64,1.93,0.0,2020-11-12 04:30:00+00:00
20201112:0530,549.86,168.15,0.0,49.05,28.21,2.21,0.0,2020-11-12 05:30:00+00:00
20201112:0630,521.66,174.25,0.0,48.21,29.23,2.28,0.0,2020-11-12 06:30:00+00:00
20201112:0730,404.61,194.5,0.0,42.62,29.64,2.76,0.0,2020-11-12 07:30:00+00:00
20201112:0830,322.76,142.4,0.0,33.66,29.81,2.76,0.0,2020-11-12 08:30:00+00:00
20201112:0930,175.0,108.65,0.0,22.69,29.71,2.69,0.0,2020-11-12 09:30:00+00:00
20201112:1030,54.0,55.05,0.0,10.53,29.07,2.0,0.0,2020-11-12 10:30:00+00:00
20201112:1130,0.0,0.0,0.0,-2.33,27.64,1.86,0.0,2020-11-12 11:30:00+00:00
20201112:1230,0.0,0.0,0.0,0.0,25.87,2.14,0.0,2020-11-12 12:30:00+00:00
20201112:1330,0.0,0.0,0.0,0.0,24.51,2.07,0.0,2020-11-12 13:30:00+00:00
20201112:1430,0.0,0.0,0.0,0.0,23.52,2.07,0.0,2020-11-12 14:30:00+00:00
20201112:1530,0.0,0.0,0.0,0.0,22.96,2.07,0.0,2020-11-12 15:30:00+00:00
20201112:1630,0.0,0.0,0.0,0.0,22.75,2.0,0.0,2020-11-12 16:30:00+00:00
20201112:1730,0.0,0.0,0.0,0.0,22.61,2.0,0.0,2020-11-12 17:30:00+00:00
20201112:1830,0.0,0.0,0.0,0.0,22.36,2.07,0.0,2020-11-12 18:30:00+00:00
20201112:1930,0.0,0.0,0.0,0.0,21.3,2.14,0.0,2020-11-12 19:30:00+00:00
20201112:2030,0.0,0.0,0.0,0.0,20.89,2.21,0.0,2020-11-12 20:30:00+00:00
20201112:2130,0.0,0.0,0.0,0.0,20.68,2.21,0.0,2020-11-12 21:30:00+00:00
20201112:2230,0.0,0.0,0.0,0.0,20.91,2.07,0.0,2020-11-12 22:30:00+00:00
20201112:2330,0.0,0.0,0.0,0.0,20.69,2.0,0.0,2020-11-12 23:30:00+00:00
20201113:0030,0.0,15.05,0.0,1.72,20.34,1.93,0.0,2020-11-13 00:30:00+00:00
20201113:0130,92.1,70.05,0.0,14.37,19.97,1.79,0.0,2020-11-13 01:30:00+00:00
20201113:0230,267.76,104.15,0.0,26.19,21.95,1.66,0.0,2020-11-13 02:30:00+00:00
20201113:0330,427.66,122.9,0.0,36.59,24.6,1.86,0.0,2020-11-13 03:30:00+00:00
20201113:0430,551.26,128.45,0.0,44.6,26.7,2.0,0.0,2020-11-13 04:30:00+00:00
20201113:0530,588.36,142.35,0.0,48.78,28.26,2.34,0.0,2020-11-13 05:30:00+00:00
20201113:0630,586.01,136.5,0.0,47.96,29.21,2.69,0.0,2020-11-13 06:30:00+00:00
20201113:0730,512.11,127.75,0.0,42.41,29.83,2.69,0.0,2020-11-13 07:30:00+00:00
20201113:0830,381.86,113.65,0.0,33.5,30.07,2.69,0.0,2020-11-13 08:30:00+00:00
20201113:0930,218.1,90.55,0.0,22.57,29.95,2.69,0.0,2020-11-13 09:30:00+00:00
20201113:1030,56.55,48.8,0.0,10.44,29.26,2.07,0.0,2020-11-13 10:30:00+00:00
20201113:1130,0.0,0.0,0.0,-2.4,27.68,2.0,0.0,2020-11-13 11:30:00+00:00
20201113:1230,0.0,0.0,0.0,0.0,25.96,2.21,0.0,2020-11-13 12:30:00+00:00
20201113:1330,0.0,0.0,0.0,0.0,24.6,2.21,0.0,2020-11-13 13:30:00+00:00
20201113:1430,0.0,0.0,0.0,0.0,23.6,2.28,0.0,2020-11-13 14:30:00+00:00
20201113:1530,0.0,0.0,0.0,0.0,22.77,2.34,0.0,2020-11-13 15:30:00+00:00
20201113:1630,0.0,0.0,0.0,0.0,22.12,2.41,0.0,2020-11-13 16:30:00+00:00
20201113:1730,0.0,0.0,0.0,0.0,21.6,2.48,0.0,2020-11-13 17:30:00+00:00
20201113:1830,0.0,0.0,0.0,0.0,21.14,2.48,0.0,2020-11-13 18:30:00+00:00
20201113:1930,0.0,0.0,0.0,0.0,21.11,2.34,0.0,2020-11-13 19:30:00+00:00
20201113:2030,0.0,0.0,0.0,0.0,20.72,2.34,0.0,2020-11-13 20:30:00+00:00
20201113:2130,0.0,0.0,0.0,0.0,20.39,2.34,0.0,2020-11-13 21:30:00+00:00
20201113:2230,0.0,0.0,0.0,0.0,20.01,2.34,0.0,2020-11-13 22:30:00+00:00
20201113:2330,0.0,0.0,0.0,0.0,19.63,2.28,0.0,2020-11-13 23:30:00+00:00
20201114:0030,0.0,14.35,0.0,1.57,19.25,2.28,0.0,2020-11-14 00:30:00+00:00
20201114:0130,111.4,67.75,0.0,14.2,19.26,2.0,0.0,2020-11-14 01:30:00+00:00
20201114:0230,279.01,100.15,0.0,25.99,21.93,1.79,0.0,2020-11-14 02:30:00+00:00
20201114:0330,435.46,119.25,0.0,36.37,24.66,2.07,0.0,2020-11-14 03:30:00+00:00
20201114:0430,548.91,130.15,0.0,44.34,26.8,2.28,0.0,2020-11-14 04:30:00+00:00
20201114:0530,602.66,134.9,0.0,48.51,28.34,2.76,0.0,2020-11-14 05:30:00+00:00
20201114:0630,587.01,134.4,0.0,47.71,29.22,3.03,0.0,2020-11-14 06:30:00+00:00
20201114:0730,511.46,127.35,0.0,42.2,29.53,3.03,0.0,2020-11-14 07:30:00+00:00
20201114:0830,382.76,113.05,0.0,33.34,29.74,3.03,0.0,2020-11-14 08:30:00+00:00
20201114:0930,218.91,90.0,0.0,22.45,29.57,2.97,0.0,2020-11-14 09:30:00+00:00
20201114:1030,63.15,49.7,0.0,10.35,28.85,2.14,0.0,2020-11-14 10:30:00+00:00
20201114:1130,0.0,0.0,0.0,-2.47,27.29,2.0,0.0,2020-11-14 11:30:00+00:00
20201114:1230,0.0,0.0,0.0,0.0,25.45,2.21,0.0,2020-11-14 12:30:00+00:00
20201114:1330,0.0,0.0,0.0,0.0,24.01,2.07,0.0,2020-11-14 13:30:00+00:00
20201114:1430,0.0,0.0,0.0,0.0,22.8,2.07,0.0,2020-11-14 14:30:00+00:00
20201114:1530,0.0,0.0,0.0,0.0,21.77,2.14,0.0,2020-11-14 15:30:00+00:00
20201114:1630,0.0,0.0,0.0,0.0,20.96,2.34,0.0,2020-11-14 16:30:00+00:00
20201114:1730,0.0,0.0,0.0,0.0,20.41,2.34,0.0,2020-11-14 17:30:00+00:00
20201114:1830,0.0,0.0,0.0,0.0,19.99,2.41,0.0,2020-11-14 18:30:00+00:00
20201114:1930,0.0,0.0,0.0,0.0,19.86,2.28,0.0,2020-11-14 19:30:00+00:00
20201114:2030,0.0,0.0,0.0,0.0,19.52,2.34,0.0,2020-11-14 20:30:00+00:00
20201114:2130,0.0,0.0,0.0,0.0,19.2,2.34,0.0,2020-11-14 21:30:00+00:00
20201114:2230,0.0,0.0,0.0,0.0,18.9,2.34,0.0,2020-11-14 22:30:00+00:00
20201114:2330,0.0,0.0,0.0,0.0,18.57,2.34,0.0,2020-11-14 23:30:00+00:00
20201115:0030,0.0,14.05,0.0,1.42,18.25,2.34,0.0,2020-11-15 00:30:00+00:00
20201115:0130,112.35,67.3,0.0,14.03,18.33,2.14,0.0,2020-11-15 01:30:00+00:00
20201115:0230,281.41,99.6,0.0,25.79,21.15,1.86,0.0,2020-11-15 02:30:00+00:00
20201115:0330,438.71,118.75,0.0,36.14,24.06,2.14,0.0,2020-11-15 03:30:00+00:00
20201115:0430,552.41,129.95,0.0,44.09,26.29,2.48,0.0,2020-11-15 04:30:00+00:00
20201115:0530,606.06,134.75,0.0,48.25,27.86,3.1,0.0,2020-11-15 05:30:00+00:00
20201115:0630,594.81,133.25,0.0,47.47,28.77,3.1,0.0,2020-11-15 06:30:00+00:00
20201115:0730,518.16,126.2,0.0,42.01,29.14,2.55,0.0,2020-11-15 07:30:00+00:00
20201115:0830,386.26,112.7,0.0,33.19,29.41,2.62,0.0,2020-11-15 08:30:00+00:00
20201115:0930,219.86,90.0,0.0,22.33,29.29,2.62,0.0,2020-11-15 09:30:00+00:00
20201115:1030,63.15,49.45,0.0,10.26,28.64,2.07,0.0,2020-11-15 10:30:00+00:00
20201115:1130,0.0,0.0,0.0,-2.53,27.13,1.93,0.0,2020-11-15 11:30:00+00:00
20201115:1230,0.0,0.0,0.0,0.0,25.29,2.14,0.0,2020-11-15 12:30:00+00:00
20201115:1330,0.0,0.0,0.0,0.0,23.81,2.0,0.0,2020-11-15 13:30:00+00:00
20201115:1430,0.0,0.0,0.0,0.0,22.41,1.86,0.0,2020-11-15 14:30:00+00:00
20201115:1530,0.0,0.0,0.0,0.0,21.08,1.59,0.0,2020-11-15 15:30:00+00:00
20201115:1630,0.0,0.0,0.0,0.0,20.52,1.45,0.0,2020-11-15 16:30:00+00:00
20201115:1730,0.0,0.0,0.0,0.0,19.49,1.66,0.0,2020-11-15 17:30:00+00:00
20201115:1830,0.0,0.0,0.0,0.0,18.88,2.14,0.0,2020-11-15 18:30:00+00:00
20201115:1930,0.0,0.0,0.0,0.0,18.61,1.86,0.0,2020-11-15 19:30:00+00:00
20201115:2030,0.0,0.0,0.0,0.0,18.26,1.86,0.0,2020-11-15 20:30:00+00:00
20201115:2130,0.0,0.0,0.0,0.0,18.04,2.0,0.0,2020-11-15 21:30:00+00:00
20201115:2230,0.0,0.0,0.0,0.0,17.79,1.93,0.0,2020-11-15 22:30:00+00:00
20201115:2330,0.0,0.0,0.0,0.0,17.5,1.93,0.0,2020-11-15 23:30:00+00:00
20201116:0030,0.0,13.6,0.0,1.27,17.24,2.07,0.0,2020-11-16 00:30:00+00:00
20201116:0130,108.7,66.95,0.0,13.86,17.4,1.79,0.0,2020-11-16 01:30:00+00:00
20201116:0230,275.31,99.8,0.0,25.6,21.38,1.45,0.0,2020-11-16 02:30:00+00:00
20201116:0330,431.71,118.95,0.0,35.92,24.53,1.59,0.0,2020-11-16 03:30:00+00:00
20201116:0430,544.11,130.15,0.0,43.84,26.75,1.72,0.0,2020-11-16 04:30:00+00:00
20201116:0530,597.21,134.95,0.0,47.99,28.21,2.14,0.0,2020-11-16 05:30:00+00:00
20201116:0630,581.56,134.75,0.0,47.23,29.03,2.34,0.0,2020-11-16 06:30:00+00:00
20201116:0730,505.76,127.7,0.0,41.81,29.38,2.07,0.0,2020-11-16 07:30:00+00:00
20201116:0830,377.01,113.45,0.0,33.05,29.64,2.0,0.0,2020-11-16 08:30:00+00:00
20201116:0930,213.51,90.3,0.0,22.22,29.55,2.0,0.0,2020-11-16 09:30:00+00:00
20201116:1030,60.6,49.2,0.0,10.18,29.05,1.59,0.0,2020-11-16 10:30:00+00:00
20201116:1130,0.0,0.0,0.0,-2.59,27.79,1.24,0.0,2020-11-16 11:30:00+00:00
20201116:1230,0.0,0.0,0.0,0.0,25.66,0.97,0.0,2020-11-16 12:30:00+00:00
20201116:1330,0.0,0.0,0.0,0.0,25.22,0.76,0.0,2020-11-16 13:30:00+00:00
20201116:1430,0.0,0.0,0.0,0.0,24.69,0.48,0.0,2020-11-16 14:30:00+00:00
20201116:1530,0.0,0.0,0.0,0.0,23.95,0.55,0.0,2020-11-16 15:30:00+00:00
20201116:1630,0.0,0.0,0.0,0.0,21.99,1.1,0.0,2020-11-16 16:30:00+00:00
20201116:1730,0.0,0.0,0.0,0.0,19.6,1.79,0.0,2020-11-16 17:30:00+00:00
20201116:1830,0.0,0.0,0.0,0.0,19.09,2.0,0.0,2020-11-16 18:30:00+00:00
20201116:1930,0.0,0.0,0.0,0.0,18.96,1.93,0.0,2020-11-16 19:30:00+00:00
20201116:2030,0.0,0.0,0.0,0.0,18.73,2.0,0.0,2020-11-16 20:30:00+00:00
20201116:2130,0.0,0.0,0.0,0.0,18.54,2.0,0.0,2020-11-16 21:30:00+00:00
20201116:2230,0.0,0.0,0.0,0.0,18.41,2.07,0.0,2020-11-16 22:30:00+00:00
20201116:2330,0.0,0.0,0.0,0.0,18.29,2.07,0.0,2020-11-16 23:30:00+00:00
20201117:0030,0.0,13.15,0.0,1.12,18.15,2.07,0.0,2020-11-17 00:30:00+00:00
20201117:0130,103.1,66.85,0.0,13.69,18.31,1.79,0.0,2020-11-17 01:30:00+00:00
20201117:0230,266.21,100.65,0.0,25.41,21.83,1.66,0.0,2020-11-17 02:30:00+00:00
20201117:0330,420.36,120.6,0.0,35.7,24.29,2.14,0.0,2020-11-17 03:30:00+00:00
20201117:0430,532.16,132.2,0.0,43.6,26.27,2.28,0.0,2020-11-17 04:30:00+00:00
20201117:0530,585.31,137.3,0.0,47.73,27.76,2.48,0.0,2020-11-17 05:30:00+00:00
20201117:0630,571.76,137.05,0.0,47.0,28.76,2.55,0.0,2020-11-17 06:30:00+00:00
20201117:0730,497.06,129.6,0.0,41.63,29.19,2.21,0.0,2020-11-17 07:30:00+00:00
20201117:0830,369.11,115.05,0.0,32.9,29.5,2.0,0.0,2020-11-17 08:30:00+00:00
20201117:0930,207.4,91.4,0.0,22.12,29.47,1.86,0.0,2020-11-17 09:30:00+00:00
20201117:1030,58.0,49.3,0.0,10.11,29.09,1.38,0.0,2020-11-17 10:30:00+00:00
20201117:1130,0.0,0.0,0.0,-2.64,27.97,0.83,0.0,2020-11-17 11:30:00+00:00
20201117:1230,0.0,0.0,0.0,0.0,25.57,1.17,0.0,2020-11-17 12:30:00+00:00
20201117:1330,0.0,0.0,0.0,0.0,23.67,1.66,0.0,2020-11-17 13:30:00+00:00
20201117:1430,0.0,0.0,0.0,0.0,22.42,1.86,0.0,2020-11-17 14:30:00+00:00
20201117:1530,0.0,0.0,0.0,0.0,21.53,1.86,0.0,2020-11-17 15:30:00+00:00
20201117:1630,0.0,0.0,0.0,0.0,20.9,1.86,0.0,2020-11-17 16:30:00+00:00
20201117:1730,0.0,0.0,0.0,0.0,20.4,1.86,0.0,2020-11-17 17:30:00+00:00
20201117:1830,0.0,0.0,0.0,0.0,20.01,1.79,0.0,2020-11-17 18:30:00+00:00
20201117:1930,0.0,0.0,0.0,0.0,19.58,1.93,0.0,2020-11-17 19:30:00+00:00
20201117:2030,0.0,0.0,0.0,0.0,19.36,2.0,0.0,2020-11-17 20:30:00+00:00
20201117:2130,0.0,0.0,0.0,0.0,19.15,2.0,0.0,2020-11-17 21:30:00+00:00
20201117:2230,0.0,0.0,0.0,0.0,18.97,1.93,0.0,2020-11-17 22:30:00+00:00
20201117:2330,0.0,0.0,0.0,0.0,18.75,1.79,0.0,2020-11-17 23:30:00+00:00
20201118:0030,0.0,12.85,0.0,0.97,18.47,1.66,0.0,2020-11-18 00:30:00+00:00
20201118:0130,87.25,64.9,0.0,13.52,18.77,1.17,0.0,2020-11-18 01:30:00+00:00
20201118:0230,253.41,103.0,0.0,25.21,21.89,0.76,0.0,2020-11-18 02:30:00+00:00
20201118:0330,406.56,123.25,0.0,35.48,24.77,0.9,0.0,2020-11-18 03:30:00+00:00
20201118:0430,518.56,134.6,0.0,43.36,26.94,1.17,0.0,2020-11-18 04:30:00+00:00
20201118:0530,574.31,138.85,0.0,47.49,28.33,1.17,0.0,2020-11-18 05:30:00+00:00
20201118:0630,506.76,138.5,0.0,46.78,29.14,0.97,0.0,2020-11-18 06:30:00+00:00
20201118:0730,391.41,142.7,0.0,41.45,29.34,0.62,0.0,2020-11-18 07:30:00+00:00
20201118:0830,297.41,120.4,0.0,32.77,29.46,0.41,0.0,2020-11-18 08:30:00+00:00
20201118:0930,119.05,82.2,0.0,22.02,29.43,0.34,0.0,2020-11-18 09:30:00+00:00
20201118:1030,47.1,45.6,0.0,10.04,28.9,0.0,0.0,2020-11-18 10:30:00+00:00
20201118:1130,0.0,0.0,0.0,-2.69,27.7,0.28,0.0,2020-11-18 11:30:00+00:00
20201118:1230,0.0,0.0,0.0,0.0,26.75,0.14,0.0,2020-11-18 12:30:00+00:00
20201118:1330,0.0,0.0,0.0,0.0,24.57,1.1,0.0,2020-11-18 13:30:00+00:00
20201118:1430,0.0,0.0,0.0,0.0,23.41,1.66,0.0,2020-11-18 14:30:00+00:00
20201118:1530,0.0,0.0,0.0,0.0,22.84,1.79,0.0,2020-11-18 15:30:00+00:00
20201118:1630,0.0,0.0,0.0,0.0,22.46,2.0,0.0,2020-11-18 16:30:00+00:00
20201118:1730,0.0,0.0,0.0,0.0,22.49,1.93,0.0,2020-11-18 17:30:00+00:00
20201118:1830,0.0,0.0,0.0,0.0,22.23,1.93,0.0,2020-11-18 18:30:00+00:00
20201118:1930,0.0,0.0,0.0,0.0,21.96,1.86,0.0,2020-11-18 19:30:00+00:00
20201118:2030,0.0,0.0,0.0,0.0,21.66,1.86,0.0,2020-11-18 20:30:00+00:00
20201118:2130,0.0,0.0,0.0,0.0,21.52,1.79,0.0,2020-11-18 21:30:00+00:00
20201118:2230,0.0,0.0,0.0,0.0,21.41,1.66,0.0,2020-11-18 22:30:00+00:00
20201118:2330,0.0,0.0,0.0,0.0,21.14,1.66,0.0,2020-11-18 23:30:00+00:00
20201119:0030,0.0,12.25,0.0,0.82,20.86,1.66,0.0,2020-11-19 00:30:00+00:00
20201119:0130,86.2,67.75,0.0,13.35,20.78,1.24,0.0,2020-11-19 01:30:00+00:00
20201119:0230,228.66,107.5,0.0,25.02,23.66,1.03,0.0,2020-11-19 02:30:00+00:00
20201119:0330,368.31,133.75,0.0,35.26,25.59,1.31,0.0,2020-11-19 03:30:00+00:00
20201119:0430,424.61,132.6,0.0,43.12,27.26,1.52,0.0,2020-11-19 04:30:00+00:00
20201119:0530,497.91,152.35,0.0,47.25,28.17,1.24,0.0,2020-11-19 05:30:00+00:00
20201119:0630,372.26,169.15,0.0,46.56,29.08,1.1,0.0,2020-11-19 06:30:00+00:00
20201119:0730,358.06,135.85,0.0,41.27,28.87,1.59,0.0,2020-11-19 07:30:00+00:00
20201119:0830,238.9,128.1,0.0,32.64,29.18,1.45,0.0,2020-11-19 08:30:00+00:00
20201119:0930,96.4,101.8,0.0,21.93,28.99,1.52,0.0,2020-11-19 09:30:00+00:00
20201119:1030,34.35,39.25,0.0,9.97,28.34,0.97,0.0,2020-11-19 10:30:00+00:00
20201119:1130,0.0,0.0,0.0,-2.73,27.3,0.55,0.0,2020-11-19 11:30:00+00:00
20201119:1230,0.0,0.0,0.0,0.0,26.1,1.52,0.0,2020-11-19 12:30:00+00:00
20201119:1330,0.0,0.0,0.0,0.0,25.06,1.72,0.0,2020-11-19 13:30:00+00:00
20201119:1430,0.0,0.0,0.0,0.0,24.17,1.93,0.0,2020-11-19 14:30:00+00:00
20201119:1530,0.0,0.0,0.0,0.0,23.73,1.93,0.0,2020-11-19 15:30:00+00:00
20201119:1630,0.0,0.0,0.0,0.0,23.48,1.79,0.0,2020-11-19 16:30:00+00:00
20201119:1730,0.0,0.0,0.0,0.0,23.35,1.66,0.0,2020-11-19 17:30:00+00:00
20201119:1830,0.0,0.0,0.0,0.0,23.09,1.72,0.0,2020-11-19 18:30:00+00:00
20201119:1930,0.0,0.0,0.0,0.0,22.86,1.72,0.0,2020-11-19 19:30:00+00:00
20201119:2030,0.0,0.0,0.0,0.0,22.55,1.59,0.0,2020-11-19 20:30:00+00:00
20201119:2130,0.0,0.0,0.0,0.0,22.34,1.38,0.0,2020-11-19 21:30:00+00:00
20201119:2230,0.0,0.0,0.0,0.0,22.12,1.31,0.0,2020-11-19 22:30:00+00:00
20201119:2330,0.0,0.0,0.0,0.0,21.88,1.17,0.0,2020-11-19 23:30:00+00:00
20201120:0030,0.0,10.9,0.0,0.67,21.88,0.97,0.0,2020-11-20 00:30:00+00:00
20201120:0130,68.45,68.8,0.0,13.18,22.57,0.48,0.0,2020-11-20 01:30:00+00:00
20201120:0230,168.25,118.55,0.0,24.83,24.18,0.62,0.0,2020-11-20 02:30:00+00:00
20201120:0330,353.66,136.75,0.0,35.05,25.86,1.03,0.0,2020-11-20 03:30:00+00:00
20201120:0430,405.66,137.85,0.0,42.89,27.38,1.17,0.0,2020-11-20 04:30:00+00:00
20201120:0530,502.41,157.9,0.0,47.01,28.41,1.31,0.0,2020-11-20 05:30:00+00:00
20201120:0630,406.76,173.3,0.0,46.35,29.36,1.24,0.0,2020-11-20 06:30:00+00:00
20201120:0730,358.71,144.35,0.0,41.1,29.73,0.55,0.0,2020-11-20 07:30:00+00:00
20201120:0830,228.05,131.05,0.0,32.51,30.01,0.34,0.0,2020-11-20 08:30:00+00:00
20201120:0930,145.8,95.3,0.0,21.84,29.89,0.34,0.0,2020-11-20 09:30:00+00:00
20201120:1030,31.15,45.1,0.0,9.92,29.42,0.07,0.0,2020-11-20 10:30:00+00:00
20201120:1130,0.0,0.0,0.0,-2.77,27.81,1.17,0.0,2020-11-20 11:30:00+00:00
20201120:1230,0.0,0.0,0.0,0.0,26.63,1.52,0.0,2020-11-20 12:30:00+00:00
20201120:1330,0.0,0.0,0.0,0.0,25.92,1.24,0.0,2020-11-20 13:30:00+00:00
20201120:1430,0.0,0.0,0.0,0.0,25.12,0.48,0.0,2020-11-20 14:30:00+00:00
20201120:1530,0.0,0.0,0.0,0.0,24.06,1.31,0.0,2020-11-20 15:30:00+00:00
20201120:1630,0.0,0.0,0.0,0.0,23.46,0.76,0.0,2020-11-20 16:30:00+00:00
20201120:1730,0.0,0.0,0.0,0.0,23.42,0.55,0.0,2020-11-20 17:30:00+00:00
20201120:1830,0.0,0.0,0.0,0.0,22.98,1.24,0.0,2020-11-20 18:30:00+00:00
20201120:1930,0.0,0.0,0.0,0.0,23.28,1.1,0.0,2020-11-20 19:30:00+00:00
20201120:2030,0.0,0.0,0.0,0.0,23.01,0.9,0.0,2020-11-20 20:30:00+00:00
20201120:2130,0.0,0.0,0.0,0.0,23.09,0.76,0.0,2020-11-20 21:30:00+00:00
20201120:2230,0.0,0.0,0.0,0.0,22.38,1.17,0.0,2020-11-20 22:30:00+00:00
20201120:2330,0.0,0.0,0.0,0.0,22.32,1.45,0.0,2020-11-20 23:30:00+00:00
20201121:0030,0.0,7.55,0.0,0.52,21.91,0.83,0.0,2020-11-21 00:30:00+00:00
20201121:0130,43.6,52.65,0.0,13.01,22.08,1.17,0.0,2020-11-21 01:30:00+00:00
20201121:0230,168.15,96.6,0.0,24.64,23.11,1.59,0.0,2020-11-21 02:30:00+00:00
20201121:0330,277.46,145.0,0.0,34.84,24.7,2.07,0.0,2020-11-21 03:30:00+00:00
20201121:0430,368.31,165.25,0.0,42.66,26.2,2.28,0.0,2020-11-21 04:30:00+00:00
20201121:0530,419.36,160.45,0.0,46.78,27.19,2.41,0.0,2020-11-21 05:30:00+00:00
20201121:0630,81.3,133.75,0.0,46.14,27.79,2.69,0.0,2020-11-21 06:30:00+00:00
20201121:0730,152.4,110.85,0.0,40.94,25.04,1.93,0.0,2020-11-21 07:30:00+00:00
20201121:0830,58.85,99.6,0.0,32.39,25.27,1.86,0.0,2020-11-21 08:30:00+00:00
20201121:0930,48.55,86.0,0.0,21.76,25.27,1.59,0.0,2020-11-21 09:30:00+00:00
20201121:1030,26.85,40.8,0.0,9.86,25.45,1.59,0.0,2020-11-21 10:30:00+00:00
20201121:1130,0.0,0.0,0.0,-2.8,25.08,1.24,0.0,2020-11-21 11:30:00+00:00
20201121:1230,0.0,0.0,0.0,0.0,24.34,1.24,0.0,2020-11-21 12:30:00+00:00
20201121:1330,0.0,0.0,0.0,0.0,23.2,1.17,0.0,2020-11-21 13:30:00+00:00
20201121:1430,0.0,0.0,0.0,0.0,22.35,0.97,0.0,2020-11-21 14:30:00+00:00
20201121:1530,0.0,0.0,0.0,0.0,21.82,0.9,0.0,2020-11-21 15:30:00+00:00
20201121:1630,0.0,0.0,0.0,0.0,20.64,1.24,0.0,2020-11-21 16:30:00+00:00
20201121:1730,0.0,0.0,0.0,0.0,19.73,1.52,0.0,2020-11-21 17:30:00+00:00
20201121:1830,0.0,0.0,0.0,0.0,19.19,1.59,0.0,2020-11-21 18:30:00+00:00
20201121:1930,0.0,0.0,0.0,0.0,19.05,1.72,0.0,2020-11-21 19:30:00+00:00
20201121:2030,0.0,0.0,0.0,0.0,19.21,2.14,0.0,2020-11-21 20:30:00+00:00
20201121:2130,0.0,0.0,0.0,0.0,19.4,2.41,0.0,2020-11-21 21:30:00+00:00
20201121:2230,0.0,0.0,0.0,0.0,19.1,2.34,0.0,2020-11-21 22:30:00+00:00
20201121:2330,0.0,0.0,0.0,0.0,18.77,2.48,0.0,2020-11-21 23:30:00+00:00
20201122:0030,0.0,11.25,0.0,0.36,18.61,2.41,0.0,2020-11-22 00:30:00+00:00
20201122:0130,93.3,65.25,0.0,12.85,18.58,2.21,0.0,2020-11-22 01:30:00+00:00
20201122:0230,247.51,105.5,0.0,24.46,20.31,2.07,0.0,2020-11-22 02:30:00+00:00
20201122:0330,418.26,119.3,0.0,34.63,22.4,2.62,0.0,2020-11-22 03:30:00+00:00
20201122:0430,535.26,130.2,0.0,42.43,24.13,3.03,0.0,2020-11-22 04:30:00+00:00
20201122:0530,593.56,134.35,0.0,46.55,25.31,3.03,0.0,2020-11-22 05:30:00+00:00
20201122:0630,584.51,133.5,0.0,45.94,26.09,2.9,0.0,2020-11-22 06:30:00+00:00
20201122:0730,512.96,125.7,0.0,40.78,26.46,2.48,0.0,2020-11-22 07:30:00+00:00
20201122:0830,384.91,111.75,0.0,32.28,26.66,2.55,0.0,2020-11-22 08:30:00+00:00
20201122:0930,220.41,88.9,0.0,21.68,26.57,2.55,0.0,2020-11-22 09:30:00+00:00
20201122:1030,62.85,48.4,0.0,9.81,26.0,2.07,0.0,2020-11-22 10:30:00+00:00
20201122:1130,0.0,0.0,0.0,-2.83,24.63,1.79,0.0,2020-11-22 11:30:00+00:00
20201122:1230,0.0,0.0,0.0,0.0,22.74,1.66,0.0,2020-11-22 12:30:00+00:00
20201122:1330,0.0,0.0,0.0,0.0,20.5,1.52,0.0,2020-11-22 13:30:00+00:00
20201122:1430,0.0,0.0,0.0,0.0,19.01,1.52,0.0,2020-11-22 14:30:00+00:00
20201122:1530,0.0,0.0,0.0,0.0,18.23,1.38,0.0,2020-11-22 15:30:00+00:00
20201122:1630,0.0,0.0,0.0,0.0,17.52,1.38,0.0,2020-11-22 16:30:00+00:00
20201122:1730,0.0,0.0,0.0,0.0,16.76,1.38,0.0,2020-11-22 17:30:00+00:00
20201122:1830,0.0,0.0,0.0,0.0,15.81,1.59,0.0,2020-11-22 18:30:00+00:00
20201122:1930,0.0,0.0,0.0,0.0,15.21,1.72,0.0,2020-11-22 19:30:00+00:00
20201122:2030,0.0,0.0,0.0,0.0,14.46,2.07,0.0,2020-11-22 20:30:00+00:00
20201122:2130,0.0,0.0,0.0,0.0,14.22,2.21,0.0,2020-11-22 21:30:00+00:00
20201122:2230,0.0,0.0,0.0,0.0,14.02,2.28,0.0,2020-11-22 22:30:00+00:00
20201122:2330,0.0,0.0,0.0,0.0,13.82,2.28,0.0,2020-11-22 23:30:00+00:00
20201123:0030,0.0,10.9,0.0,0.21,13.67,2.28,0.0,2020-11-23 00:30:00+00:00
20201123:0130,104.3,63.4,0.0,12.68,13.72,2.07,0.0,2020-11-23 01:30:00+00:00
20201123:0230,274.41,96.5,0.0,24.27,17.32,1.59,0.0,2020-11-23 02:30:00+00:00
20201123:0330,434.16,115.6,0.0,34.43,20.59,1.66,0.0,2020-11-23 03:30:00+00:00
20201123:0430,548.31,127.4,0.0,42.21,22.91,1.93,0.0,2020-11-23 04:30:00+00:00
20201123:0530,603.86,132.45,0.0,46.33,24.47,2.28,0.0,2020-11-23 05:30:00+00:00
20201123:0630,592.86,131.85,0.0,45.75,25.29,2.41,0.0,2020-11-23 06:30:00+00:00
20201123:0730,519.51,124.45,0.0,40.63,25.44,2.62,0.0,2020-11-23 07:30:00+00:00
20201123:0830,390.11,110.65,0.0,32.17,25.7,2.9,0.0,2020-11-23 08:30:00+00:00
20201123:0930,222.81,88.45,0.0,21.61,25.56,2.83,0.0,2020-11-23 09:30:00+00:00
20201123:1030,63.5,48.25,0.0,9.77,24.95,2.34,0.0,2020-11-23 10:30:00+00:00
20201123:1130,0.0,0.0,0.0,-2.85,23.39,2.07,0.0,2020-11-23 11:30:00+00:00
20201123:1230,0.0,0.0,0.0,0.0,21.53,2.28,0.0,2020-11-23 12:30:00+00:00
20201123:1330,0.0,0.0,0.0,0.0,20.15,2.28,0.0,2020-11-23 13:30:00+00:00
20201123:1430,0.0,0.0,0.0,0.0,19.07,2.21,0.0,2020-11-23 14:30:00+00:00
20201123:1530,0.0,0.0,0.0,0.0,18.01,2.14,0.0,2020-11-23 15:30:00+00:00
20201123:1630,0.0,0.0,0.0,0.0,16.87,2.0,0.0,2020-11-23 16:30:00+00:00
20201123:1730,0.0,0.0,0.0,0.0,15.82,2.0,0.0,2020-11-23 17:30:00+00:00
20201123:1830,0.0,0.0,0.0,0.0,14.89,1.86,0.0,2020-11-23 18:30:00+00:00
20201123:1930,0.0,0.0,0.0,0.0,14.34,2.07,0.0,2020-11-23 19:30:00+00:00
20201123:2030,0.0,0.0,0.0,0.0,14.19,2.41,0.0,2020-11-23 20:30:00+00:00
20201123:2130,0.0,0.0,0.0,0.0,14.37,2.62,0.0,2020-11-23 21:30:00+00:00
20201123:2230,0.0,0.0,0.0,0.0,14.49,2.62,0.0,2020-11-23 22:30:00+00:00
20201123:2330,0.0,0.0,0.0,0.0,14.38,2.48,0.0,2020-11-23 23:30:00+00:00
20201124:0030,0.0,12.0,0.0,0.06,14.05,2.28,0.0,2020-11-24 00:30:00+00:00
20201124:0130,87.0,71.75,0.0,12.51,13.81,1.93,0.0,2020-11-24 01:30:00+00:00
20201124:0230,253.56,106.0,0.0,24.09,17.26,1.52,0.0,2020-11-24 02:30:00+00:00
20201124:0330,423.21,120.2,0.0,34.22,20.52,1.93,0.0,2020-11-24 03:30:00+00:00
20201124:0430,545.11,128.1,0.0,41.99,22.84,2.21,0.0,2020-11-24 04:30:00+00:00
20201124:0530,600.36,134.25,0.0,46.12,24.51,2.62,0.0,2020-11-24 05:30:00+00:00
20201124:0630,533.56,167.0,0.0,45.56,25.55,2.83,0.0,2020-11-24 06:30:00+00:00
20201124:0730,453.36,163.1,0.0,40.49,25.86,2.69,0.0,2020-11-24 07:30:00+00:00
20201124:0830,313.51,154.15,0.0,32.07,26.21,2.48,0.0,2020-11-24 08:30:00+00:00
20201124:0930,155.15,125.25,0.0,21.54,26.19,2.41,0.0,2020-11-24 09:30:00+00:00
20201124:1030,34.35,62.0,0.0,9.73,25.64,2.28,0.0,2020-11-24 10:30:00+00:00
20201124:1130,0.0,0.0,0.0,-2.87,24.08,2.07,0.0,2020-11-24 11:30:00+00:00
20201124:1230,0.0,0.0,0.0,0.0,22.31,2.21,0.0,2020-11-24 12:30:00+00:00
20201124:1330,0.0,0.0,0.0,0.0,20.98,2.21,0.0,2020-11-24 13:30:00+00:00
20201124:1430,0.0,0.0,0.0,0.0,19.94,2.21,0.0,2020-11-24 14:30:00+00:00
20201124:1530,0.0,0.0,0.0,0.0,19.05,2.07,0.0,2020-11-24 15:30:00+00:00
20201124:1630,0.0,0.0,0.0,0.0,18.08,1.79,0.0,2020-11-24 16:30:00+00:00
20201124:1730,0.0,0.0,0.0,0.0,17.04,1.79,0.0,2020-11-24 17:30:00+00:00
20201124:1830,0.0,0.0,0.0,0.0,16.25,1.93,0.0,2020-11-24 18:30:00+00:00
20201124:1930,0.0,0.0,0.0,0.0,16.15,2.0,0.0,2020-11-24 19:30:00+00:00
20201124:2030,0.0,0.0,0.0,0.0,15.99,2.14,0.0,2020-11-24 20:30:00+00:00
20201124:2130,0.0,0.0,0.0,0.0,15.9,2.34,0.0,2020-11-24 21:30:00+00:00
20201124:2230,0.0,0.0,0.0,0.0,15.92,2.41,0.0,2020-11-24 22:30:00+00:00
20201124:2330,0.0,0.0,0.0,0.0,15.87,2.41,0.0,2020-11-24 23:30:00+00:00
20201125:0030,0.0,0.0,0.0,-0.08,15.7,2.21,0.0,2020-11-25 00:30:00+00:00
20201125:0130,76.9,74.5,0.0,12.35,15.5,1.86,0.0,2020-11-25 01:30:00+00:00
20201125:0230,225.36,119.95,0.0,23.91,17.92,1.52,0.0,2020-11-25 02:30:00+00:00
20201125:0330,377.21,145.5,0.0,34.02,21.0,1.52,0.0,2020-11-25 03:30:00+00:00
20201125:0430,487.76,163.45,0.0,41.78,23.39,1.59,0.0,2020-11-25 04:30:00+00:00
20201125:0530,529.71,180.3,0.0,45.91,25.07,1.86,0.0,2020-11-25 05:30:00+00:00
20201125:0630,486.11,199.1,0.0,45.38,26.2,1.93,0.0,2020-11-25 06:30:00+00:00
20201125:0730,386.81,201.85,0.0,40.35,26.85,2.14,0.0,2020-11-25 07:30:00+00:00
20201125:0830,205.0,212.2,0.0,31.97,27.23,2.28,0.0,2020-11-25 08:30:00+00:00
20201125:0930,75.9,156.6,0.0,21.48,27.1,2.28,0.0,2020-11-25 09:30:00+00:00
20201125:1030,14.1,67.8,0.0,9.69,26.39,1.79,0.0,2020-11-25 10:30:00+00:00
20201125:1130,0.0,0.0,0.0,-2.88,25.05,1.79,0.0,2020-11-25 11:30:00+00:00
20201125:1230,0.0,0.0,0.0,0.0,23.31,2.21,0.0,2020-11-25 12:30:00+00:00
20201125:1330,0.0,0.0,0.0,0.0,21.81,2.28,0.0,2020-11-25 13:30:00+00:00
20201125:1430,0.0,0.0,0.0,0.0,20.86,2.21,0.0,2020-11-25 14:30:00+00:00
20201125:1530,0.0,0.0,0.0,0.0,20.01,1.93,0.0,2020-11-25 15:30:00+00:00
20201125:1630,0.0,0.0,0.0,0.0,18.96,1.86,0.0,2020-11-25 16:30:00+00:00
20201125:1730,0.0,0.0,0.0,0.0,18.0,1.79,0.0,2020-11-25 17:30:00+00:00
20201125:1830,0.0,0.0,0.0,0.0,17.1,1.66,0.0,2020-11-25 18:30:00+00:00
20201125:1930,0.0,0.0,0.0,0.0,16.85,1.45,0.0,2020-11-25 19:30:00+00:00
20201125:2030,0.0,0.0,0.0,0.0,16.01,1.79,0.0,2020-11-25 20:30:00+00:00
20201125:2130,0.0,0.0,0.0,0.0,15.7,1.86,0.0,2020-11-25 21:30:00+00:00
20201125:2230,0.0,0.0,0.0,0.0,15.48,1.86,0.0,2020-11-25 22:30:00+00:00
20201125:2330,0.0,0.0,0.0,0.0,15.27,2.0,0.0,2020-11-25 23:30:00+00:00
20201126:0030,0.0,0.0,0.0,-0.23,15.07,2.07,0.0,2020-11-26 00:30:00+00:00
20201126:0130,54.25,85.6,0.0,12.19,15.15,1.86,0.0,2020-11-26 01:30:00+00:00
20201126:0230,161.95,150.8,0.0,23.73,18.29,1.59,0.0,2020-11-26 02:30:00+00:00
20201126:0330,245.05,218.75,0.0,33.83,21.47,1.72,0.0,2020-11-26 03:30:00+00:00
20201126:0430,284.41,258.25,0.0,41.58,23.9,1.93,0.0,2020-11-26 04:30:00+00:00
20201126:0530,220.6,293.5,0.0,45.71,25.52,2.34,0.0,2020-11-26 05:30:00+00:00
20201126:0630,365.26,243.75,0.0,45.21,26.28,2.21,0.0,2020-11-26 06:30:00+00:00
20201126:0730,256.05,259.15,0.0,40.22,26.95,2.21,0.0,2020-11-26 07:30:00+00:00
20201126:0830,130.25,196.0,0.0,31.88,27.23,2.34,0.0,2020-11-26 08:30:00+00:00
20201126:0930,15.35,146.9,0.0,21.42,26.97,2.28,0.0,2020-11-26 09:30:00+00:00
20201126:1030,0.3,51.8,0.0,9.66,26.35,1.72,0.0,2020-11-26 10:30:00+00:00
20201126:1130,0.0,0.0,0.0,-2.89,25.07,1.79,0.0,2020-11-26 11:30:00+00:00
20201126:1230,0.0,0.0,0.0,0.0,23.77,1.93,0.0,2020-11-26 12:30:00+00:00
20201126:1330,0.0,0.0,0.0,0.0,22.83,1.86,0.0,2020-11-26 13:30:00+00:00
20201126:1430,0.0,0.0,0.0,0.0,22.08,1.79,0.0,2020-11-26 14:30:00+00:00
20201126:1530,0.0,0.0,0.0,0.0,21.36,1.86,0.0,2020-11-26 15:30:00+00:00
20201126:1630,0.0,0.0,0.0,0.0,20.83,1.79,0.0,2020-11-26 16:30:00+00:00
20201126:1730,0.0,0.0,0.0,0.0,20.33,1.79,0.0,2020-11-26 17:30:00+00:00
20201126:1830,0.0,0.0,0.0,0.0,19.78,1.86,0.0,2020-11-26 18:30:00+00:00
20201126:1930,0.0,0.0,0.0,0.0,19.52,1.86,0.0,2020-11-26 19:30:00+00:00
20201126:2030,0.0,0.0,0.0,0.0,19.38,1.79,0.0,2020-11-26 20:30:00+00:00
20201126:2130,0.0,0.0,0.0,0.0,19.24,1.79,0.0,2020-11-26 21:30:00+00:00
20201126:2230,0.0,0.0,0.0,0.0,19.1,1.86,0.0,2020-11-26 22:30:00+00:00
20201126:2330,0.0,0.0,0.0,0.0,18.99,2.07,0.0,2020-11-26 23:30:00+00:00
20201127:0030,0.0,0.0,0.0,-0.38,18.84,2.14,0.0,2020-11-27 00:30:00+00:00
20201127:0130,6.4,77.3,0.0,12.02,18.84,2.0,0.0,2020-11-27 01:30:00+00:00
20201127:0230,32.3,170.8,0.0,23.55,20.06,1.86,0.0,2020-11-27 02:30:00+00:00
20201127:0330,46.75,246.55,0.0,33.64,21.94,2.28,0.0,2020-11-27 03:30:00+00:00
20201127:0430,59.7,270.65,0.0,41.37,23.46,2.62,0.0,2020-11-27 04:30:00+00:00
20201127:0530,33.8,257.6,0.0,45.51,24.35,2.9,0.0,2020-11-27 05:30:00+00:00
20201127:0630,295.06,258.95,0.0,45.04,24.47,2.9,0.0,2020-11-27 06:30:00+00:00
20201127:0730,271.9,222.5,0.0,40.09,26.18,3.38,0.0,2020-11-27 07:30:00+00:00
20201127:0830,72.05,178.3,0.0,31.8,26.5,3.38,0.0,2020-11-27 08:30:00+00:00
20201127:0930,53.9,122.7,0.0,21.37,25.9,3.03,0.0,2020-11-27 09:30:00+00:00
20201127:1030,10.95,41.3,0.0,9.64,25.51,2.76,0.0,2020-11-27 10:30:00+00:00
20201127:1130,0.0,0.0,0.0,-2.9,24.28,2.62,0.0,2020-11-27 11:30:00+00:00
20201127:1230,0.0,0.0,0.0,0.0,23.14,2.48,0.0,2020-11-27 12:30:00+00:00
20201127:1330,0.0,0.0,0.0,0.0,22.48,2.34,0.0,2020-11-27 13:30:00+00:00
20201127:1430,0.0,0.0,0.0,0.0,21.74,2.14,0.0,2020-11-27 14:30:00+00:00
20201127:1530,0.0,0.0,0.0,0.0,20.93,2.14,0.0,2020-11-27 15:30:00+00:00
20201127:1630,0.0,0.0,0.0,0.0,20.08,2.34,0.0,2020-11-27 16:30:00+00:00
20201127:1730,0.0,0.0,0.0,0.0,19.62,2.48,0.0,2020-11-27 17:30:00+00:00
20201127:1830,0.0,0.0,0.0,0.0,19.28,2.55,0.0,2020-11-27 18:30:00+00:00
20201127:1930,0.0,0.0,0.0,0.0,19.95,2.69,0.0,2020-11-27 19:30:00+00:00
20201127:2030,0.0,0.0,0.0,0.0,19.75,2.69,0.0,2020-11-27 20:30:00+00:00
20201127:2130,0.0,0.0,0.0,0.0,18.86,2.48,0.0,2020-11-27 21:30:00+00:00
20201127:2230,0.0,0.0,0.0,0.0,18.13,2.34,0.0,2020-11-27 22:30:00+00:00
20201127:2330,0.0,0.0,0.0,0.0,17.57,2.21,0.0,2020-11-27 23:30:00+00:00
20201128:0030,0.0,0.0,0.0,-0.53,17.15,2.14,0.0,2020-11-28 00:30:00+00:00
20201128:0130,69.8,63.65,0.0,11.86,16.97,1.93,0.0,2020-11-28 01:30:00+00:00
20201128:0230,229.51,100.0,0.0,23.37,18.99,1.86,0.0,2020-11-28 02:30:00+00:00
20201128:0330,403.51,114.55,0.0,33.45,21.37,2.41,0.0,2020-11-28 03:30:00+00:00
20201128:0430,527.71,119.95,0.0,41.18,23.43,2.69,0.0,2020-11-28 04:30:00+00:00
20201128:0530,588.01,125.05,0.0,45.32,25.19,2.97,0.0,2020-11-28 05:30:00+00:00
20201128:0630,570.76,129.1,0.0,44.88,26.52,3.03,0.0,2020-11-28 06:30:00+00:00
20201128:0730,501.36,121.05,0.0,39.97,27.01,2.69,0.0,2020-11-28 07:30:00+00:00
20201128:0830,375.66,107.95,0.0,31.72,27.54,2.76,0.0,2020-11-28 08:30:00+00:00
20201128:0930,212.86,86.3,0.0,21.33,27.58,2.97,0.0,2020-11-28 09:30:00+00:00
20201128:1030,59.6,46.6,0.0,9.62,27.03,2.62,0.0,2020-11-28 10:30:00+00:00
20201128:1130,0.0,0.0,0.0,-2.9,25.33,2.34,0.0,2020-11-28 11:30:00+00:00
20201128:1230,0.0,0.0,0.0,0.0,23.41,2.48,0.0,2020-11-28 12:30:00+00:00
20201128:1330,0.0,0.0,0.0,0.0,22.21,2.41,0.0,2020-11-28 13:30:00+00:00
20201128:1430,0.0,0.0,0.0,0.0,21.3,2.34,0.0,2020-11-28 14:30:00+00:00
20201128:1530,0.0,0.0,0.0,0.0,20.51,2.34,0.0,2020-11-28 15:30:00+00:00
20201128:1630,0.0,0.0,0.0,0.0,19.79,2.34,0.0,2020-11-28 16:30:00+00:00
20201128:1730,0.0,0.0,0.0,0.0,19.16,2.41,0.0,2020-11-28 17:30:00+00:00
20201128:1830,0.0,0.0,0.0,0.0,18.62,2.41,0.0,2020-11-28 18:30:00+00:00
20201128:1930,0.0,0.0,0.0,0.0,18.27,2.28,0.0,2020-11-28 19:30:00+00:00
20201128:2030,0.0,0.0,0.0,0.0,17.7,2.28,0.0,2020-11-28 20:30:00+00:00
20201128:2130,0.0,0.0,0.0,0.0,17.13,2.28,0.0,2020-11-28 21:30:00+00:00
20201128:2230,0.0,0.0,0.0,0.0,16.68,2.34,0.0,2020-11-28 22:30:00+00:00
20201128:2330,0.0,0.0,0.0,0.0,16.32,2.41,0.0,2020-11-28 23:30:00+00:00
20201129:0030,0.0,0.0,0.0,-0.67,15.99,2.34,0.0,2020-11-29 00:30:00+00:00
20201129:0130,91.0,59.45,0.0,11.71,15.9,2.28,0.0,2020-11-29 01:30:00+00:00
20201129:0230,256.26,93.9,0.0,23.2,18.29,2.21,0.0,2020-11-29 02:30:00+00:00
20201129:0330,416.41,113.15,0.0,33.26,21.26,2.69,0.0,2020-11-29 03:30:00+00:00
20201129:0430,533.86,124.4,0.0,40.98,23.55,3.03,0.0,2020-11-29 04:30:00+00:00
20201129:0530,592.71,129.2,0.0,45.14,25.27,3.17,0.0,2020-11-29 05:30:00+00:00
20201129:0630,580.76,129.0,0.0,44.73,26.45,3.03,0.0,2020-11-29 06:30:00+00:00
20201129:0730,510.16,122.1,0.0,39.86,27.01,2.76,0.0,2020-11-29 07:30:00+00:00
20201129:0830,383.11,109.0,0.0,31.65,27.39,2.69,0.0,2020-11-29 08:30:00+00:00
20201129:0930,219.36,87.05,0.0,21.29,27.39,2.69,0.0,2020-11-29 09:30:00+00:00
20201129:1030,62.25,47.5,0.0,9.6,26.77,2.21,0.0,2020-11-29 10:30:00+00:00
20201129:1130,0.0,0.0,0.0,-2.89,25.08,2.07,0.0,2020-11-29 11:30:00+00:00
20201129:1230,0.0,0.0,0.0,0.0,23.02,2.41,0.0,2020-11-29 12:30:00+00:00
20201129:1330,0.0,0.0,0.0,0.0,21.5,2.41,0.0,2020-11-29 13:30:00+00:00
20201129:1430,0.0,0.0,0.0,0.0,20.35,2.34,0.0,2020-11-29 14:30:00+00:00
20201129:1530,0.0,0.0,0.0,0.0,19.41,2.34,0.0,2020-11-29 15:30:00+00:00
20201129:1630,0.0,0.0,0.0,0.0,18.53,2.34,0.0,2020-11-29 16:30:00+00:00
20201129:1730,0.0,0.0,0.0,0.0,17.82,2.41,0.0,2020-11-29 17:30:00+00:00
20201129:1830,0.0,0.0,0.0,0.0,17.25,2.41,0.0,2020-11-29 18:30:00+00:00
20201129:1930,0.0,0.0,0.0,0.0,16.87,2.14,0.0,2020-11-29 19:30:00+00:00
20201129:2030,0.0,0.0,0.0,0.0,16.24,2.21,0.0,2020-11-29 20:30:00+00:00
20201129:2130,0.0,0.0,0.0,0.0,15.72,2.21,0.0,2020-11-29 21:30:00+00:00
20201129:2230,0.0,0.0,0.0,0.0,15.31,2.28,0.0,2020-11-29 22:30:00+00:00
20201129:2330,0.0,0.0,0.0,0.0,14.94,2.21,0.0,2020-11-29 23:30:00+00:00
20201130:0030,0.0,0.0,0.0,-0.82,14.59,2.14,0.0,2020-11-30 00:30:00+00:00
20201130:0130,90.1,59.2,0.0,11.55,14.37,1.93,0.0,2020-11-30 01:30:00+00:00
20201130:0230,255.36,93.95,0.0,23.03,17.72,1.59,0.0,2020-11-30 02:30:00+00:00
20201130:0330,415.21,113.3,0.0,33.08,21.28,2.0,0.0,2020-11-30 03:30:00+00:00
20201130:0430,531.96,124.7,0.0,40.8,23.73,2.34,0.0,2020-11-30 04:30:00+00:00
20201130:0530,589.51,129.85,0.0,44.96,25.4,2.55,0.0,2020-11-30 05:30:00+00:00
20201130:0630,580.66,129.15,0.0,44.58,26.37,2.14,0.0,2020-11-30 06:30:00+00:00
20201130:0730,509.06,122.4,0.0,39.75,26.83,2.34,0.0,2020-11-30 07:30:00+00:00
20201130:0830,381.41,109.3,0.0,31.58,27.14,2.34,0.0,2020-11-30 08:30:00+00:00
20201130:0930,217.41,87.45,0.0,21.25,27.07,2.34,0.0,2020-11-30 09:30:00+00:00
20201130:1030,61.6,47.55,0.0,9.59,26.56,2.0,0.0,2020-11-30 10:30:00+00:00
20201130:1130,0.0,0.0,0.0,-2.88,25.21,1.72,0.0,2020-11-30 11:30:00+00:00
20201130:1230,0.0,0.0,0.0,0.0,23.3,1.93,0.0,2020-11-30 12:30:00+00:00
20201130:1330,0.0,0.0,0.0,0.0,21.51,1.79,0.0,2020-11-30 13:30:00+00:00
20201130:1430,0.0,0.0,0.0,0.0,19.72,1.66,0.0,2020-11-30 14:30:00+00:00
20201130:1530,0.0,0.0,0.0,0.0,18.83,1.31,0.0,2020-11-30 15:30:00+00:00
20201130:1630,0.0,0.0,0.0,0.0,19.06,1.03,0.0,2020-11-30 16:30:00+00:00
20201130:1730,0.0,0.0,0.0,0.0,19.37,0.83,0.0,2020-11-30 17:30:00+00:00
20201130:1830,0.0,0.0,0.0,0.0,17.54,1.1,0.0,2020-11-30 18:30:00+00:00
20201130:1930,0.0,0.0,0.0,0.0,15.73,1.66,0.0,2020-11-30 19:30:00+00:00
20201130:2030,0.0,0.0,0.0,0.0,15.14,1.93,0.0,2020-11-30 20:30:00+00:00
20201130:2130,0.0,0.0,0.0,0.0,14.96,2.07,0.0,2020-11-30 21:30:00+00:00
20201130:2230,0.0,0.0,0.0,0.0,14.85,2.21,0.0,2020-11-30 22:30:00+00:00
20201130:2330,0.0,0.0,0.0,0.0,14.74,2.21,0.0,2020-11-30 23:30:00+00:00
20201201:0030,0.0,0.0,0.0,-0.96,14.55,2.21,0.0,2020-12-01 00:30:00+00:00
20201201:0130,87.5,58.6,0.0,11.39,14.39,2.0,0.0,2020-12-01 01:30:00+00:00
20201201:0230,250.11,93.65,0.0,22.87,17.62,1.45,0.0,2020-12-01 02:30:00+00:00
20201201:0330,407.21,113.55,0.0,32.9,21.39,1.59,0.0,2020-12-01 03:30:00+00:00
20201201:0430,522.01,125.35,0.0,40.62,23.8,1.66,0.0,2020-12-01 04:30:00+00:00
20201201:0530,579.66,130.5,0.0,44.79,25.42,1.86,0.0,2020-12-01 05:30:00+00:00
20201201:0630,570.26,130.0,0.0,44.44,26.28,1.59,0.0,2020-12-01 06:30:00+00:00
20201201:0730,500.06,122.95,0.0,39.66,26.84,1.31,0.0,2020-12-01 07:30:00+00:00
20201201:0830,374.11,109.7,0.0,31.52,27.18,1.31,0.0,2020-12-01 08:30:00+00:00
20201201:0930,212.51,87.5,0.0,21.22,27.18,1.59,0.0,2020-12-01 09:30:00+00:00
20201201:1030,59.75,47.35,0.0,9.59,26.77,1.66,0.0,2020-12-01 10:30:00+00:00
20201201:1130,0.0,0.0,0.0,-2.87,25.55,1.59,0.0,2020-12-01 11:30:00+00:00
20201201:1230,0.0,0.0,0.0,0.0,23.73,1.66,0.0,2020-12-01 12:30:00+00:00
20201201:1330,0.0,0.0,0.0,0.0,21.71,1.45,0.0,2020-12-01 13:30:00+00:00
20201201:1430,0.0,0.0,0.0,0.0,20.49,1.1,0.0,2020-12-01 14:30:00+00:00
20201201:1530,0.0,0.0,0.0,0.0,21.1,0.62,0.0,2020-12-01 15:30:00+00:00
20201201:1630,0.0,0.0,0.0,0.0,20.53,0.21,0.0,2020-12-01 16:30:00+00:00
20201201:1730,0.0,0.0,0.0,0.0,19.95,0.48,0.0,2020-12-01 17:30:00+00:00
20201201:1830,0.0,0.0,0.0,0.0,18.37,1.03,0.0,2020-12-01 18:30:00+00:00
20201201:1930,0.0,0.0,0.0,0.0,16.14,1.79,0.0,2020-12-01 19:30:00+00:00
20201201:2030,0.0,0.0,0.0,0.0,15.85,1.93,0.0,2020-12-01 20:30:00+00:00
20201201:2130,0.0,0.0,0.0,0.0,15.59,1.93,0.0,2020-12-01 21:30:00+00:00
20201201:2230,0.0,0.0,0.0,0.0,15.33,1.93,0.0,2020-12-01 22:30:00+00:00
20201201:2330,0.0,0.0,0.0,0.0,15.1,2.0,0.0,2020-12-01 23:30:00+00:00
20201202:0030,0.0,0.0,0.0,-1.11,14.91,1.93,0.0,2020-12-02 00:30:00+00:00
20201202:0130,82.2,57.75,0.0,11.24,14.82,1.79,0.0,2020-12-02 01:30:00+00:00
20201202:0230,240.81,93.4,0.0,22.7,18.22,1.17,0.0,2020-12-02 02:30:00+00:00
20201202:0330,396.21,113.7,0.0,32.73,21.84,1.24,0.0,2020-12-02 03:30:00+00:00
20201202:0430,511.51,125.4,0.0,40.44,24.29,1.45,0.0,2020-12-02 04:30:00+00:00
20201202:0530,569.36,130.55,0.0,44.63,25.94,1.66,0.0,2020-12-02 05:30:00+00:00
20201202:0630,551.16,134.8,0.0,44.3,26.75,1.66,0.0,2020-12-02 06:30:00+00:00
20201202:0730,476.51,126.25,0.0,39.56,27.21,1.52,0.0,2020-12-02 07:30:00+00:00
20201202:0830,366.81,110.1,0.0,31.47,27.44,1.59,0.0,2020-12-02 08:30:00+00:00
20201202:0930,208.61,87.35,0.0,21.2,27.36,1.45,0.0,2020-12-02 09:30:00+00:00
20201202:1030,58.6,47.05,0.0,9.59,26.96,1.24,0.0,2020-12-02 10:30:00+00:00
20201202:1130,0.0,0.0,0.0,-2.85,25.99,0.83,0.0,2020-12-02 11:30:00+00:00
20201202:1230,0.0,0.0,0.0,0.0,24.04,0.69,0.0,2020-12-02 12:30:00+00:00
20201202:1330,0.0,0.0,0.0,0.0,23.31,0.69,0.0,2020-12-02 13:30:00+00:00
20201202:1430,0.0,0.0,0.0,0.0,22.47,0.76,0.0,2020-12-02 14:30:00+00:00
20201202:1530,0.0,0.0,0.0,0.0,21.62,0.76,0.0,2020-12-02 15:30:00+00:00
20201202:1630,0.0,0.0,0.0,0.0,20.91,0.62,0.0,2020-12-02 16:30:00+00:00
20201202:1730,0.0,0.0,0.0,0.0,20.29,0.55,0.0,2020-12-02 17:30:00+00:00
20201202:1830,0.0,0.0,0.0,0.0,19.74,0.55,0.0,2020-12-02 18:30:00+00:00
20201202:1930,0.0,0.0,0.0,0.0,19.21,0.62,0.0,2020-12-02 19:30:00+00:00
20201202:2030,0.0,0.0,0.0,0.0,18.59,0.62,0.0,2020-12-02 20:30:00+00:00
20201202:2130,0.0,0.0,0.0,0.0,18.02,0.76,0.0,2020-12-02 21:30:00+00:00
20201202:2230,0.0,0.0,0.0,0.0,17.33,0.9,0.0,2020-12-02 22:30:00+00:00
20201202:2330,0.0,0.0,0.0,0.0,15.93,1.17,0.0,2020-12-02 23:30:00+00:00
20201203:0030,0.0,0.0,0.0,-1.25,14.94,1.45,0.0,2020-12-03 00:30:00+00:00
20201203:0130,78.1,57.6,0.0,11.09,14.58,1.59,0.0,2020-12-03 01:30:00+00:00
20201203:0230,232.61,94.75,0.0,22.54,18.16,0.9,0.0,2020-12-03 02:30:00+00:00
20201203:0330,389.96,113.55,0.0,32.56,22.17,0.97,0.0,2020-12-03 03:30:00+00:00
20201203:0430,505.61,124.9,0.0,40.27,24.59,0.9,0.0,2020-12-03 04:30:00+00:00
20201203:0530,563.26,130.3,0.0,44.47,26.17,0.76,0.0,2020-12-03 05:30:00+00:00
20201203:0630,522.81,145.55,0.0,44.18,26.99,0.41,0.0,2020-12-03 06:30:00+00:00
20201203:0730,477.66,127.35,0.0,39.48,27.26,0.62,0.0,2020-12-03 07:30:00+00:00
20201203:0830,348.16,116.25,0.0,31.42,27.57,0.83,0.0,2020-12-03 08:30:00+00:00
20201203:0930,195.81,89.35,0.0,21.18,27.47,1.03,0.0,2020-12-03 09:30:00+00:00
20201203:1030,54.45,48.85,0.0,9.59,27.11,1.17,0.0,2020-12-03 10:30:00+00:00
20201203:1130,0.0,0.0,0.0,-2.83,26.15,0.97,0.0,2020-12-03 11:30:00+00:00
20201203:1230,0.0,0.0,0.0,0.0,24.04,0.9,0.0,2020-12-03 12:30:00+00:00
20201203:1330,0.0,0.0,0.0,0.0,23.27,0.69,0.0,2020-12-03 13:30:00+00:00
20201203:1430,0.0,0.0,0.0,0.0,22.65,0.48,0.0,2020-12-03 14:30:00+00:00
20201203:1530,0.0,0.0,0.0,0.0,21.93,0.48,0.0,2020-12-03 15:30:00+00:00
20201203:1630,0.0,0.0,0.0,0.0,21.21,0.55,0.0,2020-12-03 16:30:00+00:00
20201203:1730,0.0,0.0,0.0,0.0,20.52,0.69,0.0,2020-12-03 17:30:00+00:00
20201203:1830,0.0,0.0,0.0,0.0,18.93,1.03,0.0,2020-12-03 18:30:00+00:00
20201203:1930,0.0,0.0,0.0,0.0,19.06,0.83,0.0,2020-12-03 19:30:00+00:00
20201203:2030,0.0,0.0,0.0,0.0,18.44,0.83,0.0,2020-12-03 20:30:00+00:00
20201203:2130,0.0,0.0,0.0,0.0,18.14,0.62,0.0,2020-12-03 21:30:00+00:00
20201203:2230,0.0,0.0,0.0,0.0,17.65,0.69,0.0,2020-12-03 22:30:00+00:00
20201203:2330,0.0,0.0,0.0,0.0,17.24,0.76,0.0,2020-12-03 23:30:00+00:00
20201204:0030,0.0,0.0,0.0,-1.39,17.14,0.76,0.0,2020-12-04 00:30:00+00:00
20201204:0130,58.0,64.1,0.0,10.94,16.52,0.76,0.0,2020-12-04 01:30:00+00:00
20201204:0230,203.11,104.4,0.0,22.38,17.77,0.34,0.0,2020-12-04 02:30:00+00:00
20201204:0330,379.51,117.55,0.0,32.4,21.89,0.28,0.0,2020-12-04 03:30:00+00:00
20201204:0430,505.61,124.7,0.0,40.1,24.37,0.28,0.0,2020-12-04 04:30:00+00:00
20201204:0530,565.81,129.35,0.0,44.32,26.0,0.21,0.0,2020-12-04 05:30:00+00:00
20201204:0630,536.76,135.25,0.0,44.06,26.89,0.48,0.0,2020-12-04 06:30:00+00:00
20201204:0730,438.01,146.1,0.0,39.4,27.15,0.83,0.0,2020-12-04 07:30:00+00:00
20201204:0830,288.01,127.65,0.0,31.38,27.46,1.17,0.0,2020-12-04 08:30:00+00:00
20201204:0930,198.91,89.8,0.0,21.17,27.32,1.31,0.0,2020-12-04 09:30:00+00:00
20201204:1030,51.5,47.95,0.0,9.6,27.05,1.31,0.0,2020-12-04 10:30:00+00:00
20201204:1130,0.0,0.0,0.0,-2.8,26.13,0.97,0.0,2020-12-04 11:30:00+00:00
20201204:1230,0.0,0.0,0.0,0.0,24.22,1.03,0.0,2020-12-04 12:30:00+00:00
20201204:1330,0.0,0.0,0.0,0.0,22.23,1.1,0.0,2020-12-04 13:30:00+00:00
20201204:1430,0.0,0.0,0.0,0.0,20.91,1.24,0.0,2020-12-04 14:30:00+00:00
20201204:1530,0.0,0.0,0.0,0.0,20.16,1.31,0.0,2020-12-04 15:30:00+00:00
20201204:1630,0.0,0.0,0.0,0.0,19.86,1.1,0.0,2020-12-04 16:30:00+00:00
20201204:1730,0.0,0.0,0.0,0.0,20.63,0.69,0.0,2020-12-04 17:30:00+00:00
20201204:1830,0.0,0.0,0.0,0.0,20.2,0.34,0.0,2020-12-04 18:30:00+00:00
20201204:1930,0.0,0.0,0.0,0.0,19.71,0.83,0.0,2020-12-04 19:30:00+00:00
20201204:2030,0.0,0.0,0.0,0.0,18.79,0.9,0.0,2020-12-04 20:30:00+00:00
20201204:2130,0.0,0.0,0.0,0.0,17.99,0.97,0.0,2020-12-04 21:30:00+00:00
20201204:2230,0.0,0.0,0.0,0.0,17.76,0.9,0.0,2020-12-04 22:30:00+00:00
20201204:2330,0.0,0.0,0.0,0.0,17.05,0.97,0.0,2020-12-04 23:30:00+00:00
20201205:0030,0.0,0.0,0.0,-1.53,16.35,1.03,0.0,2020-12-05 00:30:00+00:00
20201205:0130,71.05,58.2,0.0,10.79,16.24,0.97,0.0,2020-12-05 01:30:00+00:00
20201205:0230,218.31,97.1,0.0,22.23,18.51,0.34,0.0,2020-12-05 02:30:00+00:00
20201205:0330,382.76,114.1,0.0,32.24,22.35,0.28,0.0,2020-12-05 03:30:00+00:00
20201205:0430,498.31,124.45,0.0,39.95,24.73,0.34,0.0,2020-12-05 04:30:00+00:00
20201205:0530,560.96,127.25,0.0,44.17,26.23,0.62,0.0,2020-12-05 05:30:00+00:00
20201205:0630,471.81,154.7,0.0,43.95,27.12,0.97,0.0,2020-12-05 06:30:00+00:00
20201205:0730,429.96,147.0,0.0,39.32,27.59,1.72,0.0,2020-12-05 07:30:00+00:00
20201205:0830,248.16,149.8,0.0,31.34,27.8,2.07,0.0,2020-12-05 08:30:00+00:00
20201205:0930,166.6,102.2,0.0,21.16,27.61,2.0,0.0,2020-12-05 09:30:00+00:00
20201205:1030,54.95,48.0,0.0,9.62,27.22,1.59,0.0,2020-12-05 10:30:00+00:00
20201205:1130,0.0,0.0,0.0,-2.77,26.19,1.24,0.0,2020-12-05 11:30:00+00:00
20201205:1230,0.0,0.0,0.0,0.0,24.34,1.45,0.0,2020-12-05 12:30:00+00:00
20201205:1330,0.0,0.0,0.0,0.0,22.55,1.79,0.0,2020-12-05 13:30:00+00:00
20201205:1430,0.0,0.0,0.0,0.0,21.23,2.0,0.0,2020-12-05 14:30:00+00:00
20201205:1530,0.0,0.0,0.0,0.0,20.15,2.0,0.0,2020-12-05 15:30:00+00:00
20201205:1630,0.0,0.0,0.0,0.0,19.13,1.72,0.0,2020-12-05 16:30:00+00:00
20201205:1730,0.0,0.0,0.0,0.0,18.31,1.38,0.0,2020-12-05 17:30:00+00:00
20201205:1830,0.0,0.0,0.0,0.0,18.21,1.03,0.0,2020-12-05 18:30:00+00:00
20201205:1930,0.0,0.0,0.0,0.0,17.22,1.45,0.0,2020-12-05 19:30:00+00:00
20201205:2030,0.0,0.0,0.0,0.0,17.43,1.17,0.0,2020-12-05 20:30:00+00:00
20201205:2130,0.0,0.0,0.0,0.0,18.55,0.69,0.0,2020-12-05 21:30:00+00:00
20201205:2230,0.0,0.0,0.0,0.0,18.15,0.69,0.0,2020-12-05 22:30:00+00:00
20201205:2330,0.0,0.0,0.0,0.0,15.9,1.38,0.0,2020-12-05 23:30:00+00:00
20201206:0030,0.0,0.0,0.0,-1.66,15.19,1.66,0.0,2020-12-06 00:30:00+00:00
20201206:0130,72.95,55.65,0.0,10.65,15.07,1.59,0.0,2020-12-06 01:30:00+00:00
20201206:0230,226.56,93.15,0.0,22.08,18.51,0.83,0.0,2020-12-06 02:30:00+00:00
20201206:0330,379.66,115.55,0.0,32.08,22.59,0.76,0.0,2020-12-06 03:30:00+00:00
20201206:0430,502.01,123.7,0.0,39.79,25.02,0.69,0.0,2020-12-06 04:30:00+00:00
20201206:0530,561.71,128.95,0.0,44.04,26.45,0.41,0.0,2020-12-06 05:30:00+00:00
20201206:0630,550.26,131.45,0.0,43.84,27.19,0.62,0.0,2020-12-06 06:30:00+00:00
20201206:0730,462.71,135.0,0.0,39.26,27.53,1.03,0.0,2020-12-06 07:30:00+00:00
20201206:0830,352.41,111.1,0.0,31.31,27.78,1.38,0.0,2020-12-06 08:30:00+00:00
20201206:0930,197.06,89.85,0.0,21.16,27.73,1.45,0.0,2020-12-06 09:30:00+00:00
20201206:1030,58.75,47.25,0.0,9.64,27.33,1.24,0.0,2020-12-06 10:30:00+00:00
20201206:1130,0.0,0.0,0.0,-2.73,26.39,0.83,0.0,2020-12-06 11:30:00+00:00
20201206:1230,0.0,0.0,0.0,0.0,24.38,0.83,0.0,2020-12-06 12:30:00+00:00
20201206:1330,0.0,0.0,0.0,0.0,23.47,0.69,0.0,2020-12-06 13:30:00+00:00
20201206:1430,0.0,0.0,0.0,0.0,22.8,0.55,0.0,2020-12-06 14:30:00+00:00
20201206:1530,0.0,0.0,0.0,0.0,22.0,0.55,0.0,2020-12-06 15:30:00+00:00
20201206:1630,0.0,0.0,0.0,0.0,21.3,0.41,0.0,2020-12-06 16:30:00+00:00
20201206:1730,0.0,0.0,0.0,0.0,20.61,0.41,0.0,2020-12-06 17:30:00+00:00
20201206:1830,0.0,0.0,0.0,0.0,19.98,0.14,0.0,2020-12-06 18:30:00+00:00
20201206:1930,0.0,0.0,0.0,0.0,19.53,0.14,0.0,2020-12-06 19:30:00+00:00
20201206:2030,0.0,0.0,0.0,0.0,19.01,0.28,0.0,2020-12-06 20:30:00+00:00
20201206:2130,0.0,0.0,0.0,0.0,18.42,0.48,0.0,2020-12-06 21:30:00+00:00
20201206:2230,0.0,0.0,0.0,0.0,17.89,0.62,0.0,2020-12-06 22:30:00+00:00
20201206:2330,0.0,0.0,0.0,0.0,17.51,0.62,0.0,2020-12-06 23:30:00+00:00
20201207:0030,0.0,0.0,0.0,-1.8,17.24,0.48,0.0,2020-12-07 00:30:00+00:00
20201207:0130,68.3,56.05,0.0,10.51,17.03,0.48,0.0,2020-12-07 01:30:00+00:00
20201207:0230,221.76,93.6,0.0,21.93,18.17,0.21,0.0,2020-12-07 02:30:00+00:00
20201207:0330,378.91,112.7,0.0,31.93,22.3,0.28,0.0,2020-12-07 03:30:00+00:00
20201207:0430,500.26,122.5,0.0,39.64,24.83,0.48,0.0,2020-12-07 04:30:00+00:00
20201207:0530,559.41,128.0,0.0,43.9,26.35,0.55,0.0,2020-12-07 05:30:00+00:00
20201207:0630,552.71,128.1,0.0,43.74,27.31,0.83,0.0,2020-12-07 06:30:00+00:00
20201207:0730,485.76,121.4,0.0,39.2,27.75,1.1,0.0,2020-12-07 07:30:00+00:00
20201207:0830,365.31,109.05,0.0,31.29,28.06,1.31,0.0,2020-12-07 08:30:00+00:00
20201207:0930,204.31,88.7,0.0,21.16,28.03,1.45,0.0,2020-12-07 09:30:00+00:00
20201207:1030,59.7,47.25,0.0,9.66,27.61,1.38,0.0,2020-12-07 10:30:00+00:00
20201207:1130,0.0,0.0,0.0,-2.69,26.54,1.38,0.0,2020-12-07 11:30:00+00:00
20201207:1230,0.0,0.0,0.0,0.0,24.77,1.79,0.0,2020-12-07 12:30:00+00:00
20201207:1330,0.0,0.0,0.0,0.0,23.13,2.07,0.0,2020-12-07 13:30:00+00:00
20201207:1430,0.0,0.0,0.0,0.0,21.9,2.0,0.0,2020-12-07 14:30:00+00:00
20201207:1530,0.0,0.0,0.0,0.0,20.97,2.0,0.0,2020-12-07 15:30:00+00:00
20201207:1630,0.0,0.0,0.0,0.0,20.11,1.93,0.0,2020-12-07 16:30:00+00:00
20201207:1730,0.0,0.0,0.0,0.0,19.38,1.93,0.0,2020-12-07 17:30:00+00:00
20201207:1830,0.0,0.0,0.0,0.0,18.72,2.0,0.0,2020-12-07 18:30:00+00:00
20201207:1930,0.0,0.0,0.0,0.0,18.17,1.93,0.0,2020-12-07 19:30:00+00:00
20201207:2030,0.0,0.0,0.0,0.0,17.7,1.93,0.0,2020-12-07 20:30:00+00:00
20201207:2130,0.0,0.0,0.0,0.0,17.3,1.86,0.0,2020-12-07 21:30:00+00:00
20201207:2230,0.0,0.0,0.0,0.0,16.93,1.79,0.0,2020-12-07 22:30:00+00:00
20201207:2330,0.0,0.0,0.0,0.0,16.58,1.79,0.0,2020-12-07 23:30:00+00:00
20201208:0030,0.0,0.0,0.0,-1.93,16.23,1.66,0.0,2020-12-08 00:30:00+00:00
20201208:0130,69.65,54.1,0.0,10.37,15.98,1.59,0.0,2020-12-08 01:30:00+00:00
20201208:0230,218.61,92.65,0.0,21.78,18.81,0.97,0.0,2020-12-08 02:30:00+00:00
20201208:0330,374.11,110.55,0.0,31.78,22.21,1.03,0.0,2020-12-08 03:30:00+00:00
20201208:0430,491.21,124.1,0.0,39.5,24.57,1.03,0.0,2020-12-08 04:30:00+00:00
20201208:0530,550.16,129.8,0.0,43.78,25.97,1.1,0.0,2020-12-08 05:30:00+00:00
20201208:0630,360.56,152.6,0.0,43.65,26.82,1.31,0.0,2020-12-08 06:30:00+00:00
20201208:0730,276.66,169.95,0.0,39.15,26.5,1.66,0.0,2020-12-08 07:30:00+00:00
20201208:0830,172.75,149.95,0.0,31.27,26.78,2.0,0.0,2020-12-08 08:30:00+00:00
20201208:0930,112.95,95.95,0.0,21.17,26.69,2.0,0.0,2020-12-08 09:30:00+00:00
20201208:1030,46.5,48.95,0.0,9.69,26.3,1.93,0.0,2020-12-08 10:30:00+00:00
20201208:1130,0.0,0.0,0.0,-2.65,25.37,1.66,0.0,2020-12-08 11:30:00+00:00
20201208:1230,0.0,0.0,0.0,0.0,23.83,2.0,0.0,2020-12-08 12:30:00+00:00
20201208:1330,0.0,0.0,0.0,0.0,22.66,2.0,0.0,2020-12-08 13:30:00+00:00
20201208:1430,0.0,0.0,0.0,0.0,21.74,2.0,0.0,2020-12-08 14:30:00+00:00
20201208:1530,0.0,0.0,0.0,0.0,20.96,2.0,0.0,2020-12-08 15:30:00+00:00
20201208:1630,0.0,0.0,0.0,0.0,20.49,1.93,0.0,2020-12-08 16:30:00+00:00
20201208:1730,0.0,0.0,0.0,0.0,19.84,2.07,0.0,2020-12-08 17:30:00+00:00
20201208:1830,0.0,0.0,0.0,0.0,19.26,2.07,0.0,2020-12-08 18:30:00+00:00
20201208:1930,0.0,0.0,0.0,0.0,18.76,1.79,0.0,2020-12-08 19:30:00+00:00
20201208:2030,0.0,0.0,0.0,0.0,18.08,1.79,0.0,2020-12-08 20:30:00+00:00
20201208:2130,0.0,0.0,0.0,0.0,17.43,1.79,0.0,2020-12-08 21:30:00+00:00
20201208:2230,0.0,0.0,0.0,0.0,16.86,1.66,0.0,2020-12-08 22:30:00+00:00
20201208:2330,0.0,0.0,0.0,0.0,16.32,1.59,0.0,2020-12-08 23:30:00+00:00
20201209:0030,0.0,0.0,0.0,-2.07,15.77,1.45,0.0,2020-12-09 00:30:00+00:00
20201209:0130,69.3,53.65,0.0,10.23,15.62,1.31,0.0,2020-12-09 01:30:00+00:00
20201209:0230,220.06,91.6,0.0,21.64,18.33,0.69,0.0,2020-12-09 02:30:00+00:00
20201209:0330,377.71,111.85,0.0,31.64,21.65,0.9,0.0,2020-12-09 03:30:00+00:00
20201209:0430,491.26,120.5,0.0,39.37,23.73,1.17,0.0,2020-12-09 04:30:00+00:00
20201209:0530,559.11,127.95,0.0,43.66,25.06,1.66,0.0,2020-12-09 05:30:00+00:00
20201209:0630,361.51,190.8,0.0,43.57,25.96,2.28,0.0,2020-12-09 06:30:00+00:00
20201209:0730,242.5,200.6,0.0,39.1,25.7,2.62,0.0,2020-12-09 07:30:00+00:00
20201209:0830,169.05,154.95,0.0,31.26,25.65,2.55,0.0,2020-12-09 08:30:00+00:00
20201209:0930,95.05,107.25,0.0,21.19,25.46,2.62,0.0,2020-12-09 09:30:00+00:00
20201209:1030,30.55,53.35,0.0,9.73,25.02,2.55,0.0,2020-12-09 10:30:00+00:00
20201209:1130,0.0,0.0,0.0,-2.6,23.94,1.93,0.0,2020-12-09 11:30:00+00:00
20201209:1230,0.0,0.0,0.0,0.0,22.6,1.93,0.0,2020-12-09 12:30:00+00:00
20201209:1330,0.0,0.0,0.0,0.0,21.72,1.86,0.0,2020-12-09 13:30:00+00:00
20201209:1430,0.0,0.0,0.0,0.0,20.95,1.79,0.0,2020-12-09 14:30:00+00:00
20201209:1530,0.0,0.0,0.0,0.0,20.44,1.59,0.0,2020-12-09 15:30:00+00:00
20201209:1630,0.0,0.0,0.0,0.0,19.41,1.52,0.0,2020-12-09 16:30:00+00:00
20201209:1730,0.0,0.0,0.0,0.0,18.57,1.45,0.0,2020-12-09 17:30:00+00:00
20201209:1830,0.0,0.0,0.0,0.0,17.95,1.45,0.0,2020-12-09 18:30:00+00:00
20201209:1930,0.0,0.0,0.0,0.0,18.17,1.1,0.0,2020-12-09 19:30:00+00:00
20201209:2030,0.0,0.0,0.0,0.0,17.13,1.38,0.0,2020-12-09 20:30:00+00:00
20201209:2130,0.0,0.0,0.0,0.0,16.65,1.66,0.0,2020-12-09 21:30:00+00:00
20201209:2230,0.0,0.0,0.0,0.0,16.09,1.72,0.0,2020-12-09 22:30:00+00:00
20201209:2330,0.0,0.0,0.0,0.0,15.7,1.66,0.0,2020-12-09 23:30:00+00:00
20201210:0030,0.0,0.0,0.0,-2.2,15.64,1.38,0.0,2020-12-10 00:30:00+00:00
20201210:0130,68.1,53.25,0.0,10.1,15.79,1.17,0.0,2020-12-10 01:30:00+00:00
20201210:0230,221.86,90.3,0.0,21.51,18.09,0.55,0.0,2020-12-10 02:30:00+00:00
20201210:0330,368.26,115.85,0.0,31.5,21.89,0.62,0.0,2020-12-10 03:30:00+00:00
20201210:0430,494.76,122.9,0.0,39.24,23.99,0.9,0.0,2020-12-10 04:30:00+00:00
20201210:0530,528.11,131.3,0.0,43.55,25.15,1.24,0.0,2020-12-10 05:30:00+00:00
20201210:0630,335.66,187.45,0.0,43.49,25.86,1.72,0.0,2020-12-10 06:30:00+00:00
20201210:0730,176.95,209.15,0.0,39.06,26.04,2.55,0.0,2020-12-10 07:30:00+00:00
20201210:0830,126.5,190.5,0.0,31.25,26.03,2.55,0.0,2020-12-10 08:30:00+00:00
20201210:0930,84.05,116.2,0.0,21.21,26.08,2.48,0.0,2020-12-10 09:30:00+00:00
20201210:1030,35.05,54.15,0.0,9.76,25.67,2.07,0.0,2020-12-10 10:30:00+00:00
20201210:1130,0.0,0.0,0.0,-2.55,24.68,1.59,0.0,2020-12-10 11:30:00+00:00
20201210:1230,0.0,0.0,0.0,0.0,23.33,1.86,0.0,2020-12-10 12:30:00+00:00
20201210:1330,0.0,0.0,0.0,0.0,22.12,1.72,0.0,2020-12-10 13:30:00+00:00
20201210:1430,0.0,0.0,0.0,0.0,21.07,1.52,0.0,2020-12-10 14:30:00+00:00
20201210:1530,0.0,0.0,0.0,0.0,19.93,0.97,0.0,2020-12-10 15:30:00+00:00
20201210:1630,0.0,0.0,0.0,0.0,20.23,0.41,0.0,2020-12-10 16:30:00+00:00
20201210:1730,0.0,0.0,0.0,0.0,19.73,0.0,0.0,2020-12-10 17:30:00+00:00
20201210:1830,0.0,0.0,0.0,0.0,19.26,0.07,0.0,2020-12-10 18:30:00+00:00
20201210:1930,0.0,0.0,0.0,0.0,16.45,1.24,0.0,2020-12-10 19:30:00+00:00
20201210:2030,0.0,0.0,0.0,0.0,15.94,1.52,0.0,2020-12-10 20:30:00+00:00
20201210:2130,0.0,0.0,0.0,0.0,15.55,1.59,0.0,2020-12-10 21:30:00+00:00
20201210:2230,0.0,0.0,0.0,0.0,15.23,1.59,0.0,2020-12-10 22:30:00+00:00
20201210:2330,0.0,0.0,0.0,0.0,15.01,1.45,0.0,2020-12-10 23:30:00+00:00
20201211:0030,0.0,0.0,0.0,-2.32,14.93,1.31,0.0,2020-12-11 00:30:00+00:00
20201211:0130,67.5,51.8,0.0,9.96,14.93,1.24,0.0,2020-12-11 01:30:00+00:00
20201211:0230,218.46,89.6,0.0,21.37,17.65,0.55,0.0,2020-12-11 02:30:00+00:00
20201211:0330,372.01,111.1,0.0,31.37,21.41,0.62,0.0,2020-12-11 03:30:00+00:00
20201211:0430,488.21,123.4,0.0,39.11,23.61,0.83,0.0,2020-12-11 04:30:00+00:00
20201211:0530,550.11,128.5,0.0,43.45,24.91,1.1,0.0,2020-12-11 05:30:00+00:00
20201211:0630,388.16,174.7,0.0,43.42,25.74,1.59,0.0,2020-12-11 06:30:00+00:00
20201211:0730,183.75,238.45,0.0,39.03,25.3,2.07,0.0,2020-12-11 07:30:00+00:00
20201211:0830,194.25,173.3,0.0,31.25,25.41,2.34,0.0,2020-12-11 08:30:00+00:00
20201211:0930,135.95,118.25,0.0,21.23,25.38,2.41,0.0,2020-12-11 09:30:00+00:00
20201211:1030,42.8,51.0,0.0,9.81,24.93,2.41,0.0,2020-12-11 10:30:00+00:00
20201211:1130,0.0,0.0,0.0,-2.49,23.74,1.93,0.0,2020-12-11 11:30:00+00:00
20201211:1230,0.0,0.0,0.0,0.0,22.16,2.21,0.0,2020-12-11 12:30:00+00:00
20201211:1330,0.0,0.0,0.0,0.0,21.26,2.21,0.0,2020-12-11 13:30:00+00:00
20201211:1430,0.0,0.0,0.0,0.0,20.53,2.14,0.0,2020-12-11 14:30:00+00:00
20201211:1530,0.0,0.0,0.0,0.0,19.85,2.07,0.0,2020-12-11 15:30:00+00:00
20201211:1630,0.0,0.0,0.0,0.0,19.17,2.0,0.0,2020-12-11 16:30:00+00:00
20201211:1730,0.0,0.0,0.0,0.0,18.58,1.86,0.0,2020-12-11 17:30:00+00:00
20201211:1830,0.0,0.0,0.0,0.0,17.85,1.72,0.0,2020-12-11 18:30:00+00:00
20201211:1930,0.0,0.0,0.0,0.0,16.88,1.24,0.0,2020-12-11 19:30:00+00:00
20201211:2030,0.0,0.0,0.0,0.0,16.52,1.17,0.0,2020-12-11 20:30:00+00:00
20201211:2130,0.0,0.0,0.0,0.0,16.11,1.17,0.0,2020-12-11 21:30:00+00:00
20201211:2230,0.0,0.0,0.0,0.0,15.67,1.17,0.0,2020-12-11 22:30:00+00:00
20201211:2330,0.0,0.0,0.0,0.0,15.07,1.31,0.0,2020-12-11 23:30:00+00:00
20201212:0030,0.0,0.0,0.0,-2.45,14.57,1.45,0.0,2020-12-12 00:30:00+00:00
20201212:0130,66.3,50.7,0.0,9.84,14.38,1.59,0.0,2020-12-12 01:30:00+00:00
20201212:0230,216.16,88.75,0.0,21.24,17.42,0.9,0.0,2020-12-12 02:30:00+00:00
20201212:0330,369.76,110.1,0.0,31.24,21.07,1.1,0.0,2020-12-12 03:30:00+00:00
20201212:0430,486.41,122.25,0.0,39.0,23.12,1.59,0.0,2020-12-12 04:30:00+00:00
20201212:0530,548.81,127.0,0.0,43.36,24.39,2.07,0.0,2020-12-12 05:30:00+00:00
20201212:0630,465.26,166.3,0.0,43.36,25.23,2.07,0.0,2020-12-12 06:30:00+00:00
20201212:0730,413.66,150.1,0.0,39.01,25.05,2.14,0.0,2020-12-12 07:30:00+00:00
20201212:0830,343.86,109.85,0.0,31.26,25.29,2.14,0.0,2020-12-12 08:30:00+00:00
20201212:0930,179.11,95.65,0.0,21.26,25.38,2.9,0.0,2020-12-12 09:30:00+00:00
20201212:1030,56.5,48.6,0.0,9.86,24.94,3.17,0.0,2020-12-12 10:30:00+00:00
20201212:1130,0.0,0.0,0.0,-2.43,23.76,2.55,0.0,2020-12-12 11:30:00+00:00
20201212:1230,0.0,0.0,0.0,0.0,22.14,2.28,0.0,2020-12-12 12:30:00+00:00
20201212:1330,0.0,0.0,0.0,0.0,21.04,2.07,0.0,2020-12-12 13:30:00+00:00
20201212:1430,0.0,0.0,0.0,0.0,20.26,1.66,0.0,2020-12-12 14:30:00+00:00
20201212:1530,0.0,0.0,0.0,0.0,19.25,1.17,0.0,2020-12-12 15:30:00+00:00
20201212:1630,0.0,0.0,0.0,0.0,18.26,1.17,0.0,2020-12-12 16:30:00+00:00
20201212:1730,0.0,0.0,0.0,0.0,17.69,1.17,0.0,2020-12-12 17:30:00+00:00
20201212:1830,0.0,0.0,0.0,0.0,17.76,0.9,0.0,2020-12-12 18:30:00+00:00
20201212:1930,0.0,0.0,0.0,0.0,17.82,0.69,0.0,2020-12-12 19:30:00+00:00
20201212:2030,0.0,0.0,0.0,0.0,17.59,0.48,0.0,2020-12-12 20:30:00+00:00
20201212:2130,0.0,0.0,0.0,0.0,17.34,0.07,0.0,2020-12-12 21:30:00+00:00
20201212:2230,0.0,0.0,0.0,0.0,17.13,0.41,0.0,2020-12-12 22:30:00+00:00
20201212:2330,0.0,0.0,0.0,0.0,16.66,0.76,0.0,2020-12-12 23:30:00+00:00
20201213:0030,0.0,0.0,0.0,-2.57,15.88,0.97,0.0,2020-12-13 00:30:00+00:00
20201213:0130,62.3,49.6,0.0,9.71,15.84,0.9,0.0,2020-12-13 01:30:00+00:00
20201213:0230,208.01,87.75,0.0,21.12,18.03,0.41,0.0,2020-12-13 02:30:00+00:00
20201213:0330,360.91,108.8,0.0,31.12,21.67,0.41,0.0,2020-12-13 03:30:00+00:00
20201213:0430,468.16,123.45,0.0,38.88,23.77,0.97,0.0,2020-12-13 04:30:00+00:00
20201213:0530,520.66,135.2,0.0,43.27,25.14,1.72,0.0,2020-12-13 05:30:00+00:00
20201213:0630,469.46,149.1,0.0,43.31,26.06,2.0,0.0,2020-12-13 06:30:00+00:00
20201213:0730,329.06,165.95,0.0,38.99,26.1,2.48,0.0,2020-12-13 07:30:00+00:00
20201213:0830,331.56,118.1,0.0,31.27,26.17,2.83,0.0,2020-12-13 08:30:00+00:00
20201213:0930,192.36,90.1,0.0,21.3,26.12,2.48,0.0,2020-12-13 09:30:00+00:00
20201213:1030,58.05,48.45,0.0,9.91,25.66,2.55,0.0,2020-12-13 10:30:00+00:00
20201213:1130,0.0,0.0,0.0,-2.36,24.39,1.93,0.0,2020-12-13 11:30:00+00:00
20201213:1230,0.0,0.0,0.0,0.0,22.77,2.07,0.0,2020-12-13 12:30:00+00:00
20201213:1330,0.0,0.0,0.0,0.0,21.86,1.93,0.0,2020-12-13 13:30:00+00:00
20201213:1430,0.0,0.0,0.0,0.0,21.01,2.07,0.0,2020-12-13 14:30:00+00:00
20201213:1530,0.0,0.0,0.0,0.0,20.26,2.14,0.0,2020-12-13 15:30:00+00:00
20201213:1630,0.0,0.0,0.0,0.0,19.69,2.07,0.0,2020-12-13 16:30:00+00:00
20201213:1730,0.0,0.0,0.0,0.0,19.16,1.86,0.0,2020-12-13 17:30:00+00:00
20201213:1830,0.0,0.0,0.0,0.0,18.68,1.66,0.0,2020-12-13 18:30:00+00:00
20201213:1930,0.0,0.0,0.0,0.0,18.25,1.66,0.0,2020-12-13 19:30:00+00:00
20201213:2030,0.0,0.0,0.0,0.0,17.82,1.72,0.0,2020-12-13 20:30:00+00:00
20201213:2130,0.0,0.0,0.0,0.0,17.47,1.66,0.0,2020-12-13 21:30:00+00:00
20201213:2230,0.0,0.0,0.0,0.0,17.03,1.52,0.0,2020-12-13 22:30:00+00:00
20201213:2330,0.0,0.0,0.0,0.0,16.57,1.31,0.0,2020-12-13 23:30:00+00:00
20201214:0030,0.0,0.0,0.0,-2.69,16.65,0.97,0.0,2020-12-14 00:30:00+00:00
20201214:0130,61.15,49.35,0.0,9.59,16.99,0.76,0.0,2020-12-14 01:30:00+00:00
20201214:0230,205.61,88.45,0.0,20.99,18.42,0.41,0.0,2020-12-14 02:30:00+00:00
20201214:0330,358.86,109.4,0.0,31.0,21.6,0.69,0.0,2020-12-14 03:30:00+00:00
20201214:0430,476.56,121.5,0.0,38.78,23.68,1.24,0.0,2020-12-14 04:30:00+00:00
20201214:0530,531.61,132.5,0.0,43.19,24.97,1.86,0.0,2020-12-14 05:30:00+00:00
20201214:0630,446.81,147.8,0.0,43.26,25.84,2.21,0.0,2020-12-14 06:30:00+00:00
20201214:0730,453.06,130.85,0.0,38.98,26.03,2.83,0.0,2020-12-14 07:30:00+00:00
20201214:0830,323.31,126.75,0.0,31.29,26.45,3.1,0.0,2020-12-14 08:30:00+00:00
20201214:0930,207.56,86.5,0.0,21.34,26.42,3.24,0.0,2020-12-14 09:30:00+00:00
20201214:1030,61.65,48.2,0.0,9.97,25.95,2.97,0.0,2020-12-14 10:30:00+00:00
20201214:1130,0.0,0.0,0.0,-2.29,24.61,2.0,0.0,2020-12-14 11:30:00+00:00
20201214:1230,0.0,0.0,0.0,0.0,22.97,2.07,0.0,2020-12-14 12:30:00+00:00
20201214:1330,0.0,0.0,0.0,0.0,21.8,2.0,0.0,2020-12-14 13:30:00+00:00
20201214:1430,0.0,0.0,0.0,0.0,20.95,1.93,0.0,2020-12-14 14:30:00+00:00
20201214:1530,0.0,0.0,0.0,0.0,20.24,1.86,0.0,2020-12-14 15:30:00+00:00
20201214:1630,0.0,0.0,0.0,0.0,19.56,1.86,0.0,2020-12-14 16:30:00+00:00
20201214:1730,0.0,0.0,0.0,0.0,18.97,1.79,0.0,2020-12-14 17:30:00+00:00
20201214:1830,0.0,0.0,0.0,0.0,18.44,1.79,0.0,2020-12-14 18:30:00+00:00
20201214:1930,0.0,0.0,0.0,0.0,17.98,1.93,0.0,2020-12-14 19:30:00+00:00
20201214:2030,0.0,0.0,0.0,0.0,17.74,1.93,0.0,2020-12-14 20:30:00+00:00
20201214:2130,0.0,0.0,0.0,0.0,17.51,2.07,0.0,2020-12-14 21:30:00+00:00
20201214:2230,0.0,0.0,0.0,0.0,17.4,2.07,0.0,2020-12-14 22:30:00+00:00
20201214:2330,0.0,0.0,0.0,0.0,17.46,2.0,0.0,2020-12-14 23:30:00+00:00
20201215:0030,0.0,0.0,0.0,-2.81,17.93,1.86,0.0,2020-12-15 00:30:00+00:00
20201215:0130,58.2,48.4,0.0,9.47,17.87,1.79,0.0,2020-12-15 01:30:00+00:00
20201215:0230,206.01,86.7,0.0,20.88,19.19,1.66,0.0,2020-12-15 02:30:00+00:00
20201215:0330,359.21,107.05,0.0,30.89,21.6,2.14,0.0,2020-12-15 03:30:00+00:00
20201215:0430,469.11,123.6,0.0,38.68,23.57,2.62,0.0,2020-12-15 04:30:00+00:00
20201215:0530,512.91,134.2,0.0,43.11,25.0,2.76,0.0,2020-12-15 05:30:00+00:00
20201215:0630,484.81,140.4,0.0,43.22,25.94,2.69,0.0,2020-12-15 06:30:00+00:00
20201215:0730,408.51,135.15,0.0,38.97,25.94,2.41,0.0,2020-12-15 07:30:00+00:00
20201215:0830,275.81,134.0,0.0,31.32,26.22,2.69,0.0,2020-12-15 08:30:00+00:00
20201215:0930,144.55,86.7,0.0,21.38,26.07,2.97,0.0,2020-12-15 09:30:00+00:00
20201215:1030,57.15,48.55,0.0,10.03,25.49,2.83,0.0,2020-12-15 10:30:00+00:00
20201215:1130,0.0,0.0,0.0,-2.22,24.36,2.28,0.0,2020-12-15 11:30:00+00:00
20201215:1230,0.0,0.0,0.0,0.0,22.75,2.28,0.0,2020-12-15 12:30:00+00:00
20201215:1330,0.0,0.0,0.0,0.0,21.77,2.14,0.0,2020-12-15 13:30:00+00:00
20201215:1430,0.0,0.0,0.0,0.0,21.09,1.86,0.0,2020-12-15 14:30:00+00:00
20201215:1530,0.0,0.0,0.0,0.0,20.49,1.86,0.0,2020-12-15 15:30:00+00:00
20201215:1630,0.0,0.0,0.0,0.0,20.03,1.72,0.0,2020-12-15 16:30:00+00:00
20201215:1730,0.0,0.0,0.0,0.0,19.63,1.59,0.0,2020-12-15 17:30:00+00:00
20201215:1830,0.0,0.0,0.0,0.0,19.07,1.66,0.0,2020-12-15 18:30:00+00:00
20201215:1930,0.0,0.0,0.0,0.0,18.29,1.52,0.0,2020-12-15 19:30:00+00:00
20201215:2030,0.0,0.0,0.0,0.0,17.9,1.86,0.0,2020-12-15 20:30:00+00:00
20201215:2130,0.0,0.0,0.0,0.0,17.72,2.07,0.0,2020-12-15 21:30:00+00:00
20201215:2230,0.0,0.0,0.0,0.0,17.83,2.14,0.0,2020-12-15 22:30:00+00:00
20201215:2330,0.0,0.0,0.0,0.0,17.59,2.28,0.0,2020-12-15 23:30:00+00:00
20201216:0030,0.0,0.0,0.0,-2.93,17.4,2.21,0.0,2020-12-16 00:30:00+00:00
20201216:0130,57.0,47.15,0.0,9.35,17.37,2.07,0.0,2020-12-16 01:30:00+00:00
20201216:0230,204.31,86.4,0.0,20.76,18.86,1.72,0.0,2020-12-16 02:30:00+00:00
20201216:0330,357.71,106.85,0.0,30.79,21.32,1.93,0.0,2020-12-16 03:30:00+00:00
20201216:0430,474.21,119.8,0.0,38.59,23.3,2.14,0.0,2020-12-16 04:30:00+00:00
20201216:0530,536.46,125.9,0.0,43.05,24.66,2.07,0.0,2020-12-16 05:30:00+00:00
20201216:0630,534.31,127.1,0.0,43.19,25.68,1.93,0.0,2020-12-16 06:30:00+00:00
20201216:0730,474.11,120.9,0.0,38.98,26.24,2.21,0.0,2020-12-16 07:30:00+00:00
20201216:0830,359.31,108.2,0.0,31.35,26.62,2.55,0.0,2020-12-16 08:30:00+00:00
20201216:0930,208.81,86.8,0.0,21.44,26.56,2.76,0.0,2020-12-16 09:30:00+00:00
20201216:1030,62.7,48.8,0.0,10.09,26.08,2.55,0.0,2020-12-16 10:30:00+00:00
20201216:1130,0.0,0.0,0.0,-2.15,24.78,1.86,0.0,2020-12-16 11:30:00+00:00
20201216:1230,0.0,0.0,0.0,0.0,23.08,2.14,0.0,2020-12-16 12:30:00+00:00
20201216:1330,0.0,0.0,0.0,0.0,21.91,2.07,0.0,2020-12-16 13:30:00+00:00
20201216:1430,0.0,0.0,0.0,0.0,21.06,2.0,0.0,2020-12-16 14:30:00+00:00
20201216:1530,0.0,0.0,0.0,0.0,20.35,1.86,0.0,2020-12-16 15:30:00+00:00
20201216:1630,0.0,0.0,0.0,0.0,19.73,1.66,0.0,2020-12-16 16:30:00+00:00
20201216:1730,0.0,0.0,0.0,0.0,18.87,1.45,0.0,2020-12-16 17:30:00+00:00
20201216:1830,0.0,0.0,0.0,0.0,17.99,1.45,0.0,2020-12-16 18:30:00+00:00
20201216:1930,0.0,0.0,0.0,0.0,19.17,0.69,0.0,2020-12-16 19:30:00+00:00
20201216:2030,0.0,0.0,0.0,0.0,16.94,1.66,0.0,2020-12-16 20:30:00+00:00
20201216:2130,0.0,0.0,0.0,0.0,16.98,2.0,0.0,2020-12-16 21:30:00+00:00
20201216:2230,0.0,0.0,0.0,0.0,17.02,2.41,0.0,2020-12-16 22:30:00+00:00
20201216:2330,0.0,0.0,0.0,0.0,16.95,2.55,0.0,2020-12-16 23:30:00+00:00
20201217:0030,0.0,0.0,0.0,-3.04,16.72,2.41,0.0,2020-12-17 00:30:00+00:00
20201217:0130,59.6,47.85,0.0,9.24,16.46,2.21,0.0,2020-12-17 01:30:00+00:00
20201217:0230,204.96,87.55,0.0,20.66,17.93,2.07,0.0,2020-12-17 02:30:00+00:00
20201217:0330,357.46,109.65,0.0,30.69,20.13,2.55,0.0,2020-12-17 03:30:00+00:00
20201217:0430,476.21,122.05,0.0,38.5,22.03,2.76,0.0,2020-12-17 04:30:00+00:00
20201217:0530,541.16,127.65,0.0,42.99,23.6,2.83,0.0,2020-12-17 05:30:00+00:00
20201217:0630,536.66,127.85,0.0,43.16,24.73,2.9,0.0,2020-12-17 06:30:00+00:00
20201217:0730,478.51,121.9,0.0,38.99,25.26,2.34,0.0,2020-12-17 07:30:00+00:00
20201217:0830,359.46,111.35,0.0,31.38,25.69,2.48,0.0,2020-12-17 08:30:00+00:00
20201217:0930,204.96,89.0,0.0,21.49,25.65,2.48,0.0,2020-12-17 09:30:00+00:00
20201217:1030,63.55,49.95,0.0,10.16,25.22,2.34,0.0,2020-12-17 10:30:00+00:00
20201217:1130,0.0,0.0,0.0,-2.07,24.05,1.72,0.0,2020-12-17 11:30:00+00:00
20201217:1230,0.0,0.0,0.0,0.0,22.55,1.86,0.0,2020-12-17 12:30:00+00:00
20201217:1330,0.0,0.0,0.0,0.0,21.36,1.72,0.0,2020-12-17 13:30:00+00:00
20201217:1430,0.0,0.0,0.0,0.0,20.35,1.45,0.0,2020-12-17 14:30:00+00:00
20201217:1530,0.0,0.0,0.0,0.0,19.27,1.52,0.0,2020-12-17 15:30:00+00:00
20201217:1630,0.0,0.0,0.0,0.0,18.34,1.66,0.0,2020-12-17 16:30:00+00:00
20201217:1730,0.0,0.0,0.0,0.0,17.71,1.79,0.0,2020-12-17 17:30:00+00:00
20201217:1830,0.0,0.0,0.0,0.0,17.28,1.93,0.0,2020-12-17 18:30:00+00:00
20201217:1930,0.0,0.0,0.0,0.0,16.52,1.86,0.0,2020-12-17 19:30:00+00:00
20201217:2030,0.0,0.0,0.0,0.0,16.17,2.14,0.0,2020-12-17 20:30:00+00:00
20201217:2130,0.0,0.0,0.0,0.0,16.08,2.34,0.0,2020-12-17 21:30:00+00:00
20201217:2230,0.0,0.0,0.0,0.0,16.05,2.55,0.0,2020-12-17 22:30:00+00:00
20201217:2330,0.0,0.0,0.0,0.0,16.01,2.62,0.0,2020-12-17 23:30:00+00:00
20201218:0030,0.0,0.0,0.0,-3.15,15.96,2.69,0.0,2020-12-18 00:30:00+00:00
20201218:0130,55.25,52.05,0.0,9.13,15.77,2.69,0.0,2020-12-18 01:30:00+00:00
20201218:0230,204.26,92.45,0.0,20.55,17.14,2.55,0.0,2020-12-18 02:30:00+00:00
20201218:0330,360.51,113.75,0.0,30.59,19.21,3.24,0.0,2020-12-18 03:30:00+00:00
20201218:0430,475.91,132.5,0.0,38.43,20.82,3.66,0.0,2020-12-18 04:30:00+00:00
20201218:0530,556.41,128.35,0.0,42.94,21.98,3.45,0.0,2020-12-18 05:30:00+00:00
20201218:0630,535.11,134.8,0.0,43.15,22.87,3.24,0.0,2020-12-18 06:30:00+00:00
20201218:0730,488.71,120.3,0.0,39.0,23.31,2.69,0.0,2020-12-18 07:30:00+00:00
20201218:0830,382.46,108.8,0.0,31.43,23.64,2.62,0.0,2020-12-18 08:30:00+00:00
20201218:0930,226.06,88.2,0.0,21.55,23.63,2.48,0.0,2020-12-18 09:30:00+00:00
20201218:1030,70.75,51.0,0.0,10.24,23.16,2.28,0.0,2020-12-18 10:30:00+00:00
20201218:1130,0.0,0.0,0.0,-1.98,21.87,1.79,0.0,2020-12-18 11:30:00+00:00
20201218:1230,0.0,0.0,0.0,0.0,20.07,2.21,0.0,2020-12-18 12:30:00+00:00
20201218:1330,0.0,0.0,0.0,0.0,18.59,2.21,0.0,2020-12-18 13:30:00+00:00
20201218:1430,0.0,0.0,0.0,0.0,17.41,2.21,0.0,2020-12-18 14:30:00+00:00
20201218:1530,0.0,0.0,0.0,0.0,16.4,2.21,0.0,2020-12-18 15:30:00+00:00
20201218:1630,0.0,0.0,0.0,0.0,15.52,2.28,0.0,2020-12-18 16:30:00+00:00
20201218:1730,0.0,0.0,0.0,0.0,14.78,2.28,0.0,2020-12-18 17:30:00+00:00
20201218:1830,0.0,0.0,0.0,0.0,14.14,2.28,0.0,2020-12-18 18:30:00+00:00
20201218:1930,0.0,0.0,0.0,0.0,13.98,2.41,0.0,2020-12-18 19:30:00+00:00
20201218:2030,0.0,0.0,0.0,0.0,13.6,2.41,0.0,2020-12-18 20:30:00+00:00
20201218:2130,0.0,0.0,0.0,0.0,13.16,2.34,0.0,2020-12-18 21:30:00+00:00
20201218:2230,0.0,0.0,0.0,0.0,12.68,2.14,0.0,2020-12-18 22:30:00+00:00
20201218:2330,0.0,0.0,0.0,0.0,12.16,2.0,0.0,2020-12-18 23:30:00+00:00
20201219:0030,0.0,0.0,0.0,-3.26,11.64,1.93,0.0,2020-12-19 00:30:00+00:00
20201219:0130,66.05,47.9,0.0,9.03,11.2,1.93,0.0,2020-12-19 01:30:00+00:00
20201219:0230,225.26,86.25,0.0,20.45,13.29,1.66,0.0,2020-12-19 02:30:00+00:00
20201219:0330,390.51,106.55,0.0,30.5,16.42,2.21,0.0,2020-12-19 03:30:00+00:00
20201219:0430,517.81,117.9,0.0,38.35,18.59,2.97,0.0,2020-12-19 04:30:00+00:00
20201219:0530,586.26,123.7,0.0,42.89,20.07,3.1,0.0,2020-12-19 05:30:00+00:00
20201219:0630,587.76,124.05,0.0,43.14,21.2,3.03,0.0,2020-12-19 06:30:00+00:00
20201219:0730,525.61,118.3,0.0,39.03,21.76,3.17,0.0,2020-12-19 07:30:00+00:00
20201219:0830,404.96,106.5,0.0,31.48,22.18,3.1,0.0,2020-12-19 08:30:00+00:00
20201219:0930,243.01,86.7,0.0,21.62,22.21,3.03,0.0,2020-12-19 09:30:00+00:00
20201219:1030,78.1,51.25,0.0,10.32,21.71,2.83,0.0,2020-12-19 10:30:00+00:00
20201219:1130,0.0,0.0,0.0,-1.9,20.18,2.07,0.0,2020-12-19 11:30:00+00:00
20201219:1230,0.0,0.0,0.0,0.0,18.22,2.41,0.0,2020-12-19 12:30:00+00:00
20201219:1330,0.0,0.0,0.0,0.0,16.76,2.41,0.0,2020-12-19 13:30:00+00:00
20201219:1430,0.0,0.0,0.0,0.0,15.69,2.41,0.0,2020-12-19 14:30:00+00:00
20201219:1530,0.0,0.0,0.0,0.0,14.91,2.48,0.0,2020-12-19 15:30:00+00:00
20201219:1630,0.0,0.0,0.0,0.0,14.28,2.48,0.0,2020-12-19 16:30:00+00:00
20201219:1730,0.0,0.0,0.0,0.0,13.75,2.41,0.0,2020-12-19 17:30:00+00:00
20201219:1830,0.0,0.0,0.0,0.0,13.25,2.41,0.0,2020-12-19 18:30:00+00:00
20201219:1930,0.0,0.0,0.0,0.0,12.73,2.48,0.0,2020-12-19 19:30:00+00:00
20201219:2030,0.0,0.0,0.0,0.0,12.39,2.41,0.0,2020-12-19 20:30:00+00:00
20201219:2130,0.0,0.0,0.0,0.0,12.04,2.41,0.0,2020-12-19 21:30:00+00:00
20201219:2230,0.0,0.0,0.0,0.0,11.67,2.41,0.0,2020-12-19 22:30:00+00:00
20201219:2330,0.0,0.0,0.0,0.0,11.29,2.34,0.0,2020-12-19 23:30:00+00:00
20201220:0030,0.0,0.0,0.0,-3.37,10.92,2.28,0.0,2020-12-20 00:30:00+00:00
20201220:0130,66.0,47.7,0.0,8.92,10.63,2.21,0.0,2020-12-20 01:30:00+00:00
20201220:0230,225.11,86.5,0.0,20.36,12.7,1.93,0.0,2020-12-20 02:30:00+00:00
20201220:0330,388.46,107.35,0.0,30.42,15.93,2.34,0.0,2020-12-20 03:30:00+00:00
20201220:0430,512.96,119.45,0.0,38.29,18.37,2.62,0.0,2020-12-20 04:30:00+00:00
20201220:0530,580.86,124.95,0.0,42.85,20.24,2.9,0.0,2020-12-20 05:30:00+00:00
20201220:0630,580.86,125.55,0.0,43.13,21.51,2.83,0.0,2020-12-20 06:30:00+00:00
20201220:0730,519.51,119.35,0.0,39.06,21.93,2.76,0.0,2020-12-20 07:30:00+00:00
20201220:0830,399.26,107.5,0.0,31.53,22.48,2.76,0.0,2020-12-20 08:30:00+00:00
20201220:0930,238.56,87.6,0.0,21.69,22.56,2.69,0.0,2020-12-20 09:30:00+00:00
20201220:1030,76.4,51.75,0.0,10.4,22.14,2.69,0.0,2020-12-20 10:30:00+00:00
20201220:1130,0.0,0.0,0.0,-1.81,20.7,2.07,0.0,2020-12-20 11:30:00+00:00
20201220:1230,0.0,0.0,0.0,0.0,18.73,2.41,0.0,2020-12-20 12:30:00+00:00
20201220:1330,0.0,0.0,0.0,0.0,17.29,2.34,0.0,2020-12-20 13:30:00+00:00
20201220:1430,0.0,0.0,0.0,0.0,16.29,2.28,0.0,2020-12-20 14:30:00+00:00
20201220:1530,0.0,0.0,0.0,0.0,15.46,2.28,0.0,2020-12-20 15:30:00+00:00
20201220:1630,0.0,0.0,0.0,0.0,14.78,2.28,0.0,2020-12-20 16:30:00+00:00
20201220:1730,0.0,0.0,0.0,0.0,14.21,2.28,0.0,2020-12-20 17:30:00+00:00
20201220:1830,0.0,0.0,0.0,0.0,13.76,2.34,0.0,2020-12-20 18:30:00+00:00
20201220:1930,0.0,0.0,0.0,0.0,13.44,2.34,0.0,2020-12-20 19:30:00+00:00
20201220:2030,0.0,0.0,0.0,0.0,13.1,2.34,0.0,2020-12-20 20:30:00+00:00
20201220:2130,0.0,0.0,0.0,0.0,12.73,2.28,0.0,2020-12-20 21:30:00+00:00
20201220:2230,0.0,0.0,0.0,0.0,12.32,2.21,0.0,2020-12-20 22:30:00+00:00
20201220:2330,0.0,0.0,0.0,0.0,11.92,2.14,0.0,2020-12-20 23:30:00+00:00
20201221:0030,0.0,0.0,0.0,-3.47,11.57,2.14,0.0,2020-12-21 00:30:00+00:00
20201221:0130,60.45,46.95,0.0,8.83,11.3,2.07,0.0,2020-12-21 01:30:00+00:00
20201221:0230,212.16,86.9,0.0,20.26,13.02,1.66,0.0,2020-12-21 02:30:00+00:00
20201221:0330,372.01,108.35,0.0,30.34,16.43,2.0,0.0,2020-12-21 03:30:00+00:00
20201221:0430,495.66,120.65,0.0,38.23,18.82,2.14,0.0,2020-12-21 04:30:00+00:00
20201221:0530,563.31,126.45,0.0,42.82,20.8,2.21,0.0,2020-12-21 05:30:00+00:00
20201221:0630,567.86,126.6,0.0,43.14,22.11,2.14,0.0,2020-12-21 06:30:00+00:00
20201221:0730,506.91,120.85,0.0,39.1,22.71,2.28,0.0,2020-12-21 07:30:00+00:00
20201221:0830,385.31,111.4,0.0,31.6,23.15,2.28,0.0,2020-12-21 08:30:00+00:00
20201221:0930,229.41,90.0,0.0,21.77,23.28,2.34,0.0,2020-12-21 09:30:00+00:00
20201221:1030,74.7,51.95,0.0,10.49,22.91,2.41,0.0,2020-12-21 10:30:00+00:00
20201221:1130,0.0,0.0,0.0,-1.71,21.66,1.79,0.0,2020-12-21 11:30:00+00:00
20201221:1230,0.0,0.0,0.0,0.0,20.0,2.07,0.0,2020-12-21 12:30:00+00:00
20201221:1330,0.0,0.0,0.0,0.0,18.44,2.07,0.0,2020-12-21 13:30:00+00:00
20201221:1430,0.0,0.0,0.0,0.0,17.31,1.86,0.0,2020-12-21 14:30:00+00:00
20201221:1530,0.0,0.0,0.0,0.0,16.23,1.66,0.0,2020-12-21 15:30:00+00:00
20201221:1630,0.0,0.0,0.0,0.0,15.24,1.86,0.0,2020-12-21 16:30:00+00:00
20201221:1730,0.0,0.0,0.0,0.0,14.49,2.07,0.0,2020-12-21 17:30:00+00:00
20201221:1830,0.0,0.0,0.0,0.0,13.99,2.14,0.0,2020-12-21 18:30:00+00:00
20201221:1930,0.0,0.0,0.0,0.0,13.72,2.14,0.0,2020-12-21 19:30:00+00:00
20201221:2030,0.0,0.0,0.0,0.0,13.46,2.21,0.0,2020-12-21 20:30:00+00:00
20201221:2130,0.0,0.0,0.0,0.0,13.23,2.28,0.0,2020-12-21 21:30:00+00:00
20201221:2230,0.0,0.0,0.0,0.0,13.0,2.21,0.0,2020-12-21 22:30:00+00:00
20201221:2330,0.0,0.0,0.0,0.0,12.71,2.14,0.0,2020-12-21 23:30:00+00:00
20201222:0030,0.0,0.0,0.0,-3.57,12.38,2.0,0.0,2020-12-22 00:30:00+00:00
20201222:0130,59.7,46.5,0.0,8.73,12.03,1.86,0.0,2020-12-22 01:30:00+00:00
20201222:0230,211.11,86.85,0.0,20.18,13.71,1.24,0.0,2020-12-22 02:30:00+00:00
20201222:0330,371.66,108.3,0.0,30.26,17.33,1.31,0.0,2020-12-22 03:30:00+00:00
20201222:0430,495.16,120.85,0.0,38.18,19.79,1.31,0.0,2020-12-22 04:30:00+00:00
20201222:0530,563.11,126.8,0.0,42.8,21.74,1.38,0.0,2020-12-22 05:30:00+00:00
20201222:0630,566.61,127.85,0.0,43.15,22.84,1.38,0.0,2020-12-22 06:30:00+00:00
20201222:0730,506.86,121.7,0.0,39.14,23.47,1.66,0.0,2020-12-22 07:30:00+00:00
20201222:0830,390.51,108.95,0.0,31.66,23.9,1.86,0.0,2020-12-22 08:30:00+00:00
20201222:0930,234.16,88.4,0.0,21.85,23.97,1.93,0.0,2020-12-22 09:30:00+00:00
20201222:1030,75.6,52.5,0.0,10.58,23.61,2.0,0.0,2020-12-22 10:30:00+00:00
20201222:1130,0.0,0.0,0.0,-1.61,22.47,1.59,0.0,2020-12-22 11:30:00+00:00
20201222:1230,0.0,0.0,0.0,0.0,20.81,2.0,0.0,2020-12-22 12:30:00+00:00
20201222:1330,0.0,0.0,0.0,0.0,19.17,2.0,0.0,2020-12-22 13:30:00+00:00
20201222:1430,0.0,0.0,0.0,0.0,17.93,1.93,0.0,2020-12-22 14:30:00+00:00
20201222:1530,0.0,0.0,0.0,0.0,16.88,1.79,0.0,2020-12-22 15:30:00+00:00
20201222:1630,0.0,0.0,0.0,0.0,15.72,1.59,0.0,2020-12-22 16:30:00+00:00
20201222:1730,0.0,0.0,0.0,0.0,14.66,1.45,0.0,2020-12-22 17:30:00+00:00
20201222:1830,0.0,0.0,0.0,0.0,13.91,1.52,0.0,2020-12-22 18:30:00+00:00
20201222:1930,0.0,0.0,0.0,0.0,13.23,1.72,0.0,2020-12-22 19:30:00+00:00
20201222:2030,0.0,0.0,0.0,0.0,12.81,1.79,0.0,2020-12-22 20:30:00+00:00
20201222:2130,0.0,0.0,0.0,0.0,12.53,1.93,0.0,2020-12-22 21:30:00+00:00
20201222:2230,0.0,0.0,0.0,0.0,12.29,1.93,0.0,2020-12-22 22:30:00+00:00
20201222:2330,0.0,0.0,0.0,0.0,12.04,1.93,0.0,2020-12-22 23:30:00+00:00
20201223:0030,0.0,0.0,0.0,-3.67,11.8,1.93,0.0,2020-12-23 00:30:00+00:00
20201223:0130,59.8,45.95,0.0,8.64,11.54,1.86,0.0,2020-12-23 01:30:00+00:00
20201223:0230,213.41,85.9,0.0,20.1,13.74,1.1,0.0,2020-12-23 02:30:00+00:00
20201223:0330,375.41,107.1,0.0,30.2,18.18,1.17,0.0,2020-12-23 03:30:00+00:00
20201223:0430,499.86,119.35,0.0,38.13,20.95,1.45,0.0,2020-12-23 04:30:00+00:00
20201223:0530,567.76,125.5,0.0,42.79,22.64,1.72,0.0,2020-12-23 05:30:00+00:00
20201223:0630,557.61,133.3,0.0,43.17,23.51,1.66,0.0,2020-12-23 06:30:00+00:00
20201223:0730,503.61,122.3,0.0,39.19,23.98,1.86,0.0,2020-12-23 07:30:00+00:00
20201223:0830,392.61,108.65,0.0,31.74,24.35,2.07,0.0,2020-12-23 08:30:00+00:00
20201223:0930,235.51,88.65,0.0,21.94,24.39,2.28,0.0,2020-12-23 09:30:00+00:00
20201223:1030,76.8,52.85,0.0,10.67,23.99,2.34,0.0,2020-12-23 10:30:00+00:00
20201223:1130,0.0,0.0,0.0,-1.51,22.68,1.79,0.0,2020-12-23 11:30:00+00:00
20201223:1230,0.0,0.0,0.0,0.0,20.94,2.07,0.0,2020-12-23 12:30:00+00:00
20201223:1330,0.0,0.0,0.0,0.0,19.39,2.07,0.0,2020-12-23 13:30:00+00:00
20201223:1430,0.0,0.0,0.0,0.0,18.2,2.07,0.0,2020-12-23 14:30:00+00:00
20201223:1530,0.0,0.0,0.0,0.0,17.31,2.0,0.0,2020-12-23 15:30:00+00:00
20201223:1630,0.0,0.0,0.0,0.0,16.55,1.93,0.0,2020-12-23 16:30:00+00:00
20201223:1730,0.0,0.0,0.0,0.0,15.8,2.0,0.0,2020-12-23 17:30:00+00:00
20201223:1830,0.0,0.0,0.0,0.0,15.13,2.0,0.0,2020-12-23 18:30:00+00:00
20201223:1930,0.0,0.0,0.0,0.0,14.45,1.86,0.0,2020-12-23 19:30:00+00:00
20201223:2030,0.0,0.0,0.0,0.0,13.95,1.93,0.0,2020-12-23 20:30:00+00:00
20201223:2130,0.0,0.0,0.0,0.0,13.58,2.0,0.0,2020-12-23 21:30:00+00:00
20201223:2230,0.0,0.0,0.0,0.0,13.37,2.0,0.0,2020-12-23 22:30:00+00:00
20201223:2330,0.0,0.0,0.0,0.0,13.28,2.0,0.0,2020-12-23 23:30:00+00:00
20201224:0030,0.0,0.0,0.0,-3.76,13.18,1.93,0.0,2020-12-24 00:30:00+00:00
20201224:0130,55.7,46.5,0.0,8.55,13.01,1.93,0.0,2020-12-24 01:30:00+00:00
20201224:0230,206.96,87.7,0.0,20.02,14.83,1.52,0.0,2020-12-24 02:30:00+00:00
20201224:0330,360.56,114.75,0.0,30.13,18.73,1.72,0.0,2020-12-24 03:30:00+00:00
20201224:0430,496.71,120.05,0.0,38.09,21.35,2.0,0.0,2020-12-24 04:30:00+00:00
20201224:0530,553.51,134.35,0.0,42.78,22.87,2.14,0.0,2020-12-24 05:30:00+00:00
20201224:0630,569.01,126.35,0.0,43.2,23.85,2.14,0.0,2020-12-24 06:30:00+00:00
20201224:0730,510.46,120.3,0.0,39.25,24.46,2.28,0.0,2020-12-24 07:30:00+00:00
20201224:0830,383.41,113.1,0.0,31.82,24.83,2.21,0.0,2020-12-24 08:30:00+00:00
20201224:0930,237.31,88.35,0.0,22.03,24.82,2.0,0.0,2020-12-24 09:30:00+00:00
20201224:1030,78.2,53.15,0.0,10.77,24.44,1.72,0.0,2020-12-24 10:30:00+00:00
20201224:1130,0.0,0.0,0.0,-1.41,23.39,1.38,0.0,2020-12-24 11:30:00+00:00
20201224:1230,0.0,0.0,0.0,0.0,21.73,1.72,0.0,2020-12-24 12:30:00+00:00
20201224:1330,0.0,0.0,0.0,0.0,20.05,2.07,0.0,2020-12-24 13:30:00+00:00
20201224:1430,0.0,0.0,0.0,0.0,18.75,2.14,0.0,2020-12-24 14:30:00+00:00
20201224:1530,0.0,0.0,0.0,0.0,17.82,2.14,0.0,2020-12-24 15:30:00+00:00
20201224:1630,0.0,0.0,0.0,0.0,17.13,2.21,0.0,2020-12-24 16:30:00+00:00
20201224:1730,0.0,0.0,0.0,0.0,16.43,2.21,0.0,2020-12-24 17:30:00+00:00
20201224:1830,0.0,0.0,0.0,0.0,15.88,2.21,0.0,2020-12-24 18:30:00+00:00
20201224:1930,0.0,0.0,0.0,0.0,15.44,2.21,0.0,2020-12-24 19:30:00+00:00
20201224:2030,0.0,0.0,0.0,0.0,15.05,2.28,0.0,2020-12-24 20:30:00+00:00
20201224:2130,0.0,0.0,0.0,0.0,14.67,2.28,0.0,2020-12-24 21:30:00+00:00
20201224:2230,0.0,0.0,0.0,0.0,14.27,2.21,0.0,2020-12-24 22:30:00+00:00
20201224:2330,0.0,0.0,0.0,0.0,13.89,2.14,0.0,2020-12-24 23:30:00+00:00
20201225:0030,0.0,0.0,0.0,-3.85,13.47,2.07,0.0,2020-12-25 00:30:00+00:00
20201225:0130,58.8,45.05,0.0,8.47,13.04,2.0,0.0,2020-12-25 01:30:00+00:00
20201225:0230,212.41,85.35,0.0,19.95,14.55,1.31,0.0,2020-12-25 02:30:00+00:00
20201225:0330,375.91,106.5,0.0,30.08,18.54,1.52,0.0,2020-12-25 03:30:00+00:00
20201225:0430,501.96,119.05,0.0,38.06,21.05,1.72,0.0,2020-12-25 04:30:00+00:00
20201225:0530,572.86,124.85,0.0,42.78,22.62,2.07,0.0,2020-12-25 05:30:00+00:00
20201225:0630,578.41,125.0,0.0,43.24,23.66,2.14,0.0,2020-12-25 06:30:00+00:00
20201225:0730,520.71,119.05,0.0,39.32,24.41,2.21,0.0,2020-12-25 07:30:00+00:00
20201225:0830,403.41,107.6,0.0,31.9,24.88,2.28,0.0,2020-12-25 08:30:00+00:00
20201225:0930,244.96,88.15,0.0,22.13,24.91,2.34,0.0,2020-12-25 09:30:00+00:00
20201225:1030,82.25,53.5,0.0,10.88,24.48,2.34,0.0,2020-12-25 10:30:00+00:00
20201225:1130,0.0,0.0,0.0,-1.3,23.06,1.86,0.0,2020-12-25 11:30:00+00:00
20201225:1230,0.0,0.0,0.0,0.0,21.08,2.28,0.0,2020-12-25 12:30:00+00:00
20201225:1330,0.0,0.0,0.0,0.0,19.39,2.21,0.0,2020-12-25 13:30:00+00:00
20201225:1430,0.0,0.0,0.0,0.0,18.3,2.0,0.0,2020-12-25 14:30:00+00:00
20201225:1530,0.0,0.0,0.0,0.0,17.25,1.86,0.0,2020-12-25 15:30:00+00:00
20201225:1630,0.0,0.0,0.0,0.0,16.0,1.66,0.0,2020-12-25 16:30:00+00:00
20201225:1730,0.0,0.0,0.0,0.0,14.82,1.72,0.0,2020-12-25 17:30:00+00:00
20201225:1830,0.0,0.0,0.0,0.0,13.96,1.86,0.0,2020-12-25 18:30:00+00:00
20201225:1930,0.0,0.0,0.0,0.0,13.54,2.21,0.0,2020-12-25 19:30:00+00:00
20201225:2030,0.0,0.0,0.0,0.0,13.41,2.34,0.0,2020-12-25 20:30:00+00:00
20201225:2130,0.0,0.0,0.0,0.0,13.29,2.34,0.0,2020-12-25 21:30:00+00:00
20201225:2230,0.0,0.0,0.0,0.0,13.06,2.28,0.0,2020-12-25 22:30:00+00:00
20201225:2330,0.0,0.0,0.0,0.0,12.73,2.21,0.0,2020-12-25 23:30:00+00:00
20201226:0030,0.0,0.0,0.0,-3.94,12.32,2.14,0.0,2020-12-26 00:30:00+00:00
20201226:0130,60.95,44.65,0.0,8.39,11.86,2.0,0.0,2020-12-26 01:30:00+00:00
20201226:0230,219.71,84.25,0.0,19.88,13.37,1.24,0.0,2020-12-26 02:30:00+00:00
20201226:0330,386.06,105.3,0.0,30.03,17.97,1.45,0.0,2020-12-26 03:30:00+00:00
20201226:0430,514.66,117.25,0.0,38.03,20.59,1.93,0.0,2020-12-26 04:30:00+00:00
20201226:0530,586.51,122.85,0.0,42.79,22.19,2.34,0.0,2020-12-26 05:30:00+00:00
20201226:0630,590.21,123.7,0.0,43.28,23.28,2.48,0.0,2020-12-26 06:30:00+00:00
20201226:0730,531.01,118.35,0.0,39.39,23.88,2.62,0.0,2020-12-26 07:30:00+00:00
20201226:0830,413.06,106.95,0.0,31.99,24.38,2.69,0.0,2020-12-26 08:30:00+00:00
20201226:0930,252.61,87.9,0.0,22.23,24.38,2.69,0.0,2020-12-26 09:30:00+00:00
20201226:1030,86.4,54.0,0.0,10.98,23.91,2.55,0.0,2020-12-26 10:30:00+00:00
20201226:1130,0.0,0.0,0.0,-1.19,22.37,2.07,0.0,2020-12-26 11:30:00+00:00
20201226:1230,0.0,0.0,0.0,0.0,20.28,2.41,0.0,2020-12-26 12:30:00+00:00
20201226:1330,0.0,0.0,0.0,0.0,18.64,2.34,0.0,2020-12-26 13:30:00+00:00
20201226:1430,0.0,0.0,0.0,0.0,17.42,2.28,0.0,2020-12-26 14:30:00+00:00
20201226:1530,0.0,0.0,0.0,0.0,16.41,2.28,0.0,2020-12-26 15:30:00+00:00
20201226:1630,0.0,0.0,0.0,0.0,15.55,2.28,0.0,2020-12-26 16:30:00+00:00
20201226:1730,0.0,0.0,0.0,0.0,14.75,2.28,0.0,2020-12-26 17:30:00+00:00
20201226:1830,0.0,0.0,0.0,0.0,14.06,2.28,0.0,2020-12-26 18:30:00+00:00
20201226:1930,0.0,0.0,0.0,0.0,13.46,2.14,0.0,2020-12-26 19:30:00+00:00
20201226:2030,0.0,0.0,0.0,0.0,12.87,2.07,0.0,2020-12-26 20:30:00+00:00
20201226:2130,0.0,0.0,0.0,0.0,12.28,2.07,0.0,2020-12-26 21:30:00+00:00
20201226:2230,0.0,0.0,0.0,0.0,11.76,2.14,0.0,2020-12-26 22:30:00+00:00
20201226:2330,0.0,0.0,0.0,0.0,11.35,2.07,0.0,2020-12-26 23:30:00+00:00
20201227:0030,0.0,0.0,0.0,-4.02,10.95,2.07,0.0,2020-12-27 00:30:00+00:00
20201227:0130,61.2,44.35,0.0,8.32,10.6,2.0,0.0,2020-12-27 01:30:00+00:00
20201227:0230,221.41,84.0,0.0,19.82,12.47,1.38,0.0,2020-12-27 02:30:00+00:00
20201227:0330,390.01,104.8,0.0,29.98,17.19,1.72,0.0,2020-12-27 03:30:00+00:00
20201227:0430,520.91,116.55,0.0,38.02,19.93,2.41,0.0,2020-12-27 04:30:00+00:00
20201227:0530,592.71,122.55,0.0,42.8,21.61,2.83,0.0,2020-12-27 05:30:00+00:00
20201227:0630,598.01,123.25,0.0,43.33,22.71,2.62,0.0,2020-12-27 06:30:00+00:00
20201227:0730,538.41,117.85,0.0,39.47,23.15,2.28,0.0,2020-12-27 07:30:00+00:00
20201227:0830,420.11,106.35,0.0,32.09,23.58,2.14,0.0,2020-12-27 08:30:00+00:00
20201227:0930,258.01,87.75,0.0,22.34,23.62,2.21,0.0,2020-12-27 09:30:00+00:00
20201227:1030,89.35,54.4,0.0,11.09,23.19,2.14,0.0,2020-12-27 10:30:00+00:00
20201227:1130,0.0,0.0,0.0,-1.08,21.8,1.79,0.0,2020-12-27 11:30:00+00:00
20201227:1230,0.0,0.0,0.0,0.0,19.94,2.14,0.0,2020-12-27 12:30:00+00:00
20201227:1330,0.0,0.0,0.0,0.0,18.23,2.07,0.0,2020-12-27 13:30:00+00:00
20201227:1430,0.0,0.0,0.0,0.0,16.88,1.93,0.0,2020-12-27 14:30:00+00:00
20201227:1530,0.0,0.0,0.0,0.0,15.46,1.72,0.0,2020-12-27 15:30:00+00:00
20201227:1630,0.0,0.0,0.0,0.0,14.03,1.66,0.0,2020-12-27 16:30:00+00:00
20201227:1730,0.0,0.0,0.0,0.0,12.98,1.72,0.0,2020-12-27 17:30:00+00:00
20201227:1830,0.0,0.0,0.0,0.0,12.26,1.93,0.0,2020-12-27 18:30:00+00:00
20201227:1930,0.0,0.0,0.0,0.0,11.8,1.79,0.0,2020-12-27 19:30:00+00:00
20201227:2030,0.0,0.0,0.0,0.0,11.4,1.79,0.0,2020-12-27 20:30:00+00:00
20201227:2130,0.0,0.0,0.0,0.0,10.89,1.93,0.0,2020-12-27 21:30:00+00:00
20201227:2230,0.0,0.0,0.0,0.0,10.62,2.14,0.0,2020-12-27 22:30:00+00:00
20201227:2330,0.0,0.0,0.0,0.0,10.48,2.21,0.0,2020-12-27 23:30:00+00:00
20201228:0030,0.0,0.0,0.0,-4.1,10.29,2.14,0.0,2020-12-28 00:30:00+00:00
20201228:0130,59.95,43.6,0.0,8.25,10.04,2.0,0.0,2020-12-28 01:30:00+00:00
20201228:0230,217.96,83.15,0.0,19.76,12.68,1.03,0.0,2020-12-28 02:30:00+00:00
20201228:0330,384.01,103.95,0.0,29.95,17.35,0.97,0.0,2020-12-28 03:30:00+00:00
20201228:0430,512.21,116.1,0.0,38.0,20.27,1.1,0.0,2020-12-28 04:30:00+00:00
20201228:0530,584.06,121.85,0.0,42.83,22.06,1.45,0.0,2020-12-28 05:30:00+00:00
20201228:0630,588.96,122.65,0.0,43.39,23.36,1.86,0.0,2020-12-28 06:30:00+00:00
20201228:0730,528.61,117.9,0.0,39.55,24.09,2.21,0.0,2020-12-28 07:30:00+00:00
20201228:0830,410.66,106.95,0.0,32.19,24.56,2.41,0.0,2020-12-28 08:30:00+00:00
20201228:0930,251.76,88.05,0.0,22.45,24.59,2.34,0.0,2020-12-28 09:30:00+00:00
20201228:1030,87.15,54.5,0.0,11.21,24.16,2.21,0.0,2020-12-28 10:30:00+00:00
20201228:1130,0.0,0.0,0.0,-0.96,22.85,1.72,0.0,2020-12-28 11:30:00+00:00
20201228:1230,0.0,0.0,0.0,0.0,20.98,2.07,0.0,2020-12-28 12:30:00+00:00
20201228:1330,0.0,0.0,0.0,0.0,19.14,2.14,0.0,2020-12-28 13:30:00+00:00
20201228:1430,0.0,0.0,0.0,0.0,17.75,2.07,0.0,2020-12-28 14:30:00+00:00
20201228:1530,0.0,0.0,0.0,0.0,16.61,2.0,0.0,2020-12-28 15:30:00+00:00
20201228:1630,0.0,0.0,0.0,0.0,15.54,1.93,0.0,2020-12-28 16:30:00+00:00
20201228:1730,0.0,0.0,0.0,0.0,14.44,1.86,0.0,2020-12-28 17:30:00+00:00
20201228:1830,0.0,0.0,0.0,0.0,13.44,1.79,0.0,2020-12-28 18:30:00+00:00
20201228:1930,0.0,0.0,0.0,0.0,12.64,1.52,0.0,2020-12-28 19:30:00+00:00
20201228:2030,0.0,0.0,0.0,0.0,11.99,1.59,0.0,2020-12-28 20:30:00+00:00
20201228:2130,0.0,0.0,0.0,0.0,11.38,1.72,0.0,2020-12-28 21:30:00+00:00
20201228:2230,0.0,0.0,0.0,0.0,11.02,1.86,0.0,2020-12-28 22:30:00+00:00
20201228:2330,0.0,0.0,0.0,0.0,10.74,1.79,0.0,2020-12-28 23:30:00+00:00
20201229:0030,0.0,0.0,0.0,-4.18,10.54,1.72,0.0,2020-12-29 00:30:00+00:00
20201229:0130,58.1,42.8,0.0,8.18,10.45,1.59,0.0,2020-12-29 01:30:00+00:00
20201229:0230,213.46,82.65,0.0,19.71,13.41,0.76,0.0,2020-12-29 02:30:00+00:00
20201229:0330,378.46,103.6,0.0,29.91,17.74,0.83,0.0,2020-12-29 03:30:00+00:00
20201229:0430,507.16,115.65,0.0,38.0,20.79,1.17,0.0,2020-12-29 04:30:00+00:00
20201229:0530,579.01,121.8,0.0,42.86,22.61,1.72,0.0,2020-12-29 05:30:00+00:00
20201229:0630,583.71,123.05,0.0,43.46,23.76,2.07,0.0,2020-12-29 06:30:00+00:00
20201229:0730,526.71,117.8,0.0,39.65,24.36,2.41,0.0,2020-12-29 07:30:00+00:00
20201229:0830,411.16,106.8,0.0,32.3,24.82,2.55,0.0,2020-12-29 08:30:00+00:00
20201229:0930,253.51,87.95,0.0,22.56,24.89,2.69,0.0,2020-12-29 09:30:00+00:00
20201229:1030,88.65,54.85,0.0,11.33,24.42,2.69,0.0,2020-12-29 10:30:00+00:00
20201229:1130,0.0,0.0,0.0,-0.85,22.83,2.07,0.0,2020-12-29 11:30:00+00:00
20201229:1230,0.0,0.0,0.0,0.0,20.74,2.41,0.0,2020-12-29 12:30:00+00:00
20201229:1330,0.0,0.0,0.0,0.0,19.08,2.28,0.0,2020-12-29 13:30:00+00:00
20201229:1430,0.0,0.0,0.0,0.0,17.92,2.21,0.0,2020-12-29 14:30:00+00:00
20201229:1530,0.0,0.0,0.0,0.0,16.97,2.14,0.0,2020-12-29 15:30:00+00:00
20201229:1630,0.0,0.0,0.0,0.0,16.14,2.14,0.0,2020-12-29 16:30:00+00:00
20201229:1730,0.0,0.0,0.0,0.0,15.39,2.28,0.0,2020-12-29 17:30:00+00:00
20201229:1830,0.0,0.0,0.0,0.0,14.85,2.34,0.0,2020-12-29 18:30:00+00:00
20201229:1930,0.0,0.0,0.0,0.0,14.4,2.34,0.0,2020-12-29 19:30:00+00:00
20201229:2030,0.0,0.0,0.0,0.0,14.15,2.34,0.0,2020-12-29 20:30:00+00:00
20201229:2130,0.0,0.0,0.0,0.0,13.86,2.34,0.0,2020-12-29 21:30:00+00:00
20201229:2230,0.0,0.0,0.0,0.0,13.56,2.34,0.0,2020-12-29 22:30:00+00:00
20201229:2330,0.0,0.0,0.0,0.0,13.23,2.34,0.0,2020-12-29 23:30:00+00:00
20201230:0030,0.0,0.0,0.0,-4.25,12.88,2.34,0.0,2020-12-30 00:30:00+00:00
20201230:0130,55.6,42.45,0.0,8.12,12.63,2.28,0.0,2020-12-30 01:30:00+00:00
20201230:0230,207.76,83.15,0.0,19.66,14.46,1.79,0.0,2020-12-30 02:30:00+00:00
20201230:0330,371.76,104.5,0.0,29.89,18.05,2.14,0.0,2020-12-30 03:30:00+00:00
20201230:0430,499.66,117.1,0.0,38.0,20.82,2.34,0.0,2020-12-30 04:30:00+00:00
20201230:0530,572.66,123.0,0.0,42.89,22.92,2.83,0.0,2020-12-30 05:30:00+00:00
20201230:0630,581.16,124.0,0.0,43.53,24.38,3.59,0.0,2020-12-30 06:30:00+00:00
20201230:0730,525.61,118.75,0.0,39.75,24.93,3.79,0.0,2020-12-30 07:30:00+00:00
20201230:0830,410.81,107.7,0.0,32.41,25.29,4.14,0.0,2020-12-30 08:30:00+00:00
20201230:0930,253.61,88.85,0.0,22.68,25.19,4.14,0.0,2020-12-30 09:30:00+00:00
20201230:1030,89.3,55.6,0.0,11.45,24.63,3.79,0.0,2020-12-30 10:30:00+00:00
20201230:1130,0.0,0.0,0.0,-0.73,23.1,2.69,0.0,2020-12-30 11:30:00+00:00
20201230:1230,0.0,0.0,0.0,0.0,20.76,2.62,0.0,2020-12-30 12:30:00+00:00
20201230:1330,0.0,0.0,0.0,0.0,19.28,2.62,0.0,2020-12-30 13:30:00+00:00
20201230:1430,0.0,0.0,0.0,0.0,18.24,2.62,0.0,2020-12-30 14:30:00+00:00
20201230:1530,0.0,0.0,0.0,0.0,17.46,2.62,0.0,2020-12-30 15:30:00+00:00
20201230:1630,0.0,0.0,0.0,0.0,16.73,2.55,0.0,2020-12-30 16:30:00+00:00
20201230:1730,0.0,0.0,0.0,0.0,16.03,2.48,0.0,2020-12-30 17:30:00+00:00
20201230:1830,0.0,0.0,0.0,0.0,15.35,2.48,0.0,2020-12-30 18:30:00+00:00
20201230:1930,0.0,0.0,0.0,0.0,14.92,2.41,0.0,2020-12-30 19:30:00+00:00
20201230:2030,0.0,0.0,0.0,0.0,14.52,2.41,0.0,2020-12-30 20:30:00+00:00
20201230:2130,0.0,0.0,0.0,0.0,14.17,2.48,0.0,2020-12-30 21:30:00+00:00
20201230:2230,0.0,0.0,0.0,0.0,13.81,2.48,0.0,2020-12-30 22:30:00+00:00
20201230:2330,0.0,0.0,0.0,0.0,13.4,2.34,0.0,2020-12-30 23:30:00+00:00
20201231:0030,0.0,0.0,0.0,-4.32,12.94,2.28,0.0,2020-12-31 00:30:00+00:00
20201231:0130,57.2,42.7,0.0,8.06,12.53,2.21,0.0,2020-12-31 01:30:00+00:00
20201231:0230,213.31,83.45,0.0,19.62,13.94,1.72,0.0,2020-12-31 02:30:00+00:00
20201231:0330,379.61,104.95,0.0,29.87,17.9,2.21,0.0,2020-12-31 03:30:00+00:00
20201231:0430,509.86,117.15,0.0,38.01,20.55,2.62,0.0,2020-12-31 04:30:00+00:00
20201231:0530,583.71,123.1,0.0,42.94,22.5,2.97,0.0,2020-12-31 05:30:00+00:00
20201231:0630,590.01,123.85,0.0,43.61,23.76,3.03,0.0,2020-12-31 06:30:00+00:00
20201231:0730,534.36,118.65,0.0,39.85,24.55,3.24,0.0,2020-12-31 07:30:00+00:00
20201231:0830,419.71,107.45,0.0,32.53,24.98,3.52,0.0,2020-12-31 08:30:00+00:00
20201231:0930,261.46,88.7,0.0,22.81,24.94,3.59,0.0,2020-12-31 09:30:00+00:00
20201231:1030,93.8,56.2,0.0,11.57,24.42,3.38,0.0,2020-12-31 10:30:00+00:00
20201231:1130,0.0,0.0,0.0,-0.6,22.79,2.41,0.0,2020-12-31 11:30:00+00:00
20201231:1230,0.0,0.0,0.0,0.0,20.44,2.55,0.0,2020-12-31 12:30:00+00:00
20201231:1330,0.0,0.0,0.0,0.0,18.87,2.48,0.0,2020-12-31 13:30:00+00:00
20201231:1430,0.0,0.0,0.0,0.0,17.71,2.41,0.0,2020-12-31 14:30:00+00:00
20201231:1530,0.0,0.0,0.0,0.0,16.78,2.41,0.0,2020-12-31 15:30:00+00:00
20201231:1630,0.0,0.0,0.0,0.0,15.98,2.41,0.0,2020-12-31 16:30:00+00:00
20201231:1730,0.0,0.0,0.0,0.0,15.31,2.41,0.0,2020-12-31 17:30:00+00:00
20201231:1830,0.0,0.0,0.0,0.0,14.69,2.41,0.0,2020-12-31 18:30:00+00:00
20201231:1930,0.0,0.0,0.0,0.0,14.26,2.34,0.0,2020-12-31 19:30:00+00:00
20201231:2030,0.0,0.0,0.0,0.0,13.81,2.41,0.0,2020-12-31 20:30:00+00:00
20201231:2130,0.0,0.0,0.0,0.0,13.43,2.48,0.0,2020-12-31 21:30:00+00:00
20201231:2230,0.0,0.0,0.0,0.0,13.08,2.48,0.0,2020-12-31 22:30:00+00:00
20201231:2330,0.0,0.0,0.0,0.0,12.73,2.34,0.0,2020-12-31 23:30:00+00:00
