timestamp,temperature,irradiance,voltage,current,power
2025-10-27 15:50:30.103733,37.503514075092184,733.7465481874378,33.33927570383404,5.154652279363799,171.85237349910628
2025-10-27 15:50:32.228524,28.700182893023875,710.510372516785,38.73417078539883,9.27814948390229,359.3814266819313
2025-10-27 15:50:34.234923,32.78579171898878,748.6967021431258,33.032672385816184,5.545345354324921,183.17757635562288
2025-10-27 15:50:36.237203,36.995953275427915,495.0526764820733,35.5337871897722,8.22183934737999,292.1530896782961
2025-10-27 15:50:38.239438,37.67515062360109,997.268392039086,32.878135019847,7.665857793465648,252.03910757650996
2025-10-27 15:50:40.246662,33.5123737460943,960.4068639659862,33.84501359148288,8.42015971381146,284.98041995640546
2025-10-27 15:50:42.253316,44.5109508635143,599.0654297068788,32.59573776754277,8.059367917276088,262.7010432036787
2025-10-27 15:50:44.260344,40.49246205112162,762.0961307316911,30.579141595807343,7.615911580668908,232.88803860642346
2025-10-27 15:50:46.264483,33.60772218826493,952.7012952606559,31.935835824189013,7.924893746474355,253.0881056115472
2025-10-27 15:50:48.267625,27.7816477393187,826.5955136303771,30.95711067546371,6.482703764911634,200.68577792661475
2025-10-27 15:50:50.275234,33.92173297894517,570.4651623140562,39.55318855829475,7.396037956340597,292.53688387144456
2025-10-27 15:50:52.278697,38.88001371504879,961.4814295836688,35.228325184732746,7.784993455505533,274.2522810115652
2025-10-27 15:50:54.282781,43.486137991381426,793.5943208484834,35.10437302355189,7.938075289847501,278.6611560638464
2025-10-27 15:50:56.289838,36.2982513078213,758.7927478964857,31.002618775736202,9.533956698864241,295.5776249592645
2025-10-27 15:50:58.294245,37.864291910540175,427.1600600387295,39.60013259210693,7.309540564366476,289.45877553629657
2025-10-27 15:51:00.300678,43.66456641152889,676.1379936468265,38.71545553417448,8.978408985746576,347.60319385530414
2025-10-27 15:51:02.305387,36.238903685191204,473.8509084835347,32.518401370889116,5.1615573043636935,167.84559212214307
2025-10-27 15:51:04.308386,25.754733598220135,952.1843720234554,37.981540441901565,6.843820099512773,259.9388298867432
2025-10-27 15:51:06.311137,30.424403919811848,872.8593962086366,32.484686913950135,7.403916292485112,240.51390269847332
2025-10-27 15:51:08.314269,37.358033162507965,891.6641998005935,35.743065633004605,8.341497570587128,298.1506951430442
2025-10-27 15:51:10.321165,26.649670294152923,743.089576196839,35.010242629235876,6.868383661017,240.46377844288455
2025-10-27 15:51:12.324099,43.08091231452886,926.3862495182489,35.40767920902735,6.783046660063457,240.17194019939126
2025-10-27 15:51:14.327449,31.489283454317068,818.3369353673818,32.67651141449352,9.195941579787029,300.4912899989264
2025-10-27 15:51:16.330950,34.39289932607048,480.9952154636551,39.824669454101965,7.632604184334635,303.9659387151224
2025-10-27 15:51:18.337595,27.752233950488797,658.5220486864752,38.639051000688696,9.760011943347257,377.1175992463254
2025-10-27 15:51:20.344734,33.94894897238303,785.9413603729272,38.0737623348362,9.887968372694809,376.4721577963592
2025-10-27 15:51:22.348676,25.867885465587403,630.7318169836697,34.83244970284686,9.312506768138975,324.3774236086218
2025-10-27 15:51:24.355715,34.07174248417874,779.3092667091291,31.095505834253213,6.912504159666543,214.94781342621062
2025-10-27 15:51:26.362349,31.34463587229656,839.5684423141947,30.566619276038853,6.185591220235208,189.0726118261382
2025-10-27 15:51:28.369110,37.902286767983135,964.3178181570843,30.002870312058068,6.533139676124651,196.01294243332896
2025-10-27 15:51:30.375744,31.940708440057094,764.8268388308172,30.952880411032336,7.2689299908450185,224.99432072279222
2025-10-27 15:51:32.378066,31.75509911309297,478.95831280817623,39.84161370137049,9.768035088316271,389.17428061012924
2025-10-27 15:51:34.381713,31.57506067652193,459.2421740365652,37.472183559869784,6.207643189840088,232.61394508386334
2025-10-27 15:51:36.384454,29.401148135168782,687.1347387504347,34.43579469088236,6.444779177235001,221.93109257533825
2025-10-27 15:51:38.388988,39.14397542019732,596.3344068611328,33.52825560466696,7.479504311997696,250.77473236886743
2025-10-27 15:51:40.391713,32.07807539620156,465.2314682132667,38.78413179813957,5.176277846139358,200.75744220845888
2025-10-27 15:51:42.396021,44.5173856087377,583.1188033821057,38.70294833588288,6.053468857404396,234.2870924409983
2025-10-27 15:51:44.398763,28.496141250175583,767.1170068496576,33.188932127597795,9.408242233794368,312.24951293740037
2025-10-27 15:51:46.401712,44.60068466601095,467.32294619397646,30.197807633333234,7.5185509878263,227.04375641178618
2025-10-27 15:51:48.408767,34.79885761542503,852.2123528283196,37.20499714054784,7.422304463295774,276.14681633319475
2025-10-27 15:51:50.415528,37.48788277307439,527.6491402491275,35.34786703118395,7.2144616794977035,255.01583214845687
2025-10-27 15:51:52.418622,25.419805906528442,954.9313852755134,33.09689772048915,8.287538959535535,274.2918292983167
2025-10-27 15:51:54.421862,25.249009203563062,832.8731073991944,37.43924139260396,7.784711917921639,291.4537086669492
2025-10-27 15:51:56.425233,30.99137915751178,526.293385747967,34.57946802266234,9.060844634542264,313.31918729846586
2025-10-27 15:51:58.429381,34.99448063812075,644.2570061952733,36.198962790674244,5.8392594561687,211.3751357789435
2025-10-27 15:52:00.438530,33.176406746477234,445.1869779072787,33.847281729111955,7.287909252775064,246.6759176948794
2025-10-27 15:52:02.445502,43.31213037659528,751.4829324777093,30.170265838812792,6.168643521423505,186.10961490621742
2025-10-27 15:52:04.449630,34.810106860407366,656.486403488993,39.96164891151537,6.173977118094891,246.7223059810375
2025-10-27 15:52:06.452996,42.40048051646284,738.1216272597264,32.12188418052297,9.907565553971876,318.2496732356235
2025-10-27 15:52:08.460661,37.07755017238079,513.5397647643055,37.69626330762338,9.309914517093961,350.9489890078394
2025-10-27 15:52:10.463803,28.300432329080124,652.9971826612991,38.11492579894635,9.10332665031926,346.97261980048944
2025-10-27 15:52:12.466548,25.500976648410113,804.6066966722408,32.00530261777472,6.492562585701213,207.79643032020923
2025-10-27 15:52:14.470171,26.0410796822967,697.5462959331917,36.04338814693979,8.429467941097911,303.8265848731774
2025-10-27 15:52:16.478028,39.33747547106162,817.3458185345573,39.27614529956192,5.168250039973629,202.98893951447096
2025-10-27 15:52:18.481797,41.576897857389,722.4347181832193,39.88186163593605,8.98493963170877,358.33611919904735
2025-10-27 15:52:20.486227,37.896662754018614,803.9674951322446,37.03097542262401,9.100823404478346,337.012367816879
2025-10-27 15:52:22.493416,43.173136655197645,987.046111852544,38.60489178128982,9.505744661493994,366.9682439575491
2025-10-27 15:52:24.500056,42.8388514745824,450.8583500549008,35.29503389272968,5.659067173372357,199.73696768541126
2025-10-27 15:52:26.508103,32.40982266681025,816.7154456530301,39.43553493243477,8.849766390085422,348.9952716201008
2025-10-27 15:52:28.514961,26.341514572173214,427.27993131114346,35.59452128303563,9.304493647765229,331.1889971732493
2025-10-27 15:52:30.521995,35.79742475934832,422.7386219222926,32.2273912776232,6.528404691122049,210.39345239946107
2025-10-27 15:52:32.524913,26.411273576583113,503.0808728266319,38.77900344113142,6.796197047663961,263.54974869796797
2025-10-27 15:52:34.532685,28.92521594267586,632.2554035232656,39.56717475797324,5.855078367219973,231.6689089774213
2025-10-27 15:52:36.539744,31.729931673371855,995.7328717569061,30.49587555022888,8.285939857792458,252.68699071992
2025-10-27 15:52:38.547035,32.68955620242151,775.0811305638515,34.01896290083565,9.864174567273253,335.56898865143535
2025-10-27 15:52:40.554086,29.412433293681307,798.3889163186562,30.432915760220656,8.03905893596393,244.65200338963936
2025-10-27 15:52:42.558106,36.83479811272183,485.74050702297956,39.7184982967533,6.767711056355697,268.80332006478227
2025-10-27 15:52:44.565839,33.06643058957353,601.2880753608587,31.382547100947615,6.935927974503835,217.6670863486468
2025-10-27 15:52:46.568511,44.349332621159256,635.403044505883,33.79360635239113,7.780237577209779,262.9222860123086
2025-10-27 15:52:48.573309,26.02445540428009,613.375167266138,30.744750328900675,7.500928598872244,230.6141770072379
2025-10-27 15:52:50.579333,29.85677227143114,428.3939836228821,38.89247728526341,7.653284890021517,297.6552087428115
2025-10-27 15:52:52.586586,42.167080127591,931.3871519810742,30.201845100604256,5.75104335619079,173.69212061053346
2025-10-27 15:52:54.589438,41.1424361461163,669.3004054345959,35.667211441338054,8.350245341855913,297.829966195023
2025-10-27 15:52:56.596164,26.638892274054918,458.64751535994435,33.45275335012384,8.179639583140242,273.6314654677003
2025-10-27 15:52:58.603392,36.4580983529203,541.3982211917371,37.06391505518348,6.012420738760289,222.84385153743486
2025-10-27 15:53:00.606073,29.917044154788904,957.626149761554,38.79843803918041,6.159032535324416,238.96084220308057
2025-10-27 15:53:02.613026,40.034864268932274,726.1891444463489,35.578372394044074,9.00705693700301,320.4564258790511
2025-10-27 15:53:04.615922,27.838903140501024,669.1353260257547,36.614425273197355,9.151420885806605,335.07401616694347
2025-10-27 15:53:06.618806,35.96694938347153,618.1968270096381,37.838312063257774,7.692401089049098,291.06747292318374
2025-10-27 15:53:08.624451,29.021809290561848,936.6686847472528,32.41568923901597,5.720647374945216,185.4387275522166
2025-10-27 15:53:10.626889,34.0116885921143,644.4153963232638,39.86446148236869,8.561880882555858,341.31477065927686
2025-10-27 15:53:12.631169,42.569899374513724,699.4268044688163,39.090747939922366,5.78137086163737,225.99811109947822
2025-10-27 15:53:14.638156,33.43426707920851,551.526659050192,31.152772440058882,5.458836089038725,170.0578784694044
2025-10-27 15:53:16.642028,42.73623821533244,947.8797607410613,32.240309532251736,8.80310469548822,283.81482022735884
2025-10-27 15:53:18.648679,35.847749074399474,436.68882501722555,37.65828106403067,8.836429612818616,332.7647499620471
2025-10-27 15:53:20.651682,39.839578691272976,951.789525108305,39.004493363729736,8.582790914030682,334.7674112485896
2025-10-27 15:53:22.654214,33.87880301672688,526.1882985638113,30.74345453475374,7.125776390604089,219.0709824893584
2025-10-27 15:53:24.657709,36.15103885739312,791.5257231342539,37.97456332889021,6.850430837971482,260.1421196867305
2025-10-27 15:53:26.665919,32.30434969352042,702.1960612629422,36.22618884812216,5.2160819322681995,188.95876912562576
2025-10-27 15:53:28.671057,34.1868559162957,733.6277219322864,36.04269730786136,8.63765289863293,311.324308875798
2025-10-27 15:53:30.677953,44.59882355232621,978.8808251144457,39.5844225770361,7.768351070436893,307.5056914989447
2025-10-27 15:53:32.685100,39.992225036079844,867.5313926293861,30.163852301462175,6.8596179688525325,206.91250325692374
2025-10-27 15:53:34.692034,33.88296574408692,925.4171313252109,39.01061955187559,8.546963477512978,333.4223405450344
2025-10-27 15:53:36.699949,33.68423902247847,579.9217262391326,32.02663645895878,7.96639986601853,255.13699239567336
2025-10-27 15:53:38.707336,28.21065795721234,836.9434096358782,31.06431327659598,6.487561259536051,201.53163536733547
2025-10-27 15:53:40.714504,44.39010565454912,625.7015930767222,33.925498218764695,5.9470598324428465,201.75696775242685
2025-10-27 15:53:42.723013,43.27547295457762,895.5288306719973,35.47449860061751,6.346504066485993,225.1390496253707
2025-10-27 15:53:44.731262,30.030446754885386,922.3231166941843,38.84731441729163,9.619965918078718,373.70984070323345
2025-10-27 15:53:46.739015,36.09849910821375,878.0487318770314,33.79409574677335,8.152296678259756,275.49949450121255
2025-10-27 15:53:48.746011,43.26065478135539,962.2757919885685,33.698346463118796,8.098500826218572,272.9060866737673
2025-10-27 15:53:50.752933,26.685987355868384,963.9312446856861,33.58904395267409,7.3682147366273885,247.49128864131828
2025-10-27 15:53:52.760378,29.372588015979062,762.9406938066552,34.238486286266365,8.062913475572515,276.0619524607418
2025-10-27 15:53:54.764188,36.35459284861493,400.2350489481221,39.12372095738279,8.372437145194318,327.5608946018091
2025-10-27 15:53:56.767608,37.531989044775365,798.1246202889444,31.88602292148033,7.22593251694771,230.4062498644647
2025-10-27 15:53:58.774187,30.411091321595652,818.918697794928,31.832590750509286,7.146155196688437,227.48063381580823
2025-10-27 15:54:00.778861,33.90266243038096,806.0724881795788,32.44271522315946,8.188805477347358,265.6670841194287
2025-10-27 15:54:02.783490,34.20371112132618,744.239748482165,31.027827316213422,6.196125479806732,192.2523114170333
2025-10-27 15:54:04.786291,43.21846016926426,758.1167209514643,30.475060571450495,8.971608469763051,273.4103115393673
2025-10-27 15:54:06.789638,32.09941196168851,516.1156824382866,33.42831739558933,8.596383660507819,287.3626414577134
2025-10-27 15:54:08.792424,31.177379743799932,853.5178166578139,32.54559060160431,8.106045042635946,263.8160233557937
2025-10-27 15:54:10.795523,28.41448023653664,592.5029272428119,31.775564323605547,7.905890660694496,251.2141372242903
2025-10-27 15:54:12.799517,26.221685028558376,818.0669454197512,31.703372719327227,6.334249630352854,200.81707692833726
2025-10-27 15:54:14.804187,36.18961375349072,737.6735081822144,35.13241540715185,9.689653297467263,340.42092479789864
2025-10-27 15:54:16.807505,29.246002961279927,687.1838506900033,31.897473323195552,5.552860870357591,177.1222314796477
2025-10-27 15:54:18.810688,29.239294885304737,577.9412688498288,34.35304777929729,6.039205696619312,207.46512184496763
2025-10-27 15:54:20.814205,41.01468825836415,599.6077406899024,37.83574817021885,9.696279606338994,366.8659933734709
2025-10-27 15:54:22.817791,28.851257549077182,513.1730505410393,39.98869800492882,9.18061995155334,367.1210387406908
2025-10-27 15:54:24.824355,36.96185138337739,669.0943955985579,32.98867640853242,8.111762812176122,267.59631851364503
2025-10-27 15:54:26.827695,38.961942030667856,829.636950530419,32.980745024565714,6.353782708352979,209.55248744568416
2025-10-27 15:54:28.832168,39.97847655079238,598.6270696611309,30.71814878606339,6.246025542928818,191.8663419492398
2025-10-27 15:54:30.837715,41.430831881269995,664.7602028637485,31.0560787190796,8.757862727988645,271.9848742913086
2025-10-27 15:54:32.843809,26.305751473467744,759.2933787464356,37.521973376760066,8.121195500798725,304.7232813684334
2025-10-27 15:54:34.847088,35.866027607166146,503.09700057416103,34.016759500851066,6.004341902579746,204.24825446093774
2025-10-27 15:54:36.850370,36.52750985612931,603.1305563567701,33.54544643083773,8.613703786778197,288.9505389504721
2025-10-27 15:54:38.857294,42.44402356058799,980.5962927149575,30.670948108272672,6.945511706327281,213.0254291301644
2025-10-27 15:54:40.864406,41.98213805062451,795.0112508673199,34.78125528122566,8.658493740140456,301.15328112671955
2025-10-27 15:54:42.871831,27.64839908438631,519.4461727530762,32.79909827023737,7.628778063321022,250.21704138069734
2025-10-27 15:54:44.878807,39.33086081050701,844.713351553266,38.27664951868773,8.114432771490463,310.59329923729433
2025-10-27 15:54:46.881985,38.0789339001131,713.3495405469353,32.38239364436661,8.71786099145025,282.30520636201015
2025-10-27 15:54:48.885121,34.4573334921694,490.5315858603534,33.38729139570895,6.3951616488109435,213.51712549151347
2025-10-27 15:54:50.887908,44.36512920390405,909.4626450347474,33.60371060384707,8.304062048190904,279.0472979037967
2025-10-27 15:54:52.890025,40.97976075774278,821.7481594202609,35.815016484939584,9.000877681561636,322.3665825440548
2025-10-27 15:54:54.896351,34.92484510889723,543.809699529125,34.242904891452554,5.015090576154965,171.73126962129447
2025-10-27 15:54:56.900943,36.044904437090324,568.8513585988356,34.60536314267628,7.666418628364788,265.2992006383417
2025-10-27 15:54:58.906386,31.209793282215102,961.0432744264053,39.07954526348636,5.7295745561931035,223.90916820926816
2025-10-27 15:55:00.909047,28.580708173104085,804.9229273551629,33.708968594408574,8.389387373021563,282.7975954835117
2025-10-27 15:55:02.912276,32.28640356329737,762.5128180908983,30.90506426661417,6.92168150094885,213.91501161985863
2025-10-27 15:55:04.914870,38.938772057130414,596.1189700099335,33.13517221982116,7.482311141660196,247.92766828119724
2025-10-27 15:55:06.922211,31.693745049869413,512.4334246023483,31.800869494438643,8.135403816820325,258.71291506326116
2025-10-27 15:55:08.929009,27.025627718259607,741.0458837928529,34.74840918249924,6.624774469691742,230.20037401462304
2025-10-27 15:55:10.936253,43.785332747804986,425.58258714927535,38.278713330077835,6.666763474323862,255.19512787307684
2025-10-27 15:55:12.942733,41.00992323456296,560.2872141642883,32.50947536228819,8.534911596911847,277.4654982791135
2025-10-27 15:55:14.947649,35.96359207793461,897.5398836346999,32.847317506187395,9.436469432503285,309.9627075868674
2025-10-27 15:55:16.954218,38.131428952039585,865.5959775981387,38.95864659820492,6.805093253170093,265.11722311808234
2025-10-27 15:55:18.958416,35.38870722428276,825.2595277998757,38.44334755095513,5.690333784069994,218.75547934194444
2025-10-27 15:55:20.965913,39.36879792499063,714.1609899505968,30.681737637311024,7.5985357612398134,233.13628065408534
2025-10-27 15:55:22.969521,28.80474108600969,681.2684649758729,31.081224418916573,5.412351048456222,168.22249757102625
2025-10-27 15:55:24.976416,41.49954660046514,881.471510443969,34.603089796886636,8.139227096117972,281.64240608422307
2025-10-27 15:55:26.983271,28.795902529292103,517.3216100142477,35.19805205718162,7.165476336679901,252.2108091129622
2025-10-27 15:55:28.990966,34.13067954331936,425.58683819385135,36.466163974132016,6.9605140669100685,253.82324730819505
2025-10-27 15:55:30.998094,25.73524730976712,975.6822678897985,32.498917654878184,8.454186421683193,274.75190835727136
2025-10-27 15:55:33.000200,36.72667049368488,923.8277178401538,30.08470648819128,5.589181423260263,168.1488826280362
2025-10-27 15:55:35.006416,34.697503422553375,882.6552907835676,32.28360740940211,7.378691413143735,238.2107767770588
2025-10-27 15:55:37.014653,37.47880987593137,732.5445371245107,34.212439130162224,5.01371081930835,171.53127622182268
2025-10-27 15:55:39.022701,28.637380768339924,649.1064782953551,30.44658803513677,9.788447262295179,298.0248212987637
2025-10-27 15:55:41.029948,38.93959469287449,446.7009508634914,37.66770896703862,6.710609056190806,252.773268920169
2025-10-27 15:55:43.036454,30.396187850779214,708.4232915151982,34.28231722902762,8.260454958083164,283.1875373291011
2025-10-27 15:55:45.043663,35.341213115943276,601.4171981448317,39.378724534582624,6.380414717468851,251.25259357560267
2025-10-27 15:55:47.050974,37.73596512669752,579.6833854967073,33.104698478780705,7.149487388021731,236.68162425830482
2025-10-27 15:55:49.058310,31.64504972589867,674.3218071768435,35.269888012741745,7.415108375066757,261.53004199094795
2025-10-27 15:55:51.064647,28.46185305137812,835.5165555778331,36.583438771122545,9.231559920494067,337.72220711334364
2025-10-27 15:55:53.068708,36.2476650157858,409.1205443502452,34.59036718807459,5.002606332572989,173.04198994108685
2025-10-27 15:55:55.075396,31.956865815018624,631.7065613757552,36.30900036071954,6.6562486614100695,241.68173504817716
2025-10-27 15:55:57.078060,39.88824107656046,779.045481692503,33.894021368714306,6.41872671691395,217.55646050301883
2025-10-27 15:55:59.085617,42.18280275456337,910.5013277752552,36.85446880868029,8.367368558560015,308.3749235521822
2025-10-27 15:56:01.092525,27.88673886428153,559.5073620234157,38.57564770720107,6.0731650494196,234.2762754140969
2025-10-27 15:56:03.099207,38.61324388613694,546.6261391053334,30.76174902967016,5.493172213610748,168.97958501185153
2025-10-27 15:56:05.106697,27.44601393398591,865.3663534349389,30.54572856128905,6.353179414132166,194.06249388525052
2025-10-27 15:56:07.113761,32.98524485200787,637.4001774015077,30.89808017912139,6.10019733474193,188.48438635731875
2025-10-27 15:56:09.120082,37.95578317798295,976.3828907135289,34.31561401107742,9.714855877531594,333.371244466621
2025-10-27 15:56:11.126525,41.43439256362796,616.1085899674198,35.40290117014083,8.792740616958312,311.2885270768582
2025-10-27 15:56:13.133288,26.322125550520504,881.9215610708752,34.69446527535217,6.248924607823782,216.8030978144359
2025-10-27 15:56:15.135600,29.06385338884367,642.1255502248486,39.57277348020358,5.144834247698992,203.59536027738582
2025-10-27 15:56:17.138932,28.430352925032846,676.3234208735666,38.22902564336225,8.794132823303404,336.1911292131995
2025-10-27 15:56:19.146311,31.976541393783386,973.9881917523928,39.11808895398198,9.897545560470428,387.1730676605717
2025-10-27 15:56:21.151271,40.12982134394252,764.8502162588533,37.570426508329106,8.23809319948973,309.5086751201947
2025-10-27 15:56:23.160031,30.299192681132304,403.32332345266127,36.83149050305523,6.938804961567942,255.56652904454214
2025-10-27 15:56:25.164754,32.52319810403839,644.184602933449,38.95591419082424,6.487805047911662,252.73837673324303
2025-10-27 15:56:27.170990,28.851515898602493,961.9364263758326,36.93723985125125,8.933307589442876,329.9717250962546
2025-10-27 15:56:29.176336,38.6343824538506,651.0147951292743,38.18052654076652,7.793460486828755,297.5584249617805
2025-10-27 15:56:31.183212,35.97155148621528,946.9786869964431,33.495088288877476,8.525763361497194,285.57119652342533
2025-10-27 15:56:33.187540,33.211104952125474,417.3233052823025,30.49074030428384,7.8129747406157355,238.22338382004378
2025-10-27 15:56:35.216334,42.726844515704144,400.92492064754714,39.67447914892321,5.628816501796882,223.32036293365528
2025-10-27 15:56:37.218813,44.22926019752994,981.5007983777324,34.89130024915494,8.154450514677976,284.51938127450524
2025-10-27 15:56:39.221210,31.548110880571443,968.3824390618679,34.766986945456935,9.198193459303454,319.79347192139056
2025-10-27 15:56:41.225729,26.732406538740612,819.8955872157444,38.354568402135506,7.105677752954774,272.5352034192364
2025-10-27 15:56:43.229729,33.347650511704124,505.7764710901986,34.63778387893825,8.387294099871374,290.5172803604386
2025-10-27 15:56:45.237325,27.27732875504763,908.8711614744935,32.49825284022364,6.276309480168452,203.96909239000698
2025-10-27 15:56:47.246018,40.29045312050132,492.2920661565561,31.54732949381256,9.933432886842693,313.37328028590014
2025-10-27 15:56:49.250959,35.447559307018665,495.8465662062874,39.22621510171513,5.784906699113327,226.91999452277219
2025-10-27 15:56:51.253663,42.56782759940036,769.9887687815782,31.96918028947931,8.835807474102834,282.4735221427223
2025-10-27 15:56:53.256042,32.92627867076554,919.4316980602238,30.927520700738647,6.363883735136696,196.81914595553414
2025-10-27 15:56:55.258886,30.863191498900807,481.2821559070543,31.396791703872495,7.654736318246144,240.33416173204202
2025-10-27 15:56:57.262028,35.87996022300395,906.9910926276991,31.3798340562736,8.389369028684913,263.2570079569738
2025-10-27 15:56:59.269340,35.73061760347277,707.6841989073798,38.36650995656414,7.412795587697314,284.4030957213637
2025-10-27 15:57:01.272440,35.963121633930804,751.4476824081037,35.838839346138734,6.693961614064845,239.9038148756895
2025-10-27 15:57:03.279202,41.72467407846527,819.7912276051711,31.373580542235867,5.380046450623723,168.7913206396136
2025-10-27 15:57:05.281903,35.19810420389417,539.0538826659833,31.820337017549512,7.093261017758286,225.70995613851494
2025-10-27 15:57:07.288949,36.802244291667435,509.43259102770685,36.05002841131694,9.8598765768649,355.44883072805806
2025-10-27 15:57:09.295400,43.731680790114545,630.6188004862793,38.263962783904425,8.04803313374656,307.9496403133081
2025-10-27 15:57:11.298779,26.059499993636543,704.2784187636853,30.840478572878997,6.232841330775916,192.22380950994923
2025-10-27 15:57:13.302721,33.81572977381379,750.5180338297495,39.51892557122673,5.784689163225512,228.60470049419087
2025-10-27 15:57:15.304887,29.751499603348698,454.18296040046255,37.51293181873285,6.296655370782316,236.20600361021505
2025-10-27 15:57:17.307168,32.001743008225944,512.0885689866986,35.23029519272946,7.077821806039655,249.35375154831456
2025-10-27 15:57:19.310822,38.95230083608485,657.7710995074509,39.570948346861115,7.7666001892353815,307.331734918955
2025-10-27 15:57:21.313802,34.7190200086985,891.8293259505948,37.39640197451507,8.400604220133989,314.15237224493836
2025-10-27 15:57:23.317604,40.10154048239567,594.0130411662878,32.243854680622306,7.893048072060129,254.50229502267285
2025-10-27 15:57:25.320935,32.582196802527186,459.20055547702043,39.662469781770675,8.598819710444957,341.05042692441714
2025-10-27 15:57:27.323954,25.310584357122906,717.9119912480412,36.52092708937397,6.183403913180928,225.82364347743038
2025-10-27 15:57:29.327331,40.19746464319657,675.6378747649411,30.144331358667554,9.955292141202708,300.09562507675344
2025-10-27 15:57:31.331086,25.525208459540423,793.3283577862127,38.11166011193036,5.880356308134917,224.1101409526836
2025-10-27 15:57:33.334936,35.25493636783388,837.0177748116516,31.23374955061859,9.833100247875475,307.1245904482682
2025-10-27 15:57:35.337170,39.6312767687238,532.4186042076697,36.82939270015004,6.503156611044405,239.50730861873126
2025-10-27 15:57:37.340214,34.35436705734049,567.7606484653068,34.22862976732163,8.076547469583616,276.4491531345759
2025-10-27 15:57:39.349865,34.948475341654884,562.7020454806825,37.93843232570438,5.9382967855055355,225.28967072684964
2025-10-27 15:57:41.356471,37.7400919387336,629.7238577521947,33.40700373691572,9.315917294979316,311.2168838861718
2025-10-27 15:57:43.359850,26.8178537829725,592.7401542190553,31.572394409291185,6.3911486419233,201.78386565120815
2025-10-27 15:57:45.366722,35.3985637656769,402.98514247477857,37.02612501612966,7.798826478824282,288.76032418405015
2025-10-27 15:57:47.370680,33.57657270551014,933.6752135061286,38.615338147595125,7.430323981115262,286.9244730769511
2025-10-27 15:57:49.378134,39.152622749203886,922.05235782136,30.68341177292555,7.110531293130417,218.17535959139335
2025-10-27 15:57:51.385416,43.40682715370376,717.4801922001002,34.124554289638,6.225626788871914,212.4467393438843
2025-10-27 15:57:53.392699,30.466236680716918,460.24030088348997,34.055754984938275,5.4339632398579925,185.05772069376516
2025-10-27 15:57:55.395452,40.794181154364054,424.8906646803399,39.1179558971544,6.09480415617215,238.4162801829355
2025-10-27 15:57:57.398477,41.23512829548565,935.7154586971898,36.29529581167802,6.413075333862897,232.76446630512962
2025-10-27 15:57:59.402469,29.98300234110522,496.8175459694146,34.95922011019314,5.157042675174815,180.28618999909563
2025-10-27 15:58:01.409700,39.558658396698746,815.3991212749759,37.30365201702794,8.656423023476435,322.91619217995384
2025-10-27 15:58:03.417371,28.87131961547996,597.4259455669924,39.831976001008755,7.240375984696893,288.39848246072677
2025-10-27 15:58:05.425019,26.874766860722904,578.3964944555428,39.620848147781274,7.266455456555124,287.9031282167872
2025-10-27 15:58:07.432292,35.15329495673936,838.8943254344836,38.3486198810202,6.868989635744552,263.41627250783523
2025-10-27 15:58:09.439475,30.371452047276296,422.70459569481545,39.800602518952495,9.365623242857422,372.75744803123115
2025-10-27 15:58:11.447789,38.188337450396915,709.2989609970053,34.84455193661378,5.464033519427106,190.3917997510764
2025-10-27 15:58:13.451076,44.43785915322694,663.7790300528022,30.162125017241653,5.516934507023545,166.4024683127786
2025-10-27 15:58:15.454160,27.788798936268044,787.7172966400252,37.32717015695299,8.98909709480724,335.5375568152416
2025-10-27 15:58:17.457129,44.06791012038243,966.7284085067398,36.90155095633654,5.154444512416334,190.2069968265406
2025-10-27 15:58:19.460565,33.44933123000715,754.3148313487277,34.652219554880254,9.789062023418762,339.2127264718473
2025-10-27 15:58:21.463560,31.021717313096815,447.2968248206579,30.859978699654576,9.461388979765976,291.9782623847246
2025-10-27 15:58:23.466699,43.3436601281354,635.1303028753755,36.15500923698838,5.296857293252929,191.50792436456888
2025-10-27 15:58:25.473227,41.82926562204037,450.02575512943,35.36176526055249,8.764460983302628,309.9268119268186
2025-10-27 15:58:27.476646,33.241511137888324,597.4697720864618,34.84669668413743,6.965024301007634,242.7080892148593
2025-10-27 15:58:29.479879,37.02315808183758,499.71100304962454,37.13279073039258,8.617066347220915,319.9757213812626
2025-10-27 15:58:31.485581,36.226417295998715,623.4219128204238,30.05394660137018,7.517375354751059,225.92679749414452
2025-10-27 15:58:33.489358,30.22190418661078,737.9337636346368,36.55296495107015,6.131317495615679,224.11783352112315
2025-10-27 15:58:35.497180,35.22402998123564,412.9670372031452,35.90043505611877,8.186367107204388,293.89414067773805
2025-10-27 15:58:37.504636,26.14953205853745,848.8519883427415,32.78284382942787,5.365765794453222,175.90506206484594
2025-10-27 15:58:39.511297,33.89938543276571,937.9048041513861,34.79702080974575,6.692116480845403,232.86571644522002
2025-10-27 15:58:41.515223,39.693823675228735,758.7163905120383,32.52813215804694,9.91116067635105,322.39154431998486
2025-10-27 15:58:43.518764,34.40211614923619,940.4928902227535,36.29765245068903,8.245580453823301,299.2952135670729
2025-10-27 15:58:45.522843,27.893121925086763,468.2216111065311,39.13902161015674,8.890366207598673,347.96023512141164
2025-10-27 15:58:47.529881,25.773405945610747,641.1792725624134,35.20670825772437,8.228196872389145,289.68772677332475
2025-10-27 15:58:49.536480,29.840010255907046,954.013844803389,34.74553894135039,6.099948348819932,211.94599289414896
2025-10-27 15:58:51.539798,34.26434234868721,637.4935685734135,30.805657221461022,8.36701054540466,257.7512588300856
2025-10-27 15:58:53.547379,32.85889737506231,938.7063504857484,36.591149526747145,9.620087901295207,352.01007485674404
2025-10-27 15:58:55.554133,29.08713150773787,612.8063976021134,36.26324920979966,7.306608418212486,264.96136194805945
2025-10-27 15:58:57.561014,40.152289545354705,743.2744699454674,36.756452229130275,5.297086775891703,194.7021170316211
2025-10-27 15:58:59.563792,32.38769596184683,992.4295711125939,36.04866815529663,6.89756584902605,248.64806237084693
2025-10-27 15:59:01.570522,44.33361136614304,691.5139115001987,33.68637956635203,6.54628466067789,220.5206298289834
2025-10-27 15:59:03.578481,37.516186746432226,617.0198755666199,34.822293016914415,9.08567215034363,316.38393787488474
2025-10-27 15:59:05.581777,28.711344411967488,752.9298896944645,37.88901207028853,9.925454285680914,376.06565723326116
2025-10-27 15:59:07.584499,39.49890991419744,781.3809378664964,39.13469828795019,6.6348731689235,259.6537596446371
2025-10-27 15:59:09.587467,40.24862548276702,435.9441693197503,32.09314995509723,5.225929355004893,167.7165344449166
2025-10-27 15:59:11.590266,37.482492904639585,537.1429727505129,33.68552551122083,9.940623353583568,334.85512157457686
2025-10-27 15:59:13.592896,35.74543420406526,618.9040422504013,36.523918409495,6.105607289532731,223.00070248331141
2025-10-27 15:59:15.595404,28.390294127495903,808.9337025199636,36.758936650722,8.081241501746751,297.05784442189434
2025-10-27 15:59:17.598643,33.946934548353696,779.1743824028872,33.46753555047034,9.982048990320772,334.07457945009696
2025-10-27 15:59:19.601610,38.25906179160965,657.3358040403397,32.83449733460682,8.481184191757901,278.4754197385843
2025-10-27 15:59:21.604914,40.65030277989555,480.7046729875583,31.70302102420606,6.836208276971238,216.72845473067065
2025-10-27 15:59:23.607535,38.70581950515798,777.0994813277341,31.01923064444047,9.060433752977108,281.0476843222703
2025-10-27 15:59:25.609981,37.51271879760557,586.4860062184259,31.80008734766757,8.021957428506289,255.09894692577072
2025-10-27 15:59:27.613073,41.111941268463994,808.291619302086,30.959559023789797,8.457950620273987,261.85442144867204
2025-10-27 15:59:29.617455,25.439055671688166,679.693093816823,33.8691158550361,9.716995668666947,329.1060520649648
2025-10-27 15:59:31.624636,32.809854902120904,911.1029434450701,36.466776377565104,5.808095179569131,211.80250809296135
2025-10-27 15:59:33.632048,43.93687822064989,828.4101749494398,37.16789264808856,6.985907400711372,259.65145631912765
2025-10-27 15:59:35.638775,44.0803378812343,753.4613586465384,30.946845284258654,5.496873818792825,170.1109036172736
2025-10-27 15:59:37.643125,36.63417825597588,568.6948715301947,39.703176504578764,5.2285139672427245,207.58861289809323
2025-10-27 15:59:39.645650,41.62025862997973,754.172247338608,32.15654865106827,8.762858269501875,281.78327826565294
2025-10-27 15:59:41.652679,27.967283335138873,621.8764547062485,35.16677171548287,8.109547461121407,285.1866042811302
2025-10-27 15:59:43.660281,43.884030408929945,848.0864002028275,30.2564992509483,9.69024987357104,293.193038041204
2025-10-27 15:59:45.668358,39.79851912861196,776.4658544651619,38.63463433262746,6.027290630451322,232.86216952395847
2025-10-27 15:59:47.678603,40.44687288402908,541.7470184060242,39.81276956328422,6.010207008539204,239.28298665860714
2025-10-27 15:59:49.683615,39.0554845259872,598.5692649376622,32.444033812196224,8.112885414680758,263.2147287083761
2025-10-27 15:59:51.686625,44.025838334919854,788.0033817971196,36.70034319690389,7.469067000448015,274.1173222771116
2025-10-27 15:59:53.695610,26.001571822663724,802.9633880581529,33.42999863289586,7.168861284442712,239.6550229383399
2025-10-27 15:59:55.702513,30.92296646168765,915.0136214329387,38.19450620500683,6.392823545365003,244.17073857095738
2025-10-27 15:59:57.705850,40.37299538629067,603.0283582490142,38.60956549580642,6.735547294319067,260.05655441011373
2025-10-27 15:59:59.712403,38.59958331743536,542.4082327054631,39.623061090424244,6.559131057271967,259.89285058238613
2025-10-27 16:00:01.715928,35.633755570852266,469.8512734575235,32.01851760449039,8.929282700197088,285.90239533173195
2025-10-27 16:00:03.718380,42.642715928182,623.6156705805568,33.89662796364735,8.938182889713637,302.97426008366153
2025-10-27 16:00:05.725322,31.74829564496381,924.1252177037903,35.369950217374246,9.636067147149152,340.827215285941
2025-10-27 16:00:07.733678,25.233481134428292,592.6915838166663,34.35545218721497,6.988822649522071,240.10416238058056
2025-10-27 16:00:09.741021,36.81918849958866,435.4907860619102,37.71177890113316,7.185372131950748,270.97316516249043
2025-10-27 16:00:11.748237,37.818658267168914,542.6788406203754,36.00312798091836,7.847590891486598,282.53781920808115
2025-10-27 16:00:13.755092,44.00280573413127,962.311701520152,33.026506257641316,9.310743734711487,307.5013362177436
2025-10-27 16:00:15.761400,32.96305296637822,901.9938700639245,36.36031870567596,5.041738765865603,183.31922835763473
2025-10-27 16:00:17.764649,33.72213909099035,973.9518861291842,33.17721932170432,5.580332141026892,185.13990333080503
2025-10-27 16:00:19.767357,29.2392213039964,773.7857796582966,37.99767814280132,8.208658926301585,311.90997986564065
2025-10-27 16:00:21.771060,34.59494031814337,486.1085481612573,33.98333732518309,9.690175047027004,329.3044873631906
2025-10-27 16:00:23.777463,25.911203910133263,527.1196057231638,38.5141240116192,6.258417135872218,241.03745368742526
2025-10-27 16:00:25.781302,25.965371742361306,468.49530370146533,36.15369119948662,8.177761934689604,295.65627968968425
2025-10-27 16:00:27.783980,26.96119536335092,443.99277008833565,33.36037725426116,9.94287676570503,331.69811989654784
2025-10-27 16:00:29.788716,25.7308317898763,568.0196934490311,30.041253254859274,5.014835771222468,150.65195143482168
2025-10-27 16:00:31.792153,27.71615115370348,939.6118958008615,38.53765176613836,9.516092022620946,366.7278405422932
2025-10-27 16:00:33.795570,40.907030985557896,915.9227047419271,32.395218976850245,7.621914397843539,246.9135859409491
2025-10-27 16:00:35.798418,35.29408013151765,953.1465109575414,33.090264576142914,8.717447359049112,288.4626395395334
2025-10-27 16:00:37.801883,33.27375709783952,720.1450388894187,37.19858875926185,9.53085890500872,354.53450092996815
2025-10-27 16:00:39.804252,28.774534934255815,436.8701160551605,36.628270884427195,8.403224409418579,307.79557997081446
2025-10-27 16:00:41.807587,32.990046225258524,824.509539647805,33.01361964736106,7.127968388588546,235.3200372392754
2025-10-27 16:00:43.809784,43.639354232000784,624.7640793760626,33.73132439685214,8.803611516806365,296.957475937259
2025-10-27 16:00:45.813391,40.53525592314881,912.7763525904746,34.55010232979274,6.4467020293161115,222.7342148025542
2025-10-27 16:00:47.816778,38.34135460270714,912.4503314256352,38.829274516846326,7.031826872956617,273.0407360049696
2025-10-27 16:00:49.819538,28.893975241268418,631.1534546452203,31.592798041030644,7.126283265639522,225.13922799452575
2025-10-27 16:00:51.822580,28.771604881035316,771.7699649314204,35.58624618693707,5.840150173634014,207.8290218476233
2025-10-27 16:00:53.825966,25.960036571625906,476.2977468527771,37.75008741151269,5.232094515847806,197.51202531855085
2025-10-27 16:00:55.828756,34.75778742948708,737.0450754496876,39.52370823241094,5.734859595513538,226.6629174069193
2025-10-27 16:00:57.833212,43.248966334974746,519.4277180489869,36.344396439711105,7.934817751200574,288.38616202649064
2025-10-27 16:00:59.839276,42.27539063673964,485.38145899497715,32.59299332183032,8.096923855964075,263.9029851648057
2025-10-27 16:01:01.846392,36.07948219248005,574.2701762074016,35.29372307771509,8.316517990287078,293.5208829200278
2025-10-27 16:01:03.853204,35.26303063312167,548.992542187151,37.93850287557902,5.850718220220691,221.96749002204524
2025-10-27 16:01:05.856149,41.938193267767524,641.9478190816636,37.82714567997972,8.146412943811832,308.15554919484265
2025-10-27 16:01:07.858733,34.28802986545835,577.6342536837737,33.29755590719239,8.265116620469675,275.208182749554
2025-10-27 16:01:09.861759,37.792290647734,560.6618663071522,37.77782665468381,5.627909527148152,212.61019054484638
2025-10-27 16:01:11.865296,36.23563855136027,698.4766719833863,31.17911830396272,6.470919778950327,201.75757332334453
2025-10-27 16:01:13.872297,40.594648491755066,573.427365265545,36.15113633918306,6.278982738790155,226.99236106137997
2025-10-27 16:01:15.879206,37.38662667942265,788.3260896089528,36.022748055925575,5.466100372643977,196.9039565721549
2025-10-27 16:01:17.881608,37.19599226290118,987.8763326977715,39.60795799012588,7.289376782546469,288.7173293772995
2025-10-27 16:01:19.885281,33.300918323887466,500.4256427945114,32.81385700420884,8.95045473140013,293.69894167880835
2025-10-27 16:01:21.888053,44.827122137644665,572.9377193145875,37.66989147298794,7.833355326991215,295.081645037111
2025-10-27 16:01:23.893540,35.17402372026655,485.91712376638503,37.02839604327151,7.099655292791983,262.8888479522103
2025-10-27 16:01:25.897754,39.431604079456584,570.2531920952292,33.28017607441394,8.03023281034716,267.24756184688937
2025-10-27 16:01:27.902119,35.15532015360605,808.9367736060819,38.72438062961886,9.554471119515593,369.99097634682244
2025-10-27 16:01:29.910186,25.39823576228424,762.0284661962685,36.504358739145104,5.922832305859213,216.20919524488272
2025-10-27 16:01:31.913778,43.18051239338286,934.0856083121101,33.44752443044985,7.894480155717719,264.05081787407
2025-10-27 16:01:33.920333,38.03483997326223,597.9327850213778,32.38928889379992,6.443262875039866,208.69270267836208
2025-10-27 16:01:35.924973,33.34097873987382,501.80329652480737,31.08106165615459,5.064573260134867,157.41231376036365
2025-10-27 16:01:37.927632,42.55873648661418,891.9434156510981,34.22661054828271,7.7845932410419225,266.44024113793574
2025-10-27 16:01:39.934797,26.146468629639187,760.2121787777835,36.187429491074056,7.295048421897697,263.98905040139397
2025-10-27 16:01:41.939361,32.66545418851291,595.7526549907191,34.54864106458562,8.595883019353764,296.9760770688196
2025-10-27 16:01:43.944082,32.54002953089428,680.2151627843375,39.310455540590155,7.924253572610914,311.506017758484
2025-10-27 16:01:45.947175,32.65881336840614,647.9833905556936,38.40578165227271,9.61437760715273,369.24768710280784
2025-10-27 16:01:47.954296,38.340867647823586,996.027519335389,36.043550088830834,5.556824897867563,200.2876965411518
2025-10-27 16:01:49.962319,28.627864774965282,967.6492545119405,38.44721251438853,8.975985252509723,345.1016125292587
2025-10-27 16:01:51.969103,34.118946148628126,818.1466550966686,37.375900313652586,9.378122953390761,350.51578863511025
2025-10-27 16:01:53.971383,38.31843275198948,497.97603894513713,35.58312259567706,8.19710442900503,291.6785718268534
2025-10-27 16:01:55.973584,39.86047131149161,690.419258445789,34.74112613978945,5.30878333030708,184.4331113270098
2025-10-27 16:01:57.976622,25.2400530951093,453.56108092292004,37.679276505633,9.674898979232651,364.5431938025735
2025-10-27 16:01:59.978979,34.50138849177785,561.0985215686667,39.52504849034762,9.105492595847572,359.8950363793765
2025-10-27 16:02:01.986301,37.44137852050101,882.5947697561974,34.009098819868235,6.059352292569965,206.07311090240708
2025-10-27 16:02:03.989096,41.38574868536895,893.871400185938,30.34910721352355,9.639988043660363,292.5650306741335
2025-10-27 16:02:05.991465,25.849658234789132,634.9064590223288,36.4700478977265,9.403714027587906,342.95390100265354
2025-10-27 16:02:07.996648,35.618663555685586,818.5899856601498,33.16520642790596,7.423539576894001,246.2032224934192
2025-10-27 16:02:10.000077,39.68718133960208,594.8372518389889,34.01668640196909,9.861910985805931,335.4695333282942
2025-10-27 16:02:12.007548,38.53388063890918,730.2234093437887,39.75667228598397,5.986987139838444,238.02268569895747
2025-10-27 16:02:14.009913,32.56009693358732,537.2753437768096,30.088788783204812,5.524002014169539,166.2105298423452
2025-10-27 16:02:16.016799,29.927233463022375,497.16131528830437,32.86075127360414,9.033405225506199,296.8444822690351
2025-10-27 16:02:18.020246,39.882698458129695,690.4509661891752,30.96912179616081,5.073316112858426,157.1161446095377
2025-10-27 16:02:20.026708,44.72923798092587,998.0645331051866,36.224725093845926,8.847418465465644,320.49530170170914
2025-10-27 16:02:22.030034,28.885804710336593,693.4349559014202,39.56574126874971,6.525243055437862,258.17607844716025
2025-10-27 16:02:24.035564,38.54897170694878,735.3781328971854,35.03365266776494,8.638449995616877,302.63645673429727
2025-10-27 16:02:26.042468,27.632842845453567,435.55838424579537,39.34536121908088,9.534195451591671,375.12636397619224
2025-10-27 16:02:28.049883,28.194008147454145,724.8346255097647,33.21241714257951,6.241742638455668,207.3033602050145
2025-10-27 16:02:30.054257,27.97164626924134,980.2125274435867,39.42331216779155,9.084864696219892,358.15545692122555
2025-10-27 16:02:32.056458,35.50710267234894,767.0600167620555,36.49822835561746,5.708152015473556,208.33743574933186
2025-10-27 16:02:34.058836,35.18758288158051,905.7513505812319,36.069522411870196,6.587195877924703,237.59700935018404
2025-10-27 16:02:36.064851,38.519136506165026,555.3085497774057,36.885903742935255,7.183179317425863,264.95806087081377
2025-10-27 16:02:38.071531,29.341017103307127,837.6368267867521,39.17449675756009,9.581071408810098,375.3336508383829
2025-10-27 16:02:40.075281,25.851584115854713,755.6849899792735,38.157669664006605,9.140310664594596,348.77295496599726
2025-10-27 16:02:42.079036,27.282650510240213,591.0433552354386,32.43638634896416,7.860998964749955,254.98239950943685
2025-10-27 16:02:44.082386,42.20203117317337,955.1895853656727,30.485691521699664,8.981373950500302,273.8033956959813
2025-10-27 16:02:46.085475,28.75881635630457,871.4978321776691,32.086227121464155,8.725399744554506,279.9651579293412
2025-10-27 16:02:48.087608,42.98345785855459,796.2300200301967,33.94794528398475,7.660578589239609,260.0609027911714
2025-10-27 16:02:50.091928,33.02567250506638,587.6586388738748,36.77882498014772,9.224180711524031,339.2545279743968
2025-10-27 16:02:52.100603,38.22678387642911,876.0260472646003,35.290588990420744,6.0549822576931716,213.6838902005396
2025-10-27 16:02:54.106241,33.20557461685211,508.0382685569175,37.745931783143995,9.19741216435785,347.1648921373102
2025-10-27 16:02:56.110567,37.53230410246108,965.3907903340556,34.72337901323645,8.90896962675268,309.34952896714503
2025-10-27 16:02:58.114567,44.648016801119866,968.6416551824583,37.77673540509354,7.6705918812748575,289.769919899379
2025-10-27 16:03:00.120995,43.096381491112226,653.9037217553848,39.48277336254444,9.142054729402863,360.9536749489908
2025-10-27 16:03:02.125044,28.37057139565452,542.2832918193192,38.2026678400945,5.034669404720726,192.3378029532322
2025-10-27 16:03:04.131624,26.33256498372762,992.3524305859322,30.460897424810618,6.203130040135571,188.952907865331
2025-10-27 16:03:06.134775,38.241142077592905,752.1541608858261,32.33954653512731,5.4631189987355135,176.67479108654527
2025-10-27 16:03:08.137282,28.359076933000843,953.7870739056033,34.58058750732896,8.637820712119538,298.7009150080682
2025-10-27 16:03:10.139815,34.78542927227096,920.4797221908804,35.46619141553549,8.265861477737051,293.1586253837233
2025-10-27 16:03:12.142453,33.701771165824184,649.8745067922304,30.702264391564718,7.098794019412738,217.9490508452683
2025-10-27 16:03:14.149663,34.9945197481893,567.6647824674856,31.610187513137394,7.280445802748781,230.13625700412305
2025-10-27 16:03:16.156166,25.667537646798777,993.4546223774782,37.002806577946316,9.353230988245878,346.0957971369159
2025-10-27 16:03:18.165248,38.46282572360016,753.5867111464428,37.526757369820686,9.018110505854047,338.4204448874157
2025-10-27 16:03:20.171666,27.097790259743533,592.7281973191859,33.06270145178215,8.970678242573824,296.59485655421605
2025-10-27 16:03:22.175367,37.38034327412299,618.0669358205839,36.06289897259581,9.732627318671364,350.98675573117146
2025-10-27 16:03:24.182800,27.6208891468576,468.6584937614007,36.88225217407108,5.540364045505996,204.34110386250873
2025-10-27 16:03:26.189481,37.877750880833325,661.4524020943195,37.5531317003241,9.677239601146312,363.4106532374393
2025-10-27 16:03:28.196420,41.19993841021492,512.5612133478921,33.177687911269636,9.686981742566452,321.39165705703664
2025-10-27 16:03:30.202097,26.08211395101366,601.7076487107422,33.69568138273304,9.82603950731967,331.0950964927908
2025-10-27 16:03:32.208831,40.84881325026687,813.0547000093609,31.157817574428332,7.8685742892529476,245.1676022753804
2025-10-27 16:03:34.215577,37.23559798744119,611.6392934144741,32.67427812314449,7.964052245887592,260.21965806938465
2025-10-27 16:03:36.223322,26.499309430363823,656.1938319136761,31.736292773614146,7.8068810142566925,247.76146151722014
2025-10-27 16:03:38.227060,37.312020581942406,986.1454617538122,34.07952891957118,8.416624325578253,286.83459210871035
2025-10-27 16:03:40.230953,32.06226225780153,706.7906690707161,30.539707781153883,9.573731681860856,292.37896793920544
2025-10-27 16:03:42.234182,28.857857531816215,979.7669271568552,33.41890069319105,8.067252251309274,269.5987018534265
2025-10-27 16:03:44.238801,40.64815036708969,590.4936896358179,31.339200928736446,5.028358067721609,157.58472382596045
2025-10-27 16:03:46.244334,39.90869624890785,657.013015622894,34.33811943321818,7.491599208996318,257.2474283843184
2025-10-27 16:03:48.250832,42.85667138034031,535.7898904939537,31.271856756878663,5.255203815924482,164.33998095979254
2025-10-27 16:03:50.256968,29.74262602318612,595.2229373776397,34.57803604721574,5.831789014959907,201.65181077904043
2025-10-27 16:03:52.264102,27.549127141557975,660.9658800040245,39.20340164992502,6.930620904418099,271.70391499926933
2025-10-27 16:03:54.268110,44.02114762428684,432.55782391014856,33.23861201771899,8.367596577434933,278.12729615815306
2025-10-27 16:03:56.275021,31.790792081741532,952.8407475561326,36.6594778868824,8.21367467588711,301.1090251507295
2025-10-27 16:03:58.291085,25.064220641005505,499.0004564934792,32.79480124084821,9.016287747174776,295.6873645988918
2025-10-27 16:04:00.317808,29.008597014899774,700.1367819239603,31.899874514630007,8.866677280040548,282.8458925950144
2025-10-27 16:04:02.323147,34.33017724937271,740.5969863152384,36.35536176052646,7.291775641764239,265.09514133293396
2025-10-27 16:04:04.326401,43.40957047120537,717.8576507500236,37.643863489587325,5.026526793436428,189.217888438874
2025-10-27 16:04:06.329720,25.826112887733924,894.6176185447471,33.570080981890655,8.689070761771195,291.69280913003735
2025-10-27 16:04:08.332178,39.794187352641856,577.8320730801182,32.44159305927756,9.74896584286018,316.2719826228668
2025-10-27 16:04:10.335930,40.51087129222748,726.969490453404,36.03745895366631,7.817564166038859,281.725147751278
2025-10-27 16:04:12.342511,42.20225862168175,719.7037087131663,31.68602262537822,5.030260329635919,159.38894261638623
2025-10-27 16:04:14.349562,29.938170786010744,804.8472128128947,30.663428988886274,9.344608943907849,286.53775278042986
2025-10-27 16:04:16.356451,28.726316800431682,790.1367264155356,38.46956281769925,6.362316375170373,244.75552946069323
2025-10-27 16:04:18.364312,40.966696333496635,435.7782883163639,31.038508226306725,7.961520887511073,247.11373156092526
2025-10-27 16:04:20.367369,35.89406940136059,916.5506953262737,39.122418928240435,5.01449934145938,196.17934395195962
2025-10-27 16:04:22.373591,26.940053341741823,637.0606571973149,30.729236219684076,9.749106237426147,299.5825885006635
2025-10-27 16:04:24.377982,40.32975376854344,905.907573272272,32.437160204509375,7.63834090787693,247.76608772546157
2025-10-27 16:04:26.382683,32.90393007946562,775.7198055353535,35.120204243451184,9.486617843959834,333.1719562594379
2025-10-27 16:04:28.388457,27.35487517456471,702.1595852043228,31.974943320153592,6.776705051060852,216.6847599050693
2025-10-27 16:04:30.392904,39.51440271813247,554.153568859125,33.54254723764026,8.04638575137905,269.89627415790727
2025-10-27 16:04:32.397156,33.672029751737654,413.20883396438063,30.0154982093774,5.634672769801427,169.12751043240235
2025-10-27 16:04:34.406682,32.17781011110424,553.0282764177338,36.26718241714925,7.846449319258513,284.56860878846504
2025-10-27 16:04:36.413582,44.73920876358249,743.4197771866329,39.01173755024474,9.589148788822031,374.0893558797723
2025-10-27 16:04:38.421955,35.301442253073894,431.32047432535023,32.5597846245285,6.6665864228527685,217.062618108892
2025-10-27 16:04:40.427399,34.004246426694436,469.6142378925934,32.285804681746676,8.606322325352018,277.8620416244711
2025-10-27 16:04:42.431096,28.887997608287343,575.4486401176493,32.66952474137784,8.789112626469457,287.1361324052003
2025-10-27 16:04:44.433723,26.434363241670646,747.6060874819232,30.293843270282068,5.7523092794226125,174.2595557530178
2025-10-27 16:04:46.437208,37.0539269495351,719.8445903019476,34.186171352970845,8.304570565547625,283.9014723666491
2025-10-27 16:04:48.439932,26.488940771273995,750.4882310395258,39.09118076598305,7.35105694045836,287.361495680492
2025-10-27 16:04:50.446460,38.27282331927776,581.3431388141877,37.031020591482275,8.867626286576327,328.3772516157774
2025-10-27 16:04:52.453359,34.14677518776952,802.7962984879891,33.41491075338483,6.327498056926928,211.43278286442924
2025-10-27 16:04:54.460198,39.36684764767155,571.0342450806719,33.1433939581777,8.94466719759927,296.45662875482185
2025-10-27 16:04:56.467060,42.26005005982097,510.5820908351433,33.04278731131271,9.058806990274135,299.32823267386107
2025-10-27 16:04:58.473687,32.03594162382525,875.8830717685069,32.00550638110262,8.836099019692796,282.8038235588324
2025-10-27 16:05:00.479777,41.639745908700164,662.6329305320705,37.92418323571422,7.4197271874449635,281.3870934156733
2025-10-27 16:05:02.483749,44.078101837806415,891.5437863168313,38.251108190507594,9.775668655469739,373.93015937492686
2025-10-27 16:05:04.487238,27.072047640953706,748.4234820243057,30.14260201490324,7.624047108489276,229.80861773406608
2025-10-27 16:05:06.493851,35.445643060026484,856.1233254348028,31.660294254933476,6.79054488694892,214.99064927213678
2025-10-27 16:05:08.496965,37.29113374276304,523.398711678032,36.7912661437243,8.719357043952682,320.7961856062203
2025-10-27 16:05:10.501455,42.94938861088207,972.2424497004629,34.50120323287865,6.42862591593199,221.79532923372025
2025-10-27 16:05:12.504086,36.77189444350029,959.1051453995535,34.54260534940155,5.699110854077663,196.86213707489551
2025-10-27 16:05:14.506758,32.674392026787935,767.0552286202219,31.321858595277337,6.99138247701787,218.98309333065353
2025-10-27 16:05:16.510033,42.387521979951686,802.3238926977317,31.61108335264481,9.938030192786217,314.15190078526587
2025-10-27 16:05:18.514784,38.53520055109318,855.6167183623245,30.501252049501502,5.242191389356892,159.89340085850102
2025-10-27 16:05:20.517797,30.133217237069683,535.0262567447778,31.552024909890243,5.058885395137653,159.6180780036632
2025-10-27 16:05:22.520422,35.021723947091616,605.8578795188555,37.92563018544719,7.846581767240543,297.5865583242375
2025-10-27 16:05:24.527595,38.52987637516304,632.0411079892599,38.28486400010398,7.216779932066898,276.29343821786085
2025-10-27 16:05:26.530288,31.88344796758051,827.3522971805901,31.803009450415104,5.5203244444933315,175.56293047757893
2025-10-27 16:05:28.539692,41.366989877359856,735.3543321808015,37.575631857673734,5.14214024425583,193.21916877868557
2025-10-27 16:05:30.546977,29.102408001999226,717.6109294469967,37.61946316221428,7.742279929015881,291.26041458116396
2025-10-27 16:05:32.554158,43.979388653856475,917.690603933826,35.25428816489463,8.997842147964395,317.21251994657126
2025-10-27 16:05:34.561792,28.816103376866906,436.0680421000803,39.4159062738285,6.579670707576449,259.34368392248814
2025-10-27 16:05:36.569437,33.92845552839971,466.46592239660515,39.443223720826545,6.097195689734759,240.49305365986743
2025-10-27 16:05:38.574328,39.28823472375062,844.0337844324744,30.18601362881662,8.872626985688957,267.829239113413
2025-10-27 16:05:40.581297,36.46456637796889,735.1936831929488,33.377332295511195,9.936659852802698,331.65919781446104
2025-10-27 16:05:42.585123,41.039582856143184,822.1753813539465,39.72452326532393,7.0616642938855225,280.5212475343627
2025-10-27 16:05:44.593154,40.83128000285746,574.3601627989158,39.671375870172454,6.873869069987437,272.6958435578244
2025-10-27 16:05:46.600248,27.726979258331873,506.9636287545583,30.170654194319265,9.833039711439115,296.66924081283844
2025-10-27 16:05:48.607307,31.52488052259094,465.882468805495,33.57363542443109,7.850568458308904,263.57212329380116
2025-10-27 16:05:50.611551,39.994182567763104,622.96632628874,34.123382969278325,6.624049407129493,226.0349747269007
2025-10-27 16:05:52.615696,36.53613937426773,829.9374989322855,34.262546359557206,5.1185532789570845,175.37466901413066
2025-10-27 16:05:54.622580,39.68186008933288,771.9966313735358,30.438690505011426,5.525231827497581,168.18082156563756
2025-10-27 16:05:56.629959,31.803405680655402,590.6903852069479,31.6704835638896,9.939940221935135,314.80271342484184
2025-10-27 16:05:58.636616,36.36336171873522,858.9421633241432,36.001171972450436,6.526464032236214,234.96035399654826
2025-10-27 16:06:00.643527,37.543080895578704,504.5877821106044,37.94911913087357,8.963488323819284,340.15648622881224
2025-10-27 16:06:02.650069,34.60733370231481,840.2261377172613,39.99654631480796,9.940123189392217,397.5705975194224
2025-10-27 16:06:04.656738,25.06583631264673,864.5136294660839,38.27921396389433,8.804525831932537,337.0303281711803
2025-10-27 16:06:06.664919,32.67941551052229,974.6590030715088,35.59560593319448,8.271417600110816,294.42612140243375
2025-10-27 16:06:08.672652,42.953339360499136,932.6492871455871,33.89136658579945,9.525341369062286,322.82683619377076
2025-10-27 16:06:10.679836,38.066697199873296,570.9334678571411,30.559334323309542,9.596974377801597,293.2771485034746
2025-10-27 16:06:12.686942,42.332510240638314,458.27229893921617,38.68469088947846,7.111081046526021,275.0899721748881
2025-10-27 16:06:14.693738,43.23370423912002,605.5966717345558,31.829836183754747,6.570443325807776,209.13613471510624
2025-10-27 16:06:16.701063,37.42647976800901,633.8841918143687,36.556185380800486,7.289236395155671,266.46667694578855
2025-10-27 16:06:18.708036,42.55091960397371,985.6808912923422,38.94559983723657,6.926139272670814,269.74264853040626
2025-10-27 16:06:20.714982,30.333765193244467,521.4630811392767,35.646411680693745,6.0109384756289606,214.26838748959165
2025-10-27 16:06:22.726802,30.86445145493851,813.7120027815724,38.70358617116304,7.606214116085296,294.3877634782239
2025-10-27 16:06:24.733554,33.7146974860096,836.9812581612159,33.750438121487726,8.551979691950933,288.6330614094096
2025-10-27 16:06:26.740883,38.611021114067704,855.3259020116361,33.044123796811746,6.499265854401788,214.76254548124413
2025-10-27 16:06:28.747933,43.105187667127204,805.1774263462175,35.944173935085836,5.603426237881404,201.41052732683286
2025-10-27 16:06:30.754853,33.93105490782953,756.0826455540808,33.492319030310966,7.099488271859356,237.77832615306463
2025-10-27 16:06:32.759654,34.75808258498079,665.4540423510596,32.76641971031419,5.808181493720195,190.3133125769155
2025-10-27 16:06:34.765588,25.483162173070873,718.3294658696799,30.88796876368255,6.7298994627575155,207.87292438837812
2025-10-27 16:06:36.768792,34.090401080538456,847.2313015420191,32.1088741935869,5.5565464858700455,178.4144520656187
2025-10-27 16:06:38.771991,41.49605023903177,525.1874629564393,35.965459139875755,7.968022780784816,286.57359774791547
2025-10-27 16:06:40.774921,40.65459946407898,794.0618546537246,33.57074860293371,6.481576853420625,217.59138709677794
2025-10-27 16:06:42.778254,35.64047602535501,754.4768658122427,30.319817121646604,5.633348512120265,170.80209666998644
2025-10-27 16:06:44.781662,39.533431489814895,929.8805144303304,33.6034521908329,9.790515349150294,328.99511445878755
2025-10-27 16:06:46.785114,34.301231446942275,960.5414296826661,34.92294645014451,8.916369966947606,311.385910885388
2025-10-27 16:06:48.788516,38.5392823393199,402.53827411868446,35.54952314799729,8.779484092522882,312.10647297461617
2025-10-27 16:06:50.791401,34.19695858894632,751.9050243938581,35.12978529533884,7.656198624542165,268.9606138586348
2025-10-27 16:06:52.795550,41.937462533994974,736.9554673804543,37.28654978088391,6.629193125063839,247.17973946478622
2025-10-27 16:06:54.800431,38.375743015087934,656.7792521535275,37.027681959219876,6.057428723462932,224.2925442630287
2025-10-27 16:06:56.804073,36.828943389190066,700.1179078416618,33.080130043654705,9.094337338094636,300.84186180503514
2025-10-27 16:06:58.808091,34.292331850690594,619.7025274379688,37.15467188856095,7.060278393458999,262.3223271508653
2025-10-27 16:07:00.812540,32.330393702738306,852.2027238828205,32.64443192610683,7.158833680299303,233.69605874685143
2025-10-27 16:07:02.815301,42.05459763388327,686.1699057516945,32.49571700328418,5.2769728602759205,171.47901670153738
2025-10-27 16:07:04.819586,43.71506913312224,518.3903999268383,30.351095191449076,9.464324597729902,287.25261678847323
2025-10-27 16:07:06.826364,37.17616950597953,594.2389606143133,39.403841155805665,7.821004967392375,308.1776374138962
2025-10-27 16:07:08.829707,40.67760230498338,572.1852133816833,35.56205939597885,7.912350102110801,281.3794642930436
2025-10-27 16:07:10.835784,26.724719767203116,959.1993102726412,36.366556502558296,6.888226086776502,250.50106318715368
2025-10-27 16:07:12.841843,25.38177689558902,620.9610193313398,37.82373616505317,5.079993604446291,192.144337814734
2025-10-27 16:07:14.848172,30.082137962702078,583.5496586836869,30.818942077622083,7.864633649087422,242.37968889294285
2025-10-27 16:07:16.854241,39.3785831812405,806.72818914526,30.50225183420961,5.159788057178312,157.3851547312
2025-10-27 16:07:18.860605,44.91589159925747,882.1019898912263,32.759218755555615,9.788609642751734,320.6672045996451
2025-10-27 16:07:20.866876,40.01114624714479,877.5852220615358,35.53150009676261,5.915166471632381,210.1747380591729
2025-10-27 16:07:22.874256,26.41696051513143,571.6998068155169,31.20175022743458,5.716819148762874,178.37476317511437
2025-10-27 16:07:24.880950,29.15455713764372,990.644693160213,32.23041589779201,8.456576181529291,272.5589674020509
2025-10-27 16:07:26.888169,40.052197011454496,536.4098277613562,35.796360144296365,6.262809201827752,224.18577370363946
2025-10-27 16:07:28.894973,28.39481731907962,688.4864281801833,31.057720854991338,6.337519771552294,196.82891997785964
2025-10-27 16:07:30.901144,42.112908125670835,781.700444214395,35.25264070148414,7.572238432169117,266.94140075522745
2025-10-27 16:07:32.908197,38.90547023844948,496.9415945385125,31.989066995006116,9.235632025443802,295.4392516031458
2025-10-27 16:07:34.913986,28.501451057982745,734.5002018904589,34.985739954106315,5.3503211358293825,187.1849439290855
2025-10-27 16:07:36.920532,34.26198751391777,733.316786204756,31.590624428161536,6.7478009608874325,213.16724587138242
2025-10-27 16:07:38.927087,40.37097675646068,607.3353374301515,35.06788921182867,7.203891908047491,252.62528332539847
2025-10-27 16:07:40.933905,25.093454212250258,880.5433743512189,34.16848325735802,8.148502563401422,278.4219734101204
2025-10-27 16:07:42.940816,40.161165304292545,648.8368902851288,35.7905574019187,7.705215645447945,275.7739628525667
2025-10-27 16:07:44.947415,40.996867840013174,767.5502370754459,37.94574426939466,8.115169769662574,307.9361567823384
2025-10-27 16:07:46.954624,25.114344961421345,983.2702931769524,32.867023874055775,8.289905316890403,272.46451596389875
2025-10-27 16:07:48.961525,25.22770506950721,697.1487567310999,32.269534231380895,5.2336540940970675,168.8875799446721
2025-10-27 16:07:50.968611,25.16093097727335,632.052691713749,30.359027581883918,7.695669516349223,233.63304310790932
2025-10-27 16:07:52.975447,28.4494181376331,999.2222331323424,34.50990676463791,9.99475594641978,344.91809584625696
2025-10-27 16:07:54.981971,42.34000779544844,947.652553431067,39.790993023282766,9.14417877090705,363.8559536768128
2025-10-27 16:07:56.988713,27.85102693604125,501.38317164260263,35.911562695772254,6.103218532381591,219.17611497162065
2025-10-27 16:07:58.994796,30.54373624305787,942.9711806393465,39.04663927289303,9.253445988531347,361.3159675453826
2025-10-27 16:08:01.000807,33.36695930774853,750.0798589103493,30.543446364398445,7.993654617190536,244.15376105568512
2025-10-27 16:08:03.007725,36.722292146745005,796.3376468207979,35.23731518251629,8.594113303673517,302.83347919580007
2025-10-27 16:08:05.015282,36.17606450646059,871.2656341258086,33.92344766553982,8.404537329702746,285.1108822572469
2025-10-27 16:08:07.022282,36.26538685862186,637.7363421451039,34.02855589807596,9.094818205353665,309.48352968371603
2025-10-27 16:08:09.029451,40.49207634918241,763.3198220342393,31.896541148591016,5.141677989157857,164.0017435539783
2025-10-27 16:08:11.036401,44.678865610680134,826.5204749557417,36.45976590841919,5.71957839954854,208.53448954239067
2025-10-27 16:08:13.044606,36.168351616129925,888.309676040735,38.67683969641743,8.918718880361324,344.94786043314645
2025-10-27 16:08:15.051549,41.129891851683084,889.048238514178,37.687170500580336,5.787815704035648,218.12639726392788
2025-10-27 16:08:17.058966,38.01439945800249,636.9532368991541,33.09942659548848,9.679929472295292,320.4001150177436
2025-10-27 16:08:19.065798,27.885294981653995,690.7515306054142,36.86108261936067,7.07364620706697,260.7422572588228
2025-10-27 16:08:21.072374,36.55857199463449,409.4287987532356,38.970214673482246,8.652241731900705,337.1797176990323
2025-10-27 16:08:23.076586,29.835002743504113,787.1854737301536,34.80273527002042,6.338516237410358,220.5977026153186
2025-10-27 16:08:25.083578,44.9043310400001,842.7434045795633,31.971125428740567,8.516287868119136,272.2753076188985
2025-10-27 16:08:27.090409,25.57980008928454,772.3068902797745,39.02489946659882,5.541126867026439,216.24191891737647
2025-10-27 16:08:29.097092,36.42746806795394,730.3838242712384,39.19733556697807,8.078077511448015,316.63911495228695
2025-10-27 16:08:31.104211,41.84953250236442,546.5116155792958,39.16815792319781,9.881994062753499,387.0595040460322
2025-10-27 16:08:33.106850,28.051543356413966,889.0433838369747,32.91589550515139,5.542619069730047,182.44027012409362
2025-10-27 16:08:35.113829,34.17536823738379,662.343626561067,35.868677585307836,5.113813255135966,183.42571887994552
2025-10-27 16:08:37.120796,42.9168709898532,690.2844134060724,37.23601313968667,9.83963140493963,366.38864428400564
2025-10-27 16:08:39.127957,29.173615167788757,406.51725830682847,35.55307133339591,8.484270442068766,301.64187223869334
2025-10-27 16:08:41.131588,35.796957307129006,941.8501235395179,33.67638861388068,9.508641978374076,320.21672245398463
2025-10-27 16:08:43.133850,34.13628586331772,894.0075106071881,39.05250950234958,5.429407578052427,212.03199103402122
2025-10-27 16:08:45.140809,39.671710705570305,503.23094588377216,30.179219116904225,9.786608241248896,295.3521945239511
2025-10-27 16:08:47.148026,31.278006564867844,901.4615002834328,37.33173521092354,9.727161379533749,363.13181297467565
2025-10-27 16:08:49.154699,35.53872719065945,972.4142453980239,36.137208460020815,8.26517437881576,298.68032948568816
2025-10-27 16:08:51.161426,26.31355225082633,726.4355084333681,30.736841356578857,9.309295615662842,286.13834248012387
2025-10-27 16:08:53.167666,26.17072400402837,900.7347118242363,37.75164204013065,7.056250470993546,266.3850419264516
2025-10-27 16:08:55.174255,31.711424081597396,695.1024359182488,34.20593462505069,9.750518479118396,333.5255976570725
2025-10-27 16:08:57.178286,38.798903442032405,865.2817712734546,31.72102663072976,8.23041294547286,261.0771482252476
2025-10-27 16:08:59.184826,26.162584846768937,991.0578937103295,33.83359586606351,6.436181380914737,217.75915976255177
2025-10-27 16:09:01.191503,39.737647755820134,447.60706851137337,39.70209206530727,6.871358359046191,272.8073021845706
2025-10-27 16:09:03.197845,37.48846107504631,955.9629875750887,35.762532321247804,5.888665852910203,210.5936028937294
2025-10-27 16:09:05.205149,33.341709009273615,638.2771052595655,34.70773091964261,5.3105763475788565,184.31805489998538
2025-10-27 16:09:07.212136,25.26027410273103,442.9783427160036,35.895481304622564,7.6028098871060195,272.9065201652137
2025-10-27 16:09:09.218895,36.42396657584801,424.47887190455697,32.172579829061235,7.6288385833566945,245.43941832606566
2025-10-27 16:09:11.228832,35.169079147882954,522.2469291874445,34.156953273097145,5.659337325435471,193.30572058159396
2025-10-27 16:09:13.232923,41.14185328206303,529.1129766048798,30.520161218601473,6.548342737275554,199.856476056308
2025-10-27 16:09:15.239714,25.025296065022854,618.6923233929085,30.41621062444714,5.714157970799161,173.80303238119075
2025-10-27 16:09:17.246725,28.25403130897379,574.3910749656887,36.91400575637143,5.856930060453619,216.20274996624977
2025-10-27 16:09:19.253337,28.692269159211186,907.6442810823719,31.558761513780826,7.444368514794087,234.93505057908538
2025-10-27 16:09:21.260760,40.76024669411293,781.4065702016414,35.642656607257145,6.567966261588639,234.0997660698543
2025-10-27 16:09:23.266358,31.485010685219244,885.3332399099227,38.78881129205331,8.032399103584968,311.5672130514155
2025-10-27 16:09:25.272753,36.14402885557067,695.005069110766,38.18182456886767,6.097951205271963,232.83090314920926
2025-10-27 16:09:27.275577,34.35502953479891,596.6385425026608,33.749663921686846,6.196749238295327,209.13820419943625
2025-10-27 16:09:29.282770,30.655711832755124,882.5463954212418,33.49974100618352,7.9450355581346,266.1566334824278
2025-10-27 16:09:31.289584,34.498164169104015,616.1322698059549,33.5331475621734,9.105295970821285,305.32923338681303
2025-10-27 16:09:33.295638,30.738629021814898,649.8697083012398,36.25848789066983,8.441495392197101,306.07585845712373
2025-10-27 16:09:35.303090,37.47869117241963,844.0461744897041,30.394611426670917,9.762739019989993,296.7346589725939
2025-10-27 16:09:37.310242,40.52690563495901,823.1696749824366,36.41945220267826,6.274496006354003,228.51370739930522
2025-10-27 16:09:39.317415,43.03465772380822,461.3483637331855,35.07260444444396,8.22712563456126,288.5467230957121
2025-10-27 16:09:41.324813,43.38837680041543,789.7180673739645,30.403096595942035,6.642251268227959,201.94500692245313
2025-10-27 16:09:43.331904,25.59223498841188,879.4567750668348,33.15456002090406,9.122548410000235,302.4540788029557
2025-10-27 16:09:45.338066,41.138177150166555,573.4040619384525,38.897219290164955,9.194105058032243,357.6251206190949
2025-10-27 16:09:47.345066,34.57268200149787,509.45283150378054,37.88898084154233,7.5731001491082415,286.9370464606435
2025-10-27 16:09:49.352844,35.94800804081902,999.0186194724163,34.67199167834516,6.809753772499063,236.10772613166705
2025-10-27 16:09:51.359059,38.87614248523903,404.3153570832063,37.00786074034357,7.830417052267915,289.78698380914255
2025-10-27 16:09:53.365720,27.19686976823274,495.40178525011527,34.55253643134762,8.478887268084575,292.96706122778176
2025-10-27 16:09:55.369388,41.87947458125083,640.9850797622448,36.676604339917084,8.009362827336034,293.75623143304335
2025-10-27 16:09:57.373285,26.48563951465631,813.3486060492929,32.80423759092674,9.37667628955065,307.5947168156289
2025-10-27 16:09:59.376532,44.6956582404039,644.237362213381,33.54472134199279,5.7986050397662625,194.5125902312343
2025-10-27 16:10:01.380822,34.586731958132646,475.5172582309997,34.452380071971405,9.90014984520204,341.08372523636956
2025-10-27 16:10:03.389846,42.41646087112133,412.878967891547,31.451298128409604,8.744143550314195,275.01466567854175
2025-10-27 16:10:05.392462,37.44941076304292,503.4329768166257,35.71585883493772,6.509194409586383,232.48146866195304
2025-10-27 16:10:07.396204,36.00924902571663,731.9393346664765,36.11538665042453,5.907964902714233,213.36843677866227
2025-10-27 16:10:09.399502,42.237069014855074,554.6923994946061,39.375589210562886,9.888421462136051,389.3624214339828
2025-10-27 16:10:11.406394,26.707267398631846,588.0691482317393,30.885137753925722,7.8743908280559065,243.2016454527559
2025-10-27 16:10:13.412847,42.84220036134555,650.0015797361316,33.97487759883524,9.397959150328845,319.29451181127615
2025-10-27 16:10:15.419641,36.516722803219906,696.6731485423018,31.222023804386872,6.042168820411599,188.6487387410151
2025-10-27 16:10:17.425975,35.70646559851304,655.102816782728,30.36033993595607,5.546999834445069,168.40880059844434
2025-10-27 16:10:19.433854,31.25746320086587,569.883653699863,35.27502207750688,5.340412904987032,188.38318312642022
2025-10-27 16:10:21.442495,38.54776331200235,400.8719303037,39.3234427274265,7.340551203675106,288.6557448454597
2025-10-27 16:10:23.445837,25.64906667459818,837.497643119422,38.73386152424764,5.442580392533637,210.81215525898324
2025-10-27 16:10:25.454252,35.10988789649371,402.2728677642609,31.754136727922837,5.480965187854632,174.04331797612124
2025-10-27 16:10:27.463414,33.63844374067294,776.8367739422118,31.305828098422488,5.491531878401273,171.9169529822374
2025-10-27 16:10:29.467531,35.68169234717022,801.521736485699,31.359744224108592,5.1321967904754215,160.94437865710026
2025-10-27 16:10:31.471367,33.100310676756834,560.8931039615045,32.773801688536516,7.271688489173886,238.32087648499865
2025-10-27 16:10:33.480486,37.29634855205637,890.8471603653766,36.37270785093381,8.295661842816232,301.735684638894
2025-10-27 16:10:35.483855,26.433036172909294,441.398223553368,36.6955311427381,9.81518177381324,360.1733084525991
2025-10-27 16:10:37.492439,29.560978663394533,488.0629507682956,36.5398882801579,7.1470299431949,261.15167565928493
2025-10-27 16:10:39.499556,25.693224118171006,966.6256653090447,39.214926851330496,5.305827545103707,208.06763906701633
2025-10-27 16:10:41.507805,44.14787815515798,655.15315296061,36.436615090690026,6.4654390074540125,235.5787125069348
2025-10-27 16:10:43.510790,26.916632140308913,644.7893769279624,32.549671362212095,7.024235886353129,228.63656967145093
2025-10-27 16:10:45.513860,29.560818825539446,941.6661566758529,35.94866431092801,9.699323723185879,348.6777325678296
2025-10-27 16:10:47.516585,39.06302959320767,960.6089588932897,30.642808163401067,6.504998056326485,199.3314075433093
2025-10-27 16:10:49.523898,41.81491565310635,403.5845773881735,37.544400519850825,5.983671709203281,224.65336722962834
2025-10-27 16:10:51.528114,39.92521903257661,750.9112829063213,33.43994854237403,7.617014061698319,254.7125582697312
2025-10-27 16:10:53.536671,34.149611951056656,464.3675374982155,30.349150529361683,6.605417421362851,200.46880763020926
2025-10-27 16:10:55.539543,33.48634059377314,854.0928013068642,36.710549594352884,7.585458103832961,278.4663359166459
2025-10-27 16:10:57.543349,38.59026340526019,622.3879341010238,39.45847023030719,5.767078035002614,227.56007696000913
2025-10-27 16:10:59.545611,43.54883265209318,640.4524027273875,33.16511974370811,5.004683003397507,165.98091108697906
2025-10-27 16:11:01.548054,41.56099202328982,445.50471939910705,35.124355634059775,5.937471218749961,208.54985065436793
2025-10-27 16:11:03.558323,43.79972463131833,588.3902651189094,32.82809918037647,8.222978609625073,269.9447573548861
2025-10-27 16:11:05.567279,38.02707049450126,910.2141118505672,33.50950268989288,9.730679936517397,326.0702455072164
2025-10-27 16:11:07.575303,38.953094629091524,827.7531278460469,31.45847230639563,7.094737555026324,223.18960489594065
2025-10-27 16:11:09.580432,25.058236053222494,711.755246064552,35.46681612496795,5.968668976997556,211.68968511797286
2025-10-27 16:11:11.589074,43.9519191467034,401.715222921931,35.045654016487916,5.539407551813219,194.13216051716643
2025-10-27 16:11:13.593146,37.47519973584596,927.054003214309,39.888823421378305,9.871515252901418,393.76312882442727
2025-10-27 16:11:15.600368,26.24999587140101,954.5280049142671,37.0737964425089,7.40168771680777,274.4086637439497
2025-10-27 16:11:17.608543,25.36228432954395,953.5067738970605,34.60747395340235,6.5901579629606815,228.06872005196885
2025-10-27 16:11:19.616419,38.25432078979753,937.2425368688732,32.51858580420952,9.485820185457724,308.46545762410966
2025-10-27 16:11:21.624482,32.80047264989105,996.0260630928911,35.124402988069875,6.871758701134702,241.3664218554309
2025-10-27 16:11:23.626998,39.828639609239445,806.2117862634964,34.14140605402628,7.807531524544247,266.56010405907597
2025-10-27 16:11:25.631609,26.011815168374895,850.3003880938735,38.37576178739175,8.70467336443629,334.048471470661
2025-10-27 16:11:27.636727,38.107220130937456,498.9598628631627,31.405061723404664,6.619321885965523,207.88021239583063
2025-10-27 16:11:29.645417,31.69756180444743,796.447547023824,38.29782767035432,6.990342046927775,267.7149150700718
2025-10-27 16:11:31.653439,31.58903763680376,789.4766490801545,33.32325931865392,5.893802100136069,196.4006957556613
2025-10-27 16:11:33.661579,32.2342520528761,909.8755010547044,33.58272640547046,6.313690984853398,212.030956953017
2025-10-27 16:11:35.665011,42.51946996841812,761.7537580370706,35.07292890312319,8.552534139360262,299.96242181131635
2025-10-27 16:11:37.671884,35.164454942210014,422.329896098976,31.437114613935364,5.943720584704916,186.85342525457537
2025-10-27 16:11:39.677108,26.92259471428795,507.77686926432807,34.73306426029382,5.172619386210798,179.6609215353012
2025-10-27 16:11:41.681178,31.783897888402663,524.5433721862643,31.022152766072672,7.915358792611805,245.55146966267995
2025-10-27 16:11:43.689247,41.653047958519835,941.8651785850368,37.75951090933764,9.148945250809247,345.4596980068646
2025-10-27 16:11:45.691127,38.339171242303955,614.7348643019496,31.99163169743259,9.923848840143936,317.4801171148784
2025-10-27 16:11:47.694748,30.364211767898055,700.3611906726895,37.75713549787842,8.545923931944369,322.6696078529855
2025-10-27 16:11:49.698385,25.219664265706605,462.3782937154579,35.73318127098793,5.883666082208946,210.24210665353564
2025-10-27 16:11:51.705274,44.99019558409735,589.3981736677745,36.198454916726554,6.534632446364554,236.54359800710589
2025-10-27 16:11:53.714154,27.710922647098798,644.3216245493492,37.4376440346039,7.913228279095036,296.25262347732115
2025-10-27 16:11:55.717710,30.545494213535893,931.083873844682,32.875727335428294,8.20833439418955,269.8549634213936
2025-10-27 16:11:57.720506,32.99002110042352,869.8575072539979,31.28338720128572,6.340224495369599,198.34369783172352
2025-10-27 16:11:59.729376,31.206562327529944,893.1116892896661,36.63169873348912,8.786730234278442,321.87285479452817
2025-10-27 16:12:01.739195,34.954703792614055,531.2312737611064,39.202196456640756,9.734593776034679,381.61745763370385
2025-10-27 16:12:03.741766,30.17616400270726,625.0514932610829,37.55357263005811,9.341051728583988,350.7898645305087
2025-10-27 16:12:05.745839,42.41675778976187,780.140324496179,39.5467702948888,6.569126920931473,259.7877533800471
2025-10-27 16:12:07.749513,28.857983450444397,448.89091784663543,38.75817753270384,9.606110685122692,372.31534333278864
2025-10-27 16:12:09.753621,34.706461796382925,969.7989891301564,33.077658272056546,7.581588082925831,250.78117976651694
2025-10-27 16:12:11.761813,32.05073222358739,963.8308134793846,31.155262025208454,9.098894368479344,283.4784381896676
2025-10-27 16:12:13.769156,34.90904563994957,889.6338476881508,32.447257150036876,6.976727513468638,226.37567169525425
2025-10-27 16:12:15.772061,27.23357815034914,726.8313098873159,33.53668213187938,9.114350490656655,305.6650752436911
2025-10-27 16:12:17.774726,44.057230575092426,728.0933741943437,37.53882383904294,9.160320502822616,343.86765766463145
2025-10-27 16:12:19.776913,34.01995086420332,655.6416188079861,34.64599839971694,7.940128866143514,275.09369198995444
2025-10-27 16:12:21.779171,44.88122657064139,507.51142332429004,31.81704967281621,7.386989932535272,235.03222561606802
2025-10-27 16:12:23.781628,44.95388963213409,617.1343210632805,32.71849948026633,7.8818893360303095,257.8835921444244
2025-10-27 16:12:25.784159,26.22060293496402,610.8788498074065,31.05907279764693,7.769500143554824,241.31347055999754
2025-10-27 16:12:27.787456,34.891284900426264,912.6655258338482,31.24845059075024,6.473939672262739,202.30058397620002
2025-10-27 16:12:29.791592,41.225062154268386,461.58617024847484,37.14506138700722,8.312035147598548,308.75105580850965
2025-10-27 16:12:31.795899,28.032860582984085,790.0031630213311,38.50974901467795,8.506382563007968,327.5786575242698
2025-10-27 16:12:33.799138,44.64735577452873,862.7685515089938,38.376035167189926,6.017277782235701,230.91926378182788
2025-10-27 16:12:35.801678,35.32668322609803,429.45566123133,32.19082629582532,7.5171200013977515,241.9823042098692
2025-10-27 16:12:37.804209,25.93063504286197,559.8381379204859,31.272289679003258,8.030185931344517,251.12230062126233
2025-10-27 16:12:39.807321,29.401976413255866,798.146493134062,34.633360551312485,9.199026498830126,318.5932014550615
2025-10-27 16:12:41.810472,41.343741883111406,417.46706341436726,32.33976209039951,8.207925273275247,265.4423505934989
2025-10-27 16:12:43.909669,26.019663514173285,587.4198712628344,38.817365446709886,5.3936990105518055,209.36918560214696
2025-10-27 16:12:45.916483,31.349729172783388,793.625106479679,36.18670910810631,9.411999452730146,340.58928632160155
2025-10-27 16:12:47.924872,28.869828153327326,944.124356933562,39.07716018315084,6.442789722351639,251.76592600669292
2025-10-27 16:12:49.933218,43.35063142784248,847.0504251763141,38.69548069359681,7.03275855667576,272.1359729525746
2025-10-27 16:12:51.941157,25.96101758093767,995.5984496078063,31.836433944507498,5.606375602968033,178.48700655199016
2025-10-27 16:12:53.949101,34.0392352803849,851.4368165471117,33.41915021030521,9.846254847421527,329.0534697549258
2025-10-27 16:12:55.953335,28.441124437697308,889.0527271366086,36.71707696694169,8.972020571759337,329.4263698822718
2025-10-27 16:12:57.957847,37.61836469052031,819.4751163219862,35.21601343136998,5.109394724557439,179.9325132461857
2025-10-27 16:12:59.961700,42.27565027169556,850.3396350387544,39.06531519608958,5.835912199560186,227.98174953252308
2025-10-27 16:13:01.965451,35.70471989404356,408.906875125434,38.79664015213398,8.221452155109272,318.96472078976086
2025-10-27 16:13:03.969483,39.29632874273902,924.9907659482101,30.313479713134964,6.6552990173570326,201.74527174749946
2025-10-27 16:13:05.973410,36.071312475994944,781.1040173706454,35.75456648849329,9.373442265927597,335.1433647231615
2025-10-27 16:13:07.977054,44.92564354486683,772.6559695475796,38.367425637360164,7.175400203216756,275.3016337152179
2025-10-27 16:13:09.979927,27.151781242435536,634.0815686785342,31.803578273561886,5.812038328571168,184.84361591165492
2025-10-27 16:13:11.985231,35.39063024670805,416.5115435629748,34.587400290139335,9.74683077617578,337.1175376158412
2025-10-27 16:13:13.991810,40.46469961722861,868.4395004069737,39.4291739082057,9.908410589823971,390.6804443000763
2025-10-27 16:13:15.997021,32.351955180302205,500.7211310433232,38.18802190630551,5.45152268191807,208.18286759980862
2025-10-27 16:13:18.005179,41.73027575089432,501.00701677760276,31.342607564173132,5.098381878513888,159.7965824305526
2025-10-27 16:13:20.009062,44.42545473789242,443.8827290872438,30.81358322697191,8.831767971821897,272.13841744103894
2025-10-27 16:13:22.016869,28.591320069862594,470.52234829426953,35.97467609074635,6.745414199902502,242.66409093941346
2025-10-27 16:13:24.024178,25.284125694949037,853.221002497362,36.7336041720255,7.821105506036814,287.29739384640555
2025-10-27 16:13:26.030722,35.57050060729786,935.7010985515168,37.398301206911384,7.4656399563789595,279.2022517910131
2025-10-27 16:13:28.036623,29.97128296951063,814.3474819544456,34.21491422508439,5.925142968298726,202.72825843170284
2025-10-27 16:13:30.039773,43.56446778009375,751.7584578960718,34.11244154828664,5.74012035299499,195.80952002167206
2025-10-27 16:13:32.046887,38.18948064732389,920.7437635769863,38.42473569915536,9.328218251430773,358.4343208552646
2025-10-27 16:13:34.050048,41.417934084608945,955.7363207694352,37.61628236135594,8.430089806562476,317.1086384952426
2025-10-27 16:13:36.056245,39.28478270619562,710.2973771151419,31.905370878102897,6.526614484069581,208.23405569263818
2025-10-27 16:13:44.783419,30.76088264695811,861.0734558061511,30.139928988156964,5.8784569737461325,177.1762757486445
2025-10-27 16:13:46.786749,39.560015518027036,963.7685399788302,36.69253349183573,9.982069579400724,366.2674223599957
2025-10-27 16:13:48.869494,28.946131424580077,465.81920286933615,37.298089649642556,6.05244772053539,225.74473768030373
2025-10-27 16:13:50.871962,43.723309047082985,479.60807805786624,35.39643988064632,7.727320771763397,273.5196451361926
2025-10-27 16:13:52.880051,44.598345547762406,657.5921233850718,38.00594818755235,7.622141985420598,289.68673337606265
2025-10-27 16:13:54.888776,31.79360335549299,554.0725037992792,30.520761440176003,5.873219571772425,179.25513343583884
2025-10-27 16:13:56.891958,36.76245214283209,719.428594939063,36.00826675899947,8.575943436811796,308.80485898280983
2025-10-27 16:13:58.895477,36.34125045923651,828.8203875374134,31.702166471596026,8.070337622620631,255.84718679430375
2025-10-27 16:14:00.898310,26.064631047173012,983.1150179086318,33.10724965030396,5.502044186681762,182.1575504754767
2025-10-27 16:14:02.901623,33.235178385279994,636.7081341675387,39.425168692531614,7.7934955999900435,307.2598787341104
2025-10-27 16:14:04.908560,34.09880067619719,649.4272965643817,31.939758641308764,5.456443954077971,174.2775029330788
2025-10-27 16:14:06.912121,41.61067484757538,904.4115809350371,30.31527639535964,9.972377540728491,302.315381466061
2025-10-27 16:14:08.919259,28.64061661469892,434.607812473928,34.17569103444028,8.476945983517785,289.7054868483433
2025-10-27 16:14:10.923965,30.849861528451566,862.5493177287865,33.18388177413493,9.339979465375563,309.93677435187067
2025-10-27 16:14:12.930926,32.179130786917305,874.765412215249,35.83610051927597,8.749961693596598,313.56450679154193
2025-10-27 16:14:17.726143,38.00379000220284,805.4457124207446,37.047857428899974,9.72641749334909,360.3429285875557
2025-10-27 16:14:19.734789,37.01980332453869,755.9847394161714,31.39588850853205,7.241987556828469,227.36863391436302
2025-10-27 16:14:21.737923,36.482854457290074,453.6283737587909,33.459970822323,5.915305504666591,197.92594959127078
2025-10-27 16:14:23.741164,29.61528651014758,841.6642648638303,35.67871326773876,5.091409901781086,181.6549540141733
2025-10-27 16:14:25.747853,26.51900017329947,851.9457002778609,31.36091961237675,6.404058291342478,200.83715726776626
2025-10-27 16:14:27.750462,39.02455098211002,620.2013576067668,39.60637564080045,5.1155564569899985,202.60865064726815
2025-10-27 16:14:29.753017,26.999440381982872,434.18211661932804,31.569556363649546,9.548279063568096,301.4349340731679
2025-10-27 16:14:31.756599,28.07661616049082,705.4290468591281,32.38239342155786,5.534796136198744,179.22994599050605
2025-10-27 16:14:33.764284,26.26249758879703,521.1948648157171,34.43609718673106,7.934174247164723,273.22199547182316
2025-10-27 16:14:35.770605,34.63317231281453,805.4551145659336,33.07078399921316,8.802112519825702,291.09276187992566
2025-10-27 16:14:37.773424,31.916893284156835,851.7876157108499,31.013610047435954,7.58757496459053,235.31809115749837
2025-10-27 16:14:39.778284,32.31285127925377,647.3770866612384,32.81378823772519,5.666821434512751,185.9498785331035
2025-10-27 16:14:41.781947,35.678370606063226,590.787168789032,30.24438448373159,9.81710567250729,296.9123184767329
2025-10-27 16:14:43.785091,35.19672142949233,635.2061905152578,32.21906694623605,9.528633878733299,307.003692845081
2025-10-27 16:14:45.787570,32.73113110438654,651.9106901065945,35.430776558400865,5.537587604454411,196.20102908599455
2025-10-27 16:14:47.791267,34.69230161904416,790.7162625565238,31.93649738594067,9.779287369144782,312.3161855010549
2025-10-27 16:14:49.796241,39.4769362751117,990.4556949894449,30.915882063009963,8.917647336342382,275.696933329876
2025-10-27 16:14:51.798414,36.83466291110648,569.0554930011285,31.67360360188418,7.779990296109332,246.42032866547254
2025-10-27 16:14:53.801855,35.326640593669126,606.8218776991099,32.990755838639735,5.547035581339843,183.0008964922298
2025-10-27 16:14:55.804717,39.081336207430454,815.5016618469357,39.56590551803947,6.518804974283941,257.9224217030441
2025-10-27 16:14:57.807552,44.32863385781959,845.8969745110214,35.75833377749455,7.634153536280111,272.98461025894454
2025-10-27 16:14:59.810200,27.152241725976268,891.8501595205469,38.976339628538405,9.358667307772194,364.7665954582282
2025-10-27 16:15:01.814029,27.565874656701638,577.1467208442216,37.77046464550677,6.3508736324746415,239.8754480034646
2025-10-27 16:15:03.820053,34.84675053147568,547.6141020137195,31.272567637979353,6.216239327418243,194.39776482055427
2025-10-27 16:15:05.823677,42.26507792951854,455.5491665436608,34.20639882961339,5.653129937894335,193.37321729124122
2025-10-27 16:15:07.826940,40.26715420326751,615.806833937204,34.42426802083776,8.26877828391245,284.64663985028506
2025-10-27 16:15:09.830845,26.3575844301218,909.4831155872787,38.177499565243004,9.368349700080252,357.66016660185824
2025-10-27 16:15:11.834622,33.9519187324532,883.0094773037194,31.665542437466957,6.936483805392577,219.64752230646093
2025-10-27 16:15:13.838830,25.526489370062343,460.87607951733105,38.49519041658153,5.117921220147295,197.01535190663338
2025-10-27 16:15:15.841597,43.90500231241838,600.5834857991687,34.84525488900372,8.776343392759111,305.8139225141149
2025-10-27 16:15:17.848786,33.05978274368245,811.4371098172953,38.27584491972577,9.355131073676652,358.0755461797552
2025-10-27 16:15:19.855348,31.697259227023004,794.1797476110714,36.718516868193475,9.740195194253847,357.6455215397069
2025-10-27 16:15:21.860705,41.3044176698137,759.5564676888578,37.10737667130364,7.29805761900346,270.81177303723877
2025-10-27 16:15:23.867694,39.567281537082174,980.1111825842167,36.91310323512731,5.738132091227005,211.8122622602594
2025-10-27 16:15:25.876694,38.35548327330256,710.7730109616163,32.867834806233496,8.041991722010202,264.32285543212856
2025-10-27 16:15:27.879232,36.72003733122965,654.9349336114724,36.253867225591115,6.825717022301201,247.4586386459649
2025-10-27 16:15:29.883253,42.07045226443371,726.2131615062849,30.03384708391397,9.607279978429197,288.5435777644908
2025-10-27 16:15:31.890410,25.933014450431887,675.6898427448575,38.40092939167022,5.033678489260433,193.2979322464591
2025-10-27 16:15:33.895661,33.53991040886519,709.3342987329684,35.94612980384902,7.236168595250581,260.1122556074132
2025-10-27 16:15:35.898916,25.411870396057687,498.2349338559961,39.18041176782778,6.493267211448637,254.40888306309242
2025-10-27 16:15:37.902670,28.226293974836878,769.4993801631431,39.49191850786809,9.40844361900681,371.55748868768853
2025-10-27 16:15:39.906630,44.00922905151301,849.9758773689676,39.961460053748056,8.29736157748659,331.5746832302343
2025-10-27 16:15:41.909677,36.9558638594461,913.6467828452666,39.57687781065804,6.574667408744194,260.20480868158467
2025-10-27 16:15:43.916391,36.08057164701374,670.6736256641543,35.871767782357125,5.5121707290529045,197.73130836929195
2025-10-27 16:15:45.924751,32.812493140857626,916.4380916171514,34.69994176459064,7.799055534642069,270.62677287088815
2025-10-27 16:15:47.929304,27.984163365572712,419.517621158525,34.274209879801624,5.247014502804067,179.83727631146957
2025-10-27 16:15:49.937299,28.417212867569347,717.8112517329948,38.533261013505665,8.842262866496881,340.7212229847531
2025-10-27 16:15:51.944116,37.48848377910829,740.8937218461517,37.10153990480409,5.2693008069212475,195.49917415840505
2025-10-27 16:15:53.951089,42.71247246283601,477.2377830726865,39.31447297308243,6.711486530927195,263.85855582934397
2025-10-27 16:15:55.957913,26.60654217160055,432.0553621194148,31.926784103326607,9.94194644339638,317.4143776651521
2025-10-27 16:15:57.964794,28.114213478503377,838.8089899019155,33.11120248977474,9.257655392348397,306.5321022766028
2025-10-27 16:15:59.972509,38.50329916581627,546.2791758221807,30.080560137566337,7.819724371481865,235.22168921555337
2025-10-27 16:16:01.980595,27.01131862861576,797.943069788266,38.759301138987844,7.071688537326693,274.09370557937376
2025-10-27 16:16:03.984348,25.23902386506752,957.2595323650586,37.42637749225573,5.5466303888848305,207.59028274442088
2025-10-27 16:16:05.992167,42.94160199176267,573.4547922446893,39.18678891827109,5.834094371182971,228.61942465282058
2025-10-27 16:16:08.001759,30.402603744174517,647.1349933983367,32.810932929833236,5.248486612320201,172.20774221996578
2025-10-27 16:16:10.010009,31.934712826219588,689.0720384948024,35.473096596598,5.340609133134581,189.4479436643565
2025-10-27 16:16:12.015051,36.47865552818453,494.9159588397012,39.47010693735871,5.837783657277322,230.41794522990094
2025-10-27 16:16:14.022489,31.865957340534944,651.999374682223,34.23764200741437,9.045297035887707,309.68964176544966
2025-10-27 16:16:16.029499,26.219352096095367,877.770151939184,39.64394192190443,8.748184769299371,346.8125289161932
2025-10-27 16:16:18.037599,31.227010677310297,507.83500266493303,39.81847576443554,6.714518544217007,267.3618939227579
2025-10-27 16:16:20.045716,33.26325754331345,958.5592961878048,36.75791075067301,6.443166821106234,236.83735096192052
2025-10-27 16:16:22.053414,40.053870140535594,653.6498987065545,34.83232077954671,7.837382951334542,272.9942370330353
2025-10-27 16:16:24.058355,41.119381581257876,601.2173386206453,37.422305864937584,6.168137105927082,230.8259133948742
2025-10-27 16:16:26.065232,28.10120447582317,669.5939890728735,37.570468314139916,7.518908012744175,282.48889524973777
2025-10-27 16:16:28.073235,31.568539253304728,979.0539262794566,38.364444223440685,6.380067303515073,244.76773620750163
2025-10-27 16:16:30.081068,31.561012718064838,790.2006196360315,35.55240894299003,9.229318554348424,328.1245075093207
2025-10-27 16:16:32.087968,33.99775309212391,834.3284325316499,30.526395770505342,5.2109671193403075,159.07204463207236
2025-10-27 16:16:34.095232,29.078057911016586,777.532161361689,39.55232097682263,5.781298818450385,228.66378653027505
2025-10-27 16:16:36.104224,28.90261130276164,762.4060077236181,35.98376389955085,5.628575339194432,202.5373260964068
2025-10-27 16:16:38.111017,41.20619535676162,718.2047396827064,30.293933667660205,9.94878694223318,301.387891701696
2025-10-27 16:16:40.119113,42.90787591988682,774.9137663712933,38.54523824282628,5.986810772152187,230.7630475273248
2025-10-27 16:16:42.127562,29.27888271833519,457.4463455856746,38.14200740748075,9.65259165729833,368.1692224940598
2025-10-27 16:16:44.135313,33.25876911571452,418.6085690834607,38.0249443762379,5.937194619784553,225.76149516820655
2025-10-27 16:16:46.144444,41.271709297053924,405.7288961696183,37.484874265162425,7.997487360849027,299.78480815865146
2025-10-27 16:16:48.152331,28.98674690125269,818.9731733511932,30.51702599561481,7.992179261575884,243.89754228712482
2025-10-27 16:16:50.161336,26.215819924430335,575.0044320048396,38.04891349565924,5.221881880943517,198.68693197257025
2025-10-27 16:16:52.168615,31.775774689217176,405.07463425021047,36.264697332434054,5.926078759491828,214.9074525811374
2025-10-27 16:16:54.175130,27.378802826050126,553.5765233548273,38.597279267515944,9.166943814810232,353.8190904498585
2025-10-27 16:16:56.178724,28.24795914076048,724.4947683888688,34.439015707487314,8.693428935008763,299.3931356446915
2025-10-27 16:16:58.186841,27.530799911744467,499.38538868550006,37.37120678121011,5.340032779809261,199.5634692326921
2025-10-27 16:17:00.196183,38.32215738071251,441.6409333164235,35.06404041596309,7.1312839418798735,250.0516283557845
2025-10-27 16:17:02.201628,32.594632031866155,697.791330206476,31.129015355762284,5.743055132726726,178.77565141563966
2025-10-27 16:17:04.207517,26.400626537046737,446.85952529799994,33.11057087322429,7.944271403546569,263.03936134325767
2025-10-27 16:17:06.214650,30.09495652117023,968.3183107680171,37.89544834609248,6.340930173206154,240.29239184491303
2025-10-27 16:17:08.221959,35.06881957874233,627.8425288894599,33.09805773991957,6.406869578300201,212.0549392347142
2025-10-27 16:17:10.228816,41.445059162452196,848.3558840080693,39.46950119472328,8.758038965020805,345.67542939332174
2025-10-27 16:17:12.238465,36.20284226265629,578.75028228804,30.774136960702258,8.289991434659852,255.11733181327088
2025-10-27 16:17:14.248311,26.028380355157744,493.59267455783765,34.985450535658885,5.83390384387572,204.10175435970422
2025-10-27 16:17:16.250861,27.30102780473226,826.0150477529933,37.54527472312916,7.822845603047188,293.7108872830297
2025-10-27 16:17:18.258150,43.702688846644364,796.4839979849157,39.66238035243066,5.748535641761782,228.00060709305987
2025-10-27 16:17:20.266174,25.938990749208042,815.1998879703857,36.953583269452466,6.779380728504931,250.52241026612828
2025-10-27 16:17:22.270456,31.805067585137476,693.1640041744429,39.30631925442511,5.893474655607648,231.65079633117728
2025-10-27 16:17:24.278179,38.88835896639931,795.9571547385071,38.23438234172213,9.677667736040622,370.01964839592557
2025-10-27 16:17:26.281418,32.34742537007056,574.4052979465521,32.088963318353095,8.42351096056186,270.3017342252148
2025-10-27 16:17:28.289213,31.930293203686517,987.4699803611912,31.36693702874581,8.73876815434188,274.108390406051
2025-10-27 16:17:30.296146,29.351290073040992,639.3574801901306,39.652623000697474,6.142383932502913,243.5616344010796
2025-10-27 16:17:32.303960,37.68752476557545,527.0677689789782,35.847332770329075,6.056664750788127,217.11527679982422
2025-10-27 16:17:34.310956,38.41158419265,471.78521357369584,39.226363851096266,5.783533553831184,226.86699152760588
2025-10-27 16:17:36.317796,27.61346635980459,572.6402204412998,35.544824912443374,9.005233478480074,320.08944728824764
2025-10-27 16:17:38.321124,29.640933377189977,492.79162078140496,37.85145555335858,9.504697776600064,359.7666454390835
2025-10-27 16:17:40.325766,25.316108413812273,734.7775472560461,33.53262891274973,5.774893041317716,193.64734536532765
2025-10-27 16:17:42.334292,28.148856782853038,585.4307003049544,30.077714376435768,8.413849113285828,253.0693504358385
2025-10-27 16:17:44.342184,31.770818835109544,645.3171285091795,39.16915787551456,9.525672787518761,373.1125812848152
2025-10-27 16:17:46.350300,28.886712544545958,457.6176046543727,32.01996548673554,9.232104173496376,295.61165700530114
2025-10-27 16:17:48.359028,36.98444615071521,416.1462336056347,34.000894475097994,6.8926148687871525,234.35507081112337
2025-10-27 16:17:50.368705,42.42304760884046,579.9920369380802,32.67851569019542,8.423046190224271,275.2526470864846
2025-10-27 16:17:52.377197,29.346662565062235,500.9820166890316,32.847312508280886,8.155657372981068,267.89142644077424
2025-10-27 16:17:54.384795,40.147707136836026,878.295290293242,38.0103453390429,8.92177949671211,339.1199197088197
2025-10-27 16:17:56.392875,34.62935216838909,426.1407531096824,35.1169283836404,6.5452185057845575,229.84796952291413
2025-10-27 16:17:58.399603,41.62651379351661,440.32257794415386,37.82134650972511,7.932867207560181,300.03171947276905
2025-10-27 16:18:00.408951,30.288721861882344,870.4577153900852,30.92483286920401,6.571694666655278,203.22855923375383
2025-10-27 16:18:02.416793,26.511348311249733,851.2477211211062,33.03489312301541,6.4628911034479435,213.50091686808992
2025-10-27 16:18:04.425878,35.22503396096427,430.7845922169551,39.18848192731318,8.059009761126454,315.8203583759445
2025-10-27 16:18:06.434028,35.74057671498156,489.53838393376486,32.824155969982506,6.705317825056728,220.09639811796592
2025-10-27 16:18:08.443116,34.458483412308276,766.3608905370202,33.89602950420219,9.549278620630133,323.68262986872617
2025-10-27 16:18:10.451612,29.79773455424047,855.4415047520451,34.598839910239455,5.930893226113046,205.2020252550089
2025-10-27 16:18:12.458948,36.91266185824422,577.4367790913324,37.78760628348064,9.767008465651054,369.0718704674444
2025-10-27 16:18:14.467105,40.69711577419912,732.4751944361349,33.317992142659094,6.074911832440314,202.40386470059315
2025-10-27 16:18:16.474397,42.8243382475936,679.0133682531767,32.87177833883654,5.001561089747942,164.4102074903441
2025-10-27 16:18:18.482030,44.21541208432445,569.2164525928036,34.992599846258756,7.403692050858464,259.07443332061706
2025-10-27 16:18:20.489833,37.18929077153667,435.67195568951774,30.597129634902362,9.902523273406619,302.98878830906
2025-10-27 16:18:22.493053,33.32430703115589,859.9507732277985,38.56021828918157,9.626601724496446,371.2038638795947
2025-10-27 16:18:24.499939,37.01484455542943,822.5384530625743,36.11593199479958,8.123618631300381,293.3920580397314
2025-10-27 16:18:26.507856,30.07916622023054,518.155953340626,31.938077966651615,5.419513243230954,173.08883650361116
2025-10-27 16:18:28.511612,28.28721076565553,670.5059283603789,39.95706863223842,8.247982871421186,329.5652176709032
2025-10-27 16:18:30.519572,35.8900595770951,814.1918595941436,30.935339882888123,9.118958247078261,282.0980727512317
2025-10-27 16:18:32.528277,29.003585344423314,464.7816426342138,39.571003465411906,5.207975276024859,206.08480769535922
2025-10-27 16:18:34.534925,41.78814845347311,542.0328196602511,32.74211096806821,9.417387104789352,308.3451336142676
2025-10-27 16:18:36.539883,25.713488145471572,970.1171824549451,30.32427138165732,6.8522196867098915,207.78856934652563
2025-10-27 16:18:38.547311,41.48757041477338,622.8135454340304,39.862727911529795,9.380745969236123,373.94212417883944
2025-10-27 16:18:40.558728,27.097560080140294,693.3129267794163,38.056075490245334,7.194446849796314,273.79241242640626
2025-10-27 16:18:42.567379,38.24107840513388,894.5511616506985,34.19754457785852,9.613843778858577,328.769851192084
2025-10-27 16:18:44.575046,29.92282045212903,680.9459392455524,30.933511392337778,7.053726585328092,218.19653168568237
2025-10-27 16:18:46.584267,26.34024583542655,934.2745283403322,33.717254946325056,9.958399490391436,335.76989447488154
2025-10-27 16:18:48.591760,26.3340353694069,790.4775174107497,30.51562605095136,5.018638667845946,153.1469008728316
2025-10-27 16:18:50.599140,44.532354647085775,864.5391112118468,35.93124798953166,8.086764025827643,290.56752364483646
2025-10-27 16:18:52.607006,44.67838476100883,812.2342997381662,33.894506143325835,6.262713864190366,212.27159354369223
2025-10-27 16:18:54.614201,39.154806930881506,678.724131984168,37.87946733477496,8.907423364785556,337.4084523834057
2025-10-27 16:18:56.623760,30.905254379407857,587.2643539884008,34.3507677804681,8.158853838102633,280.2628935474444
2025-10-27 16:18:58.631354,32.67271716882982,760.6290567688345,33.42635132583147,5.169497171119379,172.79742861972827
2025-10-27 16:19:00.640828,38.60647918640105,796.6066456540063,32.660603591657,8.289171218964277,270.7293352859645
2025-10-27 16:19:02.647830,36.389059294315885,547.607662516111,34.6589598020376,7.529831321317641,260.97612108167175
2025-10-27 16:19:04.654614,40.850337448781026,742.4318561842032,34.017230965435864,5.243431535448345,178.36702159279636
2025-10-27 16:19:06.755719,28.832562230035943,461.36980110945717,33.523958780699274,5.81919742902986,195.0825347475482
2025-10-27 16:19:08.762367,29.50368038821567,796.9968285080256,39.197192918771066,5.991918033777192,234.86636712342798
2025-10-27 16:19:10.765962,41.52446442480528,712.6575733147963,34.36580131478742,5.156067959199852,177.19240705140356
2025-10-27 16:19:23.608781,41.29775993009435,427.3918523373091,39.401621365843674,6.681132341418507,263.2474468116646
2025-10-27 16:19:25.617058,25.015995699121547,446.4552006940077,30.791323623770612,8.401839725469117,258.7037660219716
2025-10-27 16:19:27.621472,41.824495982333566,618.1472392873374,37.042016108570046,9.310118661515178,344.8655654325438
2025-10-27 16:19:29.991094,27.18240983913973,982.7718750979494,37.75948481904401,7.360380329530684,277.924169315304
2025-10-27 16:19:32.000748,39.41904223181753,487.8942546891454,37.917345633604114,6.176060027628617,234.17980272148085
2025-10-27 16:19:34.009362,38.595724388577295,607.2741082346676,38.74307715875441,5.846857422253472,226.5252482466022
2025-10-27 16:19:36.018751,34.04486422975589,715.0427017941424,32.98506722184203,7.32259101925957,241.53615700833367
2025-10-27 16:19:38.027143,28.546158141299724,960.5635019800483,38.59927429379378,9.016413023821032,348.02699945260264
2025-10-27 16:19:40.037508,30.19076894056381,432.7193002543315,39.298990175552305,6.70237985373003,263.39676002455616
2025-10-27 16:19:45.137428,36.139223644228636,537.4989769726523,35.019331495161936,6.220942864366969,217.8532603797291
2025-10-27 16:19:47.146834,44.18468860844858,622.1588626925109,35.91143746468611,7.866916477610522,282.512279125619
2025-10-27 16:19:49.155062,37.12533852773143,540.6750439230085,32.85829987272632,8.772049490614284,288.2346326610003
2025-10-27 16:19:52.100701,38.243148398974746,749.1978816462062,39.89789061827392,7.03356400830612,280.62436746002584
2025-10-27 16:19:54.108220,31.145030188114152,538.4221979709474,34.41812211966374,8.521643525760506,293.298967529867
2025-10-27 16:19:56.117168,38.86860099998548,637.6872821478809,32.0691385784863,8.003714796067252,256.67223893776196
2025-10-27 16:19:58.154836,26.25120872671949,563.4287081359123,36.20609878281229,7.719499831565791,279.49297345557386
2025-10-27 16:20:00.164488,35.851947626484666,604.9033826629018,31.341940659371254,6.980133417839759,218.77092737642798
2025-10-27 16:20:02.170105,38.18844028238223,780.2895696625303,31.316414579080746,8.68199842761231,271.88906213403425
2025-10-27 16:20:04.177519,29.079158509399594,902.1565262362587,37.172477230329704,9.699307655927914,360.54729298994295
2025-10-27 16:20:06.184625,35.98104316024454,849.1687073065775,38.3749630755187,7.2947906985970015,279.9373237022972
2025-10-27 16:20:08.192920,41.025126213293916,727.4376072049204,30.938923213215777,9.541725430603421,295.21071041902746
2025-10-27 16:20:10.201660,40.63456538866586,458.5464474615573,32.963476869683376,6.107027773459267,201.3088687529385
2025-10-27 16:20:12.210908,25.920655951987946,543.9398741267248,32.19979070450046,8.132182636998376,261.85457888212034
2025-10-27 16:20:14.215373,42.895370405323504,447.805333821878,34.314290103294766,7.100251440971379,243.6400877518286
2025-10-27 16:20:16.223656,30.158710239400882,940.6376055572937,30.28211666417905,6.9764370888420935,211.26128182462193
2025-10-27 16:20:25.180427,27.644099914880325,928.741473810361,35.94430843635543,8.566070099069803,307.90146572840666
2025-10-27 16:20:27.189564,33.38926870262572,404.5064799236635,34.45556646048131,5.216244858455166,179.7286713946459
2025-10-27 16:20:29.246828,36.71902462475638,748.9192802979214,31.913492217185233,5.327421378439789,170.01662069850443
2025-10-27 16:20:31.249615,38.72277335431029,690.0095126208485,39.30040520298978,5.121225853147733,201.26625116473292
2025-10-27 16:20:33.256808,33.10105696702312,972.0279586384105,39.57318208592602,6.352151558544284,251.3748502636717
2025-10-27 16:20:35.263861,31.867651018307733,458.1777235827459,31.969454356158117,9.414895926068654,300.98908557643085
2025-10-27 16:20:37.270967,38.56426836566504,815.7002301959652,34.75223238413832,7.8646699121515455,273.3148364116312
2025-10-27 16:20:39.277840,27.299897787779518,726.2529234218574,39.54717535932325,9.726345160627362,384.6494776726353
2025-10-27 16:20:45.267012,33.40701706358063,778.7834972040437,37.9929381050333,8.787233478866257,333.8528176770422
2025-10-27 16:20:47.273429,29.471630541118685,513.4615317692544,39.90668951573669,9.13586322573397,364.5820572076022
2025-10-27 16:20:49.281087,33.93745254410584,610.7850706551748,36.09693216833234,7.486651587988945,270.2451545395745
2025-10-27 16:20:51.288621,30.82406766456168,671.6945470668256,32.77740642279028,5.786771855746315,189.67537299176126
2025-10-27 16:20:55.336246,28.408962502705354,956.6114543286731,30.042767939541154,7.201624681904222,216.35673910612041
2025-10-27 16:20:57.447717,27.273484220053284,800.7600246571508,33.70929222449167,9.783162713481818,329.7834907885095
2025-10-27 16:20:59.454589,43.81121368253977,868.037205046428,39.64483832512701,7.701607666706581,305.32899079014106
2025-10-27 16:21:01.463058,31.550920645273802,980.3310299729915,34.40294101513194,8.359063829634865,287.5763798726511
2025-10-27 16:21:03.470535,38.70357880407809,494.96321567683265,36.87644889033173,9.06676018973091,334.34991873750636
2025-10-27 16:21:05.477544,34.00984559468318,624.4655646861527,32.60648378066627,9.133388802092426,297.8076938379456
2025-10-27 16:21:07.484610,28.864059371220417,555.6300549116905,31.41563207107206,7.913041467324433,248.5931993006006
2025-10-27 16:21:09.489176,33.698884998619114,887.8777621654281,35.86005447478038,5.348289418351422,191.78994988897347
2025-10-27 16:21:11.521046,32.01536410241383,404.1504483810537,36.02867513194483,9.295389380966025,334.9005642317547
2025-10-27 16:21:13.523251,25.216379396010524,740.6816362539266,30.77548670260981,6.523336714152434,200.7588623030446
2025-10-27 16:21:15.530543,26.33605788995201,869.1150155420977,36.55131968664634,8.1142123419011,296.58516931415835
2025-10-27 16:21:17.537318,31.5195191816535,996.5581549587247,38.81657842048327,5.7267705790052705,222.29363927607446
2025-10-27 16:21:19.545762,33.292118102926025,507.4314681829578,36.85424405693028,5.797800279341151,213.6735464881773
2025-10-27 16:21:21.554882,40.104226815740205,841.4567101656207,30.728059291197056,8.6403111812392,265.499994271511
2025-10-27 16:21:23.562605,38.58306866043842,689.9156657721009,39.95830872821481,9.950184817152838,397.59255682658875
2025-10-27 16:21:25.567201,44.88499030727331,845.2644880804986,30.569412546997494,5.226489511501062,159.77071404963138
2025-10-27 16:21:27.617111,41.72473632598391,561.7591409201648,36.795029869987644,7.781705588460351,286.3280895668484
2025-10-27 16:21:29.625367,27.74299958874282,566.0222705346876,32.06662849078533,9.980331746419424,320.0355903272224
2025-10-27 16:21:31.653866,44.14778522862887,437.5729581771343,36.99728863044395,8.24777629236873,305.1453600480987
2025-10-27 16:21:33.660990,34.10469356584615,870.2071338502752,38.58109311150481,8.087803453691787,312.03629811443307
2025-10-27 16:21:35.670030,26.643052362919665,864.3342551071935,37.616215116532224,5.81811718786717,218.85554771200498
2025-10-27 16:21:37.678257,40.2216526433717,864.6140009759649,30.373752262910532,9.075539199674594,275.6581793032494
2025-10-27 16:21:39.684614,35.33727741299367,714.4536290765518,38.36302385926399,9.57695083482316,367.4007933753191
2025-10-27 16:21:41.688794,43.1521884918368,958.6834629611043,30.609779816006725,5.691417884394427,174.21304828219624
2025-10-27 16:21:43.692479,44.0800222524834,678.3688227211705,35.0960906097849,9.277794540380569,325.6143178481641
2025-10-27 16:21:45.701252,30.216113190333967,409.31773907503333,33.981247295151746,8.052067080286193,273.6192826923556
2025-10-27 16:21:47.709401,39.07245837564087,675.9926621621344,38.03247563015104,6.00290815771377,228.30545821828383
2025-10-27 16:21:50.412435,39.88098818610906,820.9665191639261,30.56784500126383,9.787332294590293,299.17765655689993
2025-10-27 16:21:52.416049,36.326954560347474,713.6675770354168,36.94962309143705,5.640346237516148,208.40866758142673
2025-10-27 16:21:54.423283,44.34873905109272,499.26214122626027,39.80337413296562,6.765735016104423,269.29908213051056
2025-10-27 16:21:56.431048,26.053618370365555,625.6931980035491,30.550602894110973,5.285076534140802,161.46227445952
2025-10-27 16:21:58.434157,37.40625581437301,916.4643564436338,37.29528053002558,7.8101226590090835,291.2807155416531
2025-10-27 16:22:00.441178,26.438756582417966,829.9299083280621,36.65478563069618,5.7041021124954,209.08264014912012
2025-10-27 16:22:02.449502,29.970118244251374,944.7849403072322,33.10938094293795,9.371974317511215,310.30026786590975
2025-10-27 16:22:04.457418,30.2898008830918,692.31289383793,36.262301594782464,8.46702331673055,307.0337531213385
2025-10-27 16:22:06.465323,26.792458824357418,949.4962274384981,39.67061017382443,6.98498259925027,277.0985217658044
2025-10-27 16:22:08.472964,39.06040369863287,999.5447398626608,31.55855991449414,5.510492332528951,173.90320243447547
2025-10-27 16:22:10.479993,43.3320159209004,461.65394193091925,30.219110270626818,7.141617293600317,215.81332050592343
2025-10-27 16:22:12.489226,28.952191792679944,821.2434432969217,30.13077363882572,8.299623760563856,250.07408481696902
2025-10-27 16:22:14.497627,31.208596015645504,715.0840708538785,30.252125699541192,8.415738971828826,254.59399323029322
2025-10-27 16:22:16.504462,33.67483328702423,751.3403064261914,34.19309494214712,9.86335926359206,337.2587797485096
2025-10-27 16:22:18.510724,40.51001055145283,949.4932899022872,34.65373601852671,6.4603685947422065,223.87590786457676
2025-10-27 16:22:20.517425,33.45972537869273,705.0557403494929,35.95037223185382,6.041717918360378,217.2020080849166
2025-10-27 16:22:22.521440,41.86541360139739,989.6028863714619,33.055448069361134,6.94989189881036,229.7317907487995
2025-10-27 16:22:24.528559,39.58976155271497,768.9187363354104,35.664479494956154,5.332122165454754,190.16736163446228
2025-10-27 16:22:26.881892,40.56435052097318,756.6536941858022,38.79414850891841,5.763109800438669,223.57493747142087
2025-10-27 16:22:28.891064,29.211671140653323,880.6735753532384,35.00202822143993,8.042360923816258,281.49894402242234
2025-10-27 16:22:30.897833,35.60685351203183,544.4802630889184,38.03095505492608,9.012216677408048,342.7432074037608
2025-10-27 16:22:33.016977,42.75410066756946,551.4949285672099,36.37085757008733,6.474715705451753,235.4909627297932
2025-10-27 16:22:35.025952,43.94438233378934,728.0404558229494,35.38423497714572,8.914830562095862,315.44445939064
2025-10-27 16:22:37.033944,29.645611326822415,933.8207101470642,34.47966966132345,7.5651941241186815,260.84539432339733
2025-10-27 16:22:39.042256,37.34604620416232,668.3989532120114,38.18710046248931,8.204632602597187,313.3111294531939
2025-10-27 16:22:41.051341,44.44775031118522,634.6296220825636,34.93170916428507,6.21638011764041,217.148782324059
2025-10-27 16:22:43.059544,41.58159048622953,821.9221464619698,36.99624579861329,7.146242216860594,264.3841335914017
2025-10-27 16:22:45.067943,31.007452771696258,469.6400158994465,34.65746438755316,8.98603235054774,311.43309617450893
2025-10-27 16:22:47.075625,35.35138393679726,785.9475744044655,33.80085834909872,5.869434565009795,198.39192632119995
2025-10-27 16:22:49.082540,37.633305144761465,736.6792859086148,33.890394229787454,7.446826850627577,252.3758977287351
2025-10-27 16:22:51.091390,37.9365043377341,916.8010503699836,30.460608452530984,8.740098266941974,266.2287111459641
2025-10-27 16:22:53.097861,25.152993867714958,802.8599133134119,35.481544979650835,9.010220084010935,319.69652918738734
2025-10-27 16:22:55.107729,44.26534062918648,473.7398626894324,34.45221239594435,8.916245613009742,307.1843876338187
2025-10-27 16:22:57.114306,39.81351405312715,518.7427818566707,37.00172403038802,6.620733100877522,244.97853907752517
2025-10-27 16:22:59.122959,44.05403009634755,601.3655537719505,30.643201728537207,5.620025323128083,172.21556969610134
2025-10-27 16:23:01.130830,37.87490662013709,752.8050045741625,39.81967238623663,6.332919431031352,252.17477699210056
2025-10-27 16:23:03.138515,35.346952526222836,593.7888008437454,36.66833969195227,7.091101788366796,260.0189291660439
2025-10-27 16:23:05.147603,35.44879483056555,887.3241785061923,33.66698248318182,9.690839184945354,326.2613130868872
2025-10-27 16:23:07.155339,38.00353772201595,472.00643534546487,39.29563230194499,8.687907318460715,341.3968114596091
2025-10-27 16:23:09.162261,41.28546212786317,680.3799791763506,30.43571736166383,9.963483038898744,303.24575370965357
2025-10-27 16:23:11.170465,34.97006191945008,937.3884836177472,30.55180287732496,8.083310635431815,246.95971312989715
2025-10-27 16:23:13.178971,27.862518437509863,844.699118694122,32.022992413500326,5.432419769232307,173.96233705707536
2025-10-27 16:23:15.186498,42.53747940482714,944.2442800455029,31.491744595457906,7.668155528621339,241.48359542559172
2025-10-27 16:23:17.194893,40.16606800794068,569.693254263683,32.65355398194337,9.343362315084644,305.09398572847175
2025-10-27 16:23:19.202191,38.92894568931973,584.9367829137551,35.37536877401169,9.894518638967448,350.0222456948057
2025-10-27 16:23:21.210280,32.00659879228777,874.2807869737262,37.014423423527916,9.908228565095131,366.7473674855256
2025-10-27 16:23:23.214325,39.46234347342187,479.6994486696134,38.475520735947306,5.16246906216515,198.62868545002166
2025-10-27 16:23:25.221087,37.56694258953815,922.6509509681068,35.95836506330026,9.791686397845556,352.09303407908203
2025-10-27 16:23:27.228028,27.858407445875663,918.0494851893083,37.58651352235776,8.575958277212607,322.3403717536276
2025-10-27 16:23:29.233040,33.325439927378014,900.9888561853068,32.110994712481066,8.327386611158465,267.4006674396951
2025-10-27 16:23:31.240988,32.98522243804259,478.6484612834312,37.308683180174015,5.109338377802976,190.62268679775548
2025-10-27 16:23:33.249080,41.86464721829603,730.7218423580307,39.20033931532794,8.49231499726984,332.901629465626
2025-10-27 16:23:35.258149,34.21735251785901,862.4730198807783,36.85218507247873,5.134996177506404,189.23582947993685
2025-10-27 16:23:37.266434,30.519938076350382,808.0208921272842,34.72147870471422,7.27322463097806,252.53711413910767
2025-10-27 16:23:39.275125,32.766741254841996,549.4623748803015,33.96367220050062,8.77467550282489,298.0202024437075
2025-10-27 16:23:41.284408,44.25614211880886,981.8115489614328,34.93873618286822,9.77590482346347,341.5577595758191
2025-10-27 16:23:43.289088,26.249766830098498,949.9802771338358,33.468692601256706,5.327219509294322,178.29507217598925
2025-10-27 16:23:45.298354,25.155606216917235,909.8969084726692,32.99880678510879,6.221245538635733,205.2936794921606
2025-10-27 16:23:47.305839,43.71264764479652,857.8587307117004,33.50001431075013,6.936736112607937,232.38075904226312
2025-10-27 16:23:49.313525,39.98310009524567,424.49752103921537,31.453779927187767,6.610127508696179,207.91349594917955
2025-10-27 16:23:51.321328,30.798943073400473,700.5820119486267,36.956816077159594,5.5481641842528635,205.04248332331727
2025-10-27 16:23:53.329172,43.49507896644093,401.25737502122456,31.534714945219076,5.425746682616085,171.09937500126628
2025-10-27 16:24:01.931316,26.83671738054593,530.408784038375,36.87826385017423,5.096330360615592,187.94381570643537
2025-10-27 16:24:03.941025,35.43253390056597,515.7870520977959,34.2302609809625,8.98857510526659,307.6812717002578
2025-10-27 16:24:05.949054,32.250438071908235,427.91603414919217,39.27195085320987,8.818984931622127,346.3387428098626
2025-10-27 16:24:07.957860,35.21625373683878,891.6059625972698,38.812311162591485,7.923857124121131,307.54320830930664
2025-10-27 16:24:09.965310,43.062162306972795,988.7528736702552,36.599324745281294,5.005395959966998,183.19411221755118
2025-10-27 16:24:11.972085,28.596018439052123,663.9525297289051,37.342539137805694,6.610260529435717,246.84391253154544
2025-10-27 16:24:13.978650,31.41766966997334,419.3771883608183,38.04514957259064,7.092065029919764,269.8186748418369
2025-10-27 16:24:15.984891,42.71194316925245,967.2117515745941,36.5921675760196,5.622355041038868,205.7341578335728
2025-10-27 16:24:17.993316,26.324876359991197,900.3617262866555,31.85799715227035,8.983370536848973,286.192192980724
2025-10-27 16:24:19.999757,30.29985331036348,841.374866512758,38.15760637107476,6.415379595399543,244.79552932228063
2025-10-27 16:24:22.006848,33.248482394589345,733.436255988672,36.656968277766886,6.986081940234408,256.08858406905284
2025-10-27 16:24:24.014327,30.644627373684273,491.7318783601471,37.66693760559905,7.423262519440886,279.61156614976187
2025-10-27 16:24:26.022853,34.4786916434003,883.9042084306428,31.494783223654785,8.386983685321624,264.1462330695339
2025-10-27 16:24:28.031725,43.876902900295974,705.7701231229572,30.895222990831506,8.503812471046402,262.7271825651925
2025-10-27 16:24:30.038571,41.13453549755313,524.5495366860623,30.627317905763324,5.622955096365274,172.2160333062113
2025-10-27 16:24:32.044202,39.22430483174052,698.2887310258677,36.39355804745104,6.135331856347399,223.2865560543546
2025-10-27 16:24:34.051133,36.443580899555045,602.9071716794303,36.566466822509746,9.37088453584515,342.6601384775513
2025-10-27 16:24:40.127809,30.635069082951805,949.2853641130977,38.28968672596886,5.609852686932808,214.79950196149187
2025-10-27 16:24:42.289655,38.09520182136019,736.5214505374877,34.544214118507455,7.820772130988063,270.1624270649075
2025-10-27 16:24:44.297631,26.093628452615302,861.0471119238651,36.03155816797177,7.181721450773501,258.76861419971596
2025-10-27 16:24:46.301619,34.98710296052443,719.2378807019588,38.85708651071626,8.786966396088046,341.4359134195498
2025-10-27 16:24:48.306840,34.06831400068224,748.220083296043,34.162439737890125,7.58672783866051,259.1811325960131
2025-10-27 16:24:50.313784,40.51099956220591,679.230567824459,32.95017204470171,9.894225356824414,326.0164277564146
2025-10-27 16:24:52.321460,39.238307696310684,978.4649602473852,34.56026659296593,9.933637629898586,343.3091647272134
2025-10-27 16:24:54.328431,37.36039933645976,962.7682277134323,37.439781322237714,5.150454485633779,192.83188965226702
2025-10-27 16:24:56.335286,33.308479176597416,858.0403071667286,33.931965501918164,9.663560523401806,327.9036023057683
2025-10-27 16:25:00.331305,35.29005278978042,533.9316771055609,30.92931059953776,8.324891743934192,257.4831624556682
2025-10-27 16:25:02.385539,29.094624167165783,413.4000250605401,36.117942731518966,8.008580011555324,289.2534342181427
2025-10-27 16:25:04.389681,32.221605717867384,815.5353510365173,33.8285078037801,7.187241120029989,243.1336423165837
2025-10-27 16:25:06.399768,28.238385159185164,522.0205527005327,35.14276301222348,6.25007658306332,219.64496016684177
2025-10-27 16:25:08.408509,40.342283487830954,607.6897024161071,37.72217023943667,9.435442807646265,355.9253798745007
2025-10-27 16:25:10.418237,40.472039357280266,552.6398491936727,36.66209599815545,9.826235542418328,360.25039075662784
2025-10-27 16:25:12.426470,27.663176523153275,808.1597885436097,33.26719047862172,8.332842680777091,277.21026468980034
2025-10-27 16:25:14.434290,39.74996132438787,584.5411652015234,36.733554795526224,9.439234558010707,346.73663986451106
2025-10-27 16:25:20.196067,26.598652813667666,616.6160799172619,39.95875528905883,7.129720952327228,284.89477481331915
2025-10-27 16:25:22.260827,30.817714171061773,860.4353737914654,34.8691623298938,8.376509790033344,292.08187962661725
2025-10-27 16:25:24.268205,43.92984694942816,510.97383885459226,36.049959177461524,6.185794427722303,222.997636599558
2025-10-27 16:25:26.300599,38.214693090930766,712.523419806515,32.17434761880171,6.394960626509111,205.7536862058541
2025-10-27 16:25:28.308848,41.746935789227585,405.80133798607613,32.519454742381114,7.420741518581631,241.31846796842385
2025-10-27 16:25:30.315429,31.023757021651548,989.3514170485658,36.15802613890926,7.682613685326143,277.7881464491647
2025-10-27 16:25:32.319896,36.44757681605159,637.1954763736492,38.70821925185561,8.216164734610864,318.03310595668137
2025-10-27 16:25:34.328475,38.205388951303306,546.0801757908847,36.069334418035936,5.656812027193547,204.03744474881185
2025-10-27 16:25:36.338369,37.49681632832829,930.8686483389176,36.033182371298366,5.4437629367113445,196.15610268463465
2025-10-27 16:25:38.346479,25.855375935433432,852.7475428073739,35.02611612049605,9.489144031722514,332.3678607392248
2025-10-27 16:25:40.350978,35.419526190134206,423.8064672755528,36.668123380996505,5.843188487405856,214.25875639461626
2025-10-27 16:25:45.248187,27.813027670765216,690.5821665905136,31.154413798724878,5.007028458888315,155.99103651019828
2025-10-27 16:25:47.257068,25.332861787480468,931.2712044543947,32.37843665054826,6.449016413900761,208.80906941583171
2025-10-27 16:25:49.260012,39.02750224371256,988.7750656024824,34.20517263689248,7.144114842177967,244.36568151448324
2025-10-27 16:25:51.267426,30.352177448203502,422.8749626041388,39.24942576030923,6.3974887500154765,251.09775974614593
2025-10-27 16:25:53.273917,28.994614340398304,934.9396817195127,39.780872284140116,8.50987045045892,338.5300695442842
2025-10-27 16:25:55.280793,37.61899207846802,988.035252817668,39.75318285937092,6.171355851059557,245.33103763741926
2025-10-27 16:25:57.288084,31.773253398267112,578.5227304051898,33.45369850858142,7.563069315044192,253.01264066499178
2025-10-27 16:25:59.292068,28.086459551987495,835.2072548765519,30.82520437685748,9.908576601603995,305.4338988281911
2025-10-27 16:26:01.299942,44.208257401468266,742.6452796000094,32.52317839559713,8.63306105163706,280.77458468247346
2025-10-27 16:26:03.307275,43.59786839361827,786.1094156337615,39.497467716619404,5.58623654451582,220.64219757441316
2025-10-27 16:26:08.519491,28.426674339982746,530.8760838795657,35.3067421925027,7.928926916768449,279.944578513539
2025-10-27 16:26:10.526967,37.30109710969903,588.0255831300318,36.76257662269616,6.146542042968209,225.96272281924215
2025-10-27 16:26:12.533844,40.27425456768375,751.9962440497914,32.05603548310452,9.361152592780869,300.08143967693945
2025-10-27 16:26:14.541780,25.47454483829728,986.1779876990662,38.60723824423817,5.937563691726168,229.23293603681046
2025-10-27 16:26:16.549119,25.000482795130136,420.3381844847784,35.32594579122156,9.569527832380619,338.05262145426366
2025-10-27 16:26:18.557776,41.75249843151654,743.6759922957663,31.00988045533967,9.28165714800907,287.8230785872102
2025-10-27 16:26:20.565829,42.471215871725704,899.4987220658064,33.44117010069875,6.416257493613934,214.56715825382656
2025-10-27 16:26:22.568956,27.646332615394506,922.201390142926,34.872291999450844,7.3522918079099275,256.39126679060536
2025-10-27 16:26:24.575786,30.64087669608367,713.9119016494387,39.354163332276464,9.862279488598755,388.1217578228754
2025-10-27 16:26:26.582538,41.72728095217464,544.6258618432885,34.37708966794898,5.660020380816463,194.57502815374627
2025-10-27 16:26:28.591634,39.51646120197182,684.1011694655892,35.14127269141506,9.210505939069254,323.6689008307306
2025-10-27 16:26:30.600703,43.390408652549965,818.2259803612453,34.40306198063071,7.829080918802699,269.3443561009425
2025-10-27 16:26:32.608971,42.467984081998864,787.4929909906768,36.55523289761282,5.510481137569471,201.43692136175443
2025-10-27 16:26:34.617703,26.60780365090252,656.5874273602878,30.41639190880214,6.523663715933559,198.4263122650676
2025-10-27 16:26:37.062664,39.71587825911331,991.6482083613846,33.25054412405545,7.38572707468685,245.57944398510608
2025-10-27 16:26:39.070965,27.302796900539647,872.2757628652225,33.90620603517044,9.70988055344595,329.2252106220332
2025-10-27 16:26:41.079367,41.8850493886067,963.8757468828942,33.28607268275197,9.567348093906443,318.4594440349584
2025-10-27 16:26:43.086149,32.01619492208219,407.4442652757124,34.72406173225207,8.066004883953768,280.08445152305734
2025-10-27 16:26:45.094399,36.222784526812426,462.835424563008,35.69148422468341,9.00867231312879,321.53288574937835
2025-10-27 16:26:52.741537,43.97567898316076,513.2483088086258,30.610065569790706,7.501807718632557,229.6308261593046
2025-10-27 16:26:54.745649,42.4666934591967,937.4958257770429,39.13990556499088,5.563699753213772,217.76268293275012
2025-10-27 16:26:56.754550,25.951525249389206,702.8951010146615,38.59315583680994,6.143807570309759,237.1089229923372
2025-10-27 16:26:58.762550,40.608713598316506,844.0764838748578,37.16921045297199,7.9416640865712775,295.18538378057735
2025-10-27 16:27:00.771271,35.955876311428085,996.1481183674633,32.27505629226978,5.365443331115092,173.1699855447231
2025-10-27 16:27:05.102253,28.321724435346376,754.5576715423514,37.65617088580125,9.90930520915103,373.14649031535174
2025-10-27 16:27:07.110946,33.16882287996361,928.1818997013974,34.736382860379976,7.0362331342650535,244.41328804672227
2025-10-27 16:27:09.118029,27.983116841578514,969.476173997073,31.25659955087321,6.531286341030922,204.14580171369147
2025-10-27 16:27:11.125337,29.728668311679527,772.0269221599922,35.80926546981602,5.6225736001172635,201.34023067017827
2025-10-27 16:27:13.131919,35.74684379323777,457.1398579334503,37.874810255231864,7.5993883175411625,287.82539058269725
2025-10-27 16:27:15.161822,29.434430958301654,867.7725154216737,34.85826687192151,9.555009035116178,333.071054909701
2025-10-27 16:27:17.169796,27.862038415413053,617.715026042056,36.42021084052149,8.280747331939455,301.5865637463208
2025-10-27 16:27:22.678219,36.27175613114598,834.414177059409,38.23263561433658,8.737714055420494,334.0658375831589
2025-10-27 16:27:24.686143,38.63841243727164,778.7531784316557,39.270045015243745,5.671972369093737,222.73861025952976
2025-10-27 16:27:26.692978,39.59928932129452,475.5380070820794,39.708951410080346,7.095866237736699,281.7694076467162
2025-10-27 16:27:28.701441,38.5984940583864,808.944098975342,36.265333520779315,7.355582147377612,266.75263981413923
2025-10-27 16:27:30.708326,39.94458444115718,830.6504799983526,35.46422256005987,8.319671411986013,295.05067858123954
2025-10-27 16:27:32.721017,32.531815926891134,867.0592936410123,38.138005610311104,8.792174027475115,335.3159823866775
2025-10-27 16:27:38.092784,26.609578182070056,434.182582235078,36.642651062138484,5.55750768338765,203.64181481752726
2025-10-27 16:27:40.102712,36.23101277234968,773.6651723307461,39.75311316491496,5.877686710303291,233.65634494260343
2025-10-27 16:27:42.109460,43.91986047264116,787.6177178434962,35.19498401390492,8.56083330249837,301.298391227135
2025-10-27 16:27:44.113580,29.0615353470168,909.9514205935639,39.7919967367383,9.983267066513335,397.25413053268556
2025-10-27 16:27:46.120541,32.85760210360943,632.6455776833541,35.52721986865536,5.115345774167742,181.7340140230544
2025-10-27 16:27:49.486773,41.24703176326755,792.4449184652984,37.80834492851724,9.95167141467913,376.2562254614537
2025-10-27 16:27:52.056716,30.609093851088797,535.4777401381518,30.045597819231006,7.084507695502554,212.8582689663168
2025-10-27 16:27:54.062873,43.27199516848398,839.5505428168269,37.821763591644306,5.089814407767042,192.50575725591014
2025-10-27 16:27:56.658522,44.66951911809488,451.34677118177177,37.43169337728961,9.84284008728482,368.4341721089399
2025-10-27 16:27:58.666441,37.38933828324022,727.5400945931649,32.65727383140617,6.995148755370586,228.4424883955573
2025-10-27 16:28:00.674898,28.99014460760086,979.0477559279786,38.423555687535625,9.605358777448515,369.0720378840521
2025-10-27 16:28:02.684765,32.691139835876946,971.631417938574,33.9361657951035,7.04445988438004,239.06195857327666
2025-10-27 16:28:04.760539,31.848839925638753,542.1077678327088,31.591331110569882,7.83187926146554,247.41949096696337
2025-10-27 16:28:06.767140,34.975816175574984,896.4861833509311,36.38453345826699,5.837078988107058,212.37939574132852
2025-10-27 16:28:08.771017,41.191901071660766,538.5881307778061,33.00206109487005,5.850637908507242,193.08310970051872
2025-10-27 16:28:13.336757,26.411788471435166,507.7043709157896,37.41803969581103,5.793461972081698,216.77999004752465
2025-10-27 16:28:15.345194,44.17415602024574,916.7569465770673,37.21369612888829,9.821674810718813,365.5008218828463
2025-10-27 16:28:17.351619,25.580140441406765,534.7162239218541,37.35429950255589,9.716600239654543,362.95679549866213
2025-10-27 16:28:19.358692,31.262584833485377,908.3312873580246,39.71022279416792,8.14056564859615,323.26367557630317
2025-10-27 16:28:21.690104,40.76249119043088,924.5671085863976,39.15246674013734,7.620422078640759,298.3583219797906
2025-10-27 16:28:23.696614,34.08109309051922,901.6569685907697,37.662169552295886,9.706540003697572,365.5693553854007
2025-10-27 16:28:25.703889,32.91790952945762,761.0988700540399,32.17340252043937,9.072556241869792,291.89500385900146
2025-10-27 16:28:29.428384,33.834414832931905,567.6537216689908,32.94500521155722,9.29412587912314,306.1950255245807
2025-10-27 16:28:31.435222,28.774163711685908,516.8038439592185,39.119482614288685,9.8212633381497,384.2027404070981
2025-10-27 16:28:33.443726,26.63605537737808,863.5818978521113,39.10156126695673,8.633928552520658,337.60008627091355
2025-10-27 16:28:35.670883,38.235891939933566,852.8089171544253,36.36462232296261,7.926105892992327,288.22984729047425
2025-10-27 16:28:37.680418,40.58039536995108,922.3552056878847,38.17981452400034,5.434634997249888,207.49335620064184
2025-10-27 16:28:39.689071,37.72855516681756,550.8428457235186,33.461249140812775,6.139752340018957,205.44378271226253
2025-10-27 16:28:41.698528,40.53499619976213,437.01854054945386,34.657242821898116,5.016198722368371,173.8476171640157
2025-10-27 16:28:43.702564,28.43320013878291,688.9106538449439,32.426517745258174,5.474254386927033,177.51100701974684
2025-10-27 16:28:45.710349,30.43742556810313,453.9743562928021,32.99129173958308,8.01232249151349,264.33686882914475
2025-10-27 16:28:50.822617,33.2529819915866,806.5314589130558,34.788231943701746,7.698541006981755,267.8186301789805
2025-10-27 16:28:52.825062,30.13541012961359,655.8923533408356,35.87548994475074,9.951556434061775,357.01696278480273
2025-10-27 16:28:54.827386,39.15573421367984,868.7231320884352,31.867648833178876,6.5287777032499745,208.0567951570583
2025-10-27 16:28:56.829739,41.414805527749536,557.1188815966211,36.222544249967726,9.473942235449194,343.1702918451966
2025-10-27 16:28:58.832066,39.63574495728808,541.6703768275785,31.830096922327595,6.946854527071656,221.11905290200102
2025-10-27 16:29:00.834380,30.31950088992537,588.0403346990328,38.016260337591504,8.61541870998152,327.5260005960142
2025-10-27 16:29:02.836542,33.984803518393,631.8604961649954,36.27011074667483,5.190735148130164,188.26853867933863
2025-10-27 16:29:04.838728,32.365837256866676,892.8244466216029,32.863007487410655,7.392490884373014,242.93948328376538
2025-10-27 16:29:06.841228,31.705273212113923,696.7293668037992,34.08088064745815,7.158742115804554,243.97623563466703
2025-10-27 16:29:08.843476,33.905829158653454,559.2678560936054,35.014148040401054,7.087494634534252,248.16258636913048
2025-10-27 16:29:10.845825,37.36055757983658,485.659258684449,36.78828767736978,7.441749197466326,273.76921029922687
2025-10-27 16:29:12.847991,41.464365261071066,966.404522643508,30.314469039750122,7.541168039607866,228.60650506024578
2025-10-27 16:29:14.850501,27.40262570843124,647.567397793113,38.629150353811205,9.020472086948775,348.45317250910136
2025-10-27 16:29:16.852604,40.92010610585508,798.6882774084145,34.37669287586747,6.509422375439562,223.77241379978548
2025-10-27 16:29:18.854772,33.63751632113428,952.0230695897751,33.25624414062757,9.94889704530856,330.86294906874974
2025-10-27 16:29:20.857060,39.17960043323217,673.4819051883617,31.460743170955045,7.095175602424687,223.21949738070933
2025-10-27 16:29:22.859196,34.10484224427381,976.309930680275,35.064550711150254,6.599688839582184,231.41512399334187
2025-10-27 16:29:24.861327,33.03945731861532,687.0017889125812,38.812529793181106,6.67979292814497,259.25966203590707
2025-10-27 16:29:26.863291,26.285806803516152,565.2484692660837,35.24831494320901,9.107738874296217,321.03244826170095
2025-10-27 16:29:28.865344,38.21467505769533,657.0723599333082,36.63357829072088,8.401373785229453,307.77238431081315
2025-10-27 16:29:30.867748,36.962144825434976,908.8986625604675,34.55931598100059,7.643852068384062,264.1662989433097
2025-10-27 16:29:32.870230,28.203106596197077,877.0532118885994,36.960144932711465,6.18065643452638,228.4379575993907
2025-10-27 16:29:34.872561,26.480553144071834,609.1127465002742,35.01160705924767,8.644315116064291,302.65136413995793
2025-10-27 16:29:36.875220,31.496963409091723,646.7259688086292,35.251219685175705,7.82935113706134,275.9941769249295
2025-10-27 16:29:38.877393,33.08763606351995,795.78155975043,37.80055373270405,5.303101800614037,200.46018456411053
2025-10-27 16:29:40.879577,39.5939121106015,896.0822438046062,38.09373768472841,6.944441732086922,264.5397417090002
2025-10-27 16:29:42.881825,26.055740312855697,587.9244840679519,33.911609932298106,8.341051781636704,282.85849444396405
2025-10-27 16:29:44.884130,34.79324063768782,851.3231554757442,36.18568451729034,5.642914136059129,204.1927106855936
2025-10-27 16:29:46.886590,30.907080508495213,790.4490202662671,30.589396917101407,9.497499377925802,290.5227781912961
2025-10-27 16:29:48.888719,38.37428436234294,828.5119520445323,30.85591352752439,5.317799134963109,164.0855502651657
2025-10-27 16:29:50.891198,31.557130210851945,949.0871270092752,38.62768701641835,5.040268086577357,194.69389812715193
2025-10-27 16:29:52.893577,43.3704392011917,893.0415571289877,38.90990483477048,6.926139739276433,269.49543812756804
2025-10-27 16:29:54.895919,44.90577002667565,646.9882868608668,37.91854046528693,5.317130356528837,201.61782258324425
2025-10-27 16:29:56.898495,30.178757147863575,473.3706598263678,32.98351383904699,7.988646019348848,263.4936165344404
2025-10-27 16:29:58.900944,44.404544044700074,416.4357313277376,31.371409498709955,9.407744081826545,295.1341920500456
2025-10-27 16:30:00.903303,44.129881278129325,577.3081772061244,30.18258834514301,8.04277286548559,242.75170255243782
2025-10-27 16:30:04.364964,38.73571420752222,900.904358865321,36.80186490859547,7.381715458842161,271.66089511000007
2025-10-27 16:30:06.367264,38.71185810845414,881.6921308316229,34.5262692956008,9.105809668784332,314.3896367789333
2025-10-27 16:30:08.369453,30.345097335553902,607.7718451310593,37.51722262780511,6.35009890063596,238.23807416373978
2025-10-27 16:30:10.371844,39.42512488871944,486.42555671220293,38.28986228448117,8.863131373393596,339.3680796965052
2025-10-27 16:30:12.373993,39.966692087763406,633.3916133990812,39.76280928203728,9.398524326840914,373.7117303407631
2025-10-27 16:30:14.376754,30.836583436416795,900.1272014054666,38.80130815681143,5.371597204804114,208.42499843787132
2025-10-27 16:30:16.379250,32.907226155022,682.4991728474106,31.10460689768968,7.119799272557089,221.4585575633452
2025-10-27 16:30:18.381519,25.10864659922574,640.8853262910511,35.72839350085243,5.7013474870473715,203.69998650232463
2025-10-27 16:30:20.526653,41.00271848163132,768.7689029646472,36.80374415183112,8.755963226239176,322.2522303813484
2025-10-27 16:30:22.528889,29.645031425539653,730.6564948210776,39.18675334253618,8.555614940485913,335.2667723665388
2025-10-27 16:30:24.531258,38.858807900426825,856.865539048558,34.83762862174459,6.264497806406425,218.2402480813207
2025-10-27 16:30:26.533486,41.87221607607017,686.4671102905795,30.52648629830144,8.218973533861607,250.89638296752852
2025-10-27 16:30:28.536145,38.08553360855222,658.3921389537501,38.72687885413207,9.877401645338704,382.5209369126367
2025-10-27 16:30:30.538738,32.7241212179181,776.3234025228722,32.01628271463091,5.714911228989345,182.97021359634167
2025-10-27 16:30:32.541092,33.78800204137922,727.461058664765,39.85891557008045,5.514197267032575,219.78992330341976
2025-10-27 16:30:34.543369,25.890852695397374,948.4403603029107,30.663360710754475,5.730860124052136,175.7274311666898
2025-10-27 16:30:36.708946,30.042275089259135,606.8292166605903,32.752877291778844,6.22818986084226,203.9911382620677
2025-10-27 16:30:38.711030,44.58051492926437,561.9414009016332,36.94411747748756,7.379866035007494,272.64263776543714
2025-10-27 16:30:40.713258,41.42195815044309,949.8053344508608,33.18296919807066,9.688690790284625,321.4995280636456
2025-10-27 16:30:42.715529,36.73088152020259,537.9054254378945,34.696287437375474,9.299042902878966,322.642265450775
2025-10-27 16:30:44.717983,35.65475285274749,809.9919291198994,36.6515434522517,9.481777424437393,347.5217772763463
2025-10-27 16:30:46.720518,31.057245833363332,563.737158741495,30.68163705348207,9.119762554913812,279.80924472380195
2025-10-27 16:30:48.723213,33.50681128892765,741.4890756449295,32.79838502001326,8.590893669565547,281.76743824040534
2025-10-27 16:30:50.725459,28.212685323078222,675.9593495761003,30.16817768903888,6.8398458910499915,206.34568620683862
2025-10-27 16:30:53.239197,40.97366425442915,867.8521811911198,32.57593877321982,9.953505511020893,324.2447861059226
2025-10-27 16:30:55.246015,34.915498899631885,649.324109037211,38.73769416137992,9.686826863363708,375.24533642722247
2025-10-27 16:30:57.249507,42.62026264505157,605.4558075577667,33.592442145278525,5.218527606873669,175.3030867174425
2025-10-27 16:30:59.256553,38.65013108371836,747.4793567893469,34.82185635166795,6.703321683803112,233.42210475241285
2025-10-27 16:31:01.263524,32.54101234686593,664.6056619565293,38.0148143227467,7.382545464826093,280.64609507459966
2025-10-27 16:31:03.267352,28.874704802007273,525.1395672955377,34.72042581330016,8.245700282010183,286.2942249202428
2025-10-27 16:31:05.274047,25.542655660428583,494.2039980114701,33.26176932671745,6.048213360349805,201.1742776307258
2025-10-27 16:31:07.281032,39.47231498211268,420.77939533628785,31.251878815666863,9.506178135695832,297.0859270969081
2025-10-27 16:31:09.293897,30.8184592236696,435.6493044877847,33.83331405427379,7.2665882668662185,245.85276293598588
2025-10-27 16:31:11.302398,44.937913017730246,775.8193238806232,38.497868053108974,8.949577589815716,344.53965718378646
2025-10-27 16:31:13.309329,40.05243922289644,930.1636545666792,34.88836194631873,7.788247203465624,271.7191873619134
2025-10-27 16:31:15.316154,28.953600551673723,601.4628505317867,38.87915341466477,9.246769691196798,359.5065774141127
2025-10-27 16:31:17.322983,27.7422054550455,731.5958026472792,37.04573209622205,6.923934757611888,256.5022320822102
2025-10-27 16:31:19.330277,42.34836664491006,424.185332163394,38.427041830267385,9.244009528952944,355.21994084846506
2025-10-27 16:31:21.337063,28.825329696289252,845.6777536674291,38.329230212655744,9.02418147270702,345.88992914817015
2025-10-27 16:31:23.341103,39.0488093203369,490.1084887831322,34.263003227891524,5.503183870136974,188.5556067061837
2025-10-27 16:31:26.501599,33.42161000706107,400.6855355436685,31.034940906371226,6.503833285119768,201.84608166858223
2025-10-27 16:31:28.509041,34.493678155422444,506.6350607528561,35.03151653959256,7.112736226240534,249.16993675130442
2025-10-27 16:31:30.516069,36.977917376738425,806.5992343956054,39.429914104209786,5.865158834758553,231.2627090620769
2025-10-27 16:31:32.522169,33.70326063691218,585.208182689304,37.997772059041765,8.716151956241935,331.19435526525206
2025-10-27 16:31:34.530747,30.956487612305096,755.6360671939428,33.73336777685826,8.334781841461691,281.1602611979072
2025-10-27 16:31:36.540038,27.785841643005476,540.3117662541543,30.887924014787387,6.15950312878863,190.25426461086838
2025-10-27 16:31:38.548658,31.373347491801503,954.8977190519443,38.38152149115894,7.559160071635835,290.1320647446014
2025-10-27 16:31:40.553055,43.68383374178633,869.3870072263214,37.82131922395027,6.1663498481133985,233.2194860520541
2025-10-27 16:31:42.555644,25.628474029526245,571.0469174845316,30.30978962268391,9.856595154927355,298.7513255418136
2025-10-27 16:31:44.700049,34.240219137608634,877.5231380816234,35.72070695668396,6.058471437038236,216.4128828078828
2025-10-27 16:31:46.707893,32.77164139038294,601.0927417449948,30.343458914256143,9.226767066689423,279.97202739950217
2025-10-27 16:31:48.711897,27.745014435539797,498.7940358126795,39.74080113658828,5.3097806843945055,211.01493825741966
2025-10-27 16:31:50.715753,28.64225496127031,619.1549501659008,37.08407039648892,9.249112819437407,342.9947509010849
2025-10-27 16:31:52.724503,27.45260057206837,626.1196348528903,34.7006681627675,6.450194679266383,223.82606515047132
2025-10-27 16:31:54.731424,26.98626290280697,514.6204792526846,31.104794685664995,5.493165463273652,170.86378390951276
2025-10-27 16:31:56.739011,37.422792855413455,754.4696286021294,37.57153546589037,7.671272842114355,288.22149965602114
2025-10-27 16:31:58.743303,28.794741931488833,869.8521135376305,37.530518497632556,6.982528196330485,262.05790363262213
2025-10-27 16:32:00.746226,28.576001589164647,677.4031650766132,30.200915317244206,6.211856540680609,187.6037533479646
2025-10-27 16:32:02.755224,38.15582793670964,505.5353436355306,35.71048309132434,6.470216112080365,231.0545430676602
2025-10-27 16:32:04.758642,34.58204536787301,401.8121961327399,35.06252485983294,9.014090390752934,316.05676841455596
2025-10-27 16:32:06.763610,38.403163841368844,400.6874171822873,36.360814331450534,8.031648890269537,292.03729407449134
2025-10-27 16:32:08.766723,36.36031927795209,680.5158855002688,32.35797468350121,5.981403379149974,193.54609911434346
2025-10-27 16:32:10.772167,40.77391780334193,675.9270081934692,36.42179332226607,5.147446457382101,187.47923100820154
2025-10-27 16:32:12.777964,33.455410780692155,404.9852458666301,31.999771020628835,7.7732784754216855,248.74313129307674
2025-10-27 16:32:14.874539,38.63459066098994,772.4391572874933,35.258933666330286,7.416536032806222,261.49915201466297
2025-10-27 16:32:16.881427,37.24730440311731,933.6857203604003,35.44786111895699,6.655019754078397,235.90621598648636
2025-10-27 16:32:18.915893,33.2062740777924,538.890147251602,39.8734902816363,5.558665778702872,221.64340590597325
2025-10-27 16:32:20.922779,44.11528620263756,854.2516959377767,31.707922686389928,9.091250347548975,288.26466314269845
2025-10-27 16:32:22.929834,30.172430583086296,733.2586677202853,36.836729890133704,7.803124572922395,287.44159219180716
2025-10-27 16:32:24.938495,44.17377537397971,744.652811211153,36.88193800009501,6.994308741153464,257.96366134474465
2025-10-27 16:32:26.946855,28.603816609343752,825.2529021177913,31.18376660994075,7.00254226944168,218.36564380651419
2025-10-27 16:32:28.949706,40.22310604589809,883.4456930499653,35.82644695948962,9.45227850601917,338.6415545422196
2025-10-27 16:32:30.957760,30.896155500432176,409.14757279818286,35.42806232457184,5.456576216480106,193.3159222762336
2025-10-27 16:32:32.966721,31.73263754763805,430.2608983707548,39.826935565121275,8.624119704097009,343.47225976096433
2025-10-27 16:32:34.973570,27.127194962539395,709.5569924364368,36.88689265751243,6.005288862937637,221.51644566453552
2025-10-27 16:32:36.981750,39.965043528811734,958.6293662641935,31.28549523058569,7.225725700609977,226.06040694395386
2025-10-27 16:32:38.989620,32.922878484392974,751.2827249469588,35.47960679317541,5.120288167309094,181.6658108438754
2025-10-27 16:32:40.996710,38.5890906576478,488.1904429109577,32.52502018595325,8.765687687840572,285.1041689907765
2025-10-27 16:32:43.236103,26.93337345306332,691.395413987832,33.55827779811113,6.634496204017077,222.64226666491885
2025-10-27 16:32:45.243927,41.64664837298973,423.97361666391896,30.789024777587574,6.095905539754387,187.68698670533118
2025-10-27 16:32:47.251549,39.87487277946421,884.5021860320383,37.28346928338752,9.590770943602642,357.5772138798146
2025-10-27 16:32:49.254367,30.09440409931114,439.01228478318353,30.159019686206,5.33978298590957,161.04262019211458
2025-10-27 16:32:51.261658,42.402795064123715,948.3253588472343,37.06526964861196,6.61397532132552,245.14877873419533
2025-10-27 16:32:53.269053,36.106797188961416,656.5822804290153,39.13617139074822,5.803684917957216,227.1340076470741
2025-10-27 16:32:55.275604,30.133836609190013,806.7082193436355,34.774764837136814,7.843869832850321,272.7687288504816
2025-10-27 16:32:57.279448,36.08718483749957,932.6456433351844,37.88779988245441,9.030394480897504,342.14177895186543
2025-10-27 16:32:59.287064,32.92715264501497,954.3553099257471,35.55780114159815,9.429422526007635,335.2895310598856
2025-10-27 16:33:01.294706,37.47163908847779,612.3567713062627,39.06015879827352,5.063425566804392,197.77820670261767
2025-10-27 16:33:03.301659,26.768563273341467,460.5831220305033,39.89472841465298,8.287648664592547,330.63349266998114
2025-10-27 16:33:05.310033,40.6910970052506,438.0427052906452,38.4597843743726,9.015615530222828,346.7386292946149
2025-10-27 16:33:07.317816,33.76632960103463,611.7324833164631,39.294071324102276,6.593311778211063,259.0780632750691
2025-10-27 16:33:09.321246,25.088864786606788,949.9880689732153,38.49494519183632,7.079438104724881,272.5225818303819
2025-10-27 16:33:12.805203,40.03811432115644,433.41345885776326,32.01328731583977,6.488630681295133,207.72239828667423
2025-10-27 16:33:14.808533,33.13602518285584,680.039835084443,37.45380304624566,6.544158637330288,245.10362870595597
2025-10-27 16:33:16.815476,39.54201119555843,620.4309734420215,36.786753841172924,7.0283448031663145,258.5499901849662
2025-10-27 16:33:18.819902,41.890884753041576,938.9255056955889,32.548933929773106,7.472678352232615,243.22771396526514
2025-10-27 16:33:20.825646,31.90933476294707,509.92032877875937,31.88295334831539,7.310330016212198,233.0749108676832
2025-10-27 16:33:22.831443,39.16353094245106,743.2623800079202,37.30669304765939,9.1011316087185,339.53312331281154
2025-10-27 16:33:24.835163,43.45690392443015,956.0215478658695,36.145859582636575,8.303975749633043,300.15434142385527
2025-10-27 16:33:26.841841,39.87746398665384,671.0455725896891,34.84329272263975,7.227238099495748,251.82077267694496
2025-10-27 16:33:28.848600,33.71679545053652,982.1538415026379,38.79585440779537,6.846938599930697,265.63283306202555
2025-10-27 16:33:30.976093,40.27445449077722,852.5581424156809,37.04730143298149,6.700825040457537,248.24748512350078
2025-10-27 16:33:32.985060,26.67058720166144,425.07094446431785,38.70130511535865,8.36053568036808,323.5636422937677
2025-10-27 16:33:34.993042,36.17755029456099,909.2106679871379,36.18404020608235,6.152391039005862,222.6183647189289
2025-10-27 16:33:36.998117,34.22092807534273,674.4091338250884,30.726021565480682,5.735593137322646,176.23195842819862
2025-10-27 16:33:39.005690,25.65363456761023,962.6980723944242,37.08106793314134,6.415710882540913,237.9014110748938
2025-10-27 16:33:41.013111,25.68499663522204,426.2487919752427,31.2662605216617,8.101533362137536,253.304652725526
2025-10-27 16:33:43.020698,38.71652505757098,541.7498586841554,32.091788130177505,9.38071115190467,301.043794797318
2025-10-27 16:33:45.029103,25.419025124059203,533.3788860102322,30.138517914963888,5.661549314667255,170.6307054465506
2025-10-27 16:33:47.037204,29.33459834053614,888.8349241411331,30.510624637019873,6.956479248037377,212.24652713208667
2025-10-27 16:33:49.426668,26.894976816756987,496.1225154431942,39.419576080764756,8.481676288633016,334.34408375218766
2025-10-27 16:33:51.433660,28.829813715639588,642.8471016111523,34.73376140986949,8.18188554819108,284.1876605137282
2025-10-27 16:33:53.440245,42.381078976336696,457.1053991934024,34.05923175408445,9.646358384154283,328.5475557888663
2025-10-27 16:33:55.447026,33.600134207690076,945.8326271673179,36.08991632033315,5.124817875913303,184.9542482986586
2025-10-27 16:33:57.453495,27.170935545325655,854.9352187332776,31.647197188801243,6.66944622084731,211.06927969126008
2025-10-27 16:33:59.456554,39.526266375038915,679.4418429959396,37.31603784669053,8.454772405707788,315.49860707654653
2025-10-27 16:34:01.464310,26.942516513184398,886.4691737176745,37.06083242876871,8.916200947827628,330.4418292286685
2025-10-27 16:34:03.466488,28.975477714694108,856.7568568002669,39.74542696268023,8.989301363956793,357.2836208066665
2025-10-27 16:34:05.474809,41.872363522251796,918.0589009433933,37.57699823592878,7.729978783721683,290.46939911967655
2025-10-27 16:34:07.483593,26.444481266514916,719.7813960975855,33.95688906048922,7.754559483781486,263.3207161037325
2025-10-27 16:34:09.489673,40.59482831094482,518.3684224066329,37.81645864904526,7.641219730610203,288.9638699708895
2025-10-27 16:34:11.500304,42.33912380667233,458.5815907982076,38.56547793783728,6.362380507661687,245.36824510035274
2025-10-27 16:34:13.507880,29.396906823992705,782.5865948456392,35.82949856493844,6.240256764462362,223.58527078715161
2025-10-27 16:34:15.516889,44.27690976150728,992.1675684104458,33.018981740437,7.834275738257958,258.6798075510881
2025-10-27 16:34:17.525338,38.07918617107303,834.5557899823606,30.12828958557249,6.7970635292884385,204.78389834193544
2025-10-27 16:34:19.532096,34.10324153029973,703.1304886453959,37.77845209394216,5.298370257671304,200.16422695540334
2025-10-27 16:34:21.538906,33.31113118063325,707.8827715341581,31.91278080812163,9.730460658715138,310.52605816362706
2025-10-27 16:34:23.546860,36.67619416091606,992.4590408901337,34.772461987485094,9.487107942800515,329.8901003121988
2025-10-27 16:34:25.553239,33.81123520257449,994.5632972071311,31.369401893220072,8.330252826479326,261.3150487859624
2025-10-27 16:34:27.556447,42.1341297499379,522.3013592161957,36.409079754311506,7.586209395597134,276.2069029172033
2025-10-27 16:34:29.559475,39.57992307614952,839.8255108069231,36.451420758529125,7.375214825363476,268.837058783866
2025-10-27 16:34:31.563313,33.260508857332724,998.169806331933,36.37612974014816,8.227258875818865,299.2758362725725
2025-10-27 16:34:33.569998,38.77458126524428,742.325808522908,34.180987306906175,9.687754887649238,331.13702684715685
2025-10-27 16:34:35.577726,25.899373998473415,810.3336691680823,35.08020222376908,8.822040403086234,309.47896136652633
2025-10-27 16:34:37.580406,38.755086402526004,565.8819196209822,34.35572226919603,9.190943756598625,315.7615110935036
2025-10-27 16:34:39.588961,43.31266869156923,590.1353248927248,34.37077917827332,5.190019730828125,178.385022099175
2025-10-27 16:34:41.597190,40.55218764189494,928.763924781805,37.343548563837594,7.219387890175522,269.5975622779506
2025-10-27 16:34:43.606531,43.67234833741817,783.9708930377665,33.561604749793354,7.969733403156635,267.47704243796846
2025-10-27 16:34:45.615005,28.107625241531853,456.6405329326178,39.48452562810014,8.9106186245256,351.83154944230745
2025-10-27 16:34:47.622409,38.246549098518486,647.1944524126462,39.66793279356736,6.329692657950263,251.08582295950777
2025-10-27 16:34:49.630338,28.066469582437115,451.3529398810303,33.09738281097419,8.581836295405505,284.0363210901486
2025-10-27 16:34:51.634228,25.13341355157418,597.6504702794556,37.80905593453073,5.471575580094874,206.87510715781954
2025-10-27 16:34:53.638300,32.78626773856136,438.53558261118775,34.383878500302316,5.033465103479767,173.07005255355992
2025-10-27 16:34:55.867671,37.64705874578438,431.0674975179249,36.554552609513294,9.764266764596591,356.92840313976825
2025-10-27 16:34:57.875321,40.74448125713637,832.7686242267655,33.337892724803275,9.270535309245343,309.0601116411222
2025-10-27 16:34:59.878304,27.677008303366172,940.0909924963146,34.14603204145528,8.840791784173442,301.8779595342209
2025-10-27 16:35:01.886689,36.17550473406715,798.8274120087444,34.21546429322868,7.2418274983348425,247.78249018699736
2025-10-27 16:35:03.890044,25.954109782456428,709.6251857956163,36.576590067570905,9.54230110456071,349.02483580284616
2025-10-27 16:35:05.892393,41.291541434575926,892.8957972822225,34.421996798389046,6.728000502070876,231.59121174184358
2025-10-27 16:35:07.896658,40.15928344275543,570.7138666293154,34.6303179477951,6.727004471290258,232.95830367702092
2025-10-27 16:35:09.902396,36.28016484185618,965.2142142385476,33.86584954805159,8.879647096985117,300.71679262629107
2025-10-27 16:35:11.904807,44.70088938624136,522.3369041378226,36.02967155007062,8.805907003397177,317.27393703286685
2025-10-27 16:35:13.909739,36.8469978470463,994.3005345526099,33.825122611581286,9.224993941481248,312.03655116169773
2025-10-27 16:35:15.916490,28.12239424535892,496.1384173245806,37.759583007413625,9.954392295764062,375.8737021802618
2025-10-27 16:35:17.922659,43.65384735694721,692.0692441270485,39.35367900674938,6.5040649678781985,255.95888498492235
2025-10-27 16:35:19.929433,26.35772499410322,719.2373281406237,35.9786755692914,5.430781404669542,195.39232224634605
2025-10-27 16:35:21.932729,38.32590066906003,547.43548273549,35.46135409601047,9.76543713474874,346.29562413765495
2025-10-27 16:35:23.939638,27.140270457103153,954.0439172970786,31.23928590641333,8.307376280685947,259.5165027645049
2025-10-27 16:35:25.946878,42.85069461643512,507.1302689143033,31.593415721674997,9.74850000457699,307.98841330735144
2025-10-27 16:35:27.950556,32.95527017369028,676.8550369005247,33.50230446043249,8.951085892299341,299.8820048152946
2025-10-27 16:35:29.954367,43.04070958529945,869.0109571146077,34.09966181519675,8.405579631566571,286.62742279712614
2025-10-27 16:35:31.961800,37.79020721325152,971.597190140182,38.001221872119814,6.108591897521945,232.13395602396483
2025-10-27 16:35:33.969502,36.603151661677146,782.1566856882355,37.26208099686268,5.314371238637861,198.0245315415214
2025-10-27 16:35:35.977054,41.647844622446684,600.1866452665607,34.32500904926948,7.694637948315696,264.1185172067886
2025-10-27 16:35:37.985700,29.752901499505924,427.26328203413897,37.85149935506274,9.692442273739635,366.87347247343865
2025-10-27 16:35:39.992421,32.034446303520866,532.5441359269039,35.93306456178141,8.528519474175315,306.45584088195164
2025-10-27 16:35:41.997539,32.915675635653415,889.8093558039745,36.66469679771762,9.544578512989474,349.94907724076955
2025-10-27 16:35:44.000821,30.463808732860556,630.0723951159923,35.61182828986912,9.593145241649877,341.6294411054105
2025-10-27 16:35:46.008143,27.62808197294057,585.7894330896812,37.901470885202066,5.665847097163192,214.74393879313735
2025-10-27 16:35:48.012426,44.687932347474266,675.9279910225026,30.11738036510625,9.643968975370957,290.4510818605311
2025-10-27 16:35:50.055533,26.89812867905976,788.8760854898804,38.347022343003665,8.569284841446974,328.60655727852975
2025-10-27 16:35:52.059200,25.976220915239157,991.8898434112785,38.25265388905135,5.726485575978451,219.05327073854858
2025-10-27 16:35:54.065342,34.49463154062871,914.8579921201357,35.681750141493474,7.4009825914552625,264.08001162984954
2025-10-27 16:35:56.068171,36.620472787045685,980.5469957849697,38.84501332653115,9.909148055543113,384.9209882721425
2025-10-27 16:35:58.077888,39.33535413869086,520.4486768089077,36.00996829185935,9.56124426393017,344.3001027748475
2025-10-27 16:36:00.085038,39.985861083113804,638.5117068841328,34.39233568147586,5.975743398334105,205.51977290186986
2025-10-27 16:36:02.088275,43.56688822651043,938.1525035003608,33.481421623375354,5.942276528028723,198.9558658376167
2025-10-27 16:36:04.095816,37.91031109700746,421.3763423415587,35.971756683410334,8.886301888225914,319.6558893385924
2025-10-27 16:36:06.100898,41.85741492991874,810.8558940698449,39.75642640650274,7.660497253571738,304.5539952988412
2025-10-27 16:36:08.103468,44.179734269867346,985.7349768697262,38.04293773076426,5.150898251693893,195.95530144669326
2025-10-27 16:36:10.110309,27.79942266332927,605.011845187607,34.73113608500683,6.698534943726346,232.64772870073332
2025-10-27 16:36:12.114272,29.530194320953914,931.8569207238165,35.448687319343854,8.73546099830127,309.66062551910505
2025-10-27 16:36:14.121408,28.77504237764089,614.6398382842133,30.59215905845931,6.181055358458881,189.09182867511632
2025-10-27 16:36:16.128403,30.78429417428452,650.1883378990939,37.261719504993465,8.750314091903832,326.0517492731122
2025-10-27 16:36:18.134978,42.88183799330809,468.9390134570956,36.396627228297284,6.802411930543537,247.58485128931517
2025-10-27 16:36:20.142367,37.6186388925473,422.969772546952,35.7137817312939,5.9024928000437615,210.80033953129666
2025-10-27 16:36:22.150054,29.562293164589654,546.5112936389256,30.922401844369787,8.776158819533624,271.3799096676287
2025-10-27 16:36:24.159434,44.247835926195876,751.7325360162965,36.15746633347547,8.082319205407419,292.23618456592095
2025-10-27 16:36:26.168404,37.3607530579103,736.2577151996668,38.503604715468185,7.0152549693315365,270.11260431736537
2025-10-27 16:36:28.176572,39.03954615961956,886.074270257643,36.78077184188462,7.291449275854781,268.18513221188954
2025-10-27 16:36:30.178804,42.26751787010012,677.0994428237443,39.21454696928336,7.842749932490492,307.54988559599235
2025-10-27 16:36:32.182446,35.42992646801676,632.4202989070268,39.64142863534988,8.448375871591653,334.90568919831236
2025-10-27 16:36:34.188049,27.062463811977004,925.9188523177437,31.927366980340874,8.224579920163846,262.58918137021374
2025-10-27 16:36:36.196848,37.336935955706835,611.4162621766997,32.25584104191768,9.43370240229933,304.2920051253241
2025-10-27 16:36:38.206747,30.809050870916266,826.8504237410586,38.4837745211807,6.504674057237946,250.32440975251873
2025-10-27 16:36:40.211913,42.407245363228654,433.1342960002167,37.565004376364264,9.369655460561898,351.971148381033
2025-10-27 16:36:42.215741,37.01695093268931,959.3724689099457,34.51092390340587,8.004130553446913,276.22994044293233
2025-10-27 16:36:44.222137,27.554105305724626,990.1124817859078,35.95719788919954,7.550221369440194,271.4848038882242
2025-10-27 16:36:46.229095,35.679257084814694,501.6851079554466,37.100223326297716,8.871106754699719,329.1200417507877
2025-10-27 16:36:48.235845,43.755042089867615,455.2518819575855,39.07651042940405,6.181149089123098,241.53773684682008
2025-10-27 16:36:50.240607,37.66391772794021,421.05422390006987,31.542089597446385,8.674044680755957,273.59749449265763
2025-10-27 16:36:52.248304,25.082400194756012,876.5072640702579,30.698400118471998,7.285794163854629,223.6622244228375
2025-10-27 16:36:54.256488,40.76076903978284,827.6637901346345,39.47342712068742,9.037544095580444,356.7428382068935
2025-10-27 16:36:56.265119,34.61284287126978,658.7104137129048,33.76773555434144,7.153183236154483,241.5467998902129
2025-10-27 16:36:58.273072,25.54324436490551,536.9761377390305,30.38187950918792,9.283397479545481,282.04706365944963
2025-10-27 16:37:00.281021,38.47627120944554,650.4904350173979,31.63113307170124,5.793708394631541,183.26156120922283
2025-10-27 16:37:02.289252,26.545918429636043,691.6753709247594,38.32367708490136,7.159292322485498,274.3704071233477
2025-10-27 16:37:04.297510,26.792881703288728,421.9559707933472,30.73370901463309,5.535949987564537,170.14027603737014
2025-10-27 16:37:06.306084,35.3677948095957,727.6431382116888,30.082567989052436,6.586925978049546,198.1516485735312
2025-10-27 16:37:08.313746,35.126935266747864,705.5200590972499,34.296852647113305,7.01611264655012,240.6305815942776
2025-10-27 16:37:10.321729,40.12898232642209,911.7078339721011,33.97373619055844,9.203834231357279,312.6886361177634
2025-10-27 16:37:12.329865,44.428981074712794,867.0415109378121,38.90103667838559,9.41308345724617,366.17870482703785
2025-10-27 16:37:14.338314,42.35341978814413,947.3277268810363,32.256554718658386,8.670096807590003,279.6674520900923
2025-10-27 16:37:16.347203,36.80807001052923,669.8044431806577,30.128514190056045,7.542523944760981,227.2450396985687
2025-10-27 16:37:18.355279,38.475432392341276,556.5513964649508,31.595168957847083,6.132031717988408,193.74257818472105
2025-10-27 16:37:20.362660,30.768594174273296,778.5118349995295,31.021685528337986,5.010018301764113,155.41921224854423
2025-10-27 16:37:22.371268,34.69771570059532,488.3162522935193,31.186987600554968,9.529438353971495,297.19447578556196
2025-10-27 16:37:24.379893,25.36751117130534,895.3871665575934,32.6158835597214,6.70619305137529,218.72841169266917
2025-10-27 16:37:26.383701,42.684266300289835,981.9173362285152,35.027138301022944,8.231340236910942,288.3202928810545
2025-10-27 16:37:28.391269,32.75519720612976,550.98655159076,34.293810702775275,7.477511317671407,256.43235765608296
2025-10-27 16:37:30.399562,44.08603529886048,998.0974818408301,37.62095532767718,8.162293487145856,307.07327865130463
2025-10-27 16:37:32.407519,29.703699463263757,872.2199805437538,31.289793196556612,9.954872517244096,311.4859023626527
2025-10-27 16:37:34.415125,32.97269584495314,720.5226674253138,32.10029709865784,6.062754973667074,194.61623589107856
2025-10-27 16:37:36.417759,30.351260018725213,956.06636140568,30.12045598969927,5.41340225170166,163.05414427691878
2025-10-27 16:37:38.419840,35.65318145168835,819.6200262659029,35.696572769678234,6.400738875619769,228.48444105326953
2025-10-27 16:37:40.422339,26.541289302251165,995.2356754230954,39.61436471181382,8.836368986605633,350.0471437635562
2025-10-27 16:37:42.424697,42.18443853417679,977.7510009498678,39.98337527139629,5.867157132450289,234.58874540300926
2025-10-27 16:37:44.426843,28.47382791168152,835.2745725932191,37.08060770833793,7.175105527984184,266.0572733491084
2025-10-27 16:37:46.428493,29.94347959480428,970.7589330396156,30.872332951194075,7.023844182397149,216.8424561962723
2025-10-27 16:37:48.430516,39.159672610359664,935.6367211359072,32.390204736832544,7.969471640394873,258.1328180767706
2025-10-27 16:37:50.433197,37.00656814503653,704.3861400607589,38.473324685394616,7.844873120271139,301.8183506719163
2025-10-27 16:37:52.435737,26.107676241507257,743.3320530554856,38.312792870495784,9.787370191931169,374.98148691032344
2025-10-27 16:37:54.438181,37.8915134041452,416.0570069758964,37.246177076686095,5.23899024574686,195.13235839611875
2025-10-27 16:37:56.440351,27.962271167286527,614.0591132563478,35.256848601623496,7.48004439291919,263.7227926945746
2025-10-27 16:37:58.442646,28.16696540811765,794.7333820862325,33.09152569955114,9.124664458384053,301.9490684243968
2025-10-27 16:38:00.444987,40.143975852449344,491.0010247829618,30.488358230916546,8.893415161411376,271.14562733737455
2025-10-27 16:38:02.447052,27.644647520343067,442.5009944377034,33.53504485532262,8.301627490001632,278.39545024938406
2025-10-27 16:38:04.449666,26.362321191934907,558.8475913525201,31.006037897082017,8.196136193043047,254.12970941113826
2025-10-27 16:38:06.452155,39.04285153998246,430.26543184936264,33.34738269663822,6.513854625391408,217.2200030231943
2025-10-27 16:38:08.454964,34.70904173688773,633.2850561093776,39.68810089582748,5.56463560753359,220.84981944030736
2025-10-27 16:38:10.456863,37.48406365216504,994.0222290742604,37.056936288509455,6.105850824744633,226.26412499970476
2025-10-27 16:38:12.459590,40.59976649512869,971.2980895448139,30.160842539775825,7.705114068998926,232.39273218608798
2025-10-27 16:38:14.461740,41.15923857785558,700.0769365195384,33.90960350799302,5.11621312794449,173.4887586309864
2025-10-27 16:38:16.463886,41.39640955403448,792.3725154456808,31.095649430311127,6.357114759656223,197.6786119545265
2025-10-27 16:38:18.466453,29.736528093331835,490.89066955415,30.52888150939255,7.652157384694361,233.61180608855733
2025-10-27 17:40:59.326903,29.4492162314866,439.26261165194796,38.1044597282157,6.826118285025277,260.1055492917825
2025-10-27 17:41:03.499241,44.62905079944906,658.2485320915695,31.618201314960668,9.826059746564415,310.68233519970505
2025-10-27 17:41:05.501464,35.02052697992776,866.9780360159455,36.144336880103225,7.00798261628255,253.29888453282365
2025-10-27 17:41:07.503828,44.68701258232351,986.1481023699243,33.84439213918302,9.54753006903217,323.1303516169659
2025-10-27 17:41:09.506203,26.666345590411005,456.5329480037362,39.65711259398504,9.58724724770499,380.20254356861
2025-10-27 17:41:11.508074,33.91080818122521,857.2870646180171,30.548781275248686,8.351055790214637,255.11457675266604
2025-10-27 17:41:13.510285,28.858421875273635,507.0325239551403,37.943779021395095,6.091331069898613,231.12812006239113
2025-10-27 17:41:15.512520,38.415163484723465,601.7673872526249,31.77322125493688,6.342545582182263,201.52310410219948
2025-10-27 17:41:17.514631,38.901567280857634,460.24669457073884,39.50517923460591,7.239816917961511,286.01026496980165
2025-10-27 17:41:19.516747,28.06129421772515,539.0100369502927,32.06727173112212,7.996430298473189,256.4237032601177
2025-10-27 17:41:21.518775,43.27784825723728,659.3846976243594,30.826232942718907,6.355181837479965,195.90631571549378
2025-10-27 17:41:23.520868,37.16496960323735,518.5274904264276,39.73983253182671,8.209587460480751,326.24763083488955
2025-10-27 17:41:25.522800,41.807428904329974,660.139679966218,30.467851132328146,8.789784262237072,267.8058383871199
2025-10-27 17:41:29.371048,34.32354109789853,962.1434620773008,34.69883685819195,6.439244576855849,223.43429706231836
2025-10-27 17:41:31.373332,41.05507207657966,742.4955159251166,39.337848455310606,6.0382719147628166,237.5326255148979
2025-10-27 17:41:33.375581,44.32718861514785,921.2583059780428,32.29618326047479,6.288428767027694,203.09224788036795
2025-10-27 17:41:35.377710,42.238450873076474,727.7000284662103,36.96087141002029,6.545226568603399,241.91727755159854
2025-10-27 17:41:37.379641,29.021812118784993,889.0750169181189,38.81605544487624,8.793165432089463,341.31599694795375
2025-10-27 17:41:39.381383,26.539764891042918,657.3758082185302,37.28508620550448,7.786274030553198,290.31189844885677
2025-10-27 17:41:41.384099,35.71514448207601,787.7395507457569,30.087741316517274,8.04926794985828,242.18429186266926
2025-10-27 17:41:44.865325,34.028953641765995,802.0257516250801,37.461157951136244,5.791402441259256,216.95264161060905
2025-10-27 17:41:46.867514,28.977206730425458,601.5014114534399,34.989754901149794,5.210200451923514,182.30363679866366
2025-10-27 17:41:48.869687,39.428168883147414,760.8082019404028,38.974964005984425,6.989983740223727,272.43436467763615
2025-10-27 17:41:52.620173,34.381515364181666,940.9069445292608,34.939530460355016,7.386312575621061,258.0742932256154
2025-10-27 17:41:56.853533,41.62437597266846,712.2247343923211,34.996759794789895,9.310860750093887,325.84995715377306
2025-10-27 17:41:58.855853,37.87848306315382,540.1282754696038,36.22462754122068,7.490872588479717,271.35406947641735
2025-10-27 17:42:00.857949,38.29166085375499,524.5081200258685,37.28677787234587,7.632326050994234,284.58484611274076
2025-10-27 17:42:02.859918,32.86106808517163,998.2393992431106,37.268595463759624,7.091588435745713,264.29354060728286
2025-10-27 17:42:05.187276,30.9373453665132,961.8162881042373,31.368302775572374,9.181875679789457,288.0198563713001
2025-10-27 17:42:07.302229,31.87352348842666,474.72870423225646,38.42114734751459,6.499533366263309,249.7195291552901
2025-10-27 17:42:09.304694,25.581718634052443,588.736128193254,38.92874080088923,5.774076384361519,224.7775229313452
2025-10-27 17:42:12.426486,41.54939569433921,825.9140577722649,35.25087536029108,7.33709909483781,258.63916569823215
2025-10-27 17:42:14.428429,26.408122119026935,599.2184231999927,38.40896176988359,9.496463535071737,364.7493048676639
2025-10-27 17:42:18.320694,41.78672743125563,584.2255083105358,36.705188224767355,7.016377665028875,257.53746285093854
2025-10-27 17:42:20.322611,28.119473568160046,679.0147586777014,32.55022528624374,6.912286714613405,224.9964898037759
2025-10-27 17:42:22.324684,33.089965117523654,956.0817918259208,33.74393556877505,6.2184729994389905,209.83575222923662
2025-10-27 17:42:24.705640,44.999475140437305,414.5258569786088,32.443692361583935,6.103254029335666,198.01209613236392
2025-10-27 17:42:26.707964,29.59697924317679,530.3202033745645,32.852355976499545,5.185406931874887,170.3528344089621
2025-10-27 17:42:29.460718,32.014305576683235,814.495009484935,36.80652057880071,7.491244890521296,275.72665922380776
2025-10-27 17:42:31.462908,31.60725205285492,502.8815774222989,30.105875864266917,8.503276089681478,255.99857439553958
2025-10-27 17:42:33.495789,37.00650541152536,778.2292112989678,37.399542296912166,5.757678784438069,215.33455123062538
2025-10-27 17:42:35.497735,36.37661342587985,492.80191112182916,34.310736930721575,8.779360139595902,301.226316169738
2025-10-27 17:42:37.502514,30.355287918401032,714.7069885572712,37.146609627215256,7.629584502274183,283.41319712383046
2025-10-27 17:42:39.509635,41.1544859928651,686.5344607537032,37.73506447562906,7.6540104402892615,288.82457746145326
2025-10-27 17:42:41.516582,35.43136250503257,877.0188383584082,35.7093592000762,7.144182673588425,255.1141852821298
2025-10-27 17:42:43.572780,36.0247786866537,587.8459899375657,39.08977130911107,6.973222943155612,272.5816901353993
2025-10-27 17:42:45.580313,25.14411782074023,467.0166375250277,33.02216893302446,6.731813884424348,222.2990953171404
2025-10-27 17:42:47.589623,40.364253242354565,479.1994291051285,38.73443186011582,7.345985558065504,284.5425770442831
2025-10-27 17:42:49.814964,30.515242163402096,900.7243684423506,33.49786184762377,5.396407788237406,180.76812256381757
2025-10-27 17:42:51.821373,30.895616471976197,842.0339642357397,33.81055696335083,9.892223277764453,334.46157862704007
2025-10-27 17:42:54.023820,37.408965730780466,504.48101062180217,37.55668055325903,5.4112633671745956,203.2290896705291
2025-10-27 17:42:57.445662,31.159637140802786,936.8734700577161,33.190597015677774,6.3981220060382125,212.35748915955418
2025-10-27 17:42:59.463478,30.34500459534747,766.3694599071985,33.1300443234189,7.153738854065187,237.0036853133436
2025-10-27 17:43:01.469876,38.819475982009536,565.8717269382627,34.510913634229496,9.82656037512987,339.1235764276487
2025-10-27 17:43:03.475775,27.61993777241375,630.893870927428,33.965778387926164,5.143840336911928,174.71454094642598
2025-10-27 17:43:05.480723,35.89963019665955,695.6487091941672,32.877013009418,8.71536548744052,286.5351845124146
2025-10-27 17:43:07.485574,32.92629770403702,717.3649026761889,32.73039444894743,8.749742531067987,286.38252436858687
2025-10-27 17:43:09.494711,29.127260767421717,950.8704415629076,36.10857292187643,6.344268397285956,229.08247805935605
2025-10-27 17:43:11.612519,32.84771631976676,845.2979786404364,36.199508405614225,7.174445431412056,259.7113977000213
2025-10-27 17:43:13.654474,39.718980294151976,601.3473782099438,37.406681329639774,6.264948420723729,234.35092912064252
2025-10-27 17:43:15.661684,37.53372094887381,905.9559453510531,38.83994177473018,7.936081417411442,308.23694017177854
2025-10-27 17:43:17.683298,43.565696237923994,896.1159052248147,39.72911390484857,9.784790603213501,388.74106041016114
2025-10-27 17:43:19.937100,42.05029184369473,959.9441679164529,38.335583750106025,9.306257492830337,356.7608135164491
2025-10-27 17:43:21.947970,44.65573130181069,609.0239026522098,37.96361313886669,8.859503721546261,336.338771887132
2025-10-27 17:43:24.183602,35.04935119250477,889.4365455224452,33.47572881613423,9.16542920163444,306.8194224373922
2025-10-27 17:43:26.191161,26.744590740589032,451.0070676304444,32.775060847709284,7.522162471872365,246.53933272197204
2025-10-27 17:43:28.199445,38.525979089607944,595.9980349662812,38.27623337961573,6.243869051291781,238.99178899900406
2025-10-27 17:43:30.207290,27.734763320009378,810.6719465375286,32.3594081902335,7.733281316955948,250.244406785284
2025-10-27 17:43:32.476655,41.88114861837413,894.346793906429,34.44054889413493,7.055854585439691,243.00750483974178
2025-10-27 17:43:34.485384,29.314112372258936,974.9795282691796,31.20834065583527,7.21546705925023,225.1827539760391
2025-10-27 17:43:36.653953,25.36036463623513,605.0136539945767,38.31550193680208,5.526151472699127,211.73726745526508
2025-10-27 17:43:38.982838,40.07883488712848,812.1261543854721,32.1823008320232,7.4806822891897,240.7455678594909
2025-10-27 17:43:41.757478,37.39811125111571,835.9704081103382,32.02390029580329,7.963063161896687,255.00834074576358
2025-10-27 17:43:43.921191,26.24452088827564,449.24698761922554,30.845142027360673,5.543045775224643,170.97603420096564
2025-10-27 17:43:46.334707,38.94873249482953,937.1388521967691,37.16152381555062,6.353419785230729,236.10276065904227
2025-10-27 17:43:48.485023,43.378312306287334,630.3723081437378,39.06691674094256,7.023335362438996,274.38005784812185
2025-10-27 17:43:50.713279,31.752954031009963,472.42001486241287,33.66302378574949,5.8759521180404715,197.80231591352148
2025-10-27 17:43:52.717194,30.389811429476712,916.1058190149697,39.004097011135244,7.6806138448141885,299.57540750820107
2025-10-27 17:43:56.181499,44.5383301222483,685.2987291075727,37.32301695781092,6.187834504554443,230.948652145613
2025-10-27 17:43:58.190200,26.279756973547002,594.0041195738672,31.390203705782255,7.401015253311231,232.3193764310412
2025-10-27 17:44:00.197319,41.645900535509384,451.3762667160917,37.846619190661414,5.437229551700115,205.78075629540493
2025-10-27 17:44:02.568771,32.8655621164148,453.5222998283028,36.74869852819923,5.046153308312976,185.43956665426873
2025-10-27 17:44:04.707914,35.488695330879196,480.6143520073308,30.689327141755687,6.893191341218868,211.5474041213835
2025-10-27 17:44:06.716081,40.70638108389649,754.7150171414546,32.55203908663542,8.628707610977534,280.8820274196892
2025-10-27 17:44:08.723829,25.341128275217805,814.1732710839424,34.89491138977508,8.173448879281505,285.21177439138455
2025-10-27 17:44:10.734293,33.245974277252586,529.8046512888016,35.293375702779144,6.887250194062709,243.07430865809377
2025-10-27 17:44:12.743399,31.409377636934366,965.2441625403185,34.75409020260104,5.101110927739424,177.28446931612984
2025-10-27 17:44:14.750205,26.445052744024537,536.3605062697814,38.38812786548105,5.907250317004021,226.76828050255384
2025-10-27 17:44:16.758454,29.416497467141063,418.2912380906981,30.02996541179931,7.8323562735219685,235.20538798675406
2025-10-27 17:44:18.765805,32.60151634459367,426.4919282970346,33.90530340464892,9.289370680425147,314.9589313580646
2025-10-27 17:44:20.772407,38.16459782378679,509.11439768059194,36.83761782585878,8.738690893254443,321.9125554240196
2025-10-27 17:44:22.780814,31.836519647706403,535.4779806723924,36.94906068745269,9.420578515512428,348.0815272805817
2025-10-27 17:44:24.789472,44.90847113900895,961.269680892064,30.64983647547181,6.504186073889025,199.3522395707396
2025-10-27 17:44:26.797020,44.40504546169457,799.624313005917,37.887363594617256,7.947539344532757,301.11131282883866
2025-10-27 17:44:28.807516,32.06656472566384,692.8669894033416,33.52918837503834,8.157312493581522,273.50806723134855
2025-10-27 17:44:30.811663,41.51040819387079,854.6466895371253,38.21058391467892,8.228731654487712,314.42464139517745
2025-10-27 17:44:32.818727,34.20642600095421,908.4267055105648,31.96037864524939,8.417382268417528,269.02272450043245
2025-10-27 17:44:34.826318,27.43542211151633,610.3844459659849,39.506881446965735,7.916255317191882,312.7465603202118
2025-10-27 17:44:36.834451,25.104005569373168,855.3358695177465,37.83050184982267,7.629773269755333,288.6381517952067
2025-10-27 17:44:38.841563,25.20783042224864,930.5556253967541,30.20805363889414,8.66422172617915,261.7292746436917
2025-10-27 17:44:40.850631,29.58281298181175,776.9342183772135,31.09948818742942,6.1393031369681585,190.92918538718962
2025-10-27 17:44:43.106844,34.393977465605374,716.8618331325545,35.17915071369297,6.74273789040458,237.20379246947093
2025-10-27 17:44:45.338917,38.490958495838214,544.4912245520734,37.2336453938283,8.677431476002399,323.0924065067174
2025-10-27 17:44:47.344700,34.68118478534599,549.8499831041456,30.43452308418178,7.654640095779218,232.96532069609606
2025-10-27 17:44:49.352162,43.16180173612666,632.6027798429808,37.33020719361495,8.679612131085564,324.01171921363795
2025-10-27 17:44:51.357046,41.71606608847051,879.6162351579133,31.621065149711004,9.882463416689024,312.49401953875923
2025-10-27 17:44:53.363780,44.52963100428799,516.718487721241,37.57376398357681,7.852089997311626,295.0325763367913
2025-10-27 17:44:56.921429,42.998012907824716,965.5579719842231,35.40414340162223,5.4764353819241975,193.88850359136208
2025-10-27 17:44:59.074351,39.81443814791176,697.2843170928026,33.16729669980932,7.593884498252404,251.8686202576201
2025-10-27 17:45:01.149731,39.90415220975798,874.132628568155,35.730032442315384,7.56742983327549,270.38451344787853
2025-10-27 17:45:03.899526,35.86495088057403,808.0636764300818,33.5233520104507,6.29841680953581,211.1440438146088
2025-10-27 17:45:05.907520,27.340926969471294,815.3389766404687,33.7750263558252,8.54667301842513,288.6641064519289
2025-10-27 17:45:07.915744,42.102740058250035,692.7996122995341,39.249855541475014,8.842237970504073,347.05656300563004
2025-10-27 17:45:09.922490,35.21137330246286,801.4247664718778,36.90057445431215,8.498849793488496,313.61243958063767
2025-10-27 17:45:11.931416,30.868836251703083,774.0083561851129,38.90672700623456,8.256822198674437,321.2459272228437
2025-10-27 17:45:13.941239,40.88073620182149,569.2492078610118,32.90857414652779,5.97252303740052,196.5472172181404
2025-10-27 17:45:15.977581,27.367813123345247,802.2538410560014,30.456112690014727,8.768276140444057,267.0476062305316
2025-10-27 17:45:18.014301,42.255563180124994,882.7297399402562,35.72873572997418,6.76312361493304,241.63785634709026
2025-10-27 17:45:20.066490,40.87417971226998,930.1124376321317,34.6881705226633,9.075200952822915,314.8021181789577
2025-10-27 17:45:40.789451,34.834648483306786,778.2914198448973,31.349084639866312,9.56669314387949,299.9070730911069
2025-10-27 17:45:42.797442,36.65814592713879,666.2881636822849,33.99936844763895,9.687044340890012,329.3533897145353
2025-10-27 17:45:44.805525,27.463957812445003,878.7171078652855,35.73452462075148,7.629432336454551,272.63413766939266
2025-10-27 17:45:46.814104,27.890653198907753,869.7384869543201,31.836630153346736,6.700449680555887,213.31973834096806
2025-10-27 17:45:48.927173,44.334925941635134,541.7582284597089,31.21345615371277,7.605323815251451,237.38844144213866
2025-10-27 17:45:50.934824,37.73031731166473,869.6857348232294,36.88170728110682,5.948640359564241,219.39601246202636
2025-10-27 17:45:52.938921,37.74822939252289,975.3122373027408,35.70535973743463,8.304075440940945,296.5000009055925
2025-10-27 17:45:54.947850,35.29630910332225,567.8212989193747,34.76024700901818,5.3597286149563645,186.30549055718612
2025-10-27 17:45:56.957766,43.65975290130515,899.3031360717623,35.92685400080077,7.820232638810667,280.9563562668478
2025-10-27 17:45:58.966149,43.18990004699319,508.1671946011961,32.27543731223559,7.142115598945905,230.5149042905185
2025-10-27 17:46:00.973563,40.15629407439934,790.081037728742,34.730516421006755,8.840992150610855,307.05222306478214
2025-10-27 17:46:02.981884,42.447213109252694,403.1433706020409,38.130474704049135,9.980558896243894,380.56344852550035
2025-10-27 17:46:04.991078,25.173814042966953,506.9681354556941,34.975690794230985,9.951923356932946,348.075394139972
2025-10-27 17:46:06.999615,37.998171058736936,806.4009092596623,36.19408295400213,6.948348521476549,251.48910277964026
2025-10-27 17:46:09.008669,40.427304520403794,875.1694438756649,39.012764959837725,7.841182138975033,305.9061957951106
2025-10-27 17:46:11.017463,29.5419698821093,751.0705886308269,39.53623505372977,8.924879299925522,352.8561258280226
2025-10-27 17:46:13.097623,44.04066447514042,735.1318800721222,32.090690533890736,8.65478012235699,277.73787054542714
2025-10-27 17:46:15.106280,26.173194731942708,481.4677775061122,30.470859669699777,8.706549072925114,265.2960350084558
2025-10-27 17:46:17.114497,25.203174904984984,416.9665055514163,30.74658227705188,5.850086692375405,179.87017181500667
2025-10-27 17:46:19.124058,31.292340214556106,841.7951159228116,37.90500416774893,9.226505529416627,349.7307305462958
2025-10-27 17:46:21.130788,28.742958378718566,966.9749193234725,39.0475778768478,5.236494089810052,204.47241077351123
2025-10-27 17:46:23.529076,42.62699872347572,532.410794764647,30.818559118167112,8.2536843852778,254.3666601703767
2025-10-27 17:46:25.538777,37.967915233109814,488.4621246649511,39.652908868345364,6.723869138432201,266.62097018893195
2025-10-27 17:46:27.543271,33.6393464675908,664.3940011047423,34.75743617061435,5.958729727070634,207.11016814659982
2025-10-27 17:46:29.547901,25.21803671069182,665.7020654959124,32.96783786566346,7.945534925379594,261.9471071758809
2025-10-27 17:46:31.551897,26.763189774469613,835.4310988973918,35.765104015667795,9.505362339320945,339.96027277242496
2025-10-27 17:46:33.557007,38.885193722522764,675.7735526144658,36.62005659201577,8.173881116098455,299.32798904793447
2025-10-27 17:46:35.864206,32.5197111686689,772.2099478077596,39.73424207216579,6.976078115047518,277.1891765376361
2025-10-27 17:46:37.871967,34.95168179054751,958.1889182364197,38.01125453555377,9.286126031853406,352.9773002460117
2025-10-27 17:46:39.880439,38.31440137969847,869.9152432489027,36.48504935374447,6.352468925027084,231.77014224774126
2025-10-27 17:46:41.886895,32.992584150344626,941.1681272238018,35.578136000977615,6.302005596236196,224.2136121818134
2025-10-27 17:46:43.893562,41.55693806455789,942.0732002791076,33.524768340583876,8.959918740108277,300.37920011258615
2025-10-27 17:46:45.901911,40.723349337173005,970.3148530123146,31.908624412331626,6.79746425936516,216.89773400833087
2025-10-27 17:46:47.908662,27.263211596552846,650.0247466468983,39.140043504497946,5.1688511696889075,202.30905964989893
2025-10-27 17:46:49.917241,26.53928469509449,729.3862887128746,38.016414041908575,7.085920407416701,269.3812840763628
2025-10-27 17:46:51.926190,32.79743943705509,496.5513819907515,37.53075774869112,9.848007589972894,369.6031871665442
2025-10-27 17:46:53.933835,41.20144322499719,872.8350726986928,33.0260224216362,7.562499535343385,249.75927921786396
2025-10-27 17:46:55.941904,31.243164953545467,732.8351913962649,37.97831082027875,5.282451942930985,200.61860178181834
2025-10-27 17:46:57.950009,39.329670009458866,741.4178590290937,32.97970495459251,8.13745520279516,268.3708716693981
2025-10-27 17:47:02.977782,38.2047591625342,766.6111144147264,32.787077754789465,9.707333682442727,318.27510423793643
2025-10-27 17:47:04.984768,39.675045099654234,454.79591944773404,35.583955266608584,5.471269845286768,194.68942142622882
2025-10-27 17:47:06.990587,28.57489314636403,459.18509785879644,37.378399980450716,6.546233897886644,244.68774900079197
2025-10-27 17:47:08.997763,30.55514443312598,698.36145372432,34.664533119463115,8.704997847041769,301.7546861736345
2025-10-27 17:47:26.145329,35.66386082431489,475.5886386581311,39.94337650987031,6.601293728468418,263.67796084845963
2025-10-27 17:47:28.152822,31.24660159295849,787.7931050542848,35.56091078337544,5.762054716991071,204.9039137198471
2025-10-27 17:47:30.162536,31.426428411009546,793.0360032499162,34.29528069810316,5.340774001672646,183.16334353249508
2025-10-27 17:47:32.171148,32.40265086519824,824.0066191038383,36.12201216234585,5.408548080128665,195.3676395310399
2025-10-27 17:47:34.174838,28.355467445439814,854.6392942827283,37.64418568193134,7.315436417718894,275.3836468529727
2025-10-27 17:47:36.179897,43.89578743158549,588.000054166609,36.44071576710563,8.967165320713905,326.769922688782
2025-10-27 17:47:38.184713,37.43828000982837,722.5484934536378,34.37905427424581,6.168322612098795,212.06109786240214
2025-10-27 17:47:40.188505,40.090862910857254,778.5869992593929,30.55776370920837,5.780818560792799,176.64888762651233
2025-10-27 17:47:42.195308,42.129343456038086,642.7452607964537,32.49695821950975,5.227246591387736,169.869614083402
2025-10-27 17:47:44.200165,35.81847317103671,926.7271886280754,39.99517457052728,9.258947314086093,370.313214166188
2025-10-27 17:47:46.207317,29.939463053818358,782.1931589299824,30.56033052505267,9.002999306723435,275.1346345302882
2025-10-27 17:47:48.214192,29.49284478094468,480.41550586208854,38.704823298624845,6.408431508248256,248.03720914808866
2025-10-27 17:47:50.223476,43.48661651547652,599.4576896044533,35.829839058360406,7.475505170200326,267.8461471282188
2025-10-27 17:47:52.230811,28.361146303792715,584.8993942902371,34.208758312707054,7.2827327060850635,249.13324299851095
2025-10-27 17:47:54.238811,43.89615344480217,419.0842917443896,34.577901330366764,7.15223141303521,247.30915209188115
2025-10-27 17:47:56.243105,43.25248308909437,761.8973032301246,38.95058874936742,8.440061030608128,328.74534622277935
2025-10-27 17:47:58.246893,25.657412885896022,813.3217926258224,32.79675864800253,7.325574943080099,240.25511336605288
2025-10-27 17:48:00.251657,26.122146912351326,465.491896543821,35.45883093263741,9.086500500460897,322.19668501516816
2025-10-27 17:48:02.256055,33.691037697006635,977.6620480245335,31.933932272570775,6.604678798997639,210.9133654492747
2025-10-27 17:48:04.260460,43.632070628810254,951.926257758894,34.22795606513979,5.351552168652704,183.17269250894833
2025-10-27 17:48:06.264911,41.132357717379136,843.3583565988715,36.41920425926459,5.540205435942363,201.76987340987296
2025-10-27 17:48:08.272010,43.53173491892389,775.7497012800665,35.48512173282086,5.8464572738095475,207.46224806686774
2025-10-27 17:48:10.277073,30.152982321240103,933.8456741104669,30.395332016169718,8.431772030114237,256.2865103399756
2025-10-27 17:48:12.282604,31.423001174611237,759.7964860983784,30.921526345941615,8.703301428094585,269.119364405498
2025-10-27 17:48:14.286837,38.77038525618126,671.2492506602551,37.45136915653731,8.562776146569284,320.6876904699583
2025-10-27 17:48:16.291502,26.563605796235763,810.7002429101341,34.35835016191405,7.1777930620082335,246.61712741423617
2025-10-27 17:48:18.295556,28.636090639236617,708.122782113644,31.401400771167904,9.316258382986728,292.5435631719189
2025-10-27 17:48:20.444354,44.69736704457635,792.8141353489777,39.12323427387203,7.448398843690413,291.4054529269375
2025-10-27 17:48:23.123772,32.96406267417,620.6692175022158,38.18429101991937,6.396786540384772,244.25675885035537
2025-10-27 17:48:25.130149,27.90674694857056,716.1354932217016,38.098010227088096,7.140282947232473,272.0305727479655
2025-10-27 17:48:27.136551,42.65058869698513,870.2432994794974,36.802915680536685,8.409918386171313,309.50951724645796
2025-10-27 17:48:29.147032,40.93079096517121,823.6142706960006,38.05414352935736,6.017404810394625,228.9871863290025
2025-10-27 17:48:31.513653,38.26062497742605,499.7994944948051,36.693977365949564,6.9069147150626105,253.44217222305141
2025-10-27 17:48:33.521432,44.23816252352778,837.3841752456891,35.62536456676069,5.094630393829852,181.49806511308805
2025-10-27 17:48:35.528985,31.630033592515638,835.2097366750556,37.71426457025024,9.124210528818963,344.1128898785413
2025-10-27 17:48:37.537322,26.94628203515211,719.2815161575796,36.97106124341169,8.724213231359434,322.5434216771722
2025-10-27 17:48:39.565041,25.369935307825745,668.9926366624063,39.78114128630338,9.757067771582147,388.14729156134666
2025-10-27 17:48:41.573261,40.89226539262715,970.9785045484085,31.670938405768634,7.261580556495167,229.98107053328556
2025-10-27 17:48:43.582349,28.892167208560288,992.2921553495153,36.82769691126617,6.238306470144866,229.74245992208586
2025-10-27 17:48:45.590732,44.19503612108863,905.3919613653686,39.656094803299915,7.434097512037677,294.80727571434215
2025-10-27 17:48:47.851266,27.440193689808996,473.773785583876,33.18027811666996,5.056870541142607,167.78837095510704
2025-10-27 17:48:50.301333,39.238811162402015,910.3145195747658,33.22575474163477,7.579584082242801,251.8374017601982
2025-10-27 17:48:57.862086,39.94392479034447,847.6188058568252,30.803113738753478,5.980447330136218,184.2163993188105
2025-10-27 17:49:01.161809,39.553498196667576,981.850597944686,30.355838859477743,9.296365836155019,282.1989833010758
2025-10-27 17:49:05.923056,39.740210272047584,525.8725003806602,33.17044045888609,8.937676821852957,296.4666768600398
2025-10-27 17:49:07.931261,34.73108363619079,873.4122466400165,34.921740702237145,7.6538075924921465,267.2842841298247
2025-10-27 17:49:15.819265,30.51709022482043,742.6855748959988,32.81699335198687,7.198845320184359,236.24445901447194
2025-10-27 17:49:20.307313,25.65466318640363,580.22380532854,37.10673553234087,6.852492753920883,254.27363635702437
2025-10-27 17:49:22.395785,35.80899111560451,598.5043498460765,35.14952311462483,6.242529940203665,219.4219504269263
2025-10-27 17:49:24.433777,41.36283460808093,636.1648678974625,38.153657705927046,5.681737418789324,216.77906465144534
2025-10-27 17:49:27.461259,41.39803270138039,535.8914055245679,33.76659388547602,8.792647025858527,296.8977413005034
2025-10-27 17:49:29.468434,31.181484053256597,488.2136219694372,39.95063279503269,6.4185948160114155,256.42692455457245
2025-10-27 17:49:31.802463,34.04909159421056,662.9972901643785,33.658233236334226,8.050804672037518,270.9758613916081
2025-10-27 17:49:33.810903,34.51299797334644,477.9698157742119,31.47575222115292,9.095929609468836,286.3012266086893
2025-10-27 17:49:37.444499,36.81685369473467,780.2148995680919,31.438330027869533,5.6145983042118015,176.51359446172725
2025-10-27 17:49:48.544004,26.6276153758253,940.2887206097306,30.878956865755388,6.477055256806865,200.00470989205337
2025-10-27 17:49:50.913762,26.498242892565013,754.8292286935082,31.08275449658634,5.743620374637392,178.52754202644533
2025-10-27 17:49:57.740037,44.55829581857074,940.4194650442622,37.30469013415835,5.752752164223361,214.60463690496132
2025-10-27 17:50:01.675345,29.711767827119903,866.2374888026031,30.00582744743764,8.678995957660305,260.4204551225639
2025-10-27 17:50:03.677443,40.614639950666565,420.98824602883514,31.336533075229756,5.447327026354988,170.70034353296603
2025-10-27 17:50:05.679876,36.94193720141969,793.586595189477,34.95166808447558,9.631387847180648,336.6330712275098
2025-10-27 17:50:07.689468,30.770906143072068,986.7483205467497,39.473935013129505,6.93585267536479,273.78539776799016
2025-10-27 17:50:09.693340,30.017356946106144,723.7889487872446,35.72188650831786,9.670760411317517,345.45780586221764
2025-10-27 17:50:11.705076,39.73958521212887,803.1555929158601,37.408432190183724,9.604308811874834,359.28213492260375
2025-10-27 17:50:13.714385,30.53850531212332,765.7178452589012,31.118216259489188,6.9552487923099715,216.4349360576527
2025-10-27 17:50:15.721403,44.72647160253459,448.47156879080745,32.04172741263358,6.764588220315421,216.7490918140588
2025-10-27 17:50:17.730041,35.65997788793636,994.9029375700289,30.80373969578625,6.340438373357716,195.30921321008546
2025-10-27 17:50:19.738833,43.30440623642284,822.0020510917487,37.30253925141782,9.28869626901185,346.4919571693128
2025-10-27 17:50:21.742853,44.31453572406679,987.7371561834624,31.291419806316657,6.15642734458892,192.64335254661918
2025-10-27 17:50:23.746493,28.74519254929955,789.36027436923,33.777524548660466,6.502310170653724,219.63194141226077
2025-10-27 17:50:25.753785,31.541651086144697,488.5217447516108,32.98437462380975,7.233169861404404,238.5815844262129
2025-10-27 17:50:27.761598,26.127206947589507,473.1089215779501,33.53495247103949,9.126433368787513,306.0545092523981
2025-10-27 17:50:29.768992,29.882259150510638,810.5204036961169,36.08124193239896,6.073879712187589,219.15312336373015
2025-10-27 17:50:31.776836,44.0980683687274,530.1485516156935,32.98190155373094,8.244986081378148,271.9353192478959
2025-10-27 17:50:33.783385,31.348067036583366,998.5289146526749,37.18974641195277,6.865438721703812,255.32392506696596
2025-10-27 17:50:35.793116,36.54001225087857,681.3227624445494,36.59024835585332,8.41711187337554,307.9842138858128
2025-10-27 17:50:37.801453,41.67842691328168,714.6815595836368,35.65082358949886,5.749784530928458,204.98455398975992
2025-10-27 17:50:39.807898,44.697740161027596,500.6287613021301,31.57047606441729,8.386000450502483,264.7500264987812
2025-10-27 17:50:41.817806,28.819704576246867,717.3090659495007,31.93651331052934,9.227561546475819,294.6961421527537
2025-10-27 17:50:43.824725,33.37192072132553,538.2416270873895,31.090008562248084,7.064163813457034,219.62491344550227
2025-10-27 17:50:45.831939,41.57674617367789,757.9998925982109,39.17728043113053,8.936907393157396,350.123727128771
2025-10-27 17:50:47.836672,43.75055713346069,435.24314095183377,38.420662339674614,5.815714224207723,223.44359247232765
2025-10-27 17:50:49.845165,40.0390981988666,660.1139725069634,31.342552315024953,9.178343762848932,287.67271955237567
2025-10-27 17:50:51.853525,43.6646332732746,471.0090704911476,30.27519833559752,7.55637425720664,228.7707293349344
2025-10-27 17:50:53.863559,25.609416903591764,666.1291197008509,30.041974642371496,9.004208050402394,270.504189924826
2025-10-27 17:50:55.871390,36.633516680748805,886.4153763951736,34.88841025203951,7.020232981806471,244.9247683341628
2025-10-27 17:50:57.876559,29.425627874094747,640.788547875747,33.010433184306,6.027375057168218,198.96626160140403
2025-10-27 17:50:59.885374,25.702292733955304,501.20114069877127,32.8443110856091,5.279187260105589,173.39126865009231
2025-10-27 17:51:01.892912,31.88435453115686,578.4564477708948,39.54701804358672,5.005228763159279,197.94187220893923
2025-10-27 17:51:03.905023,30.188059869063594,940.6151070810475,33.659195162940996,6.515429738732976,219.30412114644292
2025-10-27 17:51:05.913039,28.82881898303881,616.6221108917075,30.329790634664906,8.980230277886823,272.36850417938604
2025-10-27 17:51:07.921302,39.36553048914586,844.0670744902473,39.42041876982067,8.185468940192036,322.67461344973026
2025-10-27 17:51:10.125747,41.37793969014041,779.2863035782188,38.16679135753761,5.200365509695447,198.4812653914809
2025-10-27 17:51:12.133975,26.287632816032026,750.9448971294541,30.61249314516545,6.4152152303386725,196.3857322635036
2025-10-27 17:51:14.142681,25.974323874356774,641.6220294658808,39.4998706524282,7.440225895199931,293.8879604852441
2025-10-27 17:51:16.151811,40.22749522421204,920.0258022920904,33.06293154731583,7.520504277361077,248.64991812368518
2025-10-27 17:51:18.160671,36.00688166665769,432.37534422378303,31.47664021933316,9.691460773113004,305.0546239550584
2025-10-27 17:51:20.169183,26.62961846350964,463.8005187919469,39.266314210959806,7.0713976206703535,277.66772088387563
2025-10-27 17:51:22.180367,42.45267995185907,880.4157223837893,37.94410971057525,8.37757265386916,317.87953588672644
2025-10-27 17:51:24.187182,32.60037734975389,762.411788540578,38.78560901460526,9.648027305081058,374.20461481710953
2025-10-27 17:51:26.194090,38.98664374643886,876.3072676175736,37.32229295627603,9.477752511849557,353.73145581433016
2025-10-27 17:51:28.890358,43.73011467008575,413.5880742291974,32.93775797627938,7.086655037866027,233.41852849861218
2025-10-27 17:51:30.895046,38.75785398225286,814.0625447437346,36.306319231560934,7.064820859209406,256.4976414282473
2025-10-27 17:51:32.901949,29.57510859235078,468.4330067518113,39.56407856156371,7.851073500871404,310.62048878108726
2025-10-27 17:51:34.908913,26.4760480518023,475.38796614528485,31.32518777124311,9.143545969963053,286.4232944040859
2025-10-27 17:51:36.917293,29.741724246656535,711.8351996017211,31.364890378218522,9.545991870185212,299.4089885597244
2025-10-27 17:51:38.925923,29.100386466864506,828.4226069424853,39.39578004133916,5.270524197350089,207.63641198135971
2025-10-27 17:51:40.934479,36.027019464226356,547.1278671315781,31.247231840633013,9.397813965646803,293.6556717797044
2025-10-27 17:51:42.943289,29.68619019419621,493.88542659311724,30.2894804063678,6.989567272639811,211.7103609536132
2025-10-27 17:51:44.951852,27.7701457326909,697.4975919314134,33.076839603099025,5.5504090838182005,183.58999099703843
2025-10-27 17:51:46.960486,43.33013355296039,838.8239931628566,31.25295788105337,7.307346730784166,228.3761995994506
2025-10-27 17:51:48.969804,25.948122281820492,498.8708891387337,39.065883446240335,8.282090430105194,323.547179433712
2025-10-27 17:51:50.978303,35.75483123410647,999.8214572879308,33.92865669778881,6.679551287337188,226.62820252333674
2025-10-27 17:51:52.986175,28.69150738306922,522.6429690291751,36.33801194549565,7.295434379480525,265.10158162914297
2025-10-27 17:51:54.992946,41.099660656901285,477.40535805567777,38.318613726687204,9.267999671557256,355.13689943346634
2025-10-27 17:51:57.001282,34.09591761992964,618.4839374320165,32.381359292281516,8.700111762641763,281.7214448691076
2025-10-27 17:51:59.021541,25.18006421806509,612.3858317252252,32.34732693565035,9.644716478386778,311.98079712803144
2025-10-27 17:52:01.029639,38.26591625651548,523.5113983882038,32.28615643763035,5.1362935376144305,165.83117666500934
2025-10-27 17:52:03.038865,28.619128840793373,608.3137116312694,34.362955055856936,5.144459582539232,176.77883342146816
2025-10-27 17:52:05.046684,31.769809757771313,713.9262664615296,30.802528107529152,8.806100582125886,271.25016069866143
2025-10-27 17:52:07.054886,29.6529543285098,855.0775221411741,37.19543506314494,7.695578568693655,286.2403929251747
2025-10-27 17:52:09.063299,34.995051686258805,986.0834845924772,31.58918137575876,6.6062121134336715,208.68483265799085
2025-10-27 17:52:11.071219,28.769399701597525,699.8439001024478,31.68064692831164,7.984830566710144,252.96459796633462
2025-10-27 17:52:13.079173,29.90500941545276,846.4200213956221,30.909171965457695,5.596125747461286,172.9716130686064
2025-10-27 17:52:15.088061,41.19024333566196,899.5741688594794,38.89000991884456,7.10728136505126,276.40224278286263
2025-10-27 17:52:17.096994,37.793545308175155,715.5247409930444,32.17116499758003,8.396263509782107,270.1175787363606
2025-10-27 17:52:19.104017,25.888707709819204,800.3250687592747,39.64499514620646,8.30340004837276,329.1882546147486
2025-10-27 17:52:21.111500,34.59874196393687,854.4368471454155,31.337770380416043,7.327860239734717,229.638801572587
2025-10-27 17:52:23.120100,40.586200455132655,560.1832250679072,31.50022362396452,5.363310144086097,168.9454689033894
2025-10-27 17:52:25.128489,32.72351310106973,651.5534949244484,30.48324409842722,8.633485353711379,263.17664145738024
2025-10-27 17:52:27.136460,31.223737432188376,404.4175114917187,35.88727973925041,6.473879760898539,232.32993397763744
2025-10-27 17:52:29.145829,32.342214323025914,572.9817843700519,34.34973188653633,5.529939725395034,189.95194691602578
2025-10-27 17:52:31.154136,31.160221248674386,618.5171697316599,39.35492009120517,9.364948090803939,368.5567837718734
2025-10-27 17:52:33.162654,38.64675774242791,659.8839954540622,38.45509286159202,9.79359154769443,376.613472415092
2025-10-27 17:52:35.172148,37.952429630384295,645.4976227177974,32.964573932303665,9.156648042857562,301.84500138086173
2025-10-27 17:52:37.181051,40.73641335369537,972.5228370536059,34.35398769440857,8.341630207744531,286.56826150816244
2025-10-27 17:52:39.187811,31.716698785478187,430.6629158487613,35.47124246886655,6.781548981218654,240.5499682273018
2025-10-27 17:52:41.191224,32.43499600726174,582.4587035216863,31.59146369774095,9.926233852932556,313.58425642020615
2025-10-27 17:52:43.199962,38.61304528726128,600.9593123926592,30.994997635922704,8.9877585890817,278.5755562208313
2025-10-27 17:52:45.207513,39.31561119491209,486.48551895252587,33.3970181794675,8.067814347629948,269.44094243636613
2025-10-27 17:52:47.215805,25.503727414433524,699.1676736267566,39.84501465599236,8.638219902668405,344.1899986235075
2025-10-27 17:52:49.223599,39.38554072065135,841.5161354925037,30.261322631599683,8.037955500085392,243.2391646865252
2025-10-27 17:52:51.231661,39.55295232666644,543.741986080581,33.39997996180381,9.1826082639483,306.69893201296725
2025-10-27 17:52:53.240279,41.02335162636962,501.51884261796266,39.19560334248934,8.710448484058253,341.4112837163349
2025-10-27 17:52:55.248266,44.48070378923266,490.935165159021,35.93864214758938,6.075151813713185,218.33270702531672
2025-10-27 17:52:57.255696,38.22988380898003,490.1811282105703,37.39087609896479,9.364339905831608,350.14087316754126
2025-10-27 17:52:59.260408,29.039045614374146,940.0788865047006,30.88486513651068,5.11983471867784,158.12540480759017
2025-10-27 17:53:01.266893,28.692259992753154,697.2282870864788,38.76676558411075,6.58200284461174,255.16296135101345
2025-10-27 17:53:03.275494,42.46521843443595,915.5940773056092,33.156563279328324,8.828985499088208,292.73881639279034
2025-10-27 17:53:05.283491,39.29672031549045,653.1824311561736,33.473922156646154,8.374484632917648,280.3268467043148
2025-10-27 17:53:07.291715,33.627161768753616,846.7806162708129,32.10992481138158,5.933053985122808,190.50991736416123
2025-10-27 17:53:09.299713,33.519492505743,416.8536684053642,35.35312352197263,5.73192951743861,202.64161224924814
2025-10-27 17:53:11.308165,40.81347327552092,936.6048703156238,31.201188062730598,7.842122169787439,244.68352863044683
2025-10-27 17:53:13.316508,38.8094761443122,863.883838426736,37.25287396129105,5.85395316312739,218.07657936128572
2025-10-27 17:53:15.325661,26.713801361648073,847.502215901318,37.92662655650244,8.614096693282136,326.7036284077141
2025-10-27 17:53:17.335132,36.211313517235126,709.5307333762141,33.48945373753434,7.506071403227583,251.3742310090196
2025-10-27 17:53:19.343173,44.74359151178896,861.6425065118683,32.739822939133845,6.803640125738502,222.74997305826489
2025-10-27 17:53:21.351134,44.2561846971507,547.9096333387566,38.81604040255628,8.917261117069438,346.1327678003115
2025-10-27 17:53:23.358514,40.72550783150146,464.85676194746827,32.12449251363305,7.60905292370509,244.43696368340184
2025-10-27 17:53:25.367252,35.08506907088713,700.4623975841848,30.91918426783669,5.742702009397361,177.55966162383302
2025-10-27 17:53:27.376051,37.70519693574728,477.86475022277114,32.450342084937084,6.567219644303277,213.10852400456017
2025-10-27 17:53:29.385700,35.887742040526824,955.5175441971514,34.54668879994159,8.50921402367125,293.9651688078695
2025-10-27 17:53:31.395697,25.49839815795155,899.2410510513118,33.05909869288191,6.969512396739156,230.40579816506371
2025-10-27 17:53:33.404401,27.21044867430187,630.9634915187254,37.256888584057855,7.126672178876506,265.5176313435068
2025-10-27 17:53:35.410865,40.19674175445992,781.2841685172402,33.572090669079316,7.386499026915027,247.98021505865742
2025-10-27 17:53:37.418122,33.8226217218359,865.443001876487,37.13263721028543,6.899803510186625,256.2079005660139
2025-10-27 17:53:39.426255,36.93106026273668,944.4622928324151,34.24001651717651,7.522334454574766,257.56485597236593
2025-10-27 17:53:41.434250,31.353231666517143,937.7683355380625,33.07474926818552,8.01432480765829,265.0717835670971
2025-10-27 17:53:43.441648,27.78239689715121,507.09018613092826,39.929907898963414,6.112643650842734,244.07729799733383
2025-10-27 17:53:45.450791,25.45818732674402,492.9440500069964,30.9950582664887,9.871946836621746,305.9815674047698
2025-10-27 17:53:47.460021,33.22642503223169,561.0398548928986,31.192789351435945,7.55605514304463,235.69443640482535
2025-10-27 17:53:49.467882,41.80782766438969,606.1022218713449,37.1738681882899,9.24556263416753,343.69332668912216
2025-10-27 17:53:51.475252,26.956705418298142,821.7094496495038,39.69916459343492,8.18223043518914,324.82771278798634
2025-10-27 17:53:53.482805,26.622210362731042,791.9984250768497,37.044727453152,9.69240036304979,359.05232981601097
2025-10-27 17:53:55.491865,40.61806912988695,702.1893948401853,34.06223613448812,5.908324781040722,201.25075385105688
2025-10-27 17:53:57.500688,36.750217884463645,596.5068064636896,31.146167046826044,9.781113782059663,304.6442037600427
2025-10-27 17:53:59.509152,31.71052628944666,522.3215707916991,38.95343613552752,9.359441875809164,364.58242137351414
2025-10-27 17:54:01.518500,29.551954890853715,602.2572761027959,33.859628617840215,6.179202910038644,209.225515688186
2025-10-27 17:54:03.527803,32.81604367223147,710.4221312635336,36.00067091571118,6.819093730227692,245.49194932531657
2025-10-27 17:54:05.536009,25.340091192294793,870.9233763545085,32.81201280893377,5.960352798413847,195.5711723673194
2025-10-27 17:54:07.545850,42.5869312103498,649.0378781124648,38.061284797135166,9.747112925812967,370.9876410192048
2025-10-27 17:54:09.554551,39.14950515221551,458.4597685507878,30.20231289765071,8.374067884602042,252.91621847691883
2025-10-27 17:54:11.562812,41.1354710299203,748.4657926924922,31.582821611226667,5.422554037387246,171.25955684003833
2025-10-27 17:54:13.571323,35.699622472421645,826.8063820615798,34.06548349711783,6.164589772510991,209.99973116197452
2025-10-27 17:54:19.456512,44.22895821907163,817.0952561773447,36.557878216647254,8.483694196790275,310.1458592735359
2025-10-27 17:54:21.791685,44.165763951208405,946.8489807664967,37.13383304573199,6.67498630759295,247.86782712870365
2025-10-27 17:54:24.061744,25.80986517118148,554.8615568668304,38.04943232913611,8.561026088550285,325.7421828242629
2025-10-27 17:54:31.643981,29.79497896643408,404.30731171705054,39.58283298102075,8.209389038743842,324.95087519682
2025-10-27 17:54:35.833491,31.84855479900077,494.1506382217924,31.63369024903004,6.719837184486036,212.5732480179454
2025-10-27 17:54:40.280058,44.0815792535762,517.2654294935281,33.99517612942103,6.792132040531381,230.8997250121482
2025-10-27 17:54:42.531925,25.500768422412023,594.9358523913153,36.13055461370984,9.020116189048181,325.9018005904136
2025-10-27 17:54:46.030143,36.08002984193018,958.0868245251243,34.18714537848804,8.39848310816687,287.1201629776769
2025-10-27 17:54:48.501970,30.67722332847365,774.8246573679924,33.210861917517015,7.86055098349758,261.0556733085407
2025-10-27 17:54:51.070807,43.786191291355024,806.0948245877539,35.319560509548545,7.64481821682484,270.01161959364396
2025-10-27 17:54:53.314420,44.905075896772225,695.6596163892407,36.53192222786961,8.037128341286412,293.6117474992819
2025-10-27 17:54:55.321422,44.16631111385166,444.18418060678255,35.41416220431003,5.702217720664719,201.9392632839114
2025-10-27 17:54:57.330298,34.45100579882731,772.7097447904026,35.58521040890302,7.377544332645327,262.531467378194
2025-10-27 17:54:59.339765,38.334219135225176,646.459284215278,33.11195828636809,5.328306437445116,176.43066049366928
2025-10-27 17:55:01.827466,38.976946136578235,419.9953223766227,39.028609797812514,5.417559035300424,211.43979764535382
2025-10-27 17:55:03.970291,35.25357552270303,552.7403887029708,32.89367141392849,8.044565658953017,264.61529945337367
2025-10-27 17:55:05.978836,41.39496657152034,440.3339664036416,33.789338461832635,7.507068857768509,253.65889049142348
2025-10-27 17:55:07.988298,36.84651138638854,402.64222754328296,30.88905838342607,6.351301293279367,196.18571645883588
2025-10-27 17:55:09.995817,34.50308309165135,699.3063565520723,33.43654765875877,7.764367830044493,259.6136549894161
2025-10-27 17:55:12.002936,33.3098533043825,401.9406714738051,37.244674161920706,7.335389622863131,273.20419635427174
2025-10-27 17:55:14.010897,35.07053086292169,833.2180572138134,37.64779008304373,6.921292835929515,260.57137979034883
2025-10-27 17:55:16.015985,27.404032193262378,838.7240469399972,31.50705009705391,9.113175652953728,287.1292818408651
2025-10-27 17:55:18.778815,39.48832173505504,625.0923028987835,32.22664348281613,8.32846230781058,268.39838555388366
2025-10-27 17:55:20.786839,30.924507046468747,995.6487168954924,34.864821595404344,7.568973660199258,263.8909163231617
2025-10-27 17:55:22.791760,36.525113171119216,457.7280715912704,37.3980139090852,9.303532055547652,347.9336212169911
2025-10-27 17:55:24.798688,27.942475575789256,665.5032411891034,36.38710557269114,9.690771897046758,352.6191400987088
2025-10-27 17:55:26.805666,43.10412527193874,676.3095466117654,39.665055403666855,8.492276614932539,336.8466224345636
2025-10-27 17:55:28.810323,35.50051369698508,885.8313221512346,38.89453420489235,5.268980249615589,204.93453254357576
2025-10-27 17:55:30.815481,30.074478098436956,995.2183193449466,35.03664501666475,6.693745409648855,234.52638174979612
2025-10-27 17:55:32.820373,30.538508887912627,710.6965035843384,38.234917985138175,5.5091016609902885,210.64005017975217
2025-10-27 17:55:34.828105,43.38537601361361,517.7220409118777,32.561372667104834,7.296731363664429,237.59158918402952
2025-10-27 17:55:36.834101,39.64222123854228,961.6777269494016,33.920105181227,9.648595049135352,327.28135891773724
2025-10-27 17:55:39.929515,37.65092151922084,554.5910140875292,31.893858042453573,5.743389595980239,183.17885245669854
2025-10-27 17:55:41.936476,44.22125931050249,959.3384883578217,36.90045407841559,9.200347871262279,339.49701412896235
2025-10-27 17:55:43.943047,34.22652269402528,737.5566390534602,37.90058172339685,7.650772145499625,289.96871494759677
2025-10-27 17:55:46.737082,42.636311952155395,781.6042494013477,34.736289246939066,5.205250284656076,180.81107949052537
2025-10-27 17:55:48.744406,33.31979151229627,768.6203843979306,33.00251233103343,5.906636052023961,194.93382914184738
2025-10-27 17:55:50.752082,25.96382553002614,627.3336709518595,33.65626816523711,9.601357237971058,323.1458539513942
2025-10-27 17:55:52.760981,31.703231558925044,401.92967437568814,38.60735957988305,9.339488783705114,360.573001764788
2025-10-27 17:55:54.768093,41.779297251366515,908.7708656160062,31.693303948525916,6.668640296221447,211.35124383153422
2025-10-27 17:55:56.775735,37.18529936312511,974.6726337037907,32.09743747137269,7.53222742668987,241.76519884833655
2025-10-27 17:55:58.783984,38.21595626323558,933.655872602007,31.157222059133765,7.114868734360849,221.67954507806897
2025-10-27 17:56:00.792002,28.017046366569215,526.1201380787429,32.46693004143536,7.950655382443877,258.13337208536683
2025-10-27 17:56:02.802911,25.113388958143467,773.0134798454062,36.709191415266446,7.956476575300055,292.07582159377336
2025-10-27 17:56:04.811426,41.191874797597706,476.523156298408,31.13470983456327,5.0610791250279465,157.57523000751047
2025-10-27 17:56:06.820030,28.578086908920152,982.466648757768,35.15381821185254,8.739301586108049,307.2198192565969
2025-10-27 17:56:08.828643,37.10334133475479,606.463778582957,38.88783063267698,5.62831192469191,218.87284087529517
2025-10-27 17:56:10.838375,29.522620506849634,884.218150868967,31.204250381444144,5.526834577521081,172.46072997379088
2025-10-27 17:56:12.846521,26.842485991045283,697.5952192587226,39.480507342786375,5.404464376471108,213.37099549909496
2025-10-27 17:56:14.854991,40.87545333601554,599.6317038004712,39.995148509240835,7.303392020564313,292.1002484836742
2025-10-27 17:56:16.863099,42.922274503222255,864.8682203989573,39.272681472041896,9.132932139238136,358.6747348100735
2025-10-27 17:56:18.871102,41.46749423521398,558.2222804506457,39.11874561693457,5.0459867009275525,197.39267014001982
2025-10-27 17:56:20.879901,38.60699888730559,967.5938079885791,35.61833050212985,8.245658435606863,293.69658736712023
2025-10-27 17:56:22.884638,43.23713024671747,749.5759917151499,36.01168967114728,6.074026888610337,218.73597136683972
2025-10-27 17:56:24.892747,42.30824782673734,724.3642163647633,37.33021799521537,9.289121761196352,346.7649403295587
2025-10-27 17:56:26.901055,32.63792589353202,476.934548880026,35.13421666496161,5.080911734962562,178.5138537517207
2025-10-27 17:56:28.909861,40.471307174699895,521.051172839695,37.28165043941924,6.852168530079373,255.46015189040833
2025-10-27 17:56:30.918913,38.022620051082455,679.9840886782524,39.78356074437014,7.630120823330311,303.55337526184496
2025-10-27 17:56:32.926914,38.54793098691033,997.336384415603,34.23942123034965,5.214067977062615,178.52666979032395
2025-10-27 17:56:34.935642,37.99301498349411,630.9021330252538,30.523255493382806,7.232934877218358,220.77271922433533
2025-10-27 17:56:36.944349,42.93498800063915,891.085326850187,37.063482753070986,7.459816009064412,276.4867619930417
2025-10-27 17:56:38.953051,39.271928665252545,466.7505532809662,31.78794630129619,9.860290750177073,313.43839288179635
2025-10-27 17:56:40.961936,44.69506871040925,993.9957650460398,33.70723551007818,8.832032792145796,297.7034093575917
2025-10-27 17:56:42.969430,30.173523530665086,597.0251273980036,34.8242879792455,8.973640700002674,312.50064795917126
2025-10-27 17:56:44.977318,37.86910735875585,894.8307338210988,36.37120875633062,5.314251884589391,193.28576467812414
2025-10-27 17:56:46.979522,39.96466323744144,898.2121310252444,31.47458499605853,6.204535522543935,195.28518066537353
2025-10-27 17:56:48.981907,34.84325651983446,485.8617123296092,32.87295086440319,8.308122380982855,273.1124988054978
2025-10-27 17:56:50.984875,39.87562599524518,401.4156875765177,33.86709346167728,8.88068250368708,300.7629043558525
2025-10-27 17:56:52.993015,32.82212868574592,687.5118706627779,34.100059966287056,8.311924060348893,283.43710889312143
2025-10-27 17:56:55.000772,32.82861950282426,891.1791513946247,33.94823626868536,5.271132220171648,178.94564201386714
2025-10-27 17:56:57.008834,34.542052612343156,816.5146158182622,31.607378207370008,8.844720277728278,279.5584189565524
2025-10-27 17:56:59.015663,39.2565065125793,865.117297085453,30.50307285201775,9.640191939691222,294.05547704383565
2025-10-27 17:57:01.023064,36.3787635809242,956.1220053390367,31.904902953335895,6.798505413459177,216.90565544414375
2025-10-27 17:57:03.026827,29.467478597557513,745.2028265924524,34.5233343895219,7.067900971491724,244.00750867083548
2025-10-27 17:57:05.036028,33.73227701446821,953.4443537297093,33.62363691405525,5.204094239713306,174.9805751826466
2025-10-27 17:57:07.043628,32.25115479954977,953.0081801604074,31.735351643388935,7.370404248877684,233.9023705920612
2025-10-27 17:57:09.053539,26.826525116774988,481.0190906604371,32.758517422703704,7.294011243659247,238.94099440680816
2025-10-27 17:57:11.061481,33.00793730895349,721.8054074318419,39.70655590755926,9.301312027327372,369.3230660267277
2025-10-27 17:57:13.069909,41.413963182611,546.1831600899113,39.908464044225724,6.645698145923252,265.2196055053556
2025-10-27 17:57:15.078730,44.668496204013834,442.6945753957067,37.29924720629789,7.953049334771244,296.6427531815156
2025-10-27 17:57:17.085854,30.77041441056398,727.385439737697,38.861531437655344,9.705994693158377,377.1898179018902
2025-10-27 17:57:19.093151,43.77019960611548,739.80814656873,39.21283795039194,8.050175789622953,315.67023871065334
2025-10-27 17:57:21.102132,31.37329200101802,936.3282316494691,32.000035724723205,9.203751340665786,294.52037170277424
2025-10-27 17:57:23.110430,43.17844402584956,522.0725143424457,32.61170260665975,5.350237056319177,174.48033975581168
2025-10-27 17:57:25.118669,29.00691726185847,668.7413373025588,31.268594801267607,6.6016667281518675,206.42484193559082
2025-10-27 17:57:27.125896,33.082869032353,923.1692563018295,31.51045795586829,9.169990647005836,288.95060473818285
2025-10-27 17:57:29.133166,43.840023078116936,487.4605022993321,35.044091742361296,6.50937427360724,228.11510922965854
2025-10-27 17:57:31.139917,44.11050017460323,858.2536423926955,34.47444350402435,6.005611548927941,207.0401160506325
2025-10-27 17:57:33.148504,33.06369481801107,967.5961027884061,33.88679453735432,5.2443164461754685,177.71307390041628
2025-10-27 17:57:35.156615,43.34753128635104,947.2043392474203,30.812691379719,9.341116102576594,287.82492761081613
2025-10-27 17:57:37.164937,29.454503668187034,930.1689816252831,31.19058773246056,5.9016026512194735,184.07445525498284
2025-10-27 17:57:39.173066,41.51525575862638,417.2253556280609,36.20795898439878,7.300294065525829,264.328748098609
2025-10-27 17:57:41.177932,43.56665000265372,467.20825642899615,34.63234276784507,6.524408097123329,225.95553757687892
2025-10-27 17:57:43.183011,25.023412636204526,763.0648056350979,39.738079492651366,7.828642838851145,311.0952314498427
2025-10-27 17:57:45.188206,32.489418936034845,531.9297121622831,36.746567774007914,9.784006494717941,359.5286577594864
2025-10-27 17:57:47.191821,29.58005951443191,769.3371232005479,32.44817313202951,6.287543462780088,204.01929885544865
2025-10-27 17:57:50.051229,31.50537058524893,464.29118086203874,38.59525894585366,5.34563694822693,206.31624224734125
2025-10-27 17:57:52.059448,42.64304727246406,792.0449998187503,35.14461598108825,7.894293257924627,277.4419049918551
2025-10-27 17:57:55.197034,28.096255764608948,506.1850375133,30.752541743908964,8.956639255779123,275.4394225984812
2025-10-27 17:57:57.569807,35.61695632276954,844.9089091635076,31.86944096038409,8.207215870428431,261.5593816317462
2025-10-27 17:57:59.997150,41.79453652653329,547.8468143842223,31.871145449458595,8.147377877536709,259.6662653666737
2025-10-27 17:58:02.005771,35.10288723207121,852.2887866988232,39.131330706433026,6.516495597392126,254.9991442685661
2025-10-27 17:58:04.013523,35.58564659238216,707.5939783528918,37.85000512391008,5.343834202281025,202.26415193766272
2025-10-27 17:58:06.021606,42.669644652430826,479.5561925753991,33.884007414864364,8.26322318851219,279.9911157902262
2025-10-27 17:58:08.030029,26.7297654516258,742.1447515360694,33.33669078799072,7.416600995430832,247.2449340825818
2025-10-27 17:58:10.037035,28.312561296255197,644.094441218143,32.45934216712983,5.955845729132614,193.32283441655437
2025-10-27 17:58:12.234655,35.514792284699624,577.2884436196811,34.20285535032308,8.090131645606416,276.70560243974745
2025-10-27 17:58:15.420239,27.362301712704905,660.6123687836846,36.79656136054548,7.445357139668882,273.9635408410014
2025-10-27 17:58:18.079769,36.95067493326603,623.7935863569886,39.81201092660753,5.134196276615304,204.40267826395618
2025-10-27 17:58:20.088556,39.54032290225707,442.3866707924044,34.52939307612206,8.824380894490755,304.7005165592929
2025-10-27 17:58:22.403209,27.43774205859863,660.755080943736,33.9445782000095,8.102774839240976,275.04527416768474
2025-10-27 17:58:24.410975,30.462338496463648,724.645717970949,39.71655381180618,5.383993970817312,213.8336862644058
2025-10-27 17:58:26.728652,28.44467547815165,801.7069299267163,34.79586797608847,5.126377828408041,178.3767661128333
2025-10-27 17:58:29.389533,27.995618226143414,593.6164914972983,39.340525858766995,6.823076210395755,268.4234060914121
2025-10-27 17:58:32.000552,28.14183178834295,585.6290643640286,39.3101515203986,9.786515452364586,384.70940528917413
2025-10-27 17:58:34.008110,31.286639392512875,496.27122615058573,39.55444990766287,8.72379428378986,345.06488400292176
2025-10-27 17:58:36.014474,27.768892348316914,674.1175864932275,38.100507509705366,5.669536644006262,216.01222348151032
2025-10-27 17:58:38.024521,42.435241768476,543.5490813542142,35.64959704882751,9.151960190398011,326.2636929945998
2025-10-27 17:58:40.032108,40.9016513763346,888.0479098002556,37.789952107757436,9.74031370075172,368.0859882659411
2025-10-27 17:58:42.039974,33.81385846526339,641.7476276159939,39.2828037214707,9.83838764716588,386.4794508793592
2025-10-27 17:58:44.047814,43.333184374776096,993.3871482642745,33.69009773439059,9.140692720084324,307.95083109967345
2025-10-27 17:58:46.054440,30.388571532865612,766.650336641148,35.44881381872502,7.862313563008646,278.7096896795301
2025-10-27 17:58:48.061736,39.131811557295734,850.687302777076,38.728180297535914,7.976110646164566,308.90025117775696
2025-10-27 17:58:50.070046,28.119598159953647,492.45162758444314,36.58566306955882,9.590690355044789,350.88176593413607
2025-10-27 17:58:52.077643,32.08816707966842,886.9470761666298,37.95061167018052,6.864845671197309,260.52509224332886
2025-10-27 17:58:54.085317,34.51581071087769,555.7768639813198,34.72188636957544,6.5697426437030115,228.1138575520101
2025-10-27 17:58:56.093403,33.23211416031822,785.1668916042695,35.50087012454067,5.030871917588313,178.60033055950157
2025-10-27 17:58:58.137342,38.38167721991759,569.0660681508112,36.12834910924987,5.3526448302610605,193.3822210854931
2025-10-27 17:59:00.145038,25.77224032664511,973.7952338888058,39.28567451131356,5.424071777130946,213.08831836236843
2025-10-27 17:59:02.150092,25.157019584375785,695.972507485392,39.51366081345997,9.244307991292192,365.27645042307716
2025-10-27 17:59:04.159223,35.07098230479568,620.1006792554307,32.22403396917748,9.62480057087485,310.14990054243003
2025-10-27 17:59:06.167496,26.94518106176195,599.6854812804935,33.310308067501964,6.4465208370162275,214.73559504458115
2025-10-27 17:59:08.174230,44.11895833818356,774.0348466134802,37.46915785415632,9.361872442368274,350.7814763535728
2025-10-27 17:59:10.183017,39.29069581423825,492.0373148563551,34.421256419078034,8.213769974646317,282.72828246462495
2025-10-27 17:59:12.190995,36.27515268051526,913.1644624375703,38.382914459154634,8.731194783667492,335.1287025077265
2025-10-27 17:59:14.199257,25.831152807789945,894.3221101446755,37.050778805620574,9.161499735190878,339.4407002163087
2025-10-27 17:59:16.208718,25.489107829072275,728.3801406630223,33.78495500877766,9.368168530660176,316.50315232300073
2025-10-27 17:59:18.215699,38.013487286481904,408.88111063002236,39.27195384537668,8.07836944122877,317.2533518418376
2025-10-27 17:59:20.222459,34.48198967306403,710.1467184052387,39.40833973643221,6.834629290170741,269.3413930396191
2025-10-27 17:59:22.230282,39.6649656630673,738.3467568066238,35.56287930904568,9.237190564641558,328.5010932050032
2025-10-27 17:59:24.237903,39.12496127582674,774.2823591466313,39.036175731134705,6.4199457671603,250.61013115122387
2025-10-27 17:59:26.245985,37.23073111006369,635.7895216015537,31.037596320964994,8.656471855679072,268.6760790203618
2025-10-27 17:59:28.253839,33.811512203397434,422.849030395662,30.45344716563809,8.431458897673025,256.76698806953465
2025-10-27 17:59:30.259235,44.688797157960956,893.2865938610478,31.841158162553977,7.951182688192739,253.17486555410613
2025-10-27 17:59:32.266962,44.38810862890135,618.0850660641263,35.011463458488244,6.4209868076378696,224.80814498304835
2025-10-27 17:59:34.273739,42.937260980195305,935.4974364598436,34.160056968063266,5.472478266789782,186.94016935002708
2025-10-27 17:59:36.280760,39.24883718962366,626.3347164183141,38.43430663304531,9.513946642300748,365.6619425406188
2025-10-27 17:59:38.289386,35.56447769033199,610.5234666133928,30.294400031716474,9.347700192657376,283.1829690129157
2025-10-27 17:59:40.298294,42.22546867209964,563.5479871459211,38.9279593933576,8.744510172700823,340.40593691770005
2025-10-27 17:59:42.306896,28.01309036282843,410.5931557723945,30.234740813064345,6.475186647719893,195.77559001002595
2025-10-27 17:59:44.314722,27.710414051348742,882.0251486717962,36.937003208119265,6.020589502631199,222.38253377345777
2025-10-27 17:59:46.323226,41.461346048063014,683.5924606645897,36.52516673387706,8.138613144193723,297.26420207419915
2025-10-27 17:59:48.331358,29.197905909003637,641.3866132397645,31.76377535992723,9.844356267487123,312.6939210435527
2025-10-27 17:59:50.339533,40.15285891085829,499.698107345267,37.85896421095754,9.024531259738907,341.65940598312284
2025-10-27 17:59:52.348191,28.660162494816454,684.1588009179059,36.413686231442185,7.140520029869816,260.0126558970077
2025-10-27 17:59:54.356622,27.894909538933558,440.69900360045295,31.267614272629512,8.31584306242471,260.016573227618
2025-10-27 17:59:57.027759,30.98942898174405,884.9121663903707,37.90787241597145,6.582804300204352,249.5401055514548
2025-10-27 17:59:59.036605,39.03243377337969,971.3216867161907,34.29572790109912,9.066449083578826,310.94047079958887
2025-10-27 18:00:01.513973,31.48339242568543,515.952636877742,30.21210248536764,9.185436376527932,277.5113451804859
2025-10-27 18:00:03.522804,33.489019543742124,892.3967620045505,39.20179220436613,8.162091424141869,319.96861196224836
2025-10-27 18:00:05.557744,29.26819363150613,517.9985019172252,31.618510411287243,8.783348554638188,277.7163977207923
2025-10-27 18:00:08.993922,26.206852754117463,681.2655038804269,37.5849237528444,5.768957521494628,216.82582857877378
2025-10-27 18:00:11.773850,30.977286393384986,808.29005443547,30.839685553935535,7.439517241521358,229.43237240160056
2025-10-27 18:00:14.559097,25.662488853856374,949.6577533724053,35.3330682889554,8.249873101513858,291.4933296710054
2025-10-27 18:00:16.568043,28.938053040948756,543.8219246243585,39.431129886863715,8.355702374422833,329.4747856218423
2025-10-27 18:00:18.577472,28.459764344883308,554.3673797890062,33.64928636311169,8.58767475196952,288.96912692228653
2025-10-27 18:00:20.585580,32.60235028201764,547.2876795334903,36.078821406626176,5.245144307476841,189.2386247214389
2025-10-27 18:00:22.590677,31.774041115612157,441.58951275818083,33.62890007843563,8.768509264444695,294.8753218908477
2025-10-27 18:00:24.598792,29.4729436085489,489.0973353298591,37.25777627401422,7.13244758833126,265.73913653217835
2025-10-27 18:00:26.606491,26.227295773037827,742.9395176496982,32.65490792872148,5.295325150826748,172.91835525289062
2025-10-27 18:00:28.617095,37.0155768607527,631.1144499030647,30.127747118976526,6.9689594553924925,209.9590481544654
2025-10-27 18:00:30.626561,36.031352695778565,720.1893414544891,34.86976852980308,5.872614831826435,204.77671985047624
2025-10-27 18:00:32.634794,43.90105704334803,889.0102788015231,32.09469145370983,5.644011251715788,181.1427996850848
2025-10-27 18:00:34.643663,37.879400542194475,615.5552569138501,30.059724076840308,9.323036435385994,280.2479028060318
2025-10-27 18:00:36.651944,33.517958190537655,676.7088876198337,38.84137334908442,7.632781944026518,296.4677331800844
2025-10-27 18:00:41.142030,44.15721913146787,829.4396124528182,30.584040482840088,8.410905834481088,257.2394845391255
2025-10-27 18:00:43.149886,28.35165763216468,425.9143667828622,33.19857206783378,9.952166872557086,330.3977291496943
2025-10-27 18:00:45.453992,36.77176826784839,402.3081971789712,35.46241165593368,5.970307881667691,211.72151581236503
2025-10-27 18:00:47.611172,38.91865084846066,668.9250783165937,37.87793667791086,5.134446912948661,194.4822550447643
2025-10-27 18:00:49.619575,32.75261397650773,471.2270743596869,31.94728909694592,8.899038490778928,284.3001553497637
2025-10-27 18:00:52.341931,43.93457438087898,719.6860720029297,30.475869490357475,9.731317475302154,296.57036134654345
2025-10-27 18:00:54.349718,26.060632286275894,906.7750823019271,32.457701859620904,6.033792282341401,195.84303098311875
2025-10-27 18:00:56.356502,30.32332888678186,401.18513032784426,36.26003044808906,9.820252440909108,356.0826525152852
2025-10-27 18:00:58.363518,33.509255170593974,439.78807269120284,35.96820041637713,9.624812702528576,346.1871922546402
2025-10-27 18:01:00.373136,32.40759527576732,468.5756661234072,34.99911101540897,5.222460099603216,182.78146079955675
2025-10-27 18:01:02.393550,26.25811517754676,503.98318374914214,39.54450992272328,8.536833927186244,337.5849139422572
2025-10-27 18:01:04.397826,31.592520309162495,814.321639921724,31.94883373054226,8.948510062845731,285.8944601339425
2025-10-27 18:01:06.405320,40.69914080296049,852.6935027019448,33.62245444639072,5.578371222626642,187.55853231782118
2025-10-27 18:01:08.412441,39.98184331663905,450.7530472883999,32.154080211335334,7.4282747000413725,238.8493405369632
2025-10-27 18:01:10.420767,35.15333801711655,999.8183502362242,35.63085069358262,9.033415692657242,321.8682857981364
2025-10-27 18:01:12.429276,44.5755798078268,952.7393143401562,30.05960932933718,9.850089725413625,296.0898490048517
2025-10-27 18:01:14.437811,44.58083880253005,592.2683721799455,33.99730084852232,9.919087640035983,337.2222066411626
2025-10-27 18:01:16.444771,32.6879980667312,877.9363687209836,37.154521896403224,8.521203859718657,316.6012553896325
2025-10-27 18:01:18.453146,32.81779080639018,562.3959278627303,33.869580484771234,5.648241055774249,191.30355503593518
2025-10-27 18:01:20.461500,26.642370292372465,500.0994735457167,30.274142193427814,8.759875289823437,265.1977101208094
2025-10-27 18:01:22.468532,29.727906587424254,740.1404748710515,31.622550973762127,6.742210384985368,213.20589157502818
2025-10-27 18:01:24.477043,38.58956878811698,512.5708508383876,35.97583183093842,6.198869113030598,223.0094727523872
2025-10-27 18:01:26.484881,25.458269304588615,752.6597212707991,34.12751784946702,7.3652119163197245,251.3564011393086
2025-10-27 18:01:28.492935,29.774292363286314,665.5388449791958,33.480165163100956,9.12136808684445,305.38491006099036
2025-10-27 18:01:30.501015,29.93903916242968,929.6034531659907,36.76255398821312,9.346770577381333,343.6111579664232
2025-10-27 18:01:32.510038,30.481459702926315,971.7999174746503,38.217250508836244,6.205194473714431,237.1454716579907
2025-10-27 18:01:34.519080,40.38449756297201,420.68419436689754,32.52183186544142,8.659821042888,281.6332439416151
2025-10-27 18:01:36.523539,28.177862502316433,486.3366199084792,38.50214918060318,7.4978279958825755,288.6824920279739
2025-10-27 18:01:38.528576,34.846934878623365,413.20631911757374,33.082512959556574,6.921331881330449,228.97505166150665
2025-10-27 18:01:40.534856,29.148880762459157,783.7506878573543,38.035149599825,8.21058627071317,312.29087710884465
2025-10-27 18:01:42.542381,38.8223883727123,596.7691985989215,31.23180325147754,7.8021439981964225,243.675026291367
2025-10-27 18:01:44.616723,32.93176558660859,706.1166031445316,37.9301043477183,7.983663339589854,302.8211835476963
2025-10-27 18:01:46.623436,27.724519445267035,650.4225223990666,39.949274581507225,8.705261493455675,347.7688817058824
2025-10-27 18:01:48.631913,26.907212043690407,555.1171869641088,33.62064834748014,9.402086481842204,316.10424333861346
2025-10-27 18:01:50.639970,25.17503872012015,448.58738677626525,34.109706400856055,7.929658488945508,270.47832291698717
2025-10-27 18:01:52.648182,27.594517842444816,726.1963025218804,37.37923351603932,7.142046249253334,266.96421453319317
2025-10-27 18:01:54.656561,36.56006445322772,438.6318474292427,37.45561713458834,9.424513444409646,353.0009672535881
2025-10-27 18:01:56.665399,44.538150882774374,899.9128295538574,32.151403822380196,5.307486658391708,170.64314683584706
2025-10-27 18:01:58.673289,41.91001014986196,647.8951334688604,35.098366931933285,6.662665607351133,233.8486822315822
2025-10-27 18:02:00.681835,41.01647135204625,776.3643026114453,36.546691162117085,5.182969102120312,189.42037107798635
2025-10-27 18:02:02.689577,30.189735774198667,890.8462463714566,37.41701392687268,5.996789500708769,224.38195626454387
2025-10-27 18:02:04.697508,43.23613346571223,723.7973212128795,38.46198639989039,8.246927416216163,317.1932101233893
2025-10-27 18:02:06.706871,28.478357321097594,503.0479807419867,30.34512422553932,5.4789473471762715,166.25933787525307
2025-10-27 18:02:08.717103,38.45561495447073,502.80066874524476,34.79494159266477,5.501453357190883,191.4227482382263
2025-10-27 18:02:10.725038,30.82626673438443,743.1038565017059,38.15357706264568,7.581994423867071,289.2802085395621
2025-10-27 18:02:12.730012,41.99652174135686,844.1253775220177,39.30565259731652,6.240436964169289,245.28444736909063
2025-10-27 18:02:14.737667,40.52119274171474,999.5441155825923,33.04002840442892,8.811044004940399,291.1171441959039
2025-10-27 18:02:16.745478,36.94228878583697,768.3451423075999,32.1960416600472,9.447693158747441,304.17832253037557
2025-10-27 18:02:18.761312,39.33651246575205,672.9447121175592,36.320869943867514,7.632611617463299,277.22309388993676
2025-10-27 18:02:21.871215,41.321623537690456,731.5229002264157,34.63107293809935,8.006705200416864,277.28079178949577
2025-10-27 18:02:23.879175,32.03001145640323,856.1753304624339,33.68184374086677,7.611839517166743,256.38078919776495
2025-10-27 18:02:26.581176,38.76350445150278,767.2396764573832,35.5406509712292,6.498868716870387,230.97402477413056
2025-10-27 18:02:30.285654,37.141702705176996,940.5661490312821,35.915961245761274,5.100353339293285,183.18409287374672
2025-10-27 18:02:33.613634,29.087475444868257,812.8620928121322,36.25406385278123,9.555714470620524,346.43348257682203
2025-10-27 18:02:36.549405,44.812051838969566,860.2619990787585,32.225071902829846,6.725193697169237,216.71985045173676
2025-10-27 18:02:38.555066,30.30147420676421,753.049330406214,38.35139921035381,8.883258098715988,340.6853776324654
2025-10-27 18:02:40.725724,36.18171925451856,721.6748287894619,31.01776665435549,8.013361733790056,248.5565843756415
2025-10-27 18:02:42.734436,36.884183006107065,973.7495208848048,39.66044231120097,7.753702605364401,307.5152748782635
2025-10-27 18:02:44.742670,34.876859972854675,465.7128269869396,39.75159543866839,9.747116967417512,387.4634503821612
2025-10-27 18:02:46.943519,38.554433292028186,961.7369741827147,33.11002253139278,9.815873802957197,325.00380278122094
2025-10-27 18:02:48.950349,34.21723445829794,706.7460589821137,39.2854733596597,5.321754124508072,209.06762988502098
2025-10-27 18:02:50.957138,37.94725308747085,532.0325131314665,35.993496173609586,9.075686649727025,326.66569269982926
2025-10-27 18:02:52.961985,33.54935483257752,810.3992135122371,30.151273746328183,5.762628827559352,173.75059927822426
2025-10-27 18:02:54.967362,36.15534377768739,826.9872833262232,30.505686666840244,6.47030990495913,197.3812465980361
2025-10-27 18:02:56.973788,37.76267609149625,772.8985703269216,35.90864709805045,8.513676066041178,305.71458936259114
2025-10-27 18:02:58.981036,32.87438391591398,406.769230683794,30.749737239545418,8.046962089269618,247.44196982162418
2025-10-27 18:03:00.990476,30.62164970754161,527.36842902214,38.47764726293021,7.915479183009443,304.56901592090435
2025-10-27 18:03:02.998929,39.058610117384056,481.3830775250669,36.57460786158467,5.0066832659486895,183.11747713923134
2025-10-27 18:03:05.258319,44.989797072676794,821.8520789457411,33.080972746439784,7.609421870579825,251.72707751681403
2025-10-27 18:03:07.266545,39.169856007468816,431.40551147626377,34.86187773859346,9.286938728931844,323.7601225338305
2025-10-27 18:03:09.273194,37.42583841977456,535.307708948873,34.0443914339336,8.993765071136943,306.18725854662574
2025-10-27 18:03:11.279050,43.53481074144822,533.8600357379006,35.98999109357601,8.26513971937307,297.4623048873981
2025-10-27 18:03:13.287352,39.92027616731492,966.445998224768,39.274078595801456,9.753719150522311,383.06833251898706
2025-10-27 18:03:15.295236,33.61959454087956,567.933463506396,38.43273255537891,6.997939585506099,268.9499405284551
2025-10-27 18:03:17.302107,42.10377840292258,765.4628320744027,37.493964918646824,9.565593012691103,358.6520088438934
2025-10-27 18:03:19.309463,37.76973144078893,574.411539134556,33.630961666579104,9.666573641670233,325.0961675901756
2025-10-27 18:03:21.317193,31.178898906811263,582.0023630486708,37.32704106099441,5.692966555491619,212.50159637570357
2025-10-27 18:03:23.324237,30.856426356080675,416.94588861410307,30.036150537692638,7.95062125796767,238.80605697249615
2025-10-27 18:03:25.331512,28.282727881691095,790.2710288021369,34.00757464963969,8.565092160344435,291.27801102395705
2025-10-27 18:03:27.339123,39.250053040103154,701.092570349597,38.060796527810865,7.318039371631068,278.53040750615895
2025-10-27 18:03:29.346410,38.50957306007853,525.0783031021398,31.827029841521437,7.055316044405995,224.54975428667458
2025-10-27 18:03:31.353647,29.242715392400157,983.9713003870687,37.09993872655449,8.586470602224399,318.55753321988664
2025-10-27 18:03:33.360753,32.68159444485145,609.6294640197896,37.779899633203584,5.3497960363981,202.11475731323057
2025-10-27 18:03:35.368249,38.99662390084528,669.0109931734819,37.22693279294259,7.143041192415112,265.9135144072579
2025-10-27 18:03:37.375474,42.2062972946418,524.6034594764672,34.88585994021424,6.383742456811013,222.70234524270813
2025-10-27 18:03:39.384074,38.13324293747382,681.6163756075183,38.50907269488678,6.084323193117432,234.30164414294484
2025-10-27 18:03:41.391922,25.277111726020678,986.2356386463355,30.93196548925547,8.029005093081043,248.35290845223923
2025-10-27 18:03:44.247416,44.2732939498619,859.7130884625749,35.49596790582949,7.0429729929451685,249.99714331920555
2025-10-27 18:03:46.254221,36.762291049172084,618.1952721282305,30.344530979671408,8.270471309835521,250.96357287778756
2025-10-27 18:03:48.261507,33.364414962032136,649.0263574928142,34.12046156803149,5.032078585368283,171.69684397937274
2025-10-27 18:03:50.268368,28.169513681704558,723.8357672408631,39.71484036164636,9.149727126854957,363.37995219566983
2025-10-27 18:03:52.276397,31.409796851331357,702.5701013120838,31.593559279746753,9.607806333159093,303.5447989349881
2025-10-27 18:03:54.283705,27.63489929021711,673.7580159381789,39.49124788715977,8.419335753170197,332.49007527367127
2025-10-27 18:03:56.290361,34.80465039264563,563.1523869337275,31.9924965718203,7.7375610515567885,247.54389541618085
2025-10-27 18:03:58.297709,39.21214366672515,587.4748213337035,37.04188744006969,8.495596696378657,314.6929365634861
2025-10-27 18:04:00.303877,34.691976199447325,823.2985311715066,32.626548374953835,6.130422162213102,200.01451523433485
2025-10-27 18:04:02.310227,32.89297724658212,514.5927275146888,30.184184600614067,9.312668856860128,281.0953158998557
2025-10-27 18:04:04.317171,34.48719244787276,908.9821517734069,39.19599266629515,6.36607471552676,249.52461786287384
2025-10-27 18:04:06.323974,29.735847253984076,983.0508893409561,30.47536956102921,7.092821291235619,216.1563500807419
2025-10-27 18:04:08.330793,39.643866939497194,546.1713312438643,31.653807400679057,5.288676203544128,167.40673795154032
2025-10-27 18:04:10.338467,26.076202508221378,423.6738014714233,37.01361489022893,9.060890913247594,335.37632682532114
2025-10-27 18:04:12.345756,41.91570963516324,930.2715946884787,33.565783792461175,6.499049633576217,218.1456948570933
2025-10-27 18:04:14.353386,28.52051781965037,856.4780680056095,35.20823917636737,5.842969237628186,205.72065841857008
2025-10-27 18:04:16.359938,30.193271984355285,548.7319809154949,39.6151457548649,5.152749424322131,204.1269194828174
2025-10-27 18:04:18.366707,36.40124549399911,463.0045703910351,31.161061588602607,9.814821717156516,305.84026400946857
2025-10-27 18:04:20.373984,38.104793609910104,406.3630045834686,37.89524547119985,7.516476534793838,284.8387233645261
2025-10-27 18:04:22.380481,31.998643310807108,709.048029664112,34.25562446826113,9.35816937175019,320.5699357090577
2025-10-27 18:04:24.387231,35.5233879784086,661.7392751468547,34.43647826179432,5.033811394868603,173.34673667336517
2025-10-27 18:04:26.394091,42.696657177494735,802.777154102439,38.840302143661546,6.35666794077519,246.89490344663523
2025-10-27 18:04:28.401715,34.760353134844706,721.5989691895496,34.594885601318744,9.071698077394295,313.83435719715885
2025-10-27 18:04:30.408151,31.71772471665124,975.4940924560759,35.267183700857,9.771468352079792,344.6121693999084
2025-10-27 18:04:32.414845,32.456416803093845,454.09547723565055,36.603127490950314,9.808388530851737,359.01769587554094
2025-10-27 18:04:34.422273,33.485605414070626,977.4842347320229,32.688738487289044,7.554786420218663,246.95643761785044
2025-10-27 18:04:36.430222,28.394674329651437,659.8376711895476,32.448063529402916,9.752844057909419,316.46090358340456
2025-10-27 18:04:38.439165,25.076333997381546,712.54880760393,38.4835356108935,5.2593576002954805,202.39867550139448
2025-10-27 18:04:40.446180,32.30912177367634,665.1092433729309,30.653211219932153,6.892545199447642,211.27864384159795
2025-10-27 18:04:42.453250,33.29278493461519,808.9852166936159,30.992516448018915,7.491314880609991,232.174699654594
2025-10-27 18:04:44.460420,37.67034197926258,713.7652377290599,37.542682976485864,9.54763310098179,358.443762685962
2025-10-27 18:04:46.469780,31.31008369946213,983.522983191526,37.415270182069534,7.358244596208884,275.3107096329085
2025-10-27 18:04:48.474669,33.09064828456351,827.1742011802073,35.72009931808324,9.613044856347644,343.3789170179271
2025-10-27 18:04:50.478491,29.32076156509639,557.9506110712941,34.68701484840987,6.6359436456443355,230.18107576967623
2025-10-27 18:04:52.485066,44.0161426977994,527.105145820753,30.325876177924865,7.509809318055483,227.74154749917696
2025-10-27 18:04:54.494119,27.831360983197293,995.6301240219238,34.963855289356204,5.354438123635494,187.21179971060337
2025-10-27 18:04:56.501029,35.25093890870185,738.3253918068656,34.15066310223794,8.199447783172328,280.0165788675099
2025-10-27 18:04:58.508278,33.10180157773865,755.1170623929839,30.534386786648614,8.439212853178114,257.686189433797
2025-10-27 18:05:00.516277,37.149900814649435,682.9843327574122,39.01206688345789,5.841717350395709,227.8974679878938
2025-10-27 18:05:02.523786,39.517090476138,672.7061086377892,35.51741452790813,6.365810308112092,226.09712351924776
2025-10-27 18:05:04.531401,44.274646688315784,428.68424117843284,33.38366855410714,6.732312734865701,224.74929694335114
2025-10-27 18:05:06.538081,38.51510013177138,921.1123703363653,39.35878771028931,6.084916527374068,239.49493783574678
2025-10-27 18:05:08.545754,39.33012473825153,802.1165313737424,33.87128622115203,8.631044411473408,292.3445756484905
2025-10-27 18:05:10.552804,31.910256642287735,605.1983698715762,31.75733010996144,7.239287918622361,229.900456192746
2025-10-27 18:05:12.561110,36.48020236097864,549.1564120778564,34.85596158059672,8.116128139751538,282.89545062237954
2025-10-27 18:05:14.567650,44.42090585071536,760.3991179095586,35.46225092607558,5.078101017954728,180.0808925266704
2025-10-27 18:05:16.574656,26.292553020617742,770.4511436689429,31.752001142209114,6.878216617531421,218.39714189621938
2025-10-27 18:05:18.580722,43.61157810504817,627.7270539109277,37.359762522811195,8.126153573859938,303.59116774330073
2025-10-27 18:05:20.589649,33.27540259863759,658.084707349929,37.30166058323648,9.028725079971165,336.78643843243907
2025-10-27 18:05:22.597422,30.603683902881905,424.72159779316576,34.60362665097476,9.592641827480296,331.9401963946524
2025-10-27 18:05:24.604751,40.8701410104638,486.07352579857314,37.30760435922467,7.739295274104295,288.7345661055003
2025-10-27 18:05:26.611896,35.04351100207382,525.3157916290417,32.61886807531204,9.750447959650621,318.04857567103903
2025-10-27 18:05:28.621964,25.66861056708589,680.6751069771826,37.913356516501615,8.65322288928977,328.07272441839524
2025-10-27 18:05:30.628494,28.130369235218595,749.814947449236,34.68986645059461,6.738864097258825,233.77029556261544
2025-10-27 18:05:32.634831,40.11240306824411,693.9135885112846,32.08006395737849,6.833350750308552,219.21432911309867
2025-10-27 18:05:34.641897,28.319697332338492,808.0269004810243,35.76090590616828,9.918606450564859,354.6983519989637
2025-10-27 18:05:36.648439,44.87917199487934,724.3320138464773,38.34253224678692,8.478231296807222,325.07685689354895
2025-10-27 18:05:38.656143,43.36139707922436,755.7604577885375,31.779753667119312,9.2805227185153,294.9327258965207
2025-10-27 18:05:40.663280,43.91496453945763,979.1913462645026,32.29419006205034,8.24097057858415,266.1354701605615
2025-10-27 18:05:42.670203,44.04289168191416,938.5182803789227,38.10090585075732,5.621269069376474,214.17544357408727
2025-10-27 18:05:44.677461,33.534271030039065,864.7919282453518,34.17014231175956,7.0846035544018235,242.08191167630795
2025-10-27 18:05:46.684276,26.017652182238603,431.18522926029135,37.38858674549082,5.672162856981813,212.07415301281554
2025-10-27 18:05:48.691901,33.66221096089129,590.2538118388502,31.739052879061724,8.031478438434,254.9115188545008
2025-10-27 18:05:50.700553,30.133441426612396,672.2459556372315,35.907278400014064,6.953800240485369,249.69204117319288
2025-10-27 18:05:52.707526,37.76175530704214,426.03169087110894,31.85831431252951,7.31586827506387,233.0712309760479
2025-10-27 18:05:54.714157,43.92384162887646,964.3660389748698,37.31917483641536,7.121971988722416,265.7861178271846
2025-10-27 18:05:56.720397,30.326044044209965,724.4995450527578,36.29033771980719,8.736693300939137,317.0575504454584
2025-10-27 18:05:58.727622,44.643531735799144,785.4074077342906,34.082076995268935,7.860807052221641,267.912631198771
2025-10-27 18:06:00.734222,32.20501869169165,578.3503863608039,35.43975225404054,5.2131802981908955,184.75381822353054
2025-10-27 18:06:02.741958,33.76948925543893,823.1401846378174,33.91345377267522,7.64689126125002,259.33249329307665
2025-10-27 18:06:04.748732,25.81730105840602,523.3700353064376,30.284195521075596,9.629904909954336,291.633923142423
2025-10-27 18:06:06.755262,42.36436089549587,966.483249064642,31.014520242919975,7.727189039682938,239.65506089211584
2025-10-27 18:06:08.759244,28.862535117218847,772.4276570897334,33.89067695451665,5.551390713736513,188.14038932754778
2025-10-27 18:06:10.765959,31.796887451493777,543.6718331274517,37.46782351529224,8.098478972059368,303.4323808674257
2025-10-27 18:06:12.772972,31.19510123260575,647.2505787301329,31.66220942227393,5.230636237574019,165.61349996580356
2025-10-27 18:06:14.780176,33.23396426025244,410.4349521045159,38.09447533366269,8.231010751455585,313.5560360424372
2025-10-27 18:06:16.786993,30.366873671376254,554.8415238933468,35.914098343594,6.728509081853424,241.64833687144923
2025-10-27 18:06:18.793354,31.106669531222604,859.0482308405758,36.78585625659301,6.183132980357101,227.4518410308158
2025-10-27 18:06:20.800686,31.930978438447518,968.8319746210617,36.96121967503935,8.478960929334722,313.3927375252165
2025-10-27 18:06:22.807573,44.54125821820412,684.8563670924794,35.41334989261826,7.807717897405173,276.4974457636671
2025-10-27 18:06:24.814996,38.02520102138113,606.486686616268,33.311975922095236,9.968065222276538,332.05594867435093
2025-10-27 18:06:26.822467,29.58202784319278,617.7481030903185,32.478005895832794,9.323821670632318,302.81913519049
2025-10-27 18:06:28.828399,34.832457235593935,818.7667001941419,38.15206880845653,8.757936512927975,334.1333964613219
2025-10-27 18:06:30.834677,29.396555017812517,490.42419723657156,32.175504867022866,9.54578568461678,307.1404737549444
2025-10-27 18:06:32.842300,38.22230508885177,847.6636577675611,35.6858098044543,8.205890513041783,292.833848124585
2025-10-27 18:06:34.849014,39.28426928130319,902.5533523231956,36.10874372493326,5.256223487457988,189.79562686959545
2025-10-27 18:06:36.856609,30.523506600344568,771.3985299008339,32.82614012659108,8.941554094127946,293.5167076433381
2025-10-27 18:06:38.864865,38.176790582075064,429.4479027921817,36.62766062428786,5.829762989868314,213.53058031293034
2025-10-27 18:06:40.871980,37.71435547486598,424.5078332053777,36.09231675215188,9.60794474532398,346.77298508540633
2025-10-27 18:06:42.879027,39.80341853040733,427.01461374912526,32.67260169503036,6.133146039365888,200.38583768165466
2025-10-27 18:06:44.885566,44.15756063575676,501.9563042419875,37.456929361480206,7.66992235816252,287.2917399777312
2025-10-27 18:06:46.892168,39.814864217156114,935.8057683457156,37.397734470334115,6.643929486272539,248.46791076724375
2025-10-27 18:06:48.898899,30.462395224347087,775.4335915204133,38.203951589126376,9.010891415393736,344.25165940857676
2025-10-27 18:06:50.905955,27.42812661762866,688.2112146138572,36.645189445661345,9.93980304411387,364.2459656041141
2025-10-27 18:06:52.913180,42.641716482672855,684.8463198184153,39.31638672051838,7.158317660138085,281.4391853943052
2025-10-27 18:06:54.920023,29.521385794905093,913.976761709481,33.43750180096426,8.606784769244582,287.7893812221275
2025-10-27 18:06:56.926785,39.64500391252531,674.8058902274659,31.723648798322767,7.33481209054341,232.68700276209077
2025-10-27 18:06:58.933477,44.50918029716034,767.7090770854498,31.41377942943863,8.596786276453106,270.05754789052287
2025-10-27 18:07:00.939744,38.31251848178378,540.5031816211625,37.06882234274983,5.73408300854284,212.555704342255
2025-10-27 18:07:02.946749,28.641345904836133,525.2509264088976,36.13351436798619,6.283105716948092,227.03069069892004
2025-10-27 18:07:04.954593,34.871646888078565,644.291605160924,38.52859160851612,6.650530667500577,256.2355800680419
2025-10-27 18:07:06.961923,40.718460910084744,676.2623774741141,35.24930762914268,5.262927303351469,185.5145435456502
2025-10-27 18:07:08.968928,32.73399155584902,865.3439107965414,39.73465662314128,8.227705787193948,326.9250642503838
2025-10-27 18:07:10.976016,37.07395742095454,638.6635003298431,32.826325679302656,9.910628711092086,325.3295257569563
2025-10-27 18:07:12.983117,25.985895134399108,554.1491816631318,30.500475740866406,5.463531510856648,166.64031030634237
2025-10-27 18:07:14.989779,40.58844415672145,439.91975625045353,31.103252700881963,9.05490533073263,281.6370086843402
2025-10-27 18:07:16.997346,31.679379739235905,673.0889929452447,39.9042824444975,7.149512246208502,285.2961560130978
2025-10-27 18:07:19.005090,28.994807028367386,797.8143507175762,33.85737245851509,8.973685527768497,303.82541323924454
2025-10-27 18:07:21.011834,39.70326982712013,957.9174785488185,33.54030015454131,7.201827669366958,241.5514616918485
2025-10-27 18:07:23.019250,36.43936832592043,871.4246217911295,30.35535900115682,6.748470697015536,204.8522507166936
2025-10-27 18:07:25.026129,28.3579078269102,874.3932457453161,35.25906928482225,8.061020980502153,284.22409725793125
2025-10-27 18:07:27.032756,41.27155908770294,844.2585617334128,34.1250864747469,9.705991702117256,331.2178061579272
2025-10-27 18:07:29.039391,36.793549920875876,669.5732722588396,36.14091410512689,7.174322781656638,259.2865834143076
2025-10-27 18:07:31.046167,29.96157634969125,445.91084238630606,33.368118134126085,9.580609295685726,319.6869027753478
2025-10-27 18:07:33.054223,27.870551032554058,483.59828139709043,32.903014349458125,6.276003239652545,206.4994246515334
2025-10-27 18:07:35.060825,25.012974740573114,805.1009161892916,33.913791408290166,5.382349586872714,182.53588117569797
2025-10-27 18:07:37.068098,32.60214576437401,624.6704297856538,38.17894826675257,5.47965761570954,209.20756462969126
2025-10-27 18:07:39.074350,30.152177719830675,609.9688216091604,30.254070641225105,9.069684063686378,274.3948623563613
2025-10-27 18:07:41.080766,35.840825339512875,459.75131720391374,35.38427276784386,6.398478931103345,226.4055237974628
2025-10-27 18:07:43.087708,39.615184569004995,619.4570055173527,39.73615329312943,7.042925474652611,279.85876629288254
2025-10-27 18:07:45.094477,30.74075287104288,981.9287595267126,31.96483214092539,5.200323620564443,166.2274716098318
2025-10-27 18:07:47.099558,38.876031582757825,723.9959101502807,32.5428552501289,8.083272308270846,263.0527606754335
2025-10-27 18:07:49.103233,30.446802934634675,771.6015758354188,38.689582875423724,9.981621721493607,386.18478082485655
2025-10-27 18:07:51.108321,29.348072601766184,848.288169918281,35.743768245832044,8.207057679372635,293.35116767167165
2025-10-27 18:07:53.113028,37.567308045054226,656.0589343872152,35.53338110921983,5.112430096053106,181.66192699730036
2025-10-27 18:07:55.119530,39.260781831546126,660.5302714455729,36.49779456857219,6.787361270808698,247.72371732465894
2025-10-27 18:07:57.127113,40.31802116348191,738.9161582828666,34.70081076735454,5.4418303921043085,188.83592666445037
2025-10-27 18:07:59.135186,38.404254818776025,827.0336725299308,37.16056851590694,8.823342215240105,327.880412928724
2025-10-27 18:08:01.143361,25.630498632589138,456.05456765230826,32.248654925392394,5.403080541124679,174.2420799048322
2025-10-27 18:08:03.150419,31.20300316478533,952.4757679979355,35.65091462194164,6.736867669619539,240.1754941089251
2025-10-27 18:08:05.157784,43.59914460150496,780.8559366069207,32.44345376653156,5.22855599652423,169.63241473895522
2025-10-27 18:08:07.159988,44.070144145112174,746.2440490116554,37.861042731410805,9.550936036837635,361.60839741568105
2025-10-27 18:08:09.162118,26.42581857884817,507.6708284299627,39.13340709323123,5.184463253222746,202.88571104826366
2025-10-27 18:08:11.165742,38.014676535397115,613.1666467736264,33.973374754635834,7.069713847760148,240.182037957994
2025-10-27 18:08:13.175056,44.71940878502049,682.0575608285483,39.57553010920732,7.753584797736139,306.8522286170987
2025-10-27 18:08:15.183990,36.93291408459281,544.2206890194589,37.85219022999038,7.670368004613075,290.3402288446458
2025-10-27 18:08:17.191890,34.057355180510314,525.9012797220012,37.45848917548056,8.220777228921621,307.93789484359763
2025-10-27 18:08:19.199314,31.463027579179197,569.5748339571817,33.19435332390256,9.70998081436942,322.31653392049367
2025-10-27 18:08:21.203106,32.474043640759646,561.4544997763585,34.617263644532954,6.159058351424192,213.20974675331374
2025-10-27 18:08:23.224329,29.353496775777245,592.851327545884,30.57547780299846,9.371389627718342,286.53471554555216
2025-10-27 18:08:25.269446,26.839737254490352,577.6233697221858,33.81763504253303,7.626093830309925,257.89645795353385
2025-10-27 18:08:27.308325,41.43577581204127,411.3558402164229,32.708506200289214,7.062434620130214,231.00168656166633
2025-10-27 18:08:29.311820,30.50908524850147,553.6830317078212,38.240543854668495,6.871212702822627,262.7589106970439
2025-10-27 18:08:31.319470,26.90101270215068,946.7492943508745,30.64065597705404,6.207914996791347,190.21458775147818
2025-10-27 18:08:33.323318,42.46683761766836,422.0782908015402,38.20779121698556,9.580892152768836,366.06472704544706
2025-10-27 18:08:35.331262,37.37304645112491,761.5997040528081,34.499148789735884,5.7600545374842484,198.7169785256624
2025-10-27 18:08:37.339455,33.864305183033544,621.9247285213787,33.94863241482394,6.869448024023898,233.20836586032596
2025-10-27 18:08:39.343972,27.757132932753944,846.1862569107026,30.779888772476504,9.497334284548801,292.3268929134398
2025-10-27 18:08:41.351221,31.29874471143702,556.9432221208735,30.567597191603916,5.892217327897969,180.11092584457387
2025-10-27 18:08:43.358663,28.38168721408142,940.1180894809684,37.93640207768546,8.543794974520345,324.1208414227122
2025-10-27 18:08:45.377426,43.7239580200023,915.6583115013938,36.77570700779006,8.85028607219648,325.4755275262229
2025-10-27 18:08:47.381718,31.842837143850236,709.734658684232,36.88348156659864,9.728113354200588,358.80668957743944
2025-10-27 18:08:49.391038,25.46272502079337,695.3107077280798,39.62437846519027,7.187570049854738,284.8029959005106
2025-10-27 18:08:51.397940,30.506938483213013,984.399968508261,30.016670009712193,9.449517273561568,283.64304175157287
2025-10-27 18:08:53.404544,41.63334360563158,535.1917633423973,30.428644136730423,9.016466492808995,274.35885028043873
2025-10-27 18:08:55.411847,28.77731699958076,816.7869656201651,38.13886372277889,8.64566685531419,329.7359099873742
2025-10-27 18:08:57.419044,32.19117287283947,854.9465237631664,33.715411316282506,9.587034239115848,323.2308026750743
2025-10-27 18:08:59.426527,37.69688592472208,567.3002221739328,32.83884159502185,6.555407933484554,215.2720027184488
2025-10-27 18:09:01.433098,43.550595359993935,419.4596312578396,31.210052521950647,5.134473699044996,160.24719381976854
2025-10-27 18:09:03.440151,39.81288228048419,953.5559408375728,33.035142458048966,9.93679990266121,328.26360036154017
2025-10-27 18:09:05.447724,37.327040243288906,793.3632955656713,35.6354171794211,7.098357571336712,252.95293334328608
2025-10-27 18:09:07.454121,43.94520563777344,889.3074419940291,31.460754325955293,8.84480416030156,278.26421074843466
2025-10-27 18:09:09.460651,43.06802098212691,584.6972493062624,30.049741510849522,9.047704021783902,271.8811671212799
2025-10-27 18:09:11.466587,30.522328313312382,587.8834483136073,33.14488275624908,5.658425153959909,187.54783831301185
2025-10-27 18:09:13.473308,28.31062687888955,598.3233824090412,36.35995483545201,6.466040041561101,235.10492387538585
2025-10-27 18:09:15.480053,28.020136654457882,405.4561018959368,32.447027610911725,6.061291376641078,196.6708886556542
2025-10-27 18:09:17.487031,26.480103174644753,634.9571142753064,32.34918408234131,5.303247411839272,171.5557267597887
2025-10-27 18:09:19.493317,36.347678677028014,830.7884717647185,30.08263261326644,6.243675868332874,187.82620730337516
2025-10-27 18:09:21.500906,31.950741023625522,400.20289226334495,39.14260189310693,7.879728811797948,308.43308790585155
2025-10-27 18:09:23.507958,27.47853101344495,858.7528540596315,32.57429971186929,9.400991293101674,306.23070797016754
2025-10-27 18:09:25.514430,26.3578195317455,958.7267490867581,38.372139250952884,6.12432453794084,235.0034339878936
2025-10-27 18:09:27.520312,33.28775625413489,733.3152825011903,37.794735104100134,7.668314665470851,289.8219214763571
2025-10-27 18:09:29.524167,43.5093279419785,820.8309761059919,34.56536729047583,5.214506683701156,180.24133876077153
2025-10-27 18:09:31.531201,26.73978453388599,446.89295768836837,39.340536684576726,8.407984984795947,330.77464173773524
2025-10-27 18:09:33.537825,43.73676044466285,408.52630818926457,30.209922260438983,6.516312575260051,196.8572963233271
2025-10-27 18:09:35.544947,32.086915147784026,907.1586126709432,32.946265636921424,7.877129915515066,259.52201465309975
2025-10-27 18:09:37.552375,39.238759621712944,444.7626742698484,31.175517966684907,5.830177077878755,181.75879024036362
2025-10-27 18:09:39.560187,29.724884524932698,845.0301261343081,32.32485632450256,9.04484456372854,292.37330099998314
2025-10-27 18:09:41.566082,28.012417969233976,649.8254017001232,32.929120120194995,8.558415465423353,281.82109089946016
2025-10-27 18:09:43.572450,33.491404323649725,629.1674529475282,37.714948542049456,5.395989752627825,203.5094758537846
2025-10-27 18:09:45.578860,29.896778525384907,400.47264748018864,36.19551221084306,5.282060381628119,191.18688104163095
2025-10-27 18:09:47.587495,33.15378512976423,737.7782389804834,38.47980749299031,9.287131698059824,357.3670399033902
2025-10-27 18:09:49.595560,31.33028203608024,846.3659807459828,38.75182174241961,6.108814906328686,236.72770630748497
2025-10-27 18:09:51.603113,30.014857159346768,944.5574984024395,30.573447185607645,7.265912531546227,222.1439930384733
2025-10-27 18:09:53.609678,32.890921803725966,542.8299921737646,33.19324772664003,7.267504519132473,241.2320778580401
2025-10-27 18:09:55.617264,26.76658331721336,632.970972778084,36.02217923925165,9.997514882443902,360.1322730424801
2025-10-27 18:09:57.622243,39.308929377317135,592.3181955306834,33.73994304435326,8.552992449726155,288.57747811254393
2025-10-27 18:09:59.628785,43.906951965950455,465.90260971387556,39.55477386366178,6.370330994927258,251.97700194102325
2025-10-27 18:10:01.634618,40.354512460598045,954.5021844408634,30.303556368974128,5.254640521360241,159.23429523773567
2025-10-27 18:10:03.640378,26.00191484244517,707.4936229209873,31.063876047657242,7.335015407496002,227.85400942611187
2025-10-27 18:10:05.646510,37.20116037729986,538.9482004417137,38.72370910566724,8.950150102262013,346.58300901205206
2025-10-27 18:10:07.653438,42.516629855639195,776.3265406486637,35.13728196300609,6.88279812307138,241.84281834480817
2025-10-27 18:10:09.659415,38.62406951364159,729.7428773179032,38.34956693930674,9.568689219366274,366.9550877395097
2025-10-27 18:10:11.663226,38.83740102534357,781.1474124777775,33.54063910484316,6.259170690848732,209.93658523736914
2025-10-27 18:10:13.669485,25.822783091087366,456.1295602697694,37.86161351669682,8.162724010188995,309.05390171723735
2025-10-27 18:10:15.677,42.26791312853026,972.6182316147501,32.520242298349054,5.769090273862896,187.61221354707027
2025-10-27 18:10:17.684376,25.08296630529803,755.0947678307298,33.656719830795936,7.928933713982807,266.8619005684716
2025-10-27 18:10:19.691400,29.360401924182018,400.9086446004524,30.177310107602136,5.136432861129615,155.0037272971865
2025-10-27 18:10:21.698361,33.346318661349116,966.6587520830199,38.69345589043854,5.0172674080039705,194.13541514213657
2025-10-27 18:10:23.707308,41.97486065985508,741.3364050486296,38.78121774040039,5.162730724237263,200.21698435170032
2025-10-27 18:10:25.714436,37.73460243398013,497.35756795301467,37.948413943902196,5.618472675111702,213.2121268076424
2025-10-27 18:10:27.720590,41.155851810365206,865.7114143537108,38.19229924500604,7.823101379590136,298.78222891332604
2025-10-27 18:10:29.726750,26.54097990681648,414.89771052734824,36.71479885170488,6.348060948176337,233.06778081065715
2025-10-27 18:10:31.732691,25.9186255784435,509.14903108425455,32.50915429388543,7.971538717892646,259.14798213965366
2025-10-27 18:10:33.741311,34.61294353858726,898.1566939284913,33.80467645912557,7.3466451139518005,248.3509611371563
2025-10-27 18:10:35.748476,42.47192657587333,400.9325926296449,39.004929715692654,8.15161766832202,317.9532742220988
2025-10-27 18:10:37.781466,44.71631414646755,670.4960941940449,32.82331462352674,9.750862279830592,320.05562046155876
2025-10-27 18:10:39.788707,42.72791902379265,451.9376994189643,36.61848313139639,5.109707738411334,187.10974662538104
2025-10-27 18:10:41.796172,31.27783369812105,782.3098093655731,32.633759937196665,7.981021972604531,260.45075510746807
2025-10-27 18:10:43.803185,43.563457726436184,534.79782762232,33.20011182084386,6.5837968788548675,218.5827925837044
2025-10-27 18:10:45.811373,25.308829785030206,440.0869070080044,34.966397474219875,8.405882536586075,293.9234298958723
2025-10-27 18:10:47.818696,29.46093747410193,705.2747302110852,39.13828647591073,8.87454111826532,347.33433262891725
2025-10-27 18:10:49.825409,34.494355945720415,413.4588843792604,39.57600662535336,6.333617261037851,250.65927868528638
2025-10-27 18:10:51.834414,39.826946395522505,886.0973246340711,37.159740377728816,5.729572936171658,212.9094427834002
2025-10-27 18:10:53.841902,30.28113081659534,534.3940067620463,36.43667252311302,6.540624111166222,238.3185788353408
2025-10-27 18:10:55.848656,42.617745620400584,599.6348374608003,30.41946475886401,6.34891455027129,193.13058241901643
2025-10-27 18:10:57.855949,30.27100578301407,465.0557384959585,35.59366135321693,5.242855012509462,186.61240583927773
2025-10-27 18:10:59.862964,27.68188411272725,641.6110649531249,32.61845366707458,8.615047358879997,281.00952311528044
2025-10-27 18:11:01.869312,29.172591794974153,493.32377716105117,32.074279558909325,7.232088164516181,231.9640175833714
2025-10-27 18:11:03.876675,42.13486516543294,907.9638524096667,37.92049008114262,5.493307530243585,208.3089137132679
2025-10-27 18:11:05.883017,36.210115665843986,763.0304375771708,39.9165355710439,7.4120139845185244,295.8619198661085
2025-10-27 18:11:07.889555,32.530782039939965,759.3530382412964,31.890020977488998,6.340460944421885,202.19743252456362
2025-10-27 18:11:09.893522,35.78166020903471,482.6681010035316,32.500940812962156,5.919622509222924,192.39330080733276
2025-10-27 18:11:11.899924,44.7526921911375,551.5230248513545,36.813028606542055,9.535718128105845,351.0386642338821
2025-10-27 18:11:13.908870,40.22664131640404,505.47303236331624,36.79396380628212,7.396207277902245,272.1357828868956
2025-10-27 18:11:15.916464,40.15863585993401,937.1047051010485,34.346899226396,9.421542534432104,323.600771987343
2025-10-27 18:11:17.922930,35.87747960063648,521.4037009664494,31.558730807933376,8.742583892081308,275.9048516159685
2025-10-27 18:11:19.930048,34.74606968153351,969.7671906904327,38.15558467843407,5.808596690415396,221.6304028840165
2025-10-27 18:11:21.937236,31.778718705148023,857.7658225123134,30.945902761479125,6.271834713993434,194.08758719531005
2025-10-27 18:11:23.944547,28.126564289471958,887.586252770431,32.55108747921473,6.601803693618445,214.89588955157691
2025-10-27 18:11:25.951276,26.33430104509944,972.9155401656377,33.71992694306537,5.6484184589503315,190.46425777966704
2025-10-27 18:11:27.958116,25.751767624814867,535.7209969797407,37.652031603202445,9.76671259384436,367.7365712428232
2025-10-27 18:11:29.965251,27.043075225928046,941.909406636197,32.67147218858022,8.230656634976931,268.90766934340206
2025-10-27 18:11:31.972004,41.89588616113247,537.80221716103,39.376000155477655,5.50026355494737,216.57837859477573
2025-10-27 18:11:33.979711,29.724033931472064,723.6368539284397,39.165535038735044,7.564796490563541,296.27930201206624
2025-10-27 18:11:35.986990,42.39490038093588,466.7317540854666,31.76500768863879,6.607685842569929,209.8931915933435
2025-10-27 18:11:37.994118,32.1533229991817,413.0353843718922,35.46568845365453,9.687098260053812,343.5596089110074
2025-10-27 18:11:40.000641,33.68251602750317,873.5439027011524,33.73456722364415,5.512704866875171,185.9687129157107
2025-10-27 18:11:42.008357,37.68682534560795,931.450042671485,34.389225832348814,6.231496612065771,214.29634426584633
2025-10-27 18:11:44.015510,41.15317299450092,553.2143146740908,31.53882260452789,5.881140977849486,185.48426201261464
2025-10-27 18:11:46.022572,42.966391705473086,656.9451270100076,34.451461364416545,5.486952316361313,189.03352573551763
2025-10-27 18:11:48.029716,25.186800912346317,560.1104406292593,38.12062726668286,9.326978183498024,355.55025885761097
2025-10-27 18:11:50.037613,32.34904898940497,984.0194269137297,34.61436985293713,5.380419648056427,186.239835661835
2025-10-27 18:11:52.045155,35.15662004976126,511.07003607005805,37.31013492025872,6.877222998386868,256.59011794652025
2025-10-27 18:11:54.052508,42.35949044025672,488.40259435505834,36.05626381877687,8.674567237960957,312.77248484563887
2025-10-27 18:11:56.060512,35.75014068142897,827.7421194096432,31.190078442101335,6.044540751597385,188.5297001888006
2025-10-27 18:11:58.067454,34.76400411004879,447.0401521404172,37.047839420273384,8.220929591318752,304.56767938455084
2025-10-27 18:12:00.074761,31.269767276681186,737.9531982125816,35.39969146358501,7.053495486507767,249.6915639621644
2025-10-27 18:12:02.080915,26.768493669218064,593.4947668940857,33.61637863324556,9.76038265264957,328.1087188568296
2025-10-27 18:12:04.087734,29.785253328157918,707.1600022828526,39.85794077899212,9.62834936176767,383.76617866078243
2025-10-27 18:12:06.095115,44.77402758380178,879.804871641155,31.10791509870562,6.8448176109362535,212.92800510713002
2025-10-27 18:12:08.101844,36.53114991489001,515.916699755536,34.93797177039881,7.455039984488234,260.46397652524433
2025-10-27 18:12:10.108645,44.34080719664077,879.146700647342,37.88219587558986,7.81434042837728,296.0243747463289
2025-10-27 18:12:12.116247,27.223599376293844,991.0403280456718,33.1560523200853,5.601938126878177,185.7381536286535
2025-10-27 18:12:14.123175,39.137265013186834,695.4065265325858,35.07367274591602,6.982183251524642,244.89081041599115
2025-10-27 18:12:16.129798,26.220845421170836,546.8456685579013,34.12593432683253,9.614155539853858,328.0920405610059
2025-10-27 18:12:18.137087,33.243860176469994,846.7009325746822,35.79696503205922,8.093161293304451,289.7106118152346
2025-10-27 18:12:20.143871,37.80585435435899,868.4916377990489,30.033714911297256,8.981616685370042,269.75131497095447
2025-10-27 18:12:22.148066,31.973372235352535,957.9681879923997,32.89574495330269,5.71718974088356,188.07121556574427
2025-10-27 18:12:24.157135,32.175061104285106,560.1677177288127,38.22629545187216,8.936550003954554,341.61120077159615
2025-10-27 18:12:26.163760,40.411148789640364,953.1728246909829,32.572489779935495,9.578289018577912,311.98872116689745
2025-10-27 18:12:28.170804,37.9211280768835,708.9256865630409,34.131621173292025,5.557771135585597,189.69573896766462
2025-10-27 18:12:30.177739,28.36025563840802,412.88804286086287,38.49867867626904,7.885031236683489,303.5632839334219
2025-10-27 18:12:32.185015,31.715114731360167,948.877927344984,32.993253073725874,9.428289686498207,311.06994767903495
2025-10-27 18:12:34.193178,37.574269798086426,794.7511822334147,33.621408849387066,8.687323942317544,292.0800700717272
2025-10-27 18:12:36.198957,28.56828209436997,859.1310922304982,34.407658738004024,7.412899478951311,255.06051553088454
2025-10-27 18:12:38.202853,25.24288113998533,880.09664400673,32.070264466702504,7.523494191067142,241.28044842122327
2025-10-27 18:12:40.209370,36.791949750877734,778.5948298739033,38.198328890992855,7.234365203084769,276.3406613449863
2025-10-27 18:12:42.216974,28.479882331296963,630.0475877046838,34.03123797750394,7.345433479999337,249.9741948057824
2025-10-27 18:12:44.223513,43.6360233976348,521.6823424365767,39.66170893505627,9.490138837807189,376.3951243383819
2025-10-27 18:12:46.230774,43.78970580551156,845.8207407035229,34.5443127642459,7.9613785485167226,275.0203506145197
2025-10-27 18:12:48.237268,25.41656773311246,975.0334595627355,37.67011460837741,5.006772527606547,188.60569493301406
2025-10-27 18:12:50.243894,31.72164333894708,641.1904342986363,37.27285771469839,8.212041282026894,306.08624625221773
2025-10-27 18:12:52.250589,39.70822003136471,413.31570255965477,34.42156895043463,8.78107820165734,302.25848877750667
2025-10-27 18:12:54.257098,41.03657039910095,419.61567538820424,31.914118547429812,5.1000698544511165,162.76423393512604
2025-10-27 18:12:56.263613,43.52584827108629,740.248522549026,31.420693580375854,8.402161132705555,264.00173036368494
2025-10-27 18:12:58.270069,40.39723125625242,684.4197007109055,34.75618348074531,5.78478131290143,201.05692070718882
2025-10-27 18:13:00.276913,41.99400388392108,512.589799147384,33.84901815826329,8.182179543324173,276.95874393615037
2025-10-27 18:13:02.283309,41.75095480929095,460.9230656251789,35.4222971281643,6.2941058420078875,222.95168729171814
2025-10-27 18:13:04.291359,27.40471812122432,829.8105843524628,34.84428915050064,8.14679605056866,283.86931723617107
2025-10-27 18:13:06.298565,25.892958205944264,528.8101443340018,34.882739814865104,9.39840562353881,327.84213804046937
2025-10-27 18:13:08.305557,40.063153569357326,910.9314676194812,35.15994563081168,6.599761492063902,232.04725523729132
2025-10-27 18:13:10.312141,44.12478638425019,692.9260360003794,32.43953241659555,5.77103904755209,187.20980826050473
2025-10-27 18:13:12.316892,28.177582512993105,510.1676553769944,32.75022986133298,8.437996425417166,276.3463225015183
2025-10-27 18:13:14.324314,39.32453883568103,898.5595711583533,36.90269838885801,5.396351508289469,199.1399321106653
2025-10-27 18:13:16.331263,25.28415546985744,989.3533613909664,36.09478692991764,8.304912117134052,299.7640333396448
2025-10-27 18:13:18.338038,38.47147662857081,580.5467041935531,34.498227776641436,5.602546475404134,193.27792443771148
2025-10-27 18:13:20.346381,30.436804259683083,613.8439342413325,33.049529726358855,9.931248980676896,328.22310840675215
2025-10-27 18:13:22.673688,32.097525807317176,944.1435622362538,33.06149115843369,5.728465462426212,189.39161023739697
2025-10-27 18:13:24.678529,26.036607968261414,544.5747903668232,33.138039781326,8.102363963408218,268.4964593422037
2025-10-27 18:13:26.685434,39.68590475223697,488.4434965315071,37.03659345039708,6.985855863503568,258.7323035196543
2025-10-27 18:13:28.694177,25.523233034947157,494.41126646265025,39.13231411062496,6.707282791018452,262.47149700692336
2025-10-27 18:13:30.701982,35.91001129068173,742.5001506703437,37.641699077680045,6.64147266296849,249.99631541209826
2025-10-27 18:13:32.708804,42.342646760322076,948.7470989667129,35.88800144698894,8.713952902656395,312.72635437952613
2025-10-27 18:13:34.716208,26.887026487617284,473.33093383962716,33.229585237563064,5.173852996387077,171.92498915006544
2025-10-27 18:13:36.722758,32.04904451734784,852.5890712804264,39.880215430043876,7.938327247940818,316.5822008020672
2025-10-27 18:13:38.727707,39.28580404440951,687.2408444242452,33.66657165007294,6.23354746413256,209.8621723353493
2025-10-27 18:13:40.734952,41.89612015275171,737.9753739794127,38.577935299732346,8.276861950026753,319.30424479294857
2025-10-27 18:13:42.741850,33.23403220564033,676.8482335094368,35.33748777669127,5.141718249019753,181.69540577592596
2025-10-27 18:13:44.748598,42.48851578129987,739.566252256219,38.41892967511255,8.419848874179108,323.4815817721627
2025-10-27 18:13:46.755277,25.685804644628117,417.50377840620337,35.13349854267775,5.05396579955364,177.563500053361
2025-10-27 18:13:48.762016,38.643978654592615,672.2412477558039,36.73658299678209,7.778332755101708,285.7493668343826
2025-10-27 18:13:50.769524,37.619040470011484,642.2594213137785,37.46261570234405,8.5831983180605,321.54906008650636
2025-10-27 18:13:52.776313,41.430503071175885,691.067709930064,34.36114495322849,9.850945500687917,338.48976627549155
2025-10-27 18:13:54.783436,30.047145554094786,798.9215455185099,39.354655877290895,7.824622737027251,307.9353351853335
2025-10-27 18:13:56.790523,33.10465503509294,948.3182774736069,38.203740449146025,5.097803025485786,194.75514364653029
2025-10-27 18:13:58.797290,30.34508333216372,644.9812861251464,35.54065308663203,7.181648469607441,255.24047684845988
2025-10-27 18:14:00.803662,25.883821915293183,462.1939119800168,35.69733541934831,6.925272957121076,247.21379162089323
2025-10-27 18:14:02.809516,26.808045708681558,747.3080047844302,39.79568087496479,7.617201864943576,303.13173457748115
2025-10-27 18:14:04.814713,42.359959736667776,491.97139879869155,32.89502307342257,6.404539807187344,210.67748473208104
2025-10-27 18:14:06.821355,38.29800809031694,982.67111300364,34.105162960490176,7.692365190776799,262.34936838304486
2025-10-27 18:14:08.828404,25.777970312795766,698.7783056721299,35.50085539637368,8.798453464274143,312.3526241469194
2025-10-27 18:14:10.835423,28.962705589264537,692.6570849857693,39.467720024708285,6.168985612886655,243.47579700586397
2025-10-27 18:14:12.842909,32.54049691012514,465.6130285434339,35.38531619527791,6.320281610696975,223.64516323771284
2025-10-27 18:14:14.850070,33.66038749648378,959.8938171195613,31.992950669595082,8.233574000791826,263.41632684179353
2025-10-27 18:14:16.857023,30.290133725215757,998.893439039248,31.03328584799624,9.300640768054368,288.6294435245585
2025-10-27 18:14:18.863943,36.81140291554436,876.9770295073916,32.27411363644488,5.343427266311485,172.45437880101488
2025-10-27 18:14:20.871018,37.77196299291685,921.738054470509,37.7476850163948,8.00868405798576,302.309283216669
2025-10-27 18:14:22.878321,41.24916350690523,884.391731136767,34.73190364634683,6.0253001396060295,209.27014388911672
2025-10-27 18:14:24.885708,39.78568704174611,785.2551620784066,39.64561327724676,9.042852175942315,358.50942029071837
2025-10-27 18:14:26.892283,29.86073509994063,403.01114932374253,30.47037960572078,9.918946822952577,302.2340749843231
2025-10-27 18:14:28.899150,34.766955534723344,487.00942521646255,39.82861992319588,7.8752698659707825,313.6611302843481
2025-10-27 18:14:30.907305,25.75617035030217,870.4533467835558,36.65264867505817,6.814883848901987,249.78354347513272
2025-10-27 18:14:32.914476,27.71197463363851,832.5201358318161,31.230097411871235,8.032077692293473,250.84256875004309
2025-10-27 18:14:34.921252,38.23231034302353,561.8884950620006,30.831698064932226,7.562615608507572,233.16828102264918
2025-10-27 18:14:36.926574,33.74566913211169,863.1297170591316,36.20793612661442,5.709548243631022,206.73095811721558
2025-10-27 18:14:38.933542,26.873573479625747,677.0380730210577,35.248775463787794,7.4496990414388815,262.5927687844743
2025-10-27 18:14:40.940506,25.033741021699107,521.8538032317163,31.399319991392055,5.9026935556265805,185.34056376424675
2025-10-27 18:14:42.949482,42.73532221728922,829.5163160840925,34.12208140013342,5.483235464342994,187.09940685041
2025-10-27 18:14:44.956442,39.44119642742326,703.28573546456,32.42171980855741,5.36441368565444,173.92351745347904
2025-10-27 18:14:46.963153,40.89465479670785,748.3256144173072,33.34446526612795,7.083251620010502,236.1872376146847
2025-10-27 18:14:48.969955,37.51211443769323,617.2660412399794,33.76723673278014,5.283004251316825,178.39245521449914
2025-10-27 18:14:50.977587,38.296484131690946,885.8626419317784,33.66218139508582,9.997388827738753,336.5339161965463
2025-10-27 18:14:52.984501,27.363498998331462,498.0743760535995,39.55944816680785,9.564276568028816,378.35750314595083
2025-10-27 18:14:54.991634,26.0840544889316,564.7781333619803,39.08794566068776,8.229081750298196,321.6579002930132
2025-10-27 18:14:56.999071,35.22287324809351,970.6954650637093,30.613520293518263,7.290625009853287,223.1916966915754
2025-10-27 18:14:59.005461,42.16544236823806,904.9670183907715,38.010091232615125,7.755753287209975,294.7968900245058
2025-10-27 18:15:01.012368,26.65866292005931,527.1632229866337,32.24852885776544,9.27458839135788,299.091831382601
2025-10-27 18:15:03.019174,28.624468743014823,803.6468521863175,36.56300733924186,8.870447820915357,324.33024877849016
2025-10-27 18:15:05.026128,29.394922092551194,491.51593905532786,35.497150676321766,9.869632821246235,350.3438433757483
2025-10-27 18:15:07.033039,35.089701493482146,530.2194220670158,33.99381269557507,7.4421025800381075,252.98544116707143
2025-10-27 18:15:09.040197,36.261823432811006,725.2515664860377,34.027645497108516,7.168928182527818,243.94174678928704
2025-10-27 18:15:11.046992,43.29949572762655,738.6219409372354,33.608737657721,8.543247280555558,287.12775659723013
2025-10-27 18:15:13.053640,36.40446035972434,654.3225924784122,36.910747425055966,5.186633998415126,191.44253750170884
2025-10-27 18:15:15.060681,29.0707282402198,612.0099046618697,33.99136049678054,8.08348105373743,274.7685185664844
2025-10-27 18:15:17.067880,34.66139102401472,548.4368452170581,38.5072320699557,6.349028518470644,244.48351457951608
2025-10-27 18:15:19.075092,31.739808475868312,750.2683303697906,35.098042139027946,6.160440793897458,216.21941057919977
2025-10-27 18:15:21.082412,34.39294060880852,427.11107585802085,39.58906902544382,6.220138885188835,246.24950767358794
2025-10-27 18:15:23.089878,44.28334045962713,917.1946565991706,37.90643901304788,8.415174996946206,318.98931780586673
2025-10-27 18:15:25.097216,32.52619463379376,510.7188296500459,38.39094925779273,7.63778286610469,293.2217344546639
2025-10-27 18:15:27.103997,29.816994288229377,825.8341980455095,38.84363162874733,7.107562573414709,276.08354237999237
2025-10-27 18:15:29.111008,37.029054189163986,890.5252967105328,37.97194428211062,9.483115987880709,360.09235191259864
2025-10-27 18:15:31.118086,34.04977358382102,560.7915100603037,37.951151780750074,9.251915193878611,351.12083778551494
2025-10-27 18:15:33.124929,36.382339828230045,577.4951885175261,38.15360181392174,9.0029509868579,343.49500710283013
2025-10-27 18:15:35.131995,37.07691511224411,456.0042886456705,37.420179720422325,5.66629769375477,212.03387804971806
2025-10-27 18:15:37.139299,37.39372960084506,823.394769154208,39.69617062142788,5.040440151744547,200.08617227074737
2025-10-27 18:15:39.146668,33.104732733542875,597.5136341927442,35.08356522816216,9.008832309630463,316.0619559644951
2025-10-27 18:15:41.153924,40.86024093388067,437.36054986845505,32.58978592560957,7.740288236426137,252.25433662764183
2025-10-27 18:15:43.163175,37.766946630143025,715.1277022968746,30.92549896106556,6.794375486041796,210.11945203467488
2025-10-27 18:15:45.170014,38.17967655941931,865.3816037132311,30.859170513912357,7.661878054004834,236.43920132533816
2025-10-27 18:15:47.177308,44.16436636599443,716.8320857553183,32.1479949585468,6.2168444486104715,199.8590839919991
2025-10-27 18:15:49.184203,44.449358285692554,561.5943101163632,37.225046292660764,9.124693387106444,339.6671337413729
2025-10-27 18:15:51.187970,32.74141689262802,764.4393837299187,38.34838566166944,9.925463798592574,380.62551361936653
2025-10-27 18:15:53.195151,44.166228185412514,846.9180290722079,38.509273449915355,8.89195833372779,342.42285497877714
2025-10-27 18:15:55.202900,40.75005121181921,504.11838626775807,32.58637145300406,9.755687841307797,317.90246777641124
2025-10-27 18:15:57.212679,27.859279684699047,787.45765228113,35.855443336465484,5.168368319141184,185.31413740895007
2025-10-27 18:15:59.219691,34.61139088196721,716.9724688630608,39.74163914203631,9.71361789956676,386.0350973282069
2025-10-27 18:16:01.226817,32.22336879825307,447.6232167492621,33.7902327750191,6.61560432086552,223.54280994946808
2025-10-27 18:16:03.233677,42.94089141520631,500.5982525275258,31.970684266752357,8.777061807087566,280.60867182416746
2025-10-27 18:16:05.240855,38.602872002057254,622.2191152802653,30.69684623111987,8.511930733425586,261.2894288539086
2025-10-27 18:16:07.247589,43.47992357011741,701.1182470116321,38.496146401574265,7.147173861623957,275.13865133458074
2025-10-27 18:16:09.254919,37.70142180304777,412.6992371191086,37.36786473776906,5.326720493041467,199.04817087987607
2025-10-27 18:16:11.261647,30.22298743212277,529.0513349031509,38.48005201755641,5.554506427341302,213.7376962559447
2025-10-27 18:16:13.268529,29.831756933924993,932.335804785638,39.72585962488718,8.775105672858244,348.59861615351775
2025-10-27 18:16:15.275057,34.35411174222321,515.2761870295451,35.37958308554478,7.45259035802513,263.66953977428
2025-10-27 18:16:17.282011,32.74019022651845,846.9058048742959,31.23286827578582,6.77532745193535,211.61290983161237
2025-10-27 18:16:19.288688,30.923526167834588,927.31978545906,38.69663981661395,8.62174721801284,333.6326466853363
2025-10-27 18:16:21.296011,38.4551225382539,607.6483513910985,33.20530195481115,7.24777991330677,240.66472052336627
2025-10-27 18:16:23.303140,40.03051484512249,824.8401517054845,34.74458763221653,9.438919329230895,327.9513597878853
2025-10-27 18:16:25.309952,27.816512016092826,425.07456826450823,32.59474985596207,5.7197510977193025,186.43385626852512
2025-10-27 18:16:27.316861,32.173953578172046,802.8847972543867,34.7334384004056,7.150095899703367,248.3474154893396
2025-10-27 18:16:29.323329,35.95649295150327,414.6296451217372,39.62606785864161,7.239443967643948,286.87069792069275
2025-10-27 18:16:31.329896,30.816215677232243,578.9618178546897,36.5957553056285,7.012322142663665,256.62122525716006
2025-10-27 18:16:33.336990,42.15360098927744,993.6542355651706,33.79524005963332,5.199964386632113,175.73404474777618
2025-10-27 18:16:35.343802,29.91690673196051,948.2675416306994,39.45937765952141,9.556392253547196,377.0892909952437
2025-10-27 18:16:37.350549,39.86241915994604,896.8102526444882,30.413414404387808,5.157556193974788,156.85889384127236
2025-10-27 18:16:39.355055,33.714063102216,460.5744311197394,38.473380081944555,6.164371866390188,237.16422178207563
2025-10-27 18:16:41.360959,34.47244056945123,833.9499522952847,31.98960498051197,9.301476373853772,297.55055493514703
2025-10-27 18:16:43.367450,44.66023103654412,510.85308060789004,33.61337317411786,8.820912796858606,296.50063357716
2025-10-27 18:16:45.374396,43.32917001783131,667.2270529956397,37.17404767467076,8.295744597520693,308.38640516512663
2025-10-27 18:16:47.381270,41.566023697066356,953.8926709908224,31.136713409306655,8.187627885863412,254.93582298417638
2025-10-27 18:16:49.388546,40.1292405130583,749.2898340075786,34.829523353950755,8.536589381797352,297.3253392363989
2025-10-27 18:16:51.395663,27.573389754038153,950.4159488688055,37.55164741407706,8.571169365577509,321.8615299425052
2025-10-27 18:16:53.403735,30.645002464013928,474.55364863069696,34.585427347681296,9.85818033266998,340.94937967589823
2025-10-27 18:16:55.410472,26.607350416775983,767.6629802533764,37.4821778000689,9.594816444648137,359.6346159373264
2025-10-27 18:16:57.417832,32.641493719344616,985.3117979108043,36.63790060781487,9.535578050829603,349.36356086435603
2025-10-27 18:16:59.424885,25.16202159670103,406.91462112175,33.58239011044107,7.558783301019496,253.8420095751242
2025-10-27 18:17:01.432985,44.71583087251379,678.2088238963509,37.23842108032366,9.618237411600365,358.1679747836967
2025-10-27 18:17:03.440496,37.32274405113745,513.7014855482616,37.71250668299103,9.526447453114423,359.2662132407405
2025-10-27 18:17:05.447858,25.825383906425284,989.9952000913021,30.031987391779804,8.938112103799472,268.42927000762023
2025-10-27 18:17:07.454447,43.68715246686638,453.39283717408557,33.20013404876605,8.684236948474332,288.3178308005949
2025-10-27 18:17:09.462498,37.789880925493506,645.1882843988985,36.41869334868091,5.514438525599646,200.8286456539656
2025-10-27 18:17:11.469650,29.143296179212918,705.5672702683673,32.66715579141552,5.470841903811917,178.71684478202815
2025-10-27 18:17:13.476279,42.19926918742743,929.1070899789706,38.56864378195429,7.294982523137171,281.3575823304597
2025-10-27 18:17:15.483207,33.839613155037995,902.1177644341484,33.688633120476496,5.329919952369563,179.55771783688576
2025-10-27 18:17:17.489645,43.59695433831726,447.8024580590244,33.76734217889954,9.771375483799837,329.95337951997914
2025-10-27 18:17:19.496701,38.15096457567061,964.6159588897328,30.409133567949638,5.11396905732345,155.5113681265103
2025-10-27 18:17:21.503290,38.74945985792705,815.1030551224972,39.25100340482161,8.427974796466607,330.8064674318615
2025-10-27 18:17:23.510675,44.84180214030969,828.4263603036284,30.540180504102576,9.711849953893719,296.60165062067443
2025-10-27 18:17:25.515640,25.128600478490796,632.8116162990199,37.783482247261645,5.80054800173733,219.16490244803143
2025-10-27 18:17:27.521949,27.298264654764203,835.7273875176919,32.103038296091,6.276972680649928,201.50989435042163
2025-10-27 18:17:29.526239,38.12151617762722,737.2234126682349,35.93467991452972,7.397225254715547,265.81692178387874
2025-10-27 18:17:31.532950,33.72138793296125,700.0996048443822,37.87209160264635,9.061658964032285,343.1839783577721
2025-10-27 18:17:33.538959,36.723132115529054,830.2177511053073,37.931556300803024,8.244612499001096,312.7309831841644
2025-10-27 18:17:35.545463,27.140375234721464,426.0585275157187,30.86973713841567,7.142968143988199,220.50154899299255
2025-10-27 18:17:37.550268,29.95537043863505,501.67046763392045,38.979925687493804,6.079911314943716,236.99449124305877
2025-10-27 18:17:39.557705,28.000558815514108,781.9407899678235,34.53839938859976,7.066116556575556,244.0523557574038
2025-10-27 18:17:41.564062,35.50221765907388,688.1392784772263,38.44370033801492,8.082086358311184,310.7053060648734
2025-10-27 18:17:43.571348,28.26325748853196,412.91168697898587,37.205856310466885,7.163354720067872,266.51874641575
2025-10-27 18:17:45.578412,27.40427612824249,916.8271104343013,38.384290892231114,9.92429142672987,380.93688902287465
2025-10-27 18:17:47.585084,31.06213410772606,658.8440324959722,38.7681063161522,5.207983357847358,201.90365250977771
2025-10-27 18:17:49.593737,33.422427672859044,635.604337397467,32.71665890817461,5.933322790225943,194.11849791992103
2025-10-27 18:17:51.598294,34.370447518230264,531.2452053051513,34.374485052000786,9.77490062839318,336.00717553549447
2025-10-27 18:17:53.603070,38.04013458332381,963.0575892789909,32.03302914362659,5.397200445694203,172.88867917091684
2025-10-27 18:17:55.607164,28.909587289070572,882.078630637641,39.90549772822783,6.076330999090178,242.47901288015345
2025-10-27 18:17:57.614071,36.23980445663591,815.8280651397615,31.990029148787396,6.991010230543818,223.64262105456763
2025-10-27 18:17:59.622205,31.298569354023478,477.3504334404824,35.15846788015743,6.625343748021469,232.93693535981467
2025-10-27 18:18:01.629026,32.83393298223472,598.6312391514059,35.07322803228102,6.358998461200969,223.0306030866257
2025-10-27 18:18:03.635978,36.01894888385075,461.28720012399714,34.45465222376379,9.707062798465342,334.45347283535864
2025-10-27 18:18:05.642612,26.021685571908268,461.0785436305118,30.410323154605347,7.345584306365091,223.38159251596
2025-10-27 18:18:07.650121,34.575305297560064,883.1320990227405,32.92321897060111,6.769086014044048,222.8601010712057
2025-10-27 18:18:09.657952,43.31745124823387,738.267682180376,39.873212814276584,8.921439976146358,355.7264747786783
2025-10-27 18:18:11.662828,40.100263274117296,562.3132158028504,37.47549805718549,5.730485348540846,214.75279254597237
2025-10-27 18:18:13.669856,43.658302685020054,942.3665806257386,35.325578458131744,7.12550174354887,251.71247089529015
2025-10-27 18:18:15.677676,32.397675469361374,775.2937249034151,38.11675336007358,5.349287283556678,203.8974640395079
2025-10-27 18:18:17.684431,44.253455932789834,874.7370038131897,35.88645912486151,5.01984598376923,180.1444977096347
2025-10-27 18:18:19.691542,35.234299158496,865.0941628323908,30.65171686940709,5.4380529233171435,166.68565852636863
2025-10-27 18:18:21.698588,40.94027243058525,507.83182591979966,34.335118347943464,6.223647429197268,213.68967103736227
2025-10-27 18:18:23.705655,28.620664810823026,639.0622365335048,33.31841805255986,6.15522640165787,205.08240645859067
2025-10-27 18:18:25.714049,36.4739608028386,757.6782378490464,34.03160322014323,5.956950918748872,202.72459006872927
2025-10-27 18:18:27.720167,41.6785709432277,824.4286780512085,31.087059597229896,5.855665353006135,182.03541781033596
2025-10-27 18:18:29.727530,36.271050910287386,422.2518831550822,30.38367389683462,5.397461584487289,163.99471265375405
2025-10-27 18:18:31.729542,37.9770951161087,722.6509479253522,36.5538154850795,6.787964924110682,248.1260173551335
2025-10-27 18:18:33.732043,40.59721479497554,968.5987195021544,31.97625953263726,8.048183335835757,257.3507991129305
2025-10-27 18:18:35.735222,25.000143532792936,785.6781605477672,34.132905376844064,9.191099201973717,313.7189193701559
2025-10-27 18:41:17.016581,44.880795600577244,818.923569215219,37.770836365304774,9.40404461942396,355.1986304922872
2025-10-27 18:41:19.026871,35.95122190925825,759.6168574161211,37.74691689432438,6.069720119008267,229.11322090401373
2025-10-27 18:41:22.323547,36.257895031528506,616.6242073708136,37.01107904173618,7.453474668755497,275.8611401008881
2025-10-27 18:41:24.325280,26.972266345391503,636.9835834139436,33.3094275168353,8.335801262095039,277.6607679344989
2025-10-27 18:41:26.329241,28.103139808276804,815.0462070507755,35.56044935832159,5.564732709160012,197.88439569668031
2025-10-27 18:41:28.331461,25.37050895727304,524.3547011622725,38.13572660640718,5.489042258916433,209.3286149170528
2025-10-27 18:41:30.333511,33.087084290833104,959.4683136384815,30.300350183141223,7.921193521539946,240.01493757108997
2025-10-27 18:41:32.336103,37.45368108961659,523.784169228728,31.262709270228772,9.673737858823344,302.42725423679957
2025-10-27 18:41:34.338198,28.70298995367697,858.8065504228709,35.78464149039225,9.317475979341493,333.4225375160767
2025-10-27 18:41:36.340825,31.437871543147654,905.2459872074802,36.88160249367052,5.354635439408584,197.48753577478817
2025-10-27 18:41:38.343226,44.09514332171518,864.5856694206333,38.201515913009956,7.457604079529344,284.8917809170682
2025-10-27 18:41:40.346506,26.77169141008858,475.27013193942577,30.761366893464533,6.6470023608727535,204.4708783645317
2025-10-27 18:41:42.349327,29.080709145024336,766.8303543565919,30.514181489890397,8.021963420708232,244.783647724753
2025-10-27 18:41:44.351876,31.887532049120992,560.8518541994933,34.331462519267525,6.626245597853561,227.48870238617098
2025-10-27 18:41:46.355525,37.62551942996936,554.9272644426071,34.619125633626915,7.25957711971944,251.3202123545707
2025-10-27 18:41:48.357509,42.337932904583155,933.3773209129172,32.63728521617004,9.639863798484118,314.6189842361585
2025-10-27 18:41:50.360070,29.77507938515999,974.9737752891292,39.35485985398136,7.523709844163496,296.0945464990743
2025-10-27 18:41:52.362249,35.850661901232996,483.20217009091994,33.51314085818737,9.046925436099988,303.1908864735371
2025-10-27 18:41:54.365030,38.590632465293844,544.8870770344724,38.24804260787995,7.086767337414288,271.0549790735536
2025-10-27 18:41:56.367943,27.2588771562854,793.725744557084,33.24665430897782,6.0578858446587756,201.4044365206204
2025-10-27 18:41:58.370147,30.563364613065183,869.6210027148941,31.621992714046712,8.374156204182976,264.80750647496313
2025-10-27 18:42:00.372090,34.917136671933385,490.1090113870525,34.606854334268775,9.21865567474356,319.0286740936306
2025-10-27 18:42:02.374711,33.18176772671533,921.5976223553877,37.560112800089726,9.38041534662857,352.3294585310619
2025-10-27 18:42:04.377633,35.08877334715878,929.8697835487241,34.5355160997148,8.264877702011795,285.4318169400022
2025-10-27 18:42:06.380170,36.14975330889878,545.9006030998241,38.49910091780726,5.263719770266047,202.6484786385298
2025-10-27 18:42:08.382453,26.717426739521958,898.9869302338674,39.109589290902726,7.457160306331354,291.6464768570416
2025-10-27 18:42:10.385538,43.05274463201456,690.5222426853537,35.45196239184699,5.02616315748059,178.18734723428878
2025-10-27 18:42:12.387733,33.88435902633571,656.1899905596822,32.1253612316472,9.5308202230638,306.1810424998129
2025-10-27 18:42:14.389935,44.56372516691197,862.0609816537658,35.11526804902349,9.106531385194108,319.7782905879363
2025-10-27 18:42:16.392160,28.142924280991366,824.3094749628608,31.465999758087435,6.791472718712535,213.70047892406606
2025-10-27 18:42:18.394846,40.45836973846126,469.7579018048859,39.48000604033384,6.360351860580507,251.106729874367
2025-10-27 18:42:20.397861,35.57157093162202,440.4463703490046,35.32239438072193,5.125896195080924,181.05892695729037
2025-10-27 18:42:22.400400,32.663902568169775,592.5849990416029,32.38029414939592,7.191213751620575,232.8536165686552
2025-10-27 18:42:24.402740,41.239459206684,787.2718323481449,34.47683474170756,6.231703451404179,214.84941005339053
2025-10-27 18:42:26.405182,37.10628714822194,409.12201396452497,36.14350913994818,9.617201563268297,347.59941260271165
2025-10-27 18:42:28.407426,38.12150540005951,860.2965781513021,35.20274717595657,7.19236513403999,253.19101141077473
2025-10-27 18:42:30.409361,43.90262154672193,572.2618029220368,32.85102796117654,5.674685520798587,186.41925271463802
2025-10-27 18:42:32.411488,37.46534585420683,705.1635412252729,39.387142534631934,7.330883867610243,288.74256779839845
2025-10-27 18:42:34.413831,37.859493449012106,788.652286458785,33.519534449403295,7.973924910255676,267.2822507262702
2025-10-27 18:42:36.415643,43.345049757456835,611.4466426062634,34.14630913138703,5.3233104218953615,181.77140326837332
2025-10-27 18:42:38.418388,27.393373689540795,929.328980738497,37.809174496828454,6.987510333111123,264.19199748299036
2025-10-27 18:42:40.420969,30.543570185178986,701.7000079684465,35.464561742804584,8.810829631478644,312.47221147090653
2025-10-27 18:42:42.423691,41.804776907927014,646.1410965636087,37.800239189925875,6.526110056825132,246.68852112777074
2025-10-27 18:42:44.426463,30.776258426919654,802.3743290219313,34.934848226555005,9.067625506303804,316.77612083796237
2025-10-27 18:42:46.429244,43.78695269836754,783.6617972374154,38.35846708275933,9.535966985389871,365.78507571135714
2025-10-27 18:42:48.431469,41.39782934844097,846.041363177782,37.699853647716964,9.690514664166438,365.3309846101298
2025-10-27 18:42:50.438534,44.407600282351986,654.4385045295991,33.67775433897445,8.598825281354529,289.5891254292207
2025-10-27 18:42:52.445299,35.70503707695299,964.5076851180806,39.085025122650876,5.734152209074075,224.11948314876426
2025-10-27 18:42:54.453189,29.66321696772087,575.861230220165,36.824263718128314,6.573092339755182,242.0492857627539
2025-10-27 18:42:56.460045,36.09205594265467,584.1123436416001,32.276486841494986,9.666356806911384,311.9960382834708
2025-10-27 18:42:58.467308,38.90080917037934,886.0937645828216,31.90601508539362,5.876736060688761,187.50322940521227
2025-10-27 18:43:00.474527,35.92789795315568,954.5423935030317,37.27460637379383,5.087454228631465,189.63285381693078
2025-10-27 18:43:02.481610,36.103785504483874,748.8799689307434,36.953687938189,7.873197053033844,290.94366697368196
2025-10-27 18:43:04.486091,28.307303023059227,882.7737682118357,30.924991440731763,5.920519162504975,183.09200442515476
2025-10-27 18:43:06.492740,33.564009942131094,895.6031105759189,38.05672405265947,7.069052084265475,269.0249644847684
2025-10-27 18:43:08.499864,28.645133662457138,403.8676542420872,38.99124950854128,9.93971114544653,387.5617573149343
2025-10-27 18:43:10.508137,36.5089469995343,551.1286627426657,32.186030075804716,7.841963335419793,252.40166776717933
2025-10-27 18:43:12.515058,26.888561279647423,771.3634964899622,30.0504440117765,7.631975703874421,229.34425858851682
2025-10-27 18:43:14.521648,41.481881286407564,889.9545323529219,36.59772674428933,9.374879563162946,343.09928051326
2025-10-27 18:43:16.528176,42.76034991543834,679.9596262981387,30.352689812054685,6.800235712428134,206.40544522818786
2025-10-27 18:43:18.532839,30.296760592808205,617.7226075693939,39.29689665735229,5.4134270714830155,212.7308841901813
2025-10-27 18:43:20.538159,41.27437529561915,636.6401866908286,31.062662339395732,6.711058013180761,208.46332900352996
2025-10-27 18:43:22.541824,31.882334466661046,898.4852047448428,32.92879699591885,5.896875352697234,194.1770113992046
2025-10-27 18:43:24.548805,43.958550428425596,745.8959580951289,37.40295511577649,7.160793329676203,267.8348315032307
2025-10-27 18:43:26.552264,28.95059227362188,923.0558655563979,38.54175797368318,5.32175438898657,205.10976965570663
2025-10-27 18:43:28.558299,43.2096851358594,532.3682300065645,30.20541130811222,5.908064488619342,178.45551791359892
2025-10-27 18:43:30.565217,33.55407891568271,584.3284456470778,36.66774677489014,8.725892434218759,319.9588141628632
2025-10-27 18:43:32.571211,25.193170438738605,693.0388193873789,38.04508552411703,8.892495794283214,338.31576301635585
2025-10-27 18:43:34.578604,40.291602561918324,847.5063256261795,32.41812783354356,7.433422872180666,240.97765291113933
2025-10-27 18:43:36.585681,37.12278134610202,472.7977282726843,37.09601702750591,7.479556883956114,277.46176952543505
2025-10-27 18:43:38.593075,30.972694149061404,716.3047987579355,32.297999833405584,7.2558629316719525,234.34985975835448
2025-10-27 18:43:40.599958,35.321729288903725,487.13725222198974,30.51267995790668,8.925062029489695,272.3275613102841
2025-10-27 18:43:42.607253,38.034169203620344,827.061738399568,38.181433046103784,8.008066053962349,305.75943786813997
2025-10-27 18:43:44.614518,39.30471689209951,775.9245230115614,38.13500494167096,6.876181749310945,262.22322498980054
2025-10-27 18:43:46.621813,34.80458897386359,980.0310934936505,35.699345233205676,6.537407592891617,233.38117058881792
2025-10-27 18:43:48.629733,31.64761501662438,940.8959475669623,32.42844772702959,9.025582395931501,292.6856269324632
2025-10-27 18:43:50.636717,41.338921062305175,555.2507589461297,30.71324817109294,5.315315192922053,163.25059462779575
2025-10-27 18:43:52.639483,33.436866121064256,425.4843755922043,39.169305987832175,5.425932912011777,212.53002650003856
2025-10-27 18:43:54.642013,39.0983186503086,579.0208839497705,33.32969438796044,6.000930195807761,200.00916946975627
2025-10-27 18:43:56.655976,38.32750885222015,719.9535707360548,36.962983072169806,5.033184809899481,186.04152492741673
2025-10-27 18:43:58.662886,27.95703095426273,609.1922406482843,35.68741411516104,5.6032367292634575,199.9650295425055
2025-10-27 18:44:00.671934,26.590718221366764,998.2160854797658,36.14209600719713,7.923187710663181,286.36061092183314
2025-10-27 18:44:02.678877,39.288832384565644,840.7122069462964,35.82901641514183,7.592189061196391,272.0206665004657
2025-10-27 18:44:04.685718,40.694211073344334,433.0357771300335,36.792307453335866,9.035286911938005,332.4290539931247
2025-10-27 18:44:06.692342,42.83576125410106,471.61255112513743,39.481246045145966,7.503152990613548,296.23382933678624
2025-10-27 18:44:08.699759,26.172585044461922,750.3480320215847,30.982458873673785,6.886060238888655,213.34707815300803
2025-10-27 18:44:10.707176,29.02201926269749,417.33721574439284,31.630447093129014,5.131553355763046,162.31332692503167
2025-10-27 18:44:12.714694,44.81119098994539,794.4615876819677,36.129556252149776,8.176658331798757,295.41903715333234
2025-10-27 18:44:14.721290,26.759023229498787,513.9042668492232,38.03665994292993,8.381852023622873,318.8176551145023
2025-10-27 18:44:16.725972,26.295797463303,790.6175457059965,32.666705818487664,5.290760650697196,172.83172173235567
2025-10-27 18:44:18.733199,29.15656950728443,589.45346026832,34.301843348357934,9.574937548247018,328.4380078502796
2025-10-27 18:44:20.739941,27.812313026149415,471.0609219730768,34.21803110141718,8.583819155769053,293.721390841046
2025-10-27 18:44:22.747080,35.53940685422485,661.8989851662839,39.19731608420202,8.756900469812475,343.24699563313675
2025-10-27 18:44:24.753424,41.585597162593054,984.2749073751662,31.227773428288398,5.43118684368449,169.60387220128004
2025-10-27 18:44:26.760492,44.2496639451526,605.3569460389958,36.06153041153484,8.669361505024078,312.6304435620152
2025-10-27 18:44:28.766168,37.6508923890248,537.2372401672768,34.58215084381088,8.316176632110214,287.59127473541054
2025-10-27 18:44:30.773236,31.674702418135965,527.1118289577415,37.60750763637917,6.016414881152451,226.26236858656605
2025-10-27 18:44:32.779059,37.84090166616395,920.8012062461665,32.74292394989921,8.526501622260863,279.18259417637967
2025-10-27 18:44:34.788199,40.13733138433077,535.2935744956936,37.338993898715565,5.924084535840205,221.19935633921264
2025-10-27 18:44:36.795298,35.091938114334575,689.915464045626,38.703185548465505,5.461495285652447,211.37726541267628
2025-10-27 18:44:38.802780,37.68632347008218,479.87254696708624,32.32439898794605,8.614095411884515,278.4454570139905
2025-10-27 18:44:40.809795,28.309787073285072,769.4905655715535,38.94785667463756,8.200698875293243,319.3996444267827
2025-10-27 18:44:42.816626,34.377551007326566,661.8593744474701,38.240457027332226,5.248539324287601,200.70654248668333
2025-10-27 18:44:44.824125,31.302613084579338,460.7417565864249,35.57540951428373,5.353317677745725,190.44646864585854
2025-10-27 18:44:46.831325,37.02333715166694,698.2620268998047,35.72301103959393,6.178708528452894,220.7220729723559
2025-10-27 18:44:48.838462,35.94122724241855,768.3780727564006,35.52374416523838,5.10634641114681,181.39654352866242
2025-10-27 18:44:50.846135,36.08016176209575,908.5621554870263,31.678589713868288,5.464971380705174,173.12258616739152
2025-10-27 18:44:52.853419,43.75721394266526,940.0629192052801,37.462836715159284,7.428532468347205,278.2938988949505
2025-10-27 18:44:54.861940,42.75074140987039,692.2115392840667,34.17798035684487,5.505392667826607,188.16320245769555
2025-10-27 18:44:56.868895,40.818922269043966,533.3004342052454,32.49964491605639,8.200710282617877,266.52017224453346
2025-10-27 18:44:58.876993,28.823589767995884,403.64765967226117,30.367483451983304,7.18075252240935,218.0613833970533
2025-10-27 18:45:00.883952,27.50796403750064,535.152362489611,38.68065221303706,5.345132592662671,206.75321484935387
2025-10-27 18:45:02.891740,29.709701253861997,628.79134761362,39.73785198453516,7.94194921232612,315.59600226811096
2025-10-27 18:45:04.898922,34.98376112955143,443.2615211417317,36.2503401053726,9.849507689834393,357.04800362697955
2025-10-27 18:45:06.906053,43.01688723444512,642.3542498379302,32.14341565280724,8.38364939945809,269.4791273341892
2025-10-27 18:45:08.912092,36.15904244078317,738.0852272814523,39.79788572594241,7.004633160242463,278.76959006347636
2025-10-27 18:45:10.918846,33.528773261311315,921.4741679197554,31.62373088608009,7.209101744689484,227.97869350443068
2025-10-27 18:45:12.926388,29.696604092349578,501.0927297010496,32.64690265784277,6.669855887742653,217.75013590897387
2025-10-27 18:45:14.933941,44.77313572715498,809.9972099156714,30.970366964271022,6.308417640293655,195.37400928377517
2025-10-27 18:45:16.940851,40.27309315321186,756.5324978804251,38.761849034412776,7.527440767486803,291.77752264480773
2025-10-27 18:45:18.945916,37.1542640434036,667.4289496322568,39.77518661388782,8.066922173834252,320.86333486396694
2025-10-27 18:45:20.952822,35.1012813208814,816.4071734009349,34.283632415947274,6.46779883585279,221.73963782866875
2025-10-27 18:45:22.959437,26.684425506052683,835.5341827524787,36.902676191097996,7.383047705444548,272.45421877744917
2025-10-27 18:45:24.966028,34.18860931366355,683.2814834978708,34.917499703164495,7.558042561692398,263.9079489043989
2025-10-27 18:45:26.972464,26.90215783605279,915.9049709778367,31.96074546993822,7.64844091331944,244.44987327246446
2025-10-27 18:45:28.978760,40.210813226183234,673.2643307230758,34.89964025722855,5.4254070347777965,189.34475376278215
2025-10-27 18:45:30.984820,26.139590111617817,713.4202477544953,36.52771459976914,6.288537143259749,229.70589001903966
2025-10-27 18:45:32.991657,31.34133426942885,800.8238269116283,33.45281443843531,6.078623715847218,203.3470712073091
2025-10-27 18:45:34.999730,35.93827170427082,512.4297377048491,35.403166059570026,6.825159076248569,241.63224015940966
2025-10-27 18:45:37.006899,34.855085412514335,684.7257237281813,34.61448719491475,9.51411424340765,329.3261856493902
2025-10-27 18:45:39.013206,34.422261142658186,809.8108989139514,38.842191269757826,8.734995981517844,339.28638465468214
2025-10-27 18:45:41.020421,43.241920481396505,790.4409815330278,38.28832694617272,9.690015346361662,371.0144756949264
2025-10-27 18:45:43.027503,41.007328172623126,501.4536868973421,30.97833925118981,6.8988874952716195,213.71607728431536
2025-10-27 18:45:45.034154,38.828502777517116,484.86688566754503,37.45180431345816,5.317198883760699,199.13869209034385
2025-10-27 18:45:47.038815,39.214413043470934,427.9341567013029,34.241452946669945,9.438983379434516,323.20450525130667
2025-10-27 18:45:49.044699,31.502957881914863,754.8849409345131,33.39532380716625,7.266579166053183,242.66976422075413
2025-10-27 18:45:51.051284,35.770301610550355,434.57338321943337,39.95967012473599,7.149583174056671,285.6949851646675
2025-10-27 18:45:53.057864,28.55032840367258,994.8720184576056,37.60714352842276,5.098093676539044,191.7247406149483
2025-10-27 18:45:55.065863,30.53938453484527,496.3731882288158,32.83551841428559,7.714220321681307,253.30042342442263
2025-10-27 18:45:57.073364,44.29267889637205,623.2414283504986,33.936535390737774,5.857966276601222,198.79907986362576
2025-10-27 18:45:59.079853,31.91999284400744,878.2280580131662,32.56621919427092,6.794629641608165,221.275398252502
2025-10-27 18:46:01.087040,36.8144998248543,850.482088198333,37.53913267702017,6.219860775575086,233.48817888690672
2025-10-27 18:46:03.094506,43.930707289739864,951.5234227413495,31.245793719403807,7.124132429347457,222.59917231710574
2025-10-27 18:46:05.101327,34.68485547719755,866.5747860595752,37.209982868468586,7.373436414949057,274.36544268199685
2025-10-27 18:46:07.108077,32.01665343037205,487.87894494615773,39.627653200219974,6.205139520348911,245.89511697136595
2025-10-27 18:46:09.115067,33.58120176584916,824.543106048636,31.78873945461224,5.725605979458118,182.00979670076404
2025-10-27 18:46:11.121550,38.72596701472674,722.7410439713849,30.83787406947232,6.09312288071094,187.89895608518438
2025-10-27 18:46:13.125857,29.37178635288003,873.5279922302292,30.899778235789817,8.68981023338998,268.51320912284734
2025-10-27 18:46:15.132742,39.29604393505286,845.3726566295402,38.059764311945045,5.494109304621103,209.10450523794347
2025-10-27 18:46:17.140127,30.408614175468426,943.1838871588486,36.02513565602826,9.033095270504514,325.41848251375245
2025-10-27 18:46:19.146494,36.421245951935724,672.7717422535034,35.444327414886224,7.057393430497402,250.144563446217
2025-10-27 18:46:21.153473,27.784213959494416,779.2602008820264,36.2170125352841,7.928164949499689,287.13444935783025
2025-10-27 18:46:23.160465,36.304806186765276,726.8247941647116,31.241852954219766,6.733644179936806,210.37152131562343
2025-10-27 18:46:25.165422,35.06389843904138,671.5218683776882,38.38515465828573,6.08829773062709,233.70024999581088
2025-10-27 18:46:27.174984,36.364038010059424,750.7504604295274,39.77902129862118,8.162793546602412,324.7079383465449
2025-10-27 18:46:29.182571,32.364723180456,898.6445514351069,30.627259275116668,9.122757764087304,279.40506734478544
2025-10-27 18:46:31.190197,29.42537190762569,636.6994065115687,31.788753215227104,7.949955215249238,252.7191644096657
2025-10-27 18:46:33.197208,43.08400265546416,403.68399039617873,38.794959884610904,9.062295628789485,351.57139538137284
2025-10-27 18:46:35.204164,31.34606549672185,821.5889491555598,35.504055351064586,8.663278794116353,307.58152982801107
2025-10-27 18:46:37.209110,30.144476295139327,961.4519210925204,33.07249401430968,8.311557796672185,274.8839454800298
2025-10-27 18:46:39.216301,32.728071019866306,498.0901730852281,39.56466565368219,7.153505048850627,283.0260355097025
2025-10-27 18:46:41.225857,31.99966585119632,802.4140605602552,38.390706690351564,9.608885343415233,368.8918988402723
2025-10-27 18:46:43.232525,39.9193668981747,846.5503096360228,33.545691696355355,7.1212417984184295,238.88698186494378
2025-10-27 18:46:45.239589,35.879480566455236,636.2843431484825,35.390736048897956,8.445767058072985,298.90191268273844
2025-10-27 18:46:47.246807,37.114703931937505,951.4057462207674,34.404503194491205,8.69649928889363,299.1987375656314
2025-10-27 18:46:49.252854,34.946005533769835,581.728309612762,32.33114042430458,6.446302116530562,208.41629894704144
2025-10-27 18:46:51.258905,27.13553894049442,959.4249167686754,38.963972950925324,9.229337413337749,359.61165332825516
2025-10-27 18:46:53.266836,43.352251768502704,694.1925218336314,34.85572093268862,9.94512907238212,346.6446435865196
2025-10-27 18:46:55.273008,41.386694436496526,528.6418427147804,34.99937130256664,9.531215339882166,333.58654464525483
2025-10-27 18:46:57.277748,31.83297307450007,571.3035422224696,38.690886601460306,8.326696007741473,322.16725100035757
2025-10-27 18:46:59.284780,26.49965384092023,548.608233078638,37.36656349412557,5.4361840836533775,203.13151772758877
2025-10-27 18:47:01.290597,29.274299698482935,434.57661318336693,37.83722786850043,5.404853455657818,204.50467179757683
2025-10-27 18:47:03.298872,28.54042806092737,572.0765986095109,32.70046941743221,8.377163274198326,273.9371714527586
2025-10-27 18:47:05.307810,43.87284509444585,744.083184838319,33.269672176434625,8.153289157938705,271.2572574442994
2025-10-27 18:47:07.314909,32.81681530091246,899.050154164378,39.87075733505361,9.107222113723054,363.1118428926859
2025-10-27 18:47:09.321384,41.94045496921802,994.0890605423959,34.7786740413841,8.372410381572033,291.181331601394
2025-10-27 18:47:11.329353,25.875077328364906,588.3390153922533,32.6394869138673,8.291382275321961,270.62646327324245
2025-10-27 18:47:13.336241,35.43401082686849,615.3581157575037,37.9641587349984,7.323536242338756,278.03189240566223
2025-10-27 18:47:15.343536,37.255737515809976,801.7941709525563,39.05950607001396,5.003540588743841,195.4358239976013
2025-10-27 18:47:17.351306,41.15565414210931,772.6268721942213,38.37901499792465,5.607974688955214,215.228544695394
2025-10-27 18:47:19.358423,33.39223432900715,716.5970917103441,32.640697727227675,8.220727181039331,268.3302710143093
2025-10-27 18:47:21.365458,28.495423480314265,957.1530961622278,30.4873074796248,6.389228876942747,194.79038532905136
2025-10-27 18:47:23.373763,25.081615670653687,986.6519199394609,38.60109496579218,9.001547049519122,347.469572497534
2025-10-27 18:47:25.381479,35.2744150299231,441.1400664236817,36.38801549534097,7.287185203922771,265.16620811776124
2025-10-27 18:47:27.388795,40.09460245022248,528.8083270257437,37.10900582217266,7.133088494696045,264.7018224797484
2025-10-27 18:47:29.395099,35.7859273501623,639.3411563286999,39.00391664175169,9.051358199673121,353.038420714686
2025-10-27 18:47:31.402491,30.719143245433557,760.4727534463832,36.35039441229759,9.347409483828121,339.78202147040327
2025-10-27 18:47:33.411424,26.82788794779407,992.5141113237398,39.159564945350816,6.588249336011934,257.9929777497237
2025-10-27 18:47:35.417643,35.97848005644915,859.9606076234243,35.65763071063323,6.1333809962137895,218.70183457060705
2025-10-27 18:47:37.424904,30.355062888543078,999.0182030880825,33.47645213790393,7.339053500761633,245.68547325576307
2025-10-27 18:47:39.451796,26.533183107155292,793.1148982516429,30.201938332647128,6.820835169569594,206.0024431684916
2025-10-27 18:47:41.459813,37.760144814934534,638.7821468336917,31.282344186780147,9.144236528778684,286.05315441858255
2025-10-27 18:47:43.464114,26.56590533743759,888.4747414198939,38.02295215453111,5.526194454015083,210.12222732165066
2025-10-27 18:47:45.471725,25.45780653581927,408.1930433674463,37.530859646945494,6.8657009703400025,257.6756594957281
2025-10-27 18:47:47.479091,34.44116610644442,704.9014714563939,31.233306600970455,7.48364814267671,233.73907693400477
2025-10-27 18:47:49.486112,29.05363788915932,911.0354060063072,33.37120979697761,6.819425855746486,227.57249092704956
2025-10-27 18:47:51.490645,35.61315019652501,867.9408776207391,34.56130597609979,9.199925617883808,317.96144423704123
2025-10-27 18:47:53.493627,26.413588548224137,505.52154198957265,31.04050680511967,5.736339727110683,178.05889233585745
2025-10-27 18:47:55.495757,25.547884102495026,584.5084732375514,30.7636926801498,7.504199951283505,230.85690111168086
2025-10-27 18:47:57.499661,42.38517931466416,844.299353381723,31.882932823396793,7.3361421748840066,233.89772814471482
2025-10-27 18:47:59.508027,29.653949318561505,446.9953709334986,30.928563325164095,8.954701195491921,276.9560429826945
2025-10-27 18:48:01.515567,36.170043262068376,797.0288297736131,34.47676812200294,6.898998315194824,237.85516518706086
2025-10-27 18:48:03.523964,36.235342928109766,587.7724394017251,30.829622116122398,6.03633890995282,186.09804755869163
2025-10-27 18:48:05.531286,40.6041379220854,623.6996884897271,35.76359324615092,9.374760358725565,335.27511624960096
2025-10-27 18:48:07.538408,34.86433234580295,488.1320636456092,35.4008327957578,5.4433610067108855,192.6995128455199
2025-10-27 18:48:09.542906,28.37313703621826,959.9910795238902,30.138020468975093,5.355067283096948,161.39112739071464
2025-10-27 18:48:11.550237,44.05652691303395,943.4433724200073,39.6890979433672,9.898290327566567,392.8542142826737
2025-10-27 18:48:13.559074,43.19388141663313,553.771251382742,36.879997665003806,5.435745295089002,200.47027379043783
2025-10-27 18:48:15.567069,28.175672122587827,440.2222668413316,30.535252791174543,8.344136064062939,254.790304040118
2025-10-27 18:48:17.574164,43.738513354598965,455.0507549246532,30.336110351079885,5.26105116072833,159.59982857453156
2025-10-27 18:48:19.583164,38.354220996751195,708.848743476296,39.857936624779065,9.063014422437373,361.23305447896746
2025-10-27 18:48:21.590402,28.30747607316582,693.8975380307311,39.042382593052686,8.376938352515516,327.05563211732726
2025-10-27 18:48:23.597969,39.30927273015037,932.0279928676482,34.58865220782168,6.133502420661904,212.149582044107
2025-10-27 18:48:25.604360,44.42672257793619,927.5227035837362,33.32189818480492,5.319364022363773,177.25130636112002
2025-10-27 18:48:27.608386,33.461047446922194,666.8457144981571,38.99563751357528,8.725393132519406,340.2522677591659
2025-10-27 18:48:29.613222,36.10362851411371,401.6897057433735,38.12932443844913,6.507527750185762,248.12763687904388
2025-10-27 18:48:31.621945,29.592788292795127,879.7715245556341,34.90827112423307,6.134845012177113,214.15683299022757
2025-10-27 18:48:33.629543,41.40197413697006,472.72355932146525,38.03330706641911,6.287029134197816,239.11650959646863
2025-10-27 18:48:35.633868,42.657621525986876,577.7175654995249,36.492791397893825,6.492783950132648,236.9398102837838
2025-10-27 18:48:37.641754,34.85596072370238,521.4272462220031,38.812717474321694,9.705502071202561,376.696909836029
2025-10-27 18:48:39.647925,40.09340007732829,545.0587606226402,35.507284477180164,5.806493670941202,206.17282258905541
2025-10-27 18:48:41.656997,31.836178938382645,925.9678427250832,39.27591266807346,6.536884319066498,256.7420976369546
2025-10-27 18:48:43.664846,28.756753108337833,653.5825493577784,34.99922911217182,5.132164305164918,179.62179435777705
2025-10-27 18:48:45.673427,32.4928492403887,778.4205095485793,31.247307296975137,7.855383872717976,245.4595938065212
2025-10-27 18:48:47.678394,25.371565962671355,437.5263645115945,36.26240502378742,5.203453473677106,188.6897373849128
2025-10-27 18:48:49.686757,29.30078447265145,633.4131984278625,38.80586190923412,8.369687585363918,324.79294066106337
2025-10-27 18:48:51.694041,38.396419473673376,402.04318046557916,35.90131931443078,8.788278510534791,315.51079303085965
2025-10-27 18:48:53.700771,38.90920412868235,683.7520913695118,39.86001972399844,5.595025684805926,223.0178341526421
2025-10-27 18:48:55.709956,33.64861968307169,502.3430034908532,35.51342618978929,6.022296763552669,213.87239160543464
2025-10-27 18:48:57.717825,27.118585466480067,437.6091553200698,36.0529941909292,9.724876660150626,350.61092173591345
2025-10-27 18:48:59.722856,27.51506076017263,919.7902980206693,31.32795969404546,6.466661903135099,202.5873234564357
2025-10-27 18:49:01.729279,27.83773006007479,614.5887791735795,36.80601176926118,9.211939294926081,339.0547461067689
2025-10-27 18:49:03.739353,31.70215231817643,534.3449866698953,37.773388136676886,9.110373519914331,344.1296750378272
2025-10-27 18:49:05.743857,41.98729540120233,462.97691982126696,36.7736418214947,8.08841004015869,297.4402937221772
2025-10-27 18:49:07.750538,43.94114022183175,804.3513538538109,39.198531597829074,6.594087555356433,258.4785493974906
2025-10-27 18:49:09.756123,30.202563656176334,522.3736609995861,33.93235743687027,7.056986142085897,239.46017620029883
2025-10-27 18:49:11.764722,31.11159530200573,709.1300265553075,39.82559232292971,6.846595149309675,272.66970721655514
2025-10-27 18:49:13.771499,25.306669308488967,732.2795734137017,32.919826650902756,5.620188682363922,185.0156371687859
2025-10-27 18:49:15.779766,44.769012220348586,429.5633454876805,34.604977012621276,6.365893577778414,220.29160092381545
2025-10-27 18:49:17.789961,33.2176124397927,893.2969164137642,32.05004631904154,5.31690768981864,170.40713773275556
2025-10-27 18:49:19.797746,30.08188725431245,649.4113825295273,33.23135597518461,9.246252498265068,307.26550820628654
2025-10-27 18:49:21.806269,39.80726266503491,995.1360560094508,39.661874676474156,8.218332661924078,325.95448008680705
2025-10-27 18:49:23.816236,35.047667497342196,402.3044459006204,36.11895191505234,8.488641807969206,306.6008452861427
2025-10-27 18:49:25.823202,39.67592342974817,964.1169537992147,31.526669263717956,7.679964261091186,242.12369321659588
2025-10-27 18:49:27.831084,37.20278787694468,915.8499611168562,31.460060408074646,8.60441819301136,270.6955161284739
2025-10-27 18:49:29.834867,25.936799534095936,817.0838437001729,34.59783742997486,5.285701014434654,182.87382440086336
2025-10-27 18:49:31.844702,42.98881680809775,428.76563536686666,38.471778021302335,8.804020635571282,338.70632758666346
2025-10-27 18:49:33.851714,34.32532482185182,514.1999493247592,35.4457269023082,8.271199234628705,293.1786692252297
2025-10-27 18:49:35.856693,26.372517677864586,441.9243312580766,35.67131154292802,7.433247262178553,265.1536788647879
2025-10-27 18:49:37.864717,28.73306818509896,635.5197848944747,35.254506371380884,6.413072622564574,226.08970963233108
2025-10-27 18:49:39.871507,42.30707434068165,821.3038545557881,34.915890878876844,7.292425036462777,254.62151681552382
2025-10-27 18:49:41.878307,36.70402439384262,474.1963759908156,36.00043595638231,9.077677540570079,326.8003489319832
2025-10-27 18:49:43.882789,43.44357200465783,412.4432730751569,33.755163704748945,7.489665980292518,252.81490125866293
2025-10-27 18:49:45.889987,29.59944321591413,606.0825434227908,30.523421477844927,7.004364836799776,213.79718009823605
2025-10-27 18:49:47.898250,34.23033290321621,491.82906725327814,30.86533198057024,7.766065991989081,239.70220502575953
2025-10-27 18:49:49.905757,39.35260267802428,925.3622834384573,35.51386601167891,7.052100894909117,250.4473662826433
2025-10-27 18:49:51.912484,42.53761416767254,544.6132705045932,33.32149112967317,9.06967902744551,302.21522926200834
2025-10-27 18:49:53.924300,43.117713343443185,821.4463251178516,35.15451050530011,6.706242286508584,235.75466491215383
2025-10-27 18:49:55.933006,33.77343570371936,604.165581962742,35.87289192659057,5.004103629573944,179.5116686931657
2025-10-27 18:49:57.938755,43.20519230521582,750.3626221136095,38.050497078408156,7.366741253921231,280.30816655971864
2025-10-27 18:49:59.943825,33.05554930925466,546.3827215608466,32.38026210211084,8.086854046679328,261.8544536129923
2025-10-27 18:50:01.948012,44.040400813226114,479.86211601470495,38.26494460524378,9.208255972855184,352.35340471220877
2025-10-27 18:50:03.956231,34.62284602826905,882.9303173152754,39.71000908378038,7.931012340331658,314.9405720781444
2025-10-27 18:50:05.965873,38.18232961611084,966.3861872746295,35.905348091847465,6.159323670104594,221.1526603854609
2025-10-27 18:50:07.970761,38.58178383240963,510.8759622050976,35.893707559342545,6.245809035770435,224.18524300144324
2025-10-27 18:50:09.975089,40.840490328813395,515.3235839172265,34.29747906036353,6.90900448169311,236.9614365388272
2025-10-27 18:50:11.982689,42.39262724909281,823.1071704539318,30.017974736858864,7.952594966142321,238.72079478613117
2025-10-27 18:50:13.990662,35.385763647516384,691.7049887438534,33.63638907647217,7.080753851908771,238.17099151753243
2025-10-27 18:50:15.999444,43.780525336757535,445.4139002682672,31.08515307584962,6.211976205658901,193.10023125644247
2025-10-27 18:50:18.006474,44.42701543282148,808.2710103883635,39.14926600683691,6.961247324384805,272.52772324172247
2025-10-27 18:50:20.011952,37.16397244748994,956.4859781999841,37.59442142405725,8.308197470752189,312.3418769897444
2025-10-27 18:50:22.019401,35.233352239119704,790.9809524535194,37.35934751716344,6.396501701427867,238.96912995777092
2025-10-27 18:50:24.026058,31.967074035108478,420.1936914482775,31.160159790756815,7.541693921466667,235.00038768588072
2025-10-27 18:50:26.031415,35.93776658694881,439.1334813046135,35.10957209124881,8.501632841009815,298.4886911247625
2025-10-27 18:50:28.040567,29.219560467694166,506.070315932242,37.38618504266763,6.572337224255007,245.7146156288102
2025-10-27 18:50:30.048998,40.885153809434904,681.0208634469317,35.898355813033604,8.669769155974253,311.23045797802774
2025-10-27 18:50:32.055943,38.803983908261976,855.6052118639874,37.35310167453348,6.482664243337837,242.14761660326084
2025-10-27 18:50:34.064228,43.87919431717177,860.7576297900011,38.5413427457506,8.523123263077329,328.49261494654354
2025-10-27 18:50:36.070381,27.91753212917712,849.4827391430244,32.8323910939381,5.304946763715639,174.1740868788331
2025-10-27 18:50:38.075675,42.75929548808698,868.6753956816212,36.63987917788329,8.216828721565951,301.06361158353764
2025-10-27 18:50:40.084474,32.753538648004024,480.862981870732,37.75203062001727,7.259324908747489,274.0542562356893
2025-10-27 18:50:42.094611,43.49965087602443,555.9255946689709,31.536120273502995,5.219482798292548,164.60223729243376
2025-10-27 18:50:44.102244,25.075012729811387,824.9972528228009,34.094059820384935,5.982403832547652,203.96443413657974
2025-10-27 18:50:46.107656,27.48681617519071,482.21495155028003,31.65972703068593,6.842187140063727,216.62177714728722
2025-10-27 18:50:48.115761,35.00853903807071,608.9353173658759,38.51873382830621,9.381674101965196,361.37020759751107
2025-10-27 18:50:50.120704,31.249918358729996,583.0694576663333,37.953645983725174,8.743853402596933,331.8611165757548
2025-10-27 18:50:52.126166,31.755278070505376,449.79649148183205,35.92062845245043,5.929568944567321,212.99384294099139
2025-10-27 18:50:54.131497,42.571795070145704,741.2997383359968,36.55733079194826,8.420824837515454,307.8428791261064
2025-10-27 18:50:56.135610,28.09769330574001,747.8992177976286,35.15506389937671,5.928596218707021,208.42017890224844
2025-10-27 18:50:58.140210,38.20589131036793,489.7308975733129,37.83810022098164,7.695198767494997,291.17170218485006
2025-10-27 18:51:00.144806,28.356879237634466,671.8772847181001,33.760030541964944,9.93667197142084,335.46234924065453
2025-10-27 18:51:02.149064,39.27637388703483,747.2875293371835,33.05475856761305,7.640563928629755,252.5569959812696
2025-10-27 18:51:04.153700,34.1777025239618,438.54046927980414,35.58341259592776,8.745740590159457,311.2032958765967
2025-10-27 18:51:06.161900,28.857039704767324,697.0926671426159,39.761868740051646,7.399817389473293,294.2305677405887
2025-10-27 18:51:08.166984,26.47639292890565,539.3852021129964,33.93926374373947,5.499470643151603,186.64798460887476
2025-10-27 18:51:10.171615,29.712879998704384,836.3135506240906,37.30622595418807,6.221465385396252,232.09939343375237
2025-10-27 18:51:12.178635,33.58826417945434,742.6648891532809,30.214570869847336,8.680543463767314,262.2788956747876
2025-10-27 18:51:14.185666,38.993530693199844,470.9533971843173,39.46988705229063,6.9418216688206815,273.9929172054959
2025-10-27 18:51:16.192796,30.722584919824932,773.3452305737885,38.14899599304911,7.179800836901835,273.9021933578588
2025-10-27 18:51:18.200108,38.11188978220109,834.7074038767624,34.26741049674296,8.35167752412993,286.1903620557822
2025-10-27 18:51:20.207209,29.53036234636923,471.98601860609557,30.81538565229296,5.736966232542745,176.7868269299869
2025-10-27 18:51:22.216919,37.209712968432235,710.4640313777247,39.65513462557679,9.836164900376794,390.0544433238149
2025-10-27 18:51:24.224944,36.45050156524682,847.4026385967875,39.679487810501314,6.640063832664184,263.47433190914916
2025-10-27 18:51:26.231983,27.249456440641783,774.5128584181789,30.377456633469194,5.929983275890269,180.13780980055424
2025-10-27 18:51:28.239229,29.027939692346855,916.6214314822923,34.58892286492472,6.369381741022654,220.31005373749247
2025-10-27 18:51:30.246512,30.694144837240206,783.6267553612797,37.150397826523054,9.312723435129943,345.97138046346174
2025-10-27 18:51:32.253573,41.9317215662398,516.0305265951199,39.796939575279985,9.591809450713281,381.72466112763595
2025-10-27 18:51:34.260286,35.22967497045549,818.4740769425927,34.523965502661106,6.219836460962309,214.7334194104565
2025-10-27 18:51:36.266931,38.135820494195094,680.1944015728893,39.65548978317251,6.03337008445041,239.25624574202192
2025-10-27 18:51:38.274099,35.7251176676019,842.9233391228212,39.89884826902117,7.590902311378317,302.86825954664556
2025-10-27 18:51:40.281089,33.72669656718456,661.5765997399719,38.01116721099491,5.132888632328566,195.1070880788561
2025-10-27 18:51:42.288330,34.5474994707368,782.3342263994766,39.931006750100934,8.063283960828917,321.97504626784007
2025-10-27 18:51:44.294517,30.93903570201042,532.6018241549125,34.58594288819832,7.117925056580401,246.18014948936553
2025-10-27 18:51:46.301462,33.46317532759332,466.9095859216543,34.80003135727356,8.821710495147999,306.99580185593965
2025-10-27 18:51:48.308402,43.39740012522317,778.1930008589206,35.30371294189223,8.88992138556777,313.8472326720734
2025-10-27 18:51:50.315612,26.051388497593354,611.0546743921419,37.30886862207326,7.365639551733423,274.8036783531689
2025-10-27 18:51:52.322850,37.38956910832515,678.509900004578,36.88184909648299,9.94448732582817,366.7710808930822
2025-10-27 18:51:54.329540,42.01380568844005,515.3090402762509,37.07556528957228,7.174227542776524,265.98854166445875
2025-10-27 18:51:56.336446,35.22627124099654,493.887557563123,36.06846256541823,8.972467779681887,323.62311823087737
2025-10-27 18:51:58.343683,26.881891532550576,543.1542479219087,35.63664228542529,6.226844564438139,221.90383230982678
2025-10-27 18:52:00.350378,36.599947849533095,817.730557466567,39.48598865953755,5.758450811269734,227.3781234303015
2025-10-27 18:52:02.355179,41.342955619454344,421.22567193311266,34.89371984027162,7.34716892834272,256.3700542047396
2025-10-27 18:52:04.362887,30.080307355083637,406.1773930566358,35.95285533620602,6.629190876554632,238.33834058086546
2025-10-27 18:52:06.370883,31.609447757797177,562.6280740286049,38.421015296335916,9.174727857199478,352.5023593411804
2025-10-27 18:52:08.380280,35.25047425360743,635.5042951677924,34.900805867203616,9.850701393028476,343.7974169738791
2025-10-27 18:52:10.389374,25.768848295301126,887.2524142946029,32.00746814750546,5.631603925683721,180.25338327068843
2025-10-27 18:52:12.398747,31.65003552440288,927.5461976166891,37.48986002767835,7.008482999242085,262.7470466479491
2025-10-27 18:52:14.405956,32.143051213829324,914.9364608797667,32.767225171680884,6.690033545097852,219.21383557831984
2025-10-27 18:52:16.414793,34.789798149166714,801.7633916842907,34.737351874576994,8.654744999743933,300.6429224408408
2025-10-27 18:52:18.422593,36.78978983770175,735.6288689200549,32.73715600288613,6.801509513738964,222.66207800638665
2025-10-27 18:52:20.429635,29.532632103016674,985.4149928737544,36.90091370101021,9.33023479199449,344.29418886955165
2025-10-27 18:52:22.438560,44.23937578900613,756.5540898248112,38.69852880576378,7.435521774710331,287.7437535845116
2025-10-27 18:52:24.446737,43.69908289446164,867.8433755849495,30.63185502293256,6.128434421960082,187.72531473103075
2025-10-27 18:52:26.451023,29.878583659849518,712.411343725732,30.776876698906076,6.678456238608334,205.54202419468874
2025-10-27 18:52:28.458401,28.651310110826177,496.31997091392935,31.925720767846485,7.773664691251874,248.17984827577487
2025-10-27 18:52:30.465522,37.99796758818689,413.69547296503544,39.09033815064576,6.69001803364114,261.5150671689504
2025-10-27 18:52:32.472867,25.941721787124344,537.3326198094587,37.483736876379446,8.070455754976983,302.51083999201944
2025-10-27 18:52:34.480484,31.000320396312297,959.9535241413578,32.353105404944465,5.869279549507544,189.88941991630253
2025-10-27 18:52:36.488356,38.82372184200195,675.334325259043,32.15057772045711,9.255847163726461,297.5808336060601
2025-10-27 18:52:38.495195,25.70445361188059,549.0594329309768,34.49591450032355,8.801888865070763,303.62920573083096
2025-10-27 18:52:40.502192,43.696409225269285,589.4464991299425,35.37326351112241,7.230645127185785,255.77151543935597
2025-10-27 18:52:42.508909,30.217528676479212,690.421223521152,30.92044239976641,9.603848663448552,296.9552494142346
2025-10-27 18:52:44.516714,29.751293907724587,808.2220196021725,35.03878986364533,7.828498067798676,274.30109874555126
2025-10-27 18:52:46.524340,36.81006850043861,444.89998210857,35.15684060079825,7.795170508172566,274.0535670118664
2025-10-27 18:52:48.532451,28.808246245916177,480.21245952877814,39.33093063979729,5.457461465201952,214.64703835722446
2025-10-27 18:52:50.540265,40.25333497950442,630.4959001402561,39.745933518397564,6.705783960132108,266.5276434681475
2025-10-27 18:52:52.547262,37.099717312064215,642.2071233142981,38.582324732567464,5.336270648714844,205.88572702958456
2025-10-27 18:52:54.555333,29.286193398087367,447.4592492688529,31.4008004311718,9.156765356224394,287.5297615458699
2025-10-27 18:52:56.562416,31.31857659835063,928.8544519192634,35.20363437606539,8.793507313705442,309.5634163549433
2025-10-27 18:52:58.570918,29.516250960170453,476.41301133664024,37.78272691371047,5.522218149961229,208.64446031792056
2025-10-27 18:53:00.578185,32.345641273370596,433.4755452432959,39.1026180011134,9.493923953293653,371.23728167726205
2025-10-27 18:53:02.585043,25.756874145584845,710.1085191755162,37.04165916113852,6.186268154327586,229.1496364520079
2025-10-27 18:53:04.591799,42.98482480210391,835.2140814887429,39.29921141513095,8.613547295614099,338.5056162045679
2025-10-27 18:53:06.600053,39.744224050239424,980.9212256308876,33.43173129855518,9.157685651915923,306.1572860314872
2025-10-27 18:53:08.608789,36.401896569589276,842.359031346828,34.067241922621626,5.16508003067378,175.96003095466557
2025-10-27 18:53:10.616851,43.1718615531809,986.1431145222834,32.20914152878781,6.049994191803675,194.8651191721488
2025-10-27 18:53:12.624740,30.874823458236335,553.5175249528679,32.03321781016938,7.438748445546972,238.28704919126508
2025-10-27 18:53:14.632353,41.17368950311267,886.5948348216671,30.250090785714303,5.578635765298391,168.7542383607091
2025-10-27 18:53:16.641387,29.678547590120367,603.0444757472952,31.43742993770096,6.223908040892184,195.66367297424165
2025-10-27 18:53:18.649738,35.565024899938855,616.9503221752718,34.44322115442613,5.333104627261972,183.68930211647745
2025-10-27 18:53:20.657888,35.4427666236916,641.8983714620479,33.41036126686228,9.701402166930277,324.12735119226113
2025-10-27 18:53:22.665695,25.296186939437128,410.4762640685682,36.20133421470188,5.967159871915532,216.01914883577186
2025-10-27 18:53:24.671738,26.03824045617455,476.427634682511,31.92588229135608,6.622915054623327,211.44240645955446
2025-10-27 18:53:26.679971,30.325875730864382,888.2128924831529,33.22490055869075,6.530170182844385,216.96425495633207
2025-10-27 18:53:28.688198,41.46898471990718,752.0325132057712,30.31253383192002,5.209299317716482,157.90706180887875
2025-10-27 18:53:30.695054,33.45494931296703,728.0566045820536,32.231238038085316,8.764923018929977,282.5043202086255
2025-10-27 18:53:32.704813,33.891471936103386,542.5755961574326,38.71441086497413,6.407261660383163,248.0533604394701
2025-10-27 18:53:34.712446,30.38793040980483,898.8017505644456,34.672815565824045,5.760900592935222,199.74664375188934
2025-10-27 18:53:36.719499,38.626752929149234,877.2970972693182,35.323769414833485,9.316287061533771,329.08637596401553
2025-10-27 18:53:38.724990,41.6500559741443,951.8282118807455,38.14564614404497,6.135557057832099,234.04478842466088
2025-10-27 18:53:40.732599,27.784023092312534,668.4555375567403,38.38220863685425,8.69522391449667,333.7418984303757
2025-10-27 18:53:42.739507,32.54776730262981,554.2420850502792,37.773583544467485,8.26791073594629,312.3086169224668
2025-10-27 18:53:44.746261,44.93213630530647,659.3614203803509,35.54843014230223,7.071847981591633,251.39309395059118
2025-10-27 18:53:46.754579,40.969266102337855,510.92117871685275,35.222429606770355,7.484579996857144,263.6250920755422
2025-10-27 18:53:48.760635,44.68001139540373,933.3966221434233,38.597057392312145,8.551721613730535,330.0712899282337
2025-10-27 18:53:50.768293,36.09174223779959,890.0553072919378,32.85563645455936,8.486511712324788,278.8297435875033
2025-10-27 18:53:52.775216,33.91410931498718,880.9531320923519,35.46420167555023,6.4602453634014525,229.10744444120738
2025-10-27 18:53:54.782254,42.17396985398065,653.3078836598974,38.56464458057445,7.932796537065089,305.925478981927
2025-10-27 18:53:56.789761,36.1813059947193,984.3983487156321,36.327274292252646,9.38793038927357,341.03792228771516
2025-10-27 18:53:58.796892,35.91300557594109,623.6544045478914,34.047882884746016,9.806142981041985,333.87840776959166
2025-10-27 18:54:00.804190,37.53274117510024,425.431872601341,35.553707725655485,9.28413310791733,330.0853550049743
2025-10-27 18:54:02.811896,28.486220526737533,775.8245260914302,38.86216683309736,6.524565617649877,253.55875754660045
2025-10-27 18:54:04.815915,39.913992981463274,511.86477658624926,34.196508868486404,5.590301473854629,191.16879392818242
2025-10-27 18:54:06.824040,32.12468450343537,507.64840160361655,34.82083227790676,6.955981017230469,242.2130483292854
2025-10-27 18:54:08.831087,42.567359061721156,785.7214099802165,36.99465301133228,7.206413562016628,266.59876918296425
2025-10-27 18:54:10.837888,29.97306988793776,603.8055989976723,36.31149633076055,6.236360143829316,226.45156847995952
2025-10-27 18:54:12.843386,44.538802947192906,720.4432851241168,31.363733677167264,9.032956740898285,283.3072495389066
2025-10-27 18:54:14.850286,28.96444855653545,934.3349659245441,37.531493334298304,5.430648234883961,203.82033802846624
2025-10-27 18:54:16.856908,28.040328222903682,507.2923187707993,39.69533939620334,6.844896723990789,271.71049859077476
2025-10-27 18:54:18.862753,34.45531354181631,693.8762564983599,31.10886774063619,7.6046784268082845,236.5729353896482
2025-10-27 18:54:20.867612,26.385111575711065,764.583493873328,36.638895588456606,9.507186078105759,348.3327980557452
2025-10-27 18:54:22.872480,26.62649279298389,865.1138916193756,33.94677910613862,7.931626098327702,269.2531591124146
2025-10-27 18:54:24.877385,25.930368569482717,650.5099721564511,31.958251441663194,9.29022309680034,296.89928567669216
2025-10-27 18:54:26.881893,37.54912928922053,676.8771483414379,38.21490956238147,5.783388520588168,221.011669278392
2025-10-27 18:54:28.888740,37.527466264398,607.2511049262257,34.341517255323055,7.355512562240015,252.59946157791094
2025-10-27 18:54:30.894379,32.866379949821095,805.8001647212649,37.813877941751315,5.046052667572319,190.8108196592283
2025-10-27 18:54:32.901827,38.1039070327118,861.8754016628454,37.0078466047355,8.783446052393549,325.05642416795
2025-10-27 18:54:34.908922,43.53214087332621,863.9152076057891,39.26654224224161,6.570476707767103,257.99990119720155
2025-10-27 18:54:36.915761,35.269312480780656,496.2148113067394,36.987127987082964,5.244698948965822,193.98635127911837
2025-10-27 18:54:38.922952,32.5820859429113,748.0897102748957,38.66884084891005,6.7424417673673185,260.72240763537064
2025-10-27 18:54:40.930162,27.746649972885592,946.4639065265196,39.68520633254283,9.1424039743768,362.81818809860295
2025-10-27 18:54:42.935450,40.295334376280486,710.4614013756229,34.149507041564384,7.905835950760114,269.9804004699354
2025-10-27 18:54:44.942635,35.223928352958715,499.26724196280355,30.273140269325467,9.965020725654307,301.6724702144683
2025-10-27 18:54:46.950896,44.36553259039614,550.3383417954265,30.020982254950443,9.066303955282411,272.17935015952025
2025-10-27 18:54:48.957619,35.19391259043066,724.9670715204439,32.535236648251704,9.437711557187816,307.0581789310457
2025-10-27 18:54:50.965077,26.659523095505385,800.5591043286291,30.87366627416708,8.653305417469282,267.1592636273886
2025-10-27 18:54:52.972440,43.67000113853596,640.5959196619664,35.1262979033038,5.8741474057379985,206.33705170187213
2025-10-27 18:54:54.981597,36.56871792230377,593.8067849126543,37.934973689081296,9.536337507485545,361.76071243666325
2025-10-27 18:54:56.988793,35.9703326689278,669.5195729910314,37.81774842754296,8.292573731379477,313.6064671901603
2025-10-27 18:54:58.996071,44.616027814439114,647.6926673940375,38.59138921255848,7.766621325242463,299.72470642898867
2025-10-27 18:55:01.003159,38.65052258184687,661.4722961307449,33.71112418172461,6.286767449070494,211.93399817723946
2025-10-27 18:55:03.009708,29.16898349846115,663.4885500915822,34.61204223400311,9.799201730801835,339.1703841660295
2025-10-27 18:55:05.016475,38.03354680331174,982.5439158096257,37.39681702370948,9.801497270663504,366.5447999893909
2025-10-27 18:55:07.023966,31.334911541730918,887.1975852617668,31.839215485432234,8.865323076665417,282.2649317859253
2025-10-27 18:55:09.033936,25.91340982974744,792.0971248310111,37.468119048074044,7.80702005742026,292.5143569221242
2025-10-27 18:55:11.042281,41.311275870557765,651.9043025989859,38.99515777967743,8.937737287830302,348.5284757322488
2025-10-27 18:55:13.049226,41.482492842159736,940.5312214886015,33.78498628982649,9.598136993313737,324.2729267269811
2025-10-27 18:55:15.056809,40.77948142932633,842.2455510101414,38.1171329862433,7.158739919304692,272.87064151806555
2025-10-27 18:55:17.063814,27.472207355350072,936.8600617869558,33.54738128096254,9.304068364620603,312.127128892069
2025-10-27 18:55:19.071188,38.87057369388224,894.3581864172812,30.52524638984228,9.164354911440387,279.7441916756791
2025-10-27 18:55:21.075942,40.67509698282112,751.6777565230819,34.378998419070264,7.184256145323624,246.9875306622767
2025-10-27 18:55:23.084034,26.788296016043763,815.7269644239152,35.85893453433876,9.242690794730649,331.4330441293818
2025-10-27 18:55:25.090457,33.794177937980805,723.6263373529775,34.40150204932214,9.35452868393643,321.8098376908818
2025-10-27 18:55:27.097372,35.134203775065004,696.0970928475283,36.88573453841987,8.622005406381323,318.0290026086024
2025-10-27 18:55:29.103819,32.27998897742594,715.3855451119514,36.67443661773684,5.689667458853974,208.6653485957399
2025-10-27 18:55:31.110876,31.80014727882243,984.0459079551993,35.0025409410404,6.2160857162885925,217.5787947774079
2025-10-27 18:55:33.117529,41.314884373953255,542.9648400423895,34.58568019448168,6.869534817559527,237.58753428497087
2025-10-27 18:55:35.127352,40.84398398518606,847.8871124056877,37.42432554791161,6.7109206550494305,251.1516793207741
2025-10-27 18:55:37.134276,25.776441188580172,421.0207164641482,31.98007158142154,7.488143042304385,239.4713505048179
2025-10-27 18:55:39.140935,39.335046033996065,815.0167128029557,33.24037217487777,9.65735500653422,321.0140746421166
2025-10-27 18:55:41.145237,34.76895838003293,682.3999909735496,36.70302281073198,6.722400843573189,246.73243150455065
2025-10-27 18:55:43.155624,32.01832081939025,497.19067046568233,37.145219432106046,7.848704674737747,291.54185740093016
2025-10-27 18:55:45.163172,31.155834995098395,657.3201359286003,38.625685720069406,7.592864383369637,293.2795933871442
2025-10-27 18:55:47.170064,43.801345112628,775.8542816741339,38.88394501733311,8.064378110040446,313.5748350297974
2025-10-27 18:55:49.179984,38.480813096544075,688.0771747134963,31.600093346411153,8.500945910809525,268.6306843143732
2025-10-27 18:55:51.183880,39.761205615536824,708.792643172395,31.479370578725796,9.049553016852743,284.8742329893335
2025-10-27 18:55:53.188641,44.4490756441306,778.5261831960299,35.75276703762097,8.670304333188085,309.98737096974924
2025-10-27 18:55:55.194506,29.655164315803013,876.9464919073642,38.84838228013542,8.937330306497882,347.2008243106696
2025-10-27 18:55:57.203141,37.118922208803454,567.6816202923565,38.38959241864951,6.298114037131665,241.7820308916598
2025-10-27 18:55:59.210333,25.38866304890457,487.0890452432743,38.12682227858966,9.444045654592793,360.07145026354635
2025-10-27 18:56:01.215928,43.27521533322536,403.7158566507428,38.76251861752632,9.244107162193902,358.3248759769495
2025-10-27 18:56:03.222877,28.06609830406989,841.2925300558693,35.12280197111731,7.1636895453065055,251.60884928236382
2025-10-27 18:56:05.230282,26.844439180514705,741.4829747543445,32.746085308760534,5.645981372634477,184.88378767996147
2025-10-27 18:56:07.237268,32.84457080166918,450.967612945093,34.52971856865604,7.226869292975387,249.54176281890233
2025-10-27 18:56:09.246616,40.116071929252804,821.6093631244186,30.51902796909084,5.741355877142861,175.22060059502704
2025-10-27 18:56:11.251072,34.22308893461506,439.980240149262,36.9896924092133,9.574334533820217,354.1516894289184
2025-10-27 18:56:13.255617,39.05294874454271,483.9047492543041,36.36420321285503,9.308279730124964,338.48817566836357
2025-10-27 18:56:15.262410,32.90767570917099,423.69275896055547,36.519394207838744,5.535903813473769,202.16785366092637
2025-10-27 18:56:17.266720,27.05506072963247,846.0586328818761,36.266235957583284,9.005641332065853,326.60071349806486
2025-10-27 18:56:19.273570,35.45181258327082,965.6118140141218,34.1446867896802,7.5816734183546775,258.8738642113645
2025-10-27 18:56:21.284499,42.72377534996845,641.9493643169983,36.33817345680456,9.718006932970649,353.13462158471674
2025-10-27 18:56:23.293249,41.61136742369108,415.32205057034855,32.871366178750975,5.369173588734828,176.49207111258102
2025-10-27 18:56:25.302134,33.72223336594021,869.9884152140726,34.310900242987415,6.166961370598659,211.59399638896753
2025-10-27 18:56:27.310527,32.042612430230506,552.5136944674027,38.23326229228008,9.730006266355755,372.00988168710836
2025-10-27 18:56:29.318207,34.74184283490256,907.4053000411054,35.130113724255104,7.876310355423193,276.6956785135449
2025-10-27 18:56:31.323032,25.532110827558213,866.1175713836019,33.74340499667165,7.476593729849362,252.2857302218829
2025-10-27 18:56:33.329895,25.131114924039093,981.3271493702701,30.93866944603278,9.682209230755543,299.5546708976731
2025-10-27 18:56:35.336615,27.356995562230303,612.3901213105978,32.303940799113924,6.673141768043344,215.5687766189666
2025-10-27 18:56:37.345435,27.707246231857788,877.3083847852708,39.47756904374131,8.145758030443762,321.57472506045383
2025-10-27 18:56:39.352240,35.91354366573201,509.57486577502704,37.31068657826949,5.66359997504056,211.31280357343323
2025-10-27 18:56:41.360425,25.403843037275273,867.5738347384874,37.75286702510751,7.7935113026414005,294.22739586729324
2025-10-27 18:56:43.369121,25.569212626414895,569.984283810246,30.23292135864604,6.656572032205383,201.247618767828
2025-10-27 18:56:45.377448,43.89116066171172,728.594732451586,39.76060888662091,9.301471400637938,369.832166430855
2025-10-27 18:56:47.384332,41.52281767781228,773.7128486818149,37.628380825509865,8.555705856193065,321.9373581878776
2025-10-27 18:56:49.390678,32.97194833481279,647.4922635094331,30.846013842951148,7.81654653638495,241.109302665402
2025-10-27 18:56:51.397422,26.089518492637236,754.8344160871205,36.66762651907121,9.528572500229991,349.39013769832593
2025-10-27 18:56:53.402037,39.96607038980466,966.0906440556062,34.01824259520747,5.946155774347056,202.27776964063187
2025-10-27 18:56:55.405264,41.80064983156192,843.7600790757805,33.89776300782287,9.836051935315513,333.4201574359627
2025-10-27 18:56:57.412185,32.61613396737083,917.8749976145546,32.69594950706608,5.485457528084302,179.35224236139985
2025-10-27 18:56:59.416994,27.711622882197407,880.8950263666345,33.27577870071078,5.642340907634684,187.75328739641935
2025-10-27 18:57:01.423791,38.339999036097616,830.7128572809615,32.60983444962357,6.764473902663956,220.58837410467066
2025-10-27 18:57:03.428033,31.494886171705094,878.947009497132,35.3780159948038,8.671591102768097,306.7836887341281
2025-10-27 18:57:05.433666,43.71481851094734,517.4637391125405,31.55080509024503,5.734144082105595,180.91686229389563
2025-10-27 18:57:07.440904,44.72710203653815,812.6847588108924,30.517479148229203,7.634497990450743,232.98563323077832
2025-10-27 18:57:09.448474,31.78404847328088,992.9956977774068,31.893034322569818,5.518019883323285,175.98639753145224
2025-10-27 18:57:11.455762,26.67701978211127,761.4106002791998,37.46170076396299,5.054593208851548,189.35365827355616
2025-10-27 18:57:13.463803,42.8026926010803,907.5150285047433,34.29019502444568,8.828049751717309,302.71554767189576
2025-10-27 18:57:15.470666,31.99996539931551,831.6989433308041,31.278915862114076,6.6628409939661415,208.40644285291145
2025-10-27 18:57:17.479392,30.219724126454018,669.709931620171,34.00508832708262,5.030546853291816,171.06419007971573
2025-10-27 18:57:19.487064,28.76954130607973,662.6058631866911,30.151937196856238,7.727613543071457,233.00251823226628
2025-10-27 18:57:21.494645,30.74347471734476,641.6590554243261,39.02127334260004,5.986140795414468,233.5868362451572
2025-10-27 18:57:23.498578,38.80378271173685,747.6580467374921,37.66858583070052,7.501002622947441,282.55216111880543
2025-10-27 18:57:25.503188,28.314853361779967,582.6993913635672,37.800209205146786,5.6297610199227215,212.80614432805942
2025-10-27 18:57:27.507763,41.661696925092755,667.3268932901599,36.800286745352395,5.295288080910899,194.86811977676786
2025-10-27 18:57:29.514283,26.973072487761605,695.443823360734,37.589428230486064,6.655600906365906,250.1802326005992
2025-10-27 18:57:31.521382,30.83517666276536,999.7890331828544,32.218852315103184,7.177165998941531,231.2400513608772
2025-10-27 18:57:33.533404,42.8263978593254,780.0583411475799,37.1848209715188,8.144737149897846,302.86059277902973
2025-10-27 18:57:35.591904,33.20977463495992,791.7735336218343,36.49594932156056,7.0314551927112845,256.61963237001487
2025-10-27 18:57:37.600573,26.210375980119764,950.4572412744353,30.656676497875605,6.343991285410176,194.4856885421618
2025-10-27 18:57:39.607837,37.58526965713024,689.8991888854378,33.71562547594332,6.015510307539492,202.8166925756781
2025-10-27 18:57:41.615304,40.00133665508089,444.1693249558139,33.421620792661834,5.257584072373373,175.7169811524016
2025-10-27 18:57:43.622137,41.28613240565607,644.1507391866922,31.734919061339088,8.427118498150158,267.43392345910866
2025-10-27 18:57:45.629761,29.22784032932303,437.4373060589029,32.216325111865785,7.725986448475851,248.90289123396732
2025-10-27 18:57:47.634446,44.57161996178313,580.4915512279081,38.81024084967124,8.168224589578728,317.0107636357574
2025-10-27 18:57:49.641701,42.0997610730213,850.1879640463534,33.43431277145694,5.4224317089744964,181.29527773971907
2025-10-27 18:57:51.648883,42.13263977410916,432.24378948082426,36.82270686329746,6.214772693377414,228.84475311026216
2025-10-27 18:57:53.657163,44.88812191938966,567.5990385686995,35.62878118767392,5.043295536289851,179.68647312724372
2025-10-27 18:57:55.679304,43.067501097481056,425.53318104094365,32.53094807569399,7.024075444765053,228.49983357340912
2025-10-27 18:57:57.764388,26.01538582895848,589.6640793841149,35.877112606044555,8.485314097045395,304.4285693573549
2025-10-27 18:57:59.773382,30.223053471817096,501.36045654955615,38.088085189163365,5.308798282172953,202.20196122348756
2025-10-27 18:58:01.777171,30.129256155043713,517.1918707951284,35.01612925619959,9.636383792582375,337.4288604434113
2025-10-27 18:58:03.780979,37.61441920889635,491.12181336839933,39.52982489060268,5.272671053630277,208.4277634557544
2025-10-27 18:58:05.785809,25.048103645619033,460.02261747261355,39.10416240602045,5.4120745710041716,211.63464297804057
2025-10-27 18:58:07.790261,28.251751711418528,680.6504494417268,38.39863723822598,6.1995864999537655,238.05567303872772
2025-10-27 18:58:09.794838,42.19049334147515,908.5865895520478,35.20649972163366,7.601112160909141,267.6085531771539
2025-10-27 18:58:11.799803,36.74772177431238,812.4960165741627,32.93308078545046,7.625214571385454,251.12180748583114
2025-10-27 18:58:13.804913,29.692307339095255,795.3271001510768,35.209909320636314,6.640158458847372,233.79937721067213
2025-10-27 18:58:15.811509,33.399592928603596,882.8790564824193,31.011208561141622,8.468993223629393,262.63371516086625
2025-10-27 18:58:17.819233,28.556435464208203,879.8748042440002,31.85704742766299,7.802163534421505,248.55389375444858
2025-10-27 18:58:19.827062,35.08088168802429,696.6414788168651,36.810418617742435,5.920435927362769,217.93372488574568
2025-10-27 18:58:21.835369,39.831888590030104,497.3907592025407,33.47460442150248,7.466064452305092,249.9235541263545
2025-10-27 18:58:23.843822,40.61186292461685,578.3304918143301,31.847349048621517,9.490953097489665,302.26169609984896
2025-10-27 18:58:25.851891,36.059842078258896,714.2551247567592,32.83571476680303,8.044409509667327,264.1439361267942
2025-10-27 18:58:27.855994,35.279354312252224,876.1516221328548,35.28358057430743,6.555103121472442,231.28750915936703
2025-10-27 18:58:29.859892,44.74494888222736,665.0478502157232,31.798272976108628,5.238541650130907,166.57657738757712
2025-10-27 18:58:31.867394,30.193209534627236,864.8562524846807,32.615164843513874,6.919210610325147,225.67119464274492
2025-10-27 18:58:33.874321,36.22670887359143,968.8225422356927,37.883799952648225,6.377424519276948,241.60107470140167
2025-10-27 18:58:35.882038,44.543000554741774,709.9492003714612,31.510394989902725,9.75674580595014,307.4389141615657
2025-10-27 18:58:37.889086,35.01138645645302,704.5306948541761,30.847917473585618,8.717458784994658,268.91544917889917
2025-10-27 18:58:39.896506,39.45159057254089,950.6691788608324,39.62587846131075,8.03819755925931,318.5206395312141
2025-10-27 18:58:41.904398,31.796961966874097,578.9691529737481,36.78689834254338,5.244742441708477,192.93780703595252
2025-10-27 18:58:43.914068,41.1698334395753,977.0698565907401,39.70874346470833,6.4853915478852375,257.52674924316256
2025-10-27 18:58:45.922249,25.03800543797051,414.14693558077965,36.52693714113176,7.549306262844249,275.7530353220642
2025-10-27 18:58:47.930659,38.26015507431681,942.4126919898175,31.74761325838268,7.493810998235288,237.91061340338857
2025-10-27 18:58:49.937257,25.199330812890956,449.31582300014395,36.67519032246553,9.506576163977254,348.6554901288801
2025-10-27 18:58:51.945780,29.06848926084139,412.6249714833135,36.08977967074469,9.285995837304071,335.1295437917563
2025-10-27 18:58:53.954572,44.132534395557144,533.3223537559252,35.009522895776485,6.6685369695419245,233.46229771650994
2025-10-27 18:58:55.961845,41.674284686481506,523.4353178441818,33.2508095098257,5.57167349068527,185.26265388972152
2025-10-27 18:58:57.967930,31.54967591260325,942.7437888088875,39.4475697215087,5.223067172965431,206.03730646567718
2025-10-27 18:59:00.004306,33.58354383354063,864.2302923964864,31.204747956385226,8.385855180960036,261.6784973206051
2025-10-27 18:59:02.065530,39.55724129034383,950.6743785075869,36.24632645774895,5.668024316433283,205.44505974390012
2025-10-27 18:59:04.073238,33.53890675806948,866.3828043897691,34.169696771963686,7.505781382025219,256.47027386045227
2025-10-27 18:59:06.080279,39.19269236338304,634.026206645864,31.867889430201544,5.990111063550184,190.89219704784423
2025-10-27 18:59:08.087846,32.3138962216702,802.5143317513956,35.41060067454615,6.793506822853388,240.56215728386607
2025-10-27 18:59:10.094290,34.7777042545051,552.4432699905126,35.707669147202786,7.534668902043874,269.04546428790036
2025-10-27 18:59:12.097885,26.571379809851305,915.1635893228862,32.288284004050865,9.89110442099993,319.36678865896886
2025-10-27 18:59:14.106014,34.42379851966296,933.8916255124974,36.31211120130933,8.995551229325969,326.64745655635943
2025-10-27 18:59:16.113193,40.82586397195363,615.3271976486914,30.302680092677065,8.72286963587393,264.3263280660142
2025-10-27 18:59:18.120263,41.920751197965565,541.1397954396905,39.113909977565186,8.12102469516046,317.64502885209
2025-10-27 18:59:20.127412,25.455292473907217,818.579576471194,39.91555020100794,8.443811685006427,337.0393892007315
2025-10-27 18:59:22.135586,29.83761452666861,752.0302912515233,34.26828020535444,5.034885088853608,172.53685302659633
2025-10-27 18:59:24.142086,31.240650191894957,464.8832053942199,35.80005201338728,5.4482350966453215,195.04709984106458
2025-10-27 18:59:26.146878,40.54406751846967,823.1621304648152,30.624377303601786,8.168386580754554,250.15175261070516
2025-10-27 18:59:28.153914,43.29486862808168,900.7491455829584,36.84021158442209,9.793707914989788,360.80227178425315
2025-10-27 18:59:30.157696,36.50934202506469,779.6633021578273,31.59857108248784,9.614984601115616,303.8197743753778
2025-10-27 18:59:32.167544,26.34754629028096,403.84111888174556,33.41376861338883,8.740348836461674,292.0479936218327
2025-10-27 18:59:34.174386,36.572961545091715,957.6145470265251,31.5716590454223,6.038111636517821,190.63320186633752
2025-10-27 18:59:36.182548,36.34550963299527,544.4107972048699,36.22449493313716,7.698142971932723,278.86134108134235
2025-10-27 18:59:38.189616,31.33187931311423,886.1829445369378,33.21033180193106,9.552251349174913,317.2334367615425
2025-10-27 18:59:40.193399,26.184594385194938,766.1446475294067,37.69799287080696,6.377714145960063,240.42702240644712
2025-10-27 18:59:42.200361,25.15301755636917,694.2102086668507,30.94154118467811,7.851667153972636,242.94268261302867
2025-10-27 18:59:44.217255,38.877507469313926,490.9645859125239,31.965189212224693,6.552008248805533,209.43618339312584
2025-10-27 18:59:46.237437,26.194888942050916,448.7574667426941,31.38889335686855,6.275906545609654,196.99376127781474
2025-10-27 18:59:48.244930,25.352928958669416,867.0404362276228,30.21752074669509,8.001908961619488,241.79785006090225
2025-10-27 18:59:50.252380,41.71115682766997,722.6095291909223,36.66813236916892,8.924159633472293,327.232266723756
2025-10-27 18:59:52.259912,44.83227896240351,807.8186516560553,35.88375283902268,7.204869638285292,258.5377613376081
2025-10-27 18:59:54.267077,31.26511820509493,681.9831627887246,31.14920001907288,6.469011661854594,201.5045381808238
2025-10-27 18:59:56.274074,37.449997855798706,581.9710445547275,31.842724160943355,5.3165197361886305,169.2924714556659
2025-10-27 18:59:58.299111,41.34634755449648,859.8738978697949,37.86162003149014,7.955255509113364,301.19886133946886
2025-10-27 19:00:00.328333,31.30291292693127,720.6995753324261,34.44176347881831,7.2317939006565695,249.07573505397443
2025-10-27 19:00:02.334931,26.095284971410997,838.2326804557297,34.30996302451415,9.644197738668069,330.8920678148044
2025-10-27 19:00:04.342449,43.487942425689084,427.406390807311,34.83459914293012,9.48006606343374,330.23430116820987
2025-10-27 19:00:06.349131,35.23117523578193,781.1908877199353,32.18577050999247,8.569099454531168,275.80306852084186
2025-10-27 19:00:08.356610,43.547800425885065,783.1675647273994,36.130632395073114,5.626752280751867,203.29811823398492
2025-10-27 19:00:10.360478,35.462233215329476,998.5578602641983,32.140802377273985,9.412819377890937,302.53556743776767
2025-10-27 19:00:12.365375,27.557822641569263,800.0287805377363,36.692028600165266,8.752141576232413,321.1338290278152
2025-10-27 19:00:14.373860,41.774107705958,435.5975921102182,34.8556006904179,7.124357309077786,248.32375354107552
2025-10-27 19:00:16.378741,43.35935251201687,818.8243894810555,38.40356691618509,6.81824214316803,261.8448183959067
2025-10-27 19:00:18.385305,38.83499427042149,432.13660157022196,37.60236703645836,8.941987928916046,336.2399121386813
2025-10-27 19:00:20.392811,32.831216896878225,488.42755549649104,34.63930475316392,5.703051402088549,197.54973553990405
2025-10-27 19:00:22.399655,44.29770262029959,916.3380201478017,30.109766483179065,6.36985636853124,191.79488778786663
2025-10-27 19:00:24.406378,28.349275027040843,548.1967269265064,31.03831532682318,7.595163061100389,235.74106604907348
2025-10-27 19:00:26.412956,41.53327355536711,732.8064461386513,38.063720544654316,7.360632352215462,280.1730528866709
2025-10-27 19:00:28.420015,40.48829469474291,439.3808018278626,38.91465800827606,6.807103183002038,264.8960923935717
2025-10-27 19:00:30.426503,44.78497246833912,842.6457270018425,33.224172642136764,9.15726164215047,304.242441728024
2025-10-27 19:00:32.435824,28.23936264545278,758.9334225871594,30.23552834500855,6.977948650744236,210.9819642195915
2025-10-27 19:00:34.443639,26.710545746243838,730.8692490673795,33.271509651100246,5.24318072165253,174.4485379829249
2025-10-27 19:00:36.451943,41.45380489034628,729.2882494324707,30.392385028212175,9.359067600828313,284.44438602944007
2025-10-27 19:00:38.464004,26.294171948225273,966.3276234285372,30.465149894578044,9.937172671073046,302.73745495254485
2025-10-27 19:00:40.471571,39.23771553954724,937.7049004312701,32.11726518138986,6.786558545562727,217.96570047686558
2025-10-27 19:00:42.476609,29.32080020181598,537.1350716344693,35.03607586859715,9.102701645213234,318.922945450895
2025-10-27 19:00:44.485147,31.915928523591965,883.7204140509211,34.59228106989657,9.863831663180367,341.21243731888063
2025-10-27 19:00:46.492310,42.247290484801255,469.97976157327827,34.931528957746984,7.965034908529489,278.2308475567635
2025-10-27 19:00:48.499251,34.38325790018507,696.7665045614565,37.65688709756288,6.697247836144854,252.19750563010405
2025-10-27 19:00:50.506531,30.826642825325624,756.5025421626979,39.44870402338334,7.1475319277579645,281.9608715158065
2025-10-27 19:00:52.515629,32.32234617422122,720.5285772272173,36.96816083443644,6.443533270944566,238.20557430232103
2025-10-27 19:00:54.523937,33.11602597526526,937.8673813219332,36.71180661351564,6.735643082118142,247.27762624838567
2025-10-27 19:00:56.531766,44.91294141088718,961.2138135403749,39.971336851934595,6.6933334279684,267.541485111639
2025-10-27 19:00:58.538835,42.214018105536965,864.998104138281,39.89526537907621,5.793988948223442,231.15272669280884
2025-10-27 19:01:00.546446,38.425932757805555,559.343206115157,39.550541239221914,5.6297727667067985,222.66055997708568
2025-10-27 19:01:02.551194,31.725634948874948,751.0651618154712,37.36447200347418,5.708954442531271,213.31206843706917
2025-10-27 19:01:04.557997,29.170479748347233,654.5391309743301,33.311692641884484,5.940335180823968,197.88261973338132
2025-10-27 19:01:06.564947,40.670188310646886,457.4003738733684,34.72078220690554,5.008599779138174,173.90250209301172
2025-10-27 19:01:08.571236,35.45211300602948,816.7016708067952,39.47375441090733,7.203047650688092,284.3313339733248
2025-10-27 19:01:10.576124,37.14745048277314,722.0630057941485,32.510060695752756,7.009821999166425,227.8897386593234
2025-10-27 19:01:12.582441,44.5746645275224,835.6061858283049,33.847799966813405,6.9801292851608965,236.26201978662226
2025-10-27 19:01:14.591232,44.494908048409044,532.8338214154371,38.48768954065869,8.615433740906338,331.5881390781189
2025-10-27 19:01:16.600531,37.54035795878637,806.6455927042041,34.8196453965809,9.208076897703315,320.6219723624782
2025-10-27 19:01:18.609851,38.184667600290574,945.3415769405635,32.29742020767644,7.283264983821525,235.2306696663395
2025-10-27 19:01:20.617990,26.17934367876591,867.2639300094253,33.465895909182436,5.844728318157127,195.59906951289733
2025-10-27 19:01:22.627262,25.536727069869716,713.5788407035948,30.579979794857024,9.770815932441291,298.7913537933218
2025-10-27 19:01:24.634391,37.25766778628267,793.6027337108324,30.447127421462074,6.357596186344102,193.57054117982022
2025-10-27 19:01:26.644992,27.546440059059165,851.6878840481916,39.672204982568175,5.649363570549629,224.12270959189811
2025-10-27 19:01:28.651796,30.948165016303903,735.2621274766257,32.629261323265716,6.574178206711346,214.51057869250286
2025-10-27 19:01:30.658582,38.836572525467304,965.8968071497898,30.282569867973443,6.8810508455163895,208.3759029944278
2025-10-27 19:01:32.667012,27.093563467257113,912.5256604008432,37.56896788333019,8.095303113142117,304.1321826634591
2025-10-27 19:01:34.670882,44.27285219516449,738.3832727279066,33.72310934268999,5.481237003767591,184.8443548112529
2025-10-27 19:01:36.675563,27.297133053405823,562.4130434013853,34.01563071308976,5.605556776376134,190.67654924646848
2025-10-27 19:01:38.682261,41.789605880077445,885.2370152342723,30.97246030903809,7.521419706071233,232.95687331390823
2025-10-27 19:01:40.689460,41.66191651767748,426.014669422913,38.57875523023762,9.440008862977537,364.1837912960841
2025-10-27 19:01:42.693449,38.919909108657336,704.0055552834012,35.30889332137251,5.245556517300539,185.21479548059503
2025-10-27 19:01:44.701548,27.032224305235538,703.8105895413721,33.30259190949642,9.54492776447886,317.87083414606144
2025-10-27 19:01:46.709645,39.627737784427794,564.0361363026061,37.443414414886746,9.268775779034883,347.05461261306783
2025-10-27 19:01:48.716640,30.1084790047682,599.0096607431111,30.04408701677621,7.652847032589907,229.92280217320877
2025-10-27 19:01:50.724609,38.75620857493108,433.9172499636141,36.47644231611065,5.948647036362641,216.98548048078445
2025-10-27 19:01:52.731323,42.91061173697227,681.4521607229054,39.31664898022117,6.277195117002531,246.79827699554684
2025-10-27 19:01:54.738425,27.572547043543295,719.4066446068089,38.73415082075223,5.542225296386201,214.67339051281132
2025-10-27 19:01:56.745519,42.33147051027207,500.4038690482938,30.1414203931325,8.620562839676385,259.836008576102
2025-10-27 19:01:58.753134,31.012149846136982,696.6332784433449,34.6359951690171,8.770895666375393,303.7886999285312
2025-10-27 19:02:00.760459,39.62513019649217,420.34674404480035,39.23183173487587,6.227996010677799,244.3356915363896
2025-10-27 19:02:02.767929,35.8387400796071,475.6317480974536,38.78289800192133,9.761409531943546,378.5757502323492
2025-10-27 19:02:04.774856,29.884371180586825,991.9035310610678,36.74535548885422,9.61564769642526,353.3303928607284
2025-10-27 19:02:06.781001,34.67426727625666,563.3702045893594,31.281454158672993,6.425861192448869,201.01028232158507
2025-10-27 19:02:08.788667,38.78711629979202,935.009696881982,32.75442174170334,9.543516800538807,312.5923741838794
2025-10-27 19:02:10.795466,42.344570143847506,560.9037411505966,30.03985994909731,7.985267876376309,239.87632866236999
2025-10-27 19:02:12.800087,25.228958706451436,646.8045159904029,36.12830325027683,6.549508278024311,236.6226212086607
2025-10-27 19:02:14.807777,33.57405093727832,709.5044334828525,36.884030071599135,6.855375597146309,252.85387967725134
2025-10-27 19:02:16.815212,33.30215209091678,671.0101303532035,30.464315435298943,5.346206265067723,162.86851404119454
2025-10-27 19:02:18.825187,34.788752302711195,677.4247370798978,39.29460708762466,9.774824627511776,384.09789308851236
2025-10-27 19:02:20.833321,29.77034400056093,856.7377349972114,34.60985382990684,6.1513213560703495,212.89633299437912
2025-10-27 19:02:22.842653,36.775559107264726,586.6041240407934,30.90247381335303,6.38998767336734,197.4664267438829
2025-10-27 19:02:24.850539,40.9758865953742,947.9323911232343,38.16725254921766,9.985364119088375,381.1139141291423
2025-10-27 19:02:26.860795,43.588045744066264,848.0265228345877,35.16296246300454,6.832622484120556,240.25524793301193
2025-10-27 19:02:28.868588,25.856477803767277,437.75275861018304,35.15825009715903,5.094190153452049,179.1028114575521
2025-10-27 19:02:30.876987,36.26575877757899,624.6539674190382,37.8679176597332,7.177423914118931,271.79409778885565
2025-10-27 19:02:32.885609,31.9868538093322,739.405989666202,32.75741424303299,7.662161123733542,250.99258592700278
2025-10-27 19:02:34.894509,37.846854398436584,732.6855240258103,36.94786378563903,5.266851884339024,194.5989260016945
2025-10-27 19:02:36.901566,26.870719456398046,478.947739176813,34.45493614420259,8.089862022440014,278.7356793985803
2025-10-27 19:02:39.373333,33.126183334565624,692.8401189229882,32.64718739984629,5.418858241309621,176.91048049723668
2025-10-27 19:02:41.380937,38.691509128988656,504.6892038785189,34.21843259631887,6.100529948932746,208.75057285937976
2025-10-27 19:02:43.390276,44.78560461633099,821.6569724115656,38.986479979412024,8.157442303066658,318.02996103171694
2025-10-27 19:02:45.399828,37.16079526095018,993.3079643323414,31.12941742434813,5.092232146333059,158.51822010488598
2025-10-27 19:02:47.410043,38.997638576488676,961.1204654995717,35.9900139269352,8.524825100112006,306.8085740777178
2025-10-27 19:02:49.418069,28.151493817039142,906.8981180604832,36.06558951795745,7.973841654156261,287.58129997999055
2025-10-27 19:02:51.422002,38.20615640722312,605.333723330621,36.05027021075331,5.123825712017479,184.71530143103558
2025-10-27 19:02:53.428994,32.10110428212264,876.574792952951,36.10257944661991,7.157458836464042,258.4027262793548
2025-10-27 19:02:55.436836,26.45126435250359,522.9297386101662,36.10850788653514,6.511461197567563,235.11914800523593
2025-10-27 19:02:57.443921,28.742272556027515,824.0416016037673,31.099255639907756,7.9213418206630415,246.34783429189227
2025-10-27 19:02:59.450705,32.52148208881746,650.9252552357162,35.17171337796027,9.531137911508495,335.2264507893877
2025-10-27 19:03:01.457738,29.733041236079917,738.8192358997474,39.57076749507616,5.880458308095145,232.6942484741219
2025-10-27 19:03:03.466842,35.91348217686744,577.4097226317467,38.99484304548803,8.419732759321732,328.32615743470484
2025-10-27 19:03:05.474556,43.74457872019315,448.5202385232268,32.287276635845224,9.815088518953388,316.90247821675644
2025-10-27 19:03:07.481090,36.7802514189845,804.8711662095675,32.973161583579504,7.496831176146879,247.1942257359074
2025-10-27 19:03:09.487649,28.814250477702167,998.0843112651083,30.963423885807156,6.813492349683052,210.96905176594055
2025-10-27 19:03:11.496425,32.04543765914829,713.4664615333991,32.59351170087086,6.70098226281402,218.40854379035687
2025-10-27 19:03:13.505931,36.586765313188245,701.8583086282154,36.33903835518598,8.708324396843933,316.45213426631346
2025-10-27 19:03:15.513422,39.74170996630814,928.5734575740496,31.747481449592676,5.45273692002932,173.11066421813993
2025-10-27 19:03:17.520588,44.17940842339279,853.4352980590855,35.73339652482781,6.7872759841328065,242.5324240644585
2025-10-27 19:03:19.525745,43.188756324397914,949.6931045649452,31.284573350665443,8.50124885928885,265.957943510683
2025-10-27 19:03:21.531507,43.24871545511917,502.9044727781728,35.757631045049116,9.62222680066083,344.0680357698133
2025-10-27 19:03:23.539958,27.83903807181758,441.11542148807166,39.95295949315817,8.192597194084817,327.31850383903196
2025-10-27 19:03:25.548139,25.385074559284668,668.900011810802,32.106479408593906,8.595249663757565,275.96320634115597
2025-10-27 19:03:27.557551,33.53029874142932,999.645617139947,33.975578132715476,7.074076625663581,240.34584311204927
2025-10-27 19:03:29.562424,29.21188757417461,550.4816139213307,34.369938474017104,5.061039565182327,173.94761846988285
2025-10-27 19:03:31.571168,34.21130924044154,743.64465457733,36.72553489469801,6.68707754714936,245.58649980138537
2025-10-27 19:03:33.578342,40.981544207168795,448.69832705667557,38.41472712111671,7.147022454108692,274.5509173030793
2025-10-27 19:03:35.585658,31.213163168716626,776.0244433142609,38.858883033082535,9.615833237256997,373.660539032197
2025-10-27 19:03:37.593004,39.69835950352115,534.2057290855472,30.92235534727096,6.41952594786161,198.5068625208031
2025-10-27 19:03:39.600029,37.8655639089216,582.3829838153025,35.95176253410236,9.667730897037416,347.57196545389354
2025-10-27 19:03:41.609598,37.04512911776401,775.2420003438465,35.981742089638715,5.082931020521638,182.8927130398337
2025-10-27 19:03:43.616727,37.83006194461673,554.925139660809,33.139187734907296,6.858080604616402,227.27122065750947
2025-10-27 19:03:45.623604,40.93542941101201,847.0421819586475,39.45902317508812,6.2294312744370455,245.8072730256301
2025-10-27 19:03:47.630221,42.16287265300649,495.342412401488,32.28297159160846,8.999364812681915,290.52623859033105
2025-10-27 19:03:49.637451,43.53891553790976,891.7488448479253,35.624825596348046,6.136832154051177,218.6235752021341
2025-10-27 19:03:51.643996,28.242099353502333,410.7890317409895,30.10656353384641,5.087271803866588,153.16027177705485
2025-10-27 19:03:53.650952,39.43553140426752,848.0692363048939,35.602712735330186,8.230838190763619,293.04016767674193
2025-10-27 19:03:55.659018,32.95897795951051,606.2470557627751,38.50041807930422,5.339588988177644,205.57640841648828
2025-10-27 19:03:57.666177,26.714732405432965,407.7351997699548,33.45104488076864,7.201169215647685,240.88663462664022
2025-10-27 19:03:59.673838,34.02927247216465,999.0559019652006,36.93904629330197,9.813418776328337,362.49833047435123
2025-10-27 19:04:01.679688,27.01663281355308,401.4439679111962,35.044569293125065,8.232008090296382,288.4871779419577
2025-10-27 19:04:03.686661,37.39799196203797,536.5266367940825,38.136845496280614,5.325540896516897,203.09933035458866
2025-10-27 19:04:05.693352,29.12338731996936,451.02804743539014,39.20213653831414,9.433224890094493,369.80257013810774
2025-10-27 19:04:07.700481,38.687552546630144,519.7104091439963,31.359600804958188,7.620259242205551,238.96828786585925
2025-10-27 19:04:09.707799,38.38940225201346,423.86547053656824,36.11678509371209,6.175006387591975,223.0213786529588
2025-10-27 19:04:11.713462,39.88548264517999,411.21846748270355,34.10322788751063,6.922371310999626,236.07520634098594
2025-10-27 19:04:13.720749,25.09634076096264,511.5870161801795,34.51663001712443,5.710881794014554,197.12039395553217
2025-10-27 19:04:15.728566,41.77823890936246,428.91313245717515,39.43154382135915,7.779608945893441,306.7619910630349
2025-10-27 19:04:17.735459,40.2554627000157,843.2223404932037,38.06001235317178,5.656633218420438,215.29153017044374
2025-10-27 19:04:19.742432,32.98150312232545,568.2473695100111,32.18470228285353,7.7983159382169305,250.9864767791435
2025-10-27 19:04:21.749684,26.102560284515096,678.39735386675,30.87989460467093,8.791456221036073,271.4792415271725
2025-10-27 19:04:23.756279,40.58351784946748,985.3396775562874,32.68800015189601,8.529985673570323,278.82817299333755
2025-10-27 19:04:25.763383,25.66933869371735,911.7406412797231,31.922496200303296,7.29790936871766,232.96748409304732
2025-10-27 19:04:27.768901,39.95771423571421,880.7461292880373,31.97091168283409,6.957186098449263,222.42758231456247
2025-10-27 19:04:29.776034,35.151282441998106,489.56180487813987,31.854512543465514,5.2322033419493845,166.66928698608885
2025-10-27 19:04:31.782115,44.06983847260162,649.1306243283606,34.71033234932582,8.20042937215608,284.6396289147108
2025-10-27 19:04:33.789574,39.592459406865885,513.643548864237,39.14345662788881,6.084508220174364,238.16868361842813
2025-10-27 19:04:35.796765,44.32357086023589,625.5816518916938,39.63912296731214,9.503952547290492,376.72834369754725
2025-10-27 19:04:37.804553,25.087963110494968,809.1403603817771,36.761923694466475,9.66410189481407,355.2709764327037
2025-10-27 19:04:39.811791,43.48213115820214,542.4872679042621,30.95558899903407,9.152780434172671,283.3297093186498
2025-10-27 19:04:41.817517,25.65708436689813,635.1947645081607,37.43004198730447,5.070932936560145,189.8052327302514
2025-10-27 19:04:43.824891,39.91038228165311,415.8280887147546,30.960219465341023,7.974728706430401,246.89935092764034
2025-10-27 19:04:45.833238,25.522496884063735,650.6064793702924,34.206985769230144,8.377386710092498,286.5651479754718
2025-10-27 19:04:47.840207,25.841864244089997,598.8383974738841,30.435038976337463,6.672171954617898,203.06781349562144
2025-10-27 19:04:49.847011,42.63874494557264,471.86198746609324,31.961796347345505,5.9613944901136575,190.53687663920033
2025-10-27 19:04:51.854614,28.60231830076631,574.7263607583933,30.182975202491452,7.337439704419481,221.4657606482694
2025-10-27 19:04:53.861542,36.10709518004793,474.656724085263,32.86183949347501,9.427017742556576,309.7891439580353
2025-10-27 19:04:55.870374,35.53807175182324,753.7292796423218,31.949744101558764,9.217566790212402,294.49890018631265
2025-10-27 19:04:57.877493,38.15730186731904,749.0753258347506,39.5187056024551,6.70618970470765,265.0199366545569
2025-10-27 19:04:59.884577,43.63323597402634,803.0935296805883,33.961533296592904,7.035267614091147,238.9284753263982
2025-10-27 19:05:01.907976,34.752445723992366,672.5257218303443,34.178089983789505,7.679437580846274,262.46850866305874
2025-10-27 19:05:03.990912,27.2099482485945,821.8914550320201,33.11873588360369,7.4136071493628,245.52929712454264
2025-10-27 19:05:05.997787,25.4818694702047,828.3488408858061,38.16072434465562,5.257612625667132,200.6343061190645
2025-10-27 19:05:08.005375,30.523610777155397,461.1159113188985,38.96634931006002,8.80973363865107,343.28315829226364
2025-10-27 19:05:10.012659,40.59741440216468,561.3397464832644,39.711808570539304,5.17199436076269,205.38924998251673
2025-10-27 19:05:12.020802,29.385788149537433,463.8211618633693,33.18668109479461,7.612757210747333,252.64214580516983
2025-10-27 19:05:14.029635,25.601244304542764,594.686598332695,36.39609739384292,9.687034954710136,352.57026766919086
2025-10-27 19:05:16.034515,25.004438398528386,425.5193508439925,39.735631452119776,8.71515673217182,346.30225595704
2025-10-27 19:05:18.043006,27.283359153466872,622.6089692624781,35.71300951012252,8.651394927531623,308.9673493227626
2025-10-27 19:05:20.051329,35.392980927840554,658.6980230650724,30.80894369149415,6.121712626394953,188.60349960211087
2025-10-27 19:05:22.058217,40.62502141149766,483.5348219370283,31.753063692625396,9.855485281556792,312.94185186700497
2025-10-27 19:05:24.065753,31.88289029968304,518.2402708604787,31.090266099143633,6.330249708813567,196.8091479210403
2025-10-27 19:05:26.073938,40.33351642298247,617.0497994525471,36.49524508861657,5.742587550689454,209.57714010524998
2025-10-27 19:05:28.081031,37.63069926157287,686.3730591032306,37.69657705381789,8.678459377649073,327.1482126379767
2025-10-27 19:05:30.087344,36.32610044149604,759.4421221989942,34.06534027492544,8.083055249735128,275.35202754324956
2025-10-27 19:05:32.093494,39.08101242214158,404.8920530555083,39.27745726122534,7.353747719831597,288.83651177551883
2025-10-27 19:05:34.100680,39.08129433352056,681.6395850111303,30.207992451397477,8.52092877407073,257.4001520860242
2025-10-27 19:05:36.107268,36.696323471641406,435.7498568966052,30.726517929245006,7.0864514745811,217.7419782884409
2025-10-27 19:05:38.113670,32.61769473592111,916.8076535924439,33.12795927368564,7.326840104912063,242.72326060033345
2025-10-27 19:05:40.120637,35.14134835536886,873.622155935816,36.099751422058866,7.919008249861319,285.87422932922703
2025-10-27 19:05:42.127327,25.00762809314667,964.7324439350642,36.423785705707466,6.732266938925514,245.21464829704212
2025-10-27 19:05:44.134429,31.923384382005647,645.7557637493512,39.596372896779066,5.5495323098841105,219.74135074489493
2025-10-27 19:05:46.141522,42.38358775184697,470.1219059931243,30.156351141155763,5.860383910553962,176.72779502864483
2025-10-27 19:05:48.148414,28.61651107392271,951.1107841747269,34.27186255865804,7.567270670618206,259.34446036759124
2025-10-27 19:05:50.157357,37.24826059434957,446.98061811638416,30.951251799243995,8.580518612187566,265.577792133917
2025-10-27 19:05:52.163922,43.31217007326427,500.1358996086149,32.86100283149096,9.054461969895128,297.53870043035096
2025-10-27 19:05:54.170419,25.26145805888875,511.9822044021957,38.333946898282115,8.258627249750976,316.5857784446596
2025-10-27 19:05:56.176568,26.401018266731874,569.9123558221445,30.34859441118097,7.111729353988066,215.83098972627386
2025-10-27 19:05:58.182492,26.767306123876782,581.0775455034105,36.53804850818547,6.750086532416488,246.6349891558831
2025-10-27 19:06:00.191349,30.905597693627804,690.9901285266798,31.09582509531034,9.86178211194678,306.6602516811573
2025-10-27 19:06:02.194733,40.453350209676685,748.1579849823283,33.54377383850655,6.507204358518481,218.27619132308806
2025-10-27 19:06:04.203721,44.51282544954573,574.0998310485029,33.66613199094078,5.392356130665832,181.5397732371546
2025-10-27 19:06:06.209769,28.524787839579567,503.6703536796538,36.042844653525975,8.576730135621844,309.12975191343287
2025-10-27 19:06:08.216774,30.94965566594278,493.4152067529315,35.85035047688739,9.466934458890524,339.39291829294757
2025-10-27 19:06:10.222785,36.42114055248239,812.0981222401317,33.74926114609786,9.01344076899128,304.19696633757184
2025-10-27 19:06:12.230469,29.339607052885857,636.1106403044648,33.479643645806114,9.755761986809505,326.6194348116837
2025-10-27 19:06:14.235030,35.57932929351811,553.7213416942492,32.397324522833344,5.802912997714309,187.99885556471813
2025-10-27 19:06:16.241204,25.14811565933775,508.1833618213195,31.770964716686024,6.895588076066707,219.0794854655162
2025-10-27 19:06:18.247460,29.46373334114776,953.5518351089604,31.785177873193845,5.516915333515389,175.35613518713717
2025-10-27 19:06:20.254116,39.085168049877765,727.7244093689267,35.607967979504785,9.05913362587453,322.57734007219534
2025-10-27 19:06:22.263179,37.32465005064642,753.6222788917503,36.26581638279491,7.813005431523835,283.3450203774227
2025-10-27 19:06:24.272489,38.02508608096686,828.9633192690773,35.452345193727226,6.985218195021237,247.64236670339713
2025-10-27 19:06:26.280592,41.45954423580058,915.6496418668954,34.88276717665001,8.02481732630244,279.92783442855506
2025-10-27 19:06:28.288870,28.928179072258967,770.8770035012869,33.21126471488516,9.220312784407877,306.2182486370099
2025-10-27 19:06:30.296647,28.974828432454718,783.1270800701875,30.808997893405646,5.2130576133212285,160.609081027016
2025-10-27 19:06:32.304776,26.746845775815647,668.2459479112119,39.019624690946436,6.79677983559025,265.2077982917242
2025-10-27 19:06:34.314444,33.65557733900111,685.8166693546622,31.485703241741565,7.705225763365279,242.60445179594078
2025-10-27 19:06:36.321275,33.86423629224084,619.3173449095648,33.92854812813221,7.21684172564359,244.8569618216113
2025-10-27 19:06:38.328743,30.378102707340613,720.7347805968429,38.570455320089344,7.152519680455605,275.8759407610726
2025-10-27 19:06:40.336187,42.08178013152136,545.1345373930809,36.92887011814023,7.969005337078077,294.2863630637226
2025-10-27 19:06:42.343147,36.737197913906115,807.5994346870737,30.662417627808765,5.65601309338433,173.42703557770486
2025-10-27 19:06:44.349907,41.39048649040956,849.19021701352,30.41774558923854,5.578081935381049,169.67267718634807
2025-10-27 19:06:46.356865,27.586913630870786,451.3433515393592,30.43845097050289,6.742900301463017,205.2434402250712
2025-10-27 19:06:48.366040,34.32878990303832,527.3127952850923,34.1884285613769,8.442592164466738,288.6389590877115
2025-10-27 19:06:50.373265,36.840394649183054,918.8990545651565,35.311498208763616,8.168147749755947,288.4295346344237
2025-10-27 19:06:52.380322,26.628220727169566,751.2998385461715,31.598951555923374,5.542765283245568,175.1455716711306
2025-10-27 19:06:54.387292,35.92346929073819,885.9919826332302,37.95563729375932,6.492537913525545,246.4284141617565
2025-10-27 19:06:56.395648,40.16909464980037,993.1352929846429,30.43555809896211,6.996938425314014,212.95572595850516
2025-10-27 19:06:58.402768,42.27396194321923,580.968232545412,30.21361216779725,5.73621608654611,173.31180814958387
2025-10-27 19:07:00.409745,39.89000790529468,941.3519088613613,38.76687617742291,5.168896688258913,200.38197788762463
2025-10-27 19:07:02.418361,43.45535485742829,505.1442786099683,31.111077649661105,8.480323740476067,263.83201038421544
2025-10-27 19:07:04.426537,44.18468130514905,728.5539990251764,32.74136779063219,6.109624753182124,200.03747110668633
2025-10-27 19:07:06.433512,43.75924937996543,642.889683195084,38.97074611686587,6.534656852287645,254.66045315133968
2025-10-27 19:07:08.440764,27.772446337088983,433.81278086967063,37.74606729737575,5.577426070557574,210.52589980540418
2025-10-27 19:07:10.447719,37.352194095364496,517.5875872162181,39.45583932266921,5.580099999004929,220.16752896516513
2025-10-27 19:07:12.454663,40.98051196397097,954.1442961253139,35.960643510547676,5.837718948056795,209.9281300058398
2025-10-27 19:07:14.461347,27.661329429839267,458.5802584713084,35.72488544373233,8.355052055191804,298.48327754814756
2025-10-27 19:07:16.469347,39.09761846894166,844.5950790224349,32.93698467099742,5.780647383688934,190.39709426500374
2025-10-27 19:07:18.478354,37.77554843415732,716.1935407042499,33.64147533994503,8.030198752816027,270.1477333177177
2025-10-27 19:07:20.485479,41.1801450013826,992.6819328406838,34.158782144940446,8.071377621087795,275.70842976828567
2025-10-27 19:07:22.489948,30.84664185610861,735.7198758792697,30.611247353215877,7.254639711056149,222.07357065360233
2025-10-27 19:07:24.499040,36.20974882947465,588.7735994309471,30.123502982664316,9.351651527478941,281.7045026808492
2025-10-27 19:07:26.506265,42.46864358900784,651.1617820867377,38.62812635142166,9.938719003495041,383.91409343828207
2025-10-27 19:07:28.513760,31.887673168812984,679.5564785658119,31.067404699956107,9.557786545559754,296.9356226467003
2025-10-27 19:07:30.525250,37.40854871796622,660.276504607901,38.47478271100743,9.49168769362819,365.19062157308787
2025-10-27 19:07:32.535149,40.857541699868534,949.5225368648248,37.18567802097788,8.592959564359607,319.5350276075587
2025-10-27 19:07:34.545487,28.60982773480683,602.564112801945,35.516341044895995,7.618855455006133,270.59386871176406
2025-10-27 19:07:36.556171,42.277384475608095,694.8047556898777,30.545208873660496,7.203074875606126,220.0194266080052
2025-10-27 19:07:38.564225,32.13977965048785,656.0529121112013,37.13016130793073,5.5120043064486115,204.66160902844578
2025-10-27 19:07:40.571538,43.4535421404258,833.4513657601249,30.774005136953495,7.2334777213381924,222.6030805545002
2025-10-27 19:07:42.575579,30.318271649238106,550.9527881208054,36.066140248291276,7.509075352587667,270.8233648014141
2025-10-27 19:07:44.584341,25.1175747738688,432.3734355237343,39.338642805716205,9.878517009179603,388.60745207430836
2025-10-27 19:07:46.590526,37.46654828429526,796.6437678819489,37.71555516515235,7.038236621351983,265.4510015579962
2025-10-27 19:07:48.593963,30.627714065593885,844.0421597604116,34.59749520289875,8.922948415278318,308.7116649933046
2025-10-27 19:07:50.600641,35.53703822790843,462.63769177903396,38.9944052364801,9.785539892599171,381.58130802975404
2025-10-27 19:07:52.605600,42.215309618233334,694.7403356367506,30.758810647669534,5.3192252147549555,163.613041172957
2025-10-27 19:07:54.612281,33.060783300850396,587.513116486225,34.20872095339599,6.385889448943416,218.45311019814102
2025-10-27 19:07:56.617470,41.2014714821069,745.8538351034641,34.20686898837976,8.074091392054443,276.1893864482111
2025-10-27 19:07:58.687679,43.829082983404696,783.2103280813626,37.57689060052948,7.878185500666997,296.03771468924134
2025-10-27 19:08:00.691517,26.52095392397649,508.61184583947306,34.205664243136276,5.30257372044658,181.3780563060737
2025-10-27 19:08:02.697886,39.90352812423587,629.2182884188713,31.985861081780918,6.9709680628127675,222.9724160626606
2025-10-27 19:08:04.701357,25.92479139821016,854.9808397202269,39.97996803828125,9.461044341153057,378.2522503680609
2025-10-27 19:08:06.707590,29.149596274709964,593.6783893607469,34.459577065397305,9.378329334349294,323.1732624416857
2025-10-27 19:08:08.711680,40.45387427041581,587.1349563932813,36.38268278649891,5.055518180972355,183.93331429969518
2025-10-27 19:08:10.715146,35.6729984098572,431.0493720369138,38.913398186288035,7.258709107620216,282.461037823261
2025-10-27 19:08:12.718186,38.06782597512063,853.313465195137,30.7366060748031,9.767876210124586,300.23136325804
2025-10-27 19:08:14.722816,28.857457789078296,791.6589373310833,35.66653703744228,8.091460692045855,288.59438245986183
2025-10-27 19:08:16.729998,42.449751643487154,780.1407426827122,39.29882284582027,8.8164779231702,346.4772040267511
2025-10-27 19:08:18.733798,30.37527518647098,544.8725808848787,33.19796280760066,5.871065814275854,194.90742454330547
2025-10-27 19:08:20.740832,44.598631532317356,479.6928063970962,31.587411994168185,9.900208922074736,312.7219780499144
2025-10-27 19:08:22.748505,32.31549260111431,914.4951028028645,32.79489930520767,7.457866053812727,244.57996626651487
2025-10-27 19:08:24.755551,36.41238287956428,759.5302328928788,39.20096964439627,9.036754644020485,354.24954448410404
2025-10-27 19:08:26.762918,44.63090243612235,531.3353409820025,35.52284624122172,8.095304026147495,287.5682401967806
2025-10-27 19:08:28.769864,25.454122903683206,686.3375226060331,31.00261754715177,5.221596586632993,161.88316196089582
2025-10-27 19:08:30.777239,42.11568776540807,836.6064092598656,34.53152609001044,8.058198826255875,278.26190300734623
2025-10-27 19:08:32.784324,44.86375081028429,538.8357474342127,31.710646411393128,5.168456144587793,163.89508529381567
2025-10-27 19:08:34.791878,44.113249677873284,902.1584561542559,36.77155149909343,8.479066904944617,311.78844535942966
2025-10-27 19:08:36.798651,34.873648500004606,522.5581031373306,37.62791426979779,8.972147384840987,337.6031926127871
2025-10-27 19:08:38.805477,31.032082924616457,600.5713529027793,38.90900381492302,6.1739565545298305,240.22249913337015
2025-10-27 19:08:40.811888,35.03446812997451,822.0949081933867,36.61196041708879,5.809304243597319,212.69001701741098
2025-10-27 19:08:42.819262,31.984197471555625,845.1623400729368,31.877267864433822,7.747032821500329,246.95424040552652
2025-10-27 19:08:44.826158,33.86608166165943,602.8168336893734,31.452801691581243,7.05128570674945,221.78269100507174
2025-10-27 19:08:46.833412,42.57266345151161,957.0222485472103,30.82567298903265,5.029693107054461,155.0436749532524
2025-10-27 19:08:48.840004,30.213244166910798,983.5614233281339,38.50454616700032,5.930390228970893,228.34698435973735
2025-10-27 19:08:50.847605,26.71438680485787,687.2203698620663,39.2241633899627,7.826874262261183,307.0025948956264
2025-10-27 19:08:52.855703,41.08998788562339,701.0757684506029,31.654640660537254,6.2077709453123,196.5047585767845
2025-10-27 19:08:54.862450,32.07836581501391,584.4927387170665,30.803402418776223,5.6829143631385906,175.0530980392014
2025-10-27 19:08:56.868406,41.158931657669356,867.8742783714391,32.713505848441834,9.88586717117272,323.4013735210779
2025-10-27 19:08:58.875269,36.05352833939719,955.2450943215704,34.03710081463408,9.053841890856951,308.1665291988553
2025-10-27 19:09:00.881516,26.977119665179593,885.1571187270335,38.906278067492906,8.172048956427535,317.94400907993486
2025-10-27 19:09:02.888886,42.034273287446226,844.6357560542801,33.101401786164445,9.664211456119482,319.8989463554643
2025-10-27 19:09:04.895254,27.465955659304505,674.9808121832901,36.68845374419591,8.552836531706191,313.7903474751716
2025-10-27 19:09:06.903249,25.285790812220146,402.9518104270631,39.98291919923653,7.883521690922831,315.20621077359607
2025-10-27 19:09:08.909978,39.83934965059578,643.2165953154476,36.23691589395601,8.997723783068977,326.0497599641182
2025-10-27 19:09:10.917415,28.6485884808814,751.1309530038773,31.750801488334535,9.60941186435939,305.10652852492166
2025-10-27 19:09:12.924335,41.51226872490973,442.7092175105971,39.94006444903912,5.802491443519948,231.75188221918475
2025-10-27 19:09:14.930288,30.406488258861728,456.5350360924339,37.65373875886985,7.985573935532476,300.68671480818006
2025-10-27 19:09:16.936410,31.355041740724378,869.4803092642578,34.40719091046717,9.501067135249926,326.90503077570963
2025-10-27 19:09:18.943479,40.866710259809,420.04541647928073,38.08050301208785,6.911238542718728,263.18344014325817
2025-10-27 19:09:20.950533,40.079657169050634,682.9592514061815,30.85138605164748,8.644272662964577,266.68779306082297
2025-10-27 19:09:22.958649,30.140808970191323,659.4389241702645,36.512185463302416,9.176729623957694,335.06245397652475
2025-10-27 19:09:24.964881,43.27494994063507,527.3456116823071,36.88011385317497,8.680598568945003,320.1414635363994
2025-10-27 19:09:26.971615,27.537819141601723,734.5090394321601,37.7446880414114,6.737943842975376,254.32158839365425
2025-10-27 19:09:28.977666,40.963987988789576,470.0332264744476,35.21869192275326,5.397923694013703,190.10781160199883
2025-10-27 19:09:30.982892,40.15635453332183,926.47163561831,39.32646204776667,6.544192524307727,257.3599389404662
2025-10-27 19:09:32.989952,31.78904414137761,748.9128446532757,32.99093934204685,6.432899900638123,212.22741041541153
2025-10-27 19:09:34.997212,27.42257495489788,549.2405075039862,33.33887777812912,7.9909907008375445,266.4106623013892
2025-10-27 19:09:37.003648,29.621193514106384,681.6502184984491,35.67102795371322,7.244290318853,258.41128246861945
2025-10-27 19:09:39.010563,37.322947778861746,661.7013599387506,33.5182354598944,5.1502828993578795,172.628394905745
2025-10-27 19:09:41.017813,33.5728926225914,873.808832587863,36.855990346023034,9.111207047611764,335.8025589873962
2025-10-27 19:09:43.024864,40.59413405457772,848.8185424407786,33.55831349115398,9.776255881283445,328.0746596338477
2025-10-27 19:09:45.031297,42.95760405014245,625.2186188243584,37.17085754735883,9.021214654298658,335.32628481908137
2025-10-27 19:09:47.046260,43.957245393631624,615.3371145695762,32.78813515382339,9.181795740421396,301.0539596917366
2025-10-27 19:09:49.052976,32.03554347053285,816.2403704978086,37.60304714921659,5.547737824767499,208.61184699622459
2025-10-27 19:09:51.060340,25.80950827322087,979.482477749439,34.20171645427909,8.67503698912372,296.70115533239243
2025-10-27 19:09:53.067404,36.0385155282662,460.71768720829397,32.833254393048726,5.7804933848509945,189.79240982214802
2025-10-27 19:09:55.074600,43.06429438486707,678.700561011927,30.871133400795873,6.727776663016099,207.69409085473131
2025-10-27 19:09:57.081350,37.498284766196576,987.1766552807087,38.557766238919044,9.913651915980516,382.2482731503886
2025-10-27 19:09:59.088676,39.36253109291822,684.8868302701957,30.519932199284458,7.478776665936982,228.25175677798737
2025-10-27 19:10:01.095304,25.393310904674962,482.4074036922147,32.88881270916347,9.193262091217006,302.3554751042886
2025-10-27 19:10:03.102673,43.95639999516492,736.9711523262648,33.58683047439992,9.356346249243014,314.25001533311263
2025-10-27 19:10:05.109281,30.236536606254724,891.0203472047274,34.89757770052975,9.369492873401303,326.97260556408173
2025-10-27 19:10:07.116366,27.408420052954096,889.8122956955773,33.2246790501338,7.527575655911962,250.10128519327537
2025-10-27 19:10:09.122996,26.33738661933737,496.3108522646564,33.28493032033608,8.636430261145254,287.4629794586617
2025-10-27 19:10:11.129730,43.42857750456237,415.28119823963084,33.03046959611911,5.568904396588772,183.9435273552195
2025-10-27 19:10:13.136608,44.18242304456557,745.4925647929334,30.876935383506623,6.777749376596081,209.27612954675948
2025-10-27 19:10:15.143494,25.408337621526943,817.2043372852298,38.77840538692737,8.143934820391252,315.8088059098455
2025-10-27 19:10:17.150798,28.201480818314007,965.7912039517281,34.2101449341129,5.919058864022963,202.4918616117712
2025-10-27 19:10:19.157840,34.240706644088036,548.0510237770502,37.60225786362135,8.594605871915022,323.1765862319428
2025-10-27 19:10:21.165147,39.45662316843827,642.5899744967066,38.57787994630547,7.277156728629393,280.7372786275138
2025-10-27 19:10:23.172134,28.817782236203236,697.0089095958524,37.337253320582576,8.394710697661939,313.4354398716083
2025-10-27 19:10:25.178958,31.816129247307614,428.07700540784856,33.80023480548295,5.414095401789231,182.99769583976158
2025-10-27 19:10:27.185997,31.080615093761914,889.6180104583648,34.898804849943765,9.070737632537096,316.557902482953
2025-10-27 19:10:29.193072,33.27917775713066,400.46172969761705,39.264536293173336,8.475456577408787,332.78487238488196
2025-10-27 19:10:31.199947,26.84774505044485,843.771248518309,37.614829996714846,8.927722374185096,335.8147593628398
2025-10-27 19:10:33.204579,25.44382056519099,982.2572074598194,37.567751358205996,9.777350810236047,367.31308418090174
2025-10-27 19:10:35.211657,41.779132700757145,420.14514960830604,36.19563529264286,9.166450896572737,331.78551358026596
2025-10-27 19:10:37.216176,27.913540833666246,884.805216959009,34.416685446764106,8.430594104949195,290.1531054393802
2025-10-27 19:10:39.223086,26.01178727477993,801.5639057543563,30.981225034894237,6.116575452288234,189.49900053025178
2025-10-27 19:10:41.230293,34.66511856919274,967.263427907134,38.25638460764664,7.475702533256797,285.9933513246303
2025-10-27 19:10:43.236987,30.05887604215257,614.5601917275346,32.05436887430804,6.648662022345698,213.11866498487188
2025-10-27 19:10:45.244270,29.057635632277176,706.5561097009262,38.262656981650565,6.334549500224613,242.37669466038037
2025-10-27 19:10:47.251294,33.5609534761893,547.6178444623364,36.852988412164905,8.174837685777845,301.2671985052999
2025-10-27 19:10:49.258424,31.081145176219593,555.7193049156247,30.461801268974384,8.955202951384013,272.79161262839267
2025-10-27 19:10:51.265898,42.089095964236,486.1002585955191,34.057654856153356,9.114830517935495,310.42975185218063
2025-10-27 19:10:53.272810,27.867506239610638,760.4973069942912,30.702510638641357,9.513940831664195,292.10186959957434
2025-10-27 19:10:55.279892,32.175916600928545,531.3681238815161,30.389445442017035,9.631580482456878,292.6983895920194
2025-10-27 19:10:57.287016,36.73609182730912,994.640695299622,37.12756464376079,9.167764053500303,340.376752535079
2025-10-27 19:10:59.294856,33.55582980939299,496.03355561164415,36.28301659511394,8.795709848207263,319.13488638831126
2025-10-27 19:11:01.301889,37.33716116506281,700.7861944174551,35.90477886206548,6.673276269170588,239.6025087300393
2025-10-27 19:11:03.308835,30.701981020098874,451.26209529869436,39.54671468700263,9.139443362597964,361.43495905868156
2025-10-27 19:11:05.316234,29.793573663152813,654.0035716412208,30.75480753492097,6.073341227513424,186.78444054607604
2025-10-27 19:11:07.323169,33.149994079796556,791.2156499107789,30.39130128499489,7.424545451908994,225.64159773310476
2025-10-27 19:11:09.329412,39.34013206774757,521.1205773312312,30.09526967493065,8.631191697614328,259.7580417557257
2025-10-27 19:11:11.336300,26.78693210299467,522.5577780200396,36.70594695507598,8.808656743155275,323.3300871597299
2025-10-27 19:11:13.340983,29.132414521190775,694.3506544082691,32.4603138134666,7.701696706043057,249.99949197429964
2025-10-27 19:11:15.347199,36.130019562450286,547.6331972262435,34.42383550182847,8.98724952696687,309.37559933019327
2025-10-27 19:11:17.353033,39.79980753130542,593.5238181794647,34.77138320540052,5.910643863797574,205.5212627787546
2025-10-27 19:11:19.360067,33.305858445148274,983.7457547322624,34.59260271109443,6.770572841230825,234.21173642322375
2025-10-27 19:11:21.368614,31.412723248951103,427.1958234050832,30.843788785422795,6.802985914658987,209.82986066194812
2025-10-27 19:11:23.375297,35.24734909611188,891.8507644755009,34.79066158515053,9.302961094784726,323.6561711884769
2025-10-27 19:11:25.382946,38.63366964220809,733.4093061192756,32.90599652023285,5.393798233312214,177.4883058962098
2025-10-27 19:11:27.389734,38.954043586547975,903.1955140671718,36.376475291998155,5.552123696383566,201.96669045961426
2025-10-27 19:11:29.396687,34.46173999281258,695.2065335310361,33.150498428478194,7.142953149614411,236.7924571609859
2025-10-27 19:11:31.403054,28.474994484654673,678.5127263025527,34.658361946294505,9.428254622021685,326.76786121185165
2025-10-27 19:11:33.411718,35.696854785442966,483.27453276790527,36.49682356561456,6.869085616903097,250.699805817213
2025-10-27 19:11:35.418240,36.95380346718184,949.8209306741891,30.047338028908523,8.548121825593785,256.8483060059071
2025-10-27 19:11:37.424916,40.95160489995645,805.3511226746141,39.34119395072248,9.880626685824044,388.71565080168796
2025-10-27 19:11:39.431662,39.721593917017806,448.36161447099795,37.436713630992585,5.610413362193512,210.0354383919328
2025-10-27 19:11:41.438704,37.47539494328893,532.686099467342,34.81164462995796,8.518126113137757,296.5299791637167
2025-10-27 19:11:43.445584,28.15318373091761,848.7014329831793,37.15641249844319,9.235072970633933,343.1421807500975
2025-10-27 19:11:45.449418,38.009665484466225,408.6546019929223,38.758208531391176,9.715476190899286,376.5544521886406
2025-10-27 19:11:47.456505,28.086332604061948,805.4396208045271,31.143708800459038,7.925415637401798,246.82683673384605
2025-10-27 19:11:49.465899,36.02338356967349,869.1773614614658,31.020765180529555,9.748844276732598,302.4166090900714
2025-10-27 19:11:51.472887,33.56706718381854,817.4824866369693,39.08227505757604,7.929326478155735,309.8961184406032
2025-10-27 19:11:53.480171,39.018302836786376,557.3423367955073,35.848415482532495,5.395853969136834,193.43281496868929
2025-10-27 19:11:55.487274,40.91129187635282,805.4389731537894,39.94460051332669,6.089972422359184,243.26151554831404
2025-10-27 19:11:57.493756,38.42653644051698,912.296275686649,39.17661096537543,6.931150999446722,271.53900624759734
2025-10-27 19:11:59.501809,39.40971830854424,682.5281517347448,33.21450214061396,9.944775045014886,330.3107520205712
2025-10-27 19:12:01.510941,34.7346730568354,956.6445584852688,34.55973288342425,5.7361507852928755,198.23983891876605
2025-10-27 19:12:03.519420,25.517681808950297,541.031035370806,35.59564229938636,6.706193975587583,238.71128194531536
2025-10-27 19:12:05.527710,30.11226013807091,451.73716270650226,34.41229089801693,6.1639215093101445,212.11466005092424
2025-10-27 19:12:07.537324,42.51330270763846,499.62563013417343,36.45974046658558,7.90761837406448,288.3097136271944
2025-10-27 19:12:09.541748,31.067504433783533,989.8345950228811,32.986233799436455,5.427271062525913,179.02523216139565
2025-10-27 19:12:11.547588,30.71265205051496,543.6479378911741,33.814380272235674,6.273392726918392,212.13088726509602
2025-10-27 19:12:13.553543,41.0719041368686,713.854499100315,34.298427024011566,8.808636673550918,302.1223821288182
2025-10-27 19:12:15.559172,33.10132082333631,561.7684173174616,37.51636947698263,8.777402316856065,329.2962683672955
2025-10-27 19:12:17.562800,29.85929768132962,862.4218745635894,35.694956296419804,5.105657496638547,182.24622120700107
2025-10-27 19:12:19.567398,42.27767516393175,470.3750962839981,33.352421373882,6.9738846586614525,232.59593974852802
2025-10-27 19:12:21.574585,42.13692375510461,646.3909043053814,34.37417960711253,9.168577936154087,315.1623447191697
2025-10-27 19:12:23.581541,32.440416358212914,818.7115691450102,34.71865507139678,6.244756557821161,216.80954893583595
2025-10-27 19:12:25.584940,32.75239161283587,917.4596484014246,31.73065993220337,7.5013573453757125,238.02301895605257
2025-10-27 19:12:27.588202,36.90708453920966,515.9864487999661,35.098945413521115,8.883521771148498,311.8022457253675
2025-10-27 19:12:29.595872,44.66916157285668,692.2866344817763,32.64651959583141,6.6159761077418775,215.9885936469476
2025-10-27 19:12:31.600488,39.95103529505315,854.975766468115,39.062337636469294,7.2788533129136805,284.32902571536727
2025-10-27 19:12:33.609929,43.55920190810847,789.57827238954,32.82878864895422,5.98199257895182,196.3815700740219
2025-10-27 19:12:35.617024,30.080068430490122,540.4722849254865,39.39662673176014,7.352766613080642,289.67420170128634
2025-10-27 19:12:37.626247,30.397759812416858,471.58064927092073,35.56443356454306,9.098757927488702,323.5921718320314
2025-10-27 19:12:39.635666,42.13298956800479,889.0873172910769,30.57602820254343,5.0147154963004645,153.33008244261458
2025-10-27 19:12:41.645698,28.295162813124957,419.064294335297,33.58466928292113,7.573724982873522,254.36104878960475
2025-10-27 19:12:43.652324,30.982252761539716,682.9107993592836,30.60506119957194,7.081721866057927,216.73653110904962
2025-10-27 19:12:45.660355,33.388092879390925,716.314813885549,35.67772071453581,5.168161351578717,184.38821730928336
2025-10-27 19:12:47.665676,30.742598931300215,467.77004317121873,37.56276420726515,9.291444578602023,349.0123418508999
2025-10-27 19:12:49.672148,30.363028260736016,670.2479751358576,37.550931052495685,6.2483414151883405,234.63103767419068
2025-10-27 19:12:51.678668,39.602487252212256,962.8884988274477,32.61958748115633,5.732861930040122,187.00359124433447
2025-10-27 19:12:53.684996,38.88451381490802,954.0233073984191,36.87523565430831,8.3893839466268,309.3605100263344
2025-10-27 19:12:55.692582,35.02732063544025,619.6732896337685,39.50335216546632,9.062358993617082,357.9935587747365
2025-10-27 19:12:57.698849,31.382590005155926,455.0056207268856,39.26055397644373,6.728383842659679,264.1600770289722
2025-10-27 19:12:59.705729,41.953599881147674,498.46286785860167,38.60327854371275,5.054817411498816,195.13252452369787
2025-10-27 19:13:01.712110,37.07160801424049,778.0516982564358,30.716622046400925,8.14535905513468,250.19791552880133
2025-10-27 19:13:03.718275,30.770538207882783,417.67633807918565,38.719688013053286,9.482011457990533,367.1405253895899
2025-10-27 19:13:05.724956,41.97436732597825,886.9894998600234,36.9897133614686,5.82866252127621,215.60055594274192
2025-10-27 19:13:07.731823,27.513115534624554,922.1094927809742,39.28625214192252,7.064500743158042,277.53775745250584
2025-10-27 19:13:09.738634,37.59073707224429,767.5099488714837,39.63136561516583,8.197982150353862,324.8972279072773
2025-10-27 19:13:11.742518,38.09643972509973,451.47823603763214,31.066900972027867,7.286055104856947,226.3551524193289
2025-10-27 19:13:13.746308,35.93185604100087,874.2632265716508,35.775005746625396,5.427459956810811,194.16741114448598
2025-10-27 19:13:15.749838,28.046792951210243,929.1156750723027,34.66624151608136,8.048981543950315,279.02793816106305
2025-10-27 19:13:17.755024,39.345543789189215,912.5842145895266,32.33300064233222,9.741367617935355,314.9676454478981
2025-10-27 19:13:19.763787,41.42442079873307,645.2027211657717,37.157297099396246,5.094565106594692,189.3002692579563
2025-10-27 19:13:21.772262,38.807101652463345,657.1879837309109,31.447905610460126,5.217128582138015,164.06776720870997
2025-10-27 19:13:23.776185,34.38460188490677,911.6638736620371,31.602099519934857,7.034298391418304,222.2985978185189
2025-10-27 19:13:25.780636,33.85593917118476,642.118972995494,31.17607328373919,5.984195316142451,186.56371172026584
2025-10-27 19:13:27.785933,37.33483816805169,917.1887734691489,37.55967075522725,6.0396442394663,226.84704911305914
2025-10-27 19:13:29.789690,40.32180113863231,651.3590226273693,35.864705772701896,8.0568213280544,288.9555263939004
2025-10-27 19:13:31.793078,30.625905792708767,666.2880830799279,35.35050021177555,8.595208135524896,303.8449070151277
2025-10-27 19:13:33.797043,32.11177289947685,737.7998066291066,37.77856977727037,8.554023285515367,323.1587655682378
2025-10-27 19:13:35.804102,30.010346445230233,862.7537658937779,38.01353374986439,8.359236188334577,317.76410696834427
2025-10-27 19:13:37.811006,30.679728428639756,572.2056963638197,37.46536541832194,8.146952611966345,305.2285566530715
2025-10-27 19:13:39.815017,41.75094246514543,886.1810954198378,32.23497431292034,5.9675458153227785,192.36368606810504
2025-10-27 19:13:41.819194,25.05570026094315,809.6134715050068,33.36944849493965,6.740639199762464,224.93141259944474
2025-10-27 19:13:43.828660,26.900791106947707,954.2411327078202,36.73803109087124,8.457974206389238,310.7293193601148
2025-10-27 19:13:45.838030,36.59897215289172,708.8795617216468,32.50408954905499,5.786954067022378,188.0996732107633
2025-10-27 19:13:47.847521,30.28463839496947,612.5680976805995,39.57494078203955,8.676470238024379,343.37079586694335
2025-10-27 19:13:49.855276,25.406314999015798,408.21501122245667,35.2009048808832,9.229945515716754,324.90243415447986
2025-10-27 19:13:51.861989,32.35906550828045,410.632802152622,31.780956496831855,9.259733926803918,294.28320109999333
2025-10-27 19:13:53.866354,33.59339865676456,789.6162739987898,35.63146355832045,6.735801419374654,240.0064628105311
2025-10-27 19:13:55.875267,30.78763087647958,562.5982705338339,35.18378678185687,7.845968662854282,276.0508885309957
2025-10-27 19:13:57.884473,32.68227281763124,556.9508777078543,35.81785635049284,9.747384416955137,349.1304148395315
2025-10-27 19:13:59.893590,31.38740484976654,875.7955928328922,36.58491585663761,5.6305333232604,205.99258785947583
2025-10-27 19:14:01.903086,43.415114250726646,655.577775889521,39.81397073057357,6.027336705254005,239.97220716629468
2025-10-27 19:14:03.908327,35.001506529275055,941.3666629031933,38.460143747937416,8.657110592848491,332.9537178427447
2025-10-27 19:14:05.917401,31.258873392160787,908.9570993669932,34.26651570581471,7.014525501532985,240.36334826711783
2025-10-27 19:14:07.926372,32.89202767886397,433.702507176782,32.40752355383947,8.672171752904381,281.04361034519
2025-10-27 19:14:09.934835,40.654007684769944,688.25126484157,39.17136181620256,5.657569395161602,221.6146977781494
2025-10-27 19:14:11.943482,25.200595528658905,926.0469795516985,37.04323930126335,5.569797029958762,206.3233242402283
2025-10-27 19:14:13.947057,26.10429758308841,892.5470298404236,35.95951383304622,5.224348123184744,187.86501860431088
2025-10-27 19:14:15.952199,33.23062916995306,410.27535072492356,37.82346215387636,7.920282170767562,299.5724929340486
2025-10-27 19:14:17.960966,43.082790750004705,419.53419886719934,34.81074569859146,5.463167185002317,190.17692358600542
2025-10-27 19:14:19.968513,25.182604803189573,582.4508733834167,32.63128142313877,6.892521476220148,224.91180800556756
2025-10-27 19:14:21.973395,28.427021072285765,686.1596375405097,37.911856895356436,7.055276951240904,267.4786501325518
2025-10-27 19:14:23.982246,38.493722882213774,517.3865586219503,38.686457658794325,9.383091058153259,362.9985549298577
2025-10-27 19:14:25.986508,44.83668162077001,834.1309302350653,31.394382314483195,9.651980915210084,303.01797894420076
2025-10-27 19:14:27.990553,30.49733048172922,524.0727811673246,38.44118827634694,9.72242087840495,373.7414114886511
2025-10-27 19:14:29.998198,27.782666862574484,896.2782795810585,30.98197293484077,5.465447546268982,169.3303479552975
2025-10-27 19:14:32.007490,39.02897619131818,762.3345732203012,30.980984566879528,7.502054134840767,232.42102337139656
2025-10-27 19:14:34.014522,31.009127425991558,912.8882027336462,35.89311075981783,8.28482809228964,297.3682523426023
2025-10-27 19:14:36.022687,41.08392035010626,994.9765233844596,33.43009182304161,5.510972014986591,184.2323004952144
2025-10-27 19:14:38.029288,28.112736530713175,433.45466938353826,36.71516232605838,6.017203151135616,220.92259044281417
2025-10-27 19:14:40.038605,30.280962549270342,562.2338969449368,34.679631528068946,9.110588241719743,315.9518432267982
2025-10-27 19:14:42.042341,44.61309120657249,707.3022159963227,32.95258689566589,8.087246729515684,266.4957006010553
2025-10-27 19:14:44.049384,34.305011416381234,717.2114910070414,34.10301638110833,8.81777785132816,300.7128225088185
2025-10-27 19:14:46.055833,36.61393839067209,439.05170578047273,38.84314843653408,8.776476025596331,340.90596101192097
2025-10-27 19:14:48.059870,37.93266364995038,470.4780291828137,30.416535199403608,6.413406255416597,195.07359711595421
2025-10-27 19:14:50.071793,44.92254018392101,617.3824934981947,39.44762005738522,7.646019130589247,301.6172576149835
2025-10-27 19:14:52.076343,33.63110582152654,804.5774834974449,31.22042127890444,6.437170003466992,200.97115935216624
2025-10-27 19:14:54.090201,44.13002521283192,874.9631975100001,39.635619922954334,5.864520671162854,232.44391235251993
2025-10-27 19:14:56.099337,38.971915383611176,449.3706562106945,33.2211221802235,7.516081765237073,249.69267063949073
2025-10-27 19:14:58.105468,32.2285659006232,772.4884520379276,35.01891228435019,8.605349260739958,301.3499709380504
2025-10-27 19:15:00.112404,29.778795067514764,701.3024155033235,30.633369838301263,9.32257289593014,285.5818233655512
2025-10-27 19:15:02.122280,25.7873037068069,636.2587075509194,36.89455198365097,9.493153720370303,350.24565342499176
2025-10-27 19:15:04.130931,43.395171678661725,603.3706630694096,39.77326999797985,8.715013155256871,346.62457125997787
2025-10-27 19:15:06.137528,25.566379416952746,643.1811193510155,34.18675161059383,9.02002383099748,308.3653142319479
2025-10-27 19:15:08.143082,28.774992871418583,670.6588987008809,35.86622925425523,7.233237527592337,259.42895541510904
2025-10-27 19:15:10.152598,29.373750444248817,770.439013283113,33.58030345014327,9.426457887830358,316.54331633334
2025-10-27 19:15:12.163295,42.93887183935681,434.78142177759906,32.20295803290402,9.922561012335073,319.535815859156
2025-10-27 19:15:14.175732,25.627187874495696,649.1001174676112,36.09533548893,8.053726353780517,290.7019546757447
2025-10-27 19:15:16.184212,41.622443499553626,684.5781091802581,38.330180559168284,8.470220077283251,324.66506493815933
2025-10-27 19:15:18.192261,41.669681850563634,418.5841520538468,30.693103832229546,8.551362917844077,262.4678699444657
2025-10-27 19:15:20.200844,25.550734528164725,748.7127057873488,34.262179619506924,5.96185591654009,204.26617827811666
2025-10-27 19:15:22.214225,39.369035047641646,878.075095075391,38.47594223880745,8.552825450670898,329.07801801861575
2025-10-27 19:15:24.223711,40.96564501940179,632.0684750040737,32.45254719895056,9.56271537155851,310.3344719456326
2025-10-27 19:15:26.230730,35.86363840295881,583.0321674356969,32.13961529737564,8.563858999620962,275.2391337087859
2025-10-27 19:15:28.238799,33.973900618207054,818.6356299106649,32.0662910580209,6.518860743697978,209.03568597412595
2025-10-27 19:15:30.246660,34.762470391578006,767.0382337706876,34.776501238981574,6.172898003359142,214.6717950619261
2025-10-27 19:15:32.254448,31.764886628008313,808.2571739986922,36.57694745168105,9.33364480714847,341.39623564372533
2025-10-27 19:15:34.262938,43.601900091196015,703.9183374269835,32.96619620919655,5.837178967648589,192.42958715569875
2025-10-27 19:15:36.267766,28.63922215304308,590.4169341831106,39.111980933137154,5.838855838055962,228.36921820938136
2025-10-27 19:15:38.275364,26.16017878878987,693.3210833397333,39.44052839223398,5.722450096345501,225.6964554980568
2025-10-27 19:15:40.284123,41.08901708157213,623.6907495494911,34.653268448814934,8.781246227163063,304.298882825025
2025-10-27 19:15:42.289865,31.27952905325772,432.7023291609677,31.70638053464921,5.400162229817492,171.2195986074332
2025-10-27 19:15:44.297373,35.67545993439153,921.7005819531468,31.166781460135542,9.930771339980963,309.51018008376406
2025-10-27 19:15:46.304083,41.70817151996911,445.51739313844985,37.72416306920617,7.534302204485469,284.22524497468936
2025-10-27 19:15:48.311395,32.694880869601704,620.2991741026273,38.36959035416637,8.960024670551718,343.7924761722939
2025-10-27 19:15:50.317964,25.10075323976645,831.0249537124014,30.640724924671723,8.263604271312369,253.2028253636246
2025-10-27 19:15:52.326218,39.70233818776579,621.7519685375946,37.57014252256883,6.455594248764563,242.5375959939603
2025-10-27 19:15:54.331206,28.317326971179003,604.6070657435532,38.56550159807953,6.154684821936522,237.35850733606875
2025-10-27 19:15:56.335408,43.28131949600483,435.8042568631691,37.70487554985695,7.906989531028528,298.1320562414524
2025-10-27 19:15:58.341884,43.224246763126686,809.5191615781791,34.79440142909324,6.387512330132212,222.24966814790295
2025-10-27 19:16:00.348455,42.894463084744174,587.6962363643651,30.686190625526276,7.7441082304831665,237.63718138531343
2025-10-27 19:16:02.352126,35.4865074398399,509.0086201590146,36.911893511582626,7.644252339691992,282.16382833837713
2025-10-27 19:16:04.360716,41.500169434984116,933.8690624686634,36.010306604236234,8.034606368914552,289.3286387889622
2025-10-27 19:16:06.367023,42.472302677944384,816.9012475997561,34.84225052490124,7.579700559174379,264.0938257864877
2025-10-27 19:16:08.376137,27.612764606338683,887.4684807572048,35.40568542011298,5.272582505320386,186.67939753496478
2025-10-27 19:16:10.380224,40.12400427157163,407.9731938544654,36.92620018335667,7.748783584338597,286.13313381279505
2025-10-27 19:16:12.388603,31.570255036884646,762.0437909424597,30.868125493631887,6.761004419117061,208.69953287230518
2025-10-27 19:16:14.395692,31.615894006891686,778.5004910943017,36.653240319335474,9.242693480390695,338.77466533471534
2025-10-27 19:16:16.404273,38.298163830361375,462.904302239891,39.43076354951147,5.057523751863627,199.4220232057728
2025-10-27 19:16:18.413975,44.13481997483784,703.8241022154739,38.279269099767504,7.179687399645344,274.83318602323413
2025-10-27 19:16:20.417944,34.070395337461704,465.05168564873577,38.36997494576828,7.41400402370576,284.4751486374152
2025-10-27 19:16:22.424262,27.99106867728935,691.413235844886,38.444676497355346,7.077959290645613,272.1098551903213
2025-10-27 19:16:24.432079,43.69048333272488,673.3803725561673,34.156200519367985,6.864670330447681,234.47105630612708
2025-10-27 19:16:26.435633,25.152597790967018,833.6455452113341,31.60781851447208,8.67789626590968,274.28937026028814
2025-10-27 19:16:28.441213,30.301947584226454,564.396663039927,35.81388107028215,8.82450491616385,316.0397695716123
2025-10-27 19:16:30.444929,37.67620090258484,856.3483853773282,37.83610293490808,8.750651048291113,331.0905338106038
2025-10-27 19:16:32.451652,26.989220480315865,564.6876860468574,36.588030015794835,7.574833751601542,277.148244668253
2025-10-27 19:16:34.458171,25.989586327206062,428.27260101982483,33.02393249537746,9.560722261979294,315.73264658665664
2025-10-27 19:16:36.462316,44.05069674742191,430.29947252284563,37.78534794135027,9.148347831955784,345.67350591894666
2025-10-27 19:16:38.469258,39.362855639513306,696.4999261870191,36.19656299769742,8.512147488499913,308.110482813179
2025-10-27 19:16:40.475836,28.74928580996747,822.7037625373214,32.00978431162006,9.6805258276434,309.87154376593253
2025-10-27 19:16:42.483173,27.257316537840698,763.9442405926874,39.50187170632131,9.200003670588455,363.41736469327026
2025-10-27 19:16:44.492020,35.514074287940126,715.8649913317247,36.6143246541407,5.318487780990645,194.73283828227184
2025-10-27 19:16:46.499631,25.427826486002377,412.7883584020467,33.490006332713065,9.425973877940866,315.6759248642275
2025-10-27 19:16:48.519147,38.13213494724102,437.5372623108631,38.82049042149096,7.219049919205666,280.24705824078865
2025-10-27 19:16:50.525280,36.98958137038974,465.8052695813741,38.56920047092953,8.639531079451197,333.21980617817945
2025-10-27 19:16:52.532933,30.654935400401254,889.3078718325679,30.565689109665485,5.33328903493439,163.01565457379243
2025-10-27 19:16:54.539412,44.37049525942926,720.194589857669,33.29968022741453,6.641998815020047,221.17643661103378
2025-10-27 19:16:56.544615,31.493254136065584,937.549315430206,37.14871256076134,8.347802611028978,310.1101197110885
